Program bTSSfinder
Search for sigma 70, 24, 32, 28 and 38 promoters
Input file with query sequence(s): /tmp/btss_all.fa
Search parameters: for Escherichia coli
TSSs of different Sigma classes are processed separately
Search only on Sense Strand
Total scoring threshold for sigma70:   0.06
                            sigma24:   0.00
                            sigma32:   1.01
                            sigma28:   1.24
                            sigma38:   0.31


>TSS_1_D39V_2971_+_656_SigA
   Length of Query sequence:       300
sigma70(+):    250   Score   1.94     -35 (215) ttagca >>> tataat -10 (244)
sigma38(+):    250   Score   1.95     -35 (215) ttagca >>> tataat -10 (244)
sigma32(+):    239   Score   1.95     -35 (205) agttaga >>> atcccttttt -10 (234)
sigma28(+):    207   Score   1.97     -35 (173) aaaatgaa >>> actgagaa -10 (199)
sigma24(+):    203   Score   1.96     -35 (171) gaaaaa >>> actga -10 (196)

   Total:      5 promoter(s) predicted



>TSS_2_D39V_8311_+_220_None
   Length of Query sequence:       300
sigma28(+):    250   Score   1.97     -35 (219) taaaatag >>> tacaataa -10 (244)
sigma38(+):    250   Score   1.95     -35 (213) cttcta >>> tacaat -10 (242)
sigma70(+):    240   Score   1.97     -35 (202) ttgata >>> taaaaa -10 (233)
sigma24(+):    208   Score   1.97     -35 (175) aaaaga >>> tccat -10 (201)

   Total:      4 promoter(s) predicted



>TSS_3_D39V_9760_-_5_None
   Length of Query sequence:       300
sigma28(+):    250   Score   1.93     -35 (216) accctcat >>> gcgtataa -10 (243)
sigma38(+):    250   Score   1.93     -35 (218) cctcat >>> tataat -10 (244)
sigma24(+):    247   Score   1.95     -35 (215) gaccct >>> gcgta -10 (240)
sigma70(+):    237   Score   1.96     -35 (200) tatcta >>> tatttt -10 (230)
sigma32(+):    230   Score   1.94     -35 (194) cagtcgt >>> accctcattt -10 (225)

   Total:      5 promoter(s) predicted



>TSS_4_D39V_11583_+_419_ParB
   Length of Query sequence:       300
sigma70(+):    250   Score   1.96     -35 (214) tttgag >>> tataat -10 (243)
sigma38(+):    249   Score   1.94     -35 (214) tttgag >>> tataat -10 (243)
sigma28(+):    241   Score   1.96     -35 (207) ccaataat >>> aacgaaaa -10 (233)
sigma24(+):    238   Score   1.89     -35 (205) gaccaa >>> acgaa -10 (231)

   Total:      4 promoter(s) predicted



>TSS_5_D39V_14240_+_3048_SigA
   Length of Query sequence:       300
sigma70(+):    250   Score   1.96     -35 (212) tggaac >>> tagact -10 (243)
sigma38(+):    249   Score   1.92     -35 (212) tggaac >>> tagact -10 (243)
sigma28(+):    247   Score   1.97     -35 (213) ggaacaaa >>> tctgttag -10 (240)
sigma24(+):    227   Score   1.95     -35 (195) gaacag >>> acaaa -10 (220)

   Total:      4 promoter(s) predicted



>TSS_6_D39V_14809_+_5214_SigA
   Length of Query sequence:       300
sigma38(+):    250   Score   1.96     -35 (216) ttgaca >>> tataat -10 (243)
sigma24(+):    245   Score   1.98     -35 (209) aaagta >>> gctgt -10 (238)
sigma28(+):    238   Score   1.97     -35 (199) aaaattag >>> gacaaagt -10 (225)
sigma70(+):    232   Score   1.94     -35 (194) tgaaaa >>> caaagt -10 (225)

   Total:      4 promoter(s) predicted



>TSS_7_D39V_15002_+_1049_SigA
   Length of Query sequence:       300
sigma70(+):    250   Score   1.94     -35 (216) ttgaca >>> tatact -10 (244)
sigma38(+):    250   Score   1.92     -35 (216) ttgaca >>> tatact -10 (244)
sigma28(+):    228   Score   1.97     -35 (196) taaaaatc >>> gttgacaa -10 (222)
sigma24(+):    216   Score   1.96     -35 (187) aaaaaa >>> tcaaa -10 (209)

   Total:      4 promoter(s) predicted



>TSS_8_D39V_15042_+_60_SigA
   Length of Query sequence:       300
sigma38(+):    220   Score   1.94     -35 (183) gtgaaa >>> tatagt -10 (212)
sigma28(+):    215   Score   1.96     -35 (184) tgaaagtg >>> actaatat -10 (209)
sigma24(+):    213   Score   1.96     -35 (179) acaagt >>> actaa -10 (206)
sigma70(+):    211   Score   1.94     -35 (176) ttgaca >>> tatact -10 (204)

   Total:      4 promoter(s) predicted



>TSS_9_D39V_16855_+_14_None
   Length of Query sequence:       300
sigma32(+):    241   Score   1.81     -35 (205) cgctagg >>> atcaccaagt -10 (236)
sigma70(+):    220   Score   1.79     -35 (183) caggag >>> taggct -10 (213)

   Total:      2 promoter(s) predicted



>TSS_11_D39V_19903_+_108_None
   Length of Query sequence:       300
sigma32(+):    250   Score   1.93     -35 (216) gaacggt >>> atagatattc -10 (245)
sigma38(+):    241   Score   1.81     -35 (207) tatgaa >>> taagtt -10 (233)
sigma24(+):    236   Score   1.98     -35 (204) gaatat >>> tctta -10 (229)
sigma70(+):    216   Score   1.96     -35 (178) ctcgag >>> gaatat -10 (209)
sigma28(+):    212   Score   1.95     -35 (180) cgaggact >>> actgagaa -10 (206)

   Total:      5 promoter(s) predicted



>TSS_12_D39V_20225_+_121_None
   Length of Query sequence:       300
sigma28(+):    231   Score   1.96     -35 (197) ttgtgtta >>> accaaaaa -10 (223)
sigma32(+):    227   Score   1.94     -35 (192) ctatttt >>> tgaaccaaaa -10 (222)
sigma24(+):    227   Score   1.98     -35 (193) tatttt >>> accaa -10 (220)
sigma70(+):    220   Score   1.96     -35 (181) gtaata >>> taaaat -10 (213)
sigma38(+):    216   Score   1.96     -35 (176) gttatg >>> tatagt -10 (208)

   Total:      5 promoter(s) predicted



>TSS_13_D39V_22142_+_138_None
   Length of Query sequence:       300
sigma70(+):    250   Score   1.96     -35 (211) ttgata >>> tagaat -10 (244)
sigma24(+):    210   Score   1.93     -35 (175) tatctt >>> acaat -10 (203)
sigma38(+):    205   Score   1.95     -35 (164) tttcct >>> tatttt -10 (197)

   Total:      3 promoter(s) predicted



>TSS_14_D39V_22562_+_683_SigA
   Length of Query sequence:       300
sigma28(+):    250   Score   1.96     -35 (217) ttgataaa >>> tattataa -10 (244)
sigma70(+):    248   Score   1.97     -35 (210) tttctt >>> tattat -10 (242)
sigma38(+):    248   Score   1.95     -35 (210) tttctt >>> tattat -10 (242)
sigma24(+):    205   Score   1.96     -35 (171) tcattt >>> gcaaa -10 (198)

   Total:      4 promoter(s) predicted



>TSS_15_D39V_23967_+_0_CiaR_LOWCONF
   Length of Query sequence:       300
sigma38(+):    250   Score   1.95     -35 (212) tttaag >>> tatact -10 (244)
sigma28(+):    245   Score   1.48     -35 (205) agagattt >>> taagatag -10 (232)
sigma70(+):    226   Score   1.97     -35 (186) tagaaa >>> taagat -10 (219)
sigma24(+):    211   Score   1.94     -35 (178) aaatat >>> tccta -10 (204)

   Total:      4 promoter(s) predicted



>TSS_16_D39V_24095_+_117_CiaR
   Length of Query sequence:       300
sigma38(+):    250   Score   1.95     -35 (211) gtggct >>> tataat -10 (244)
sigma24(+):    215   Score   1.96     -35 (183) taatct >>> gcatt -10 (208)
sigma70(+):    206   Score   1.96     -35 (169) tttctt >>> tagagt -10 (199)
sigma28(+):    202   Score   1.92     -35 (170) ttcttttt >>> ccctatag -10 (196)
sigma32(+):    201   Score   1.95     -35 (165) aactttt >>> ctccctatag -10 (196)

   Total:      5 promoter(s) predicted



>TSS_17_D39V_24632_+_0_SigA_LOWCONF
   Length of Query sequence:       300
sigma28(+):    250   Score   1.97     -35 (219) aaaatgaa >>> tataataa -10 (245)
sigma38(+):    249   Score   1.95     -35 (216) tttaaa >>> tataat -10 (243)
sigma70(+):    242   Score   1.96     -35 (206) taattt >>> gaatgt -10 (235)
sigma24(+):    224   Score   1.95     -35 (189) gaaata >>> gcttt -10 (217)

   Total:      4 promoter(s) predicted



>TSS_18_D39V_24736_+_14_SigX
   Length of Query sequence:       300
sigma24(+):    240   Score   1.95     -35 (206) gaattg >>> gcttt -10 (233)
sigma38(+):    220   Score   1.81     -35 (179) gaggaa >>> aattgt -10 (212)
sigma32(+):    205   Score   1.95     -35 (170) gggtcag >>> agccctaagc -10 (200)

   Total:      3 promoter(s) predicted



>TSS_20_D39V_27149_+_909_None
   Length of Query sequence:       300
sigma28(+):    241   Score   1.94     -35 (210) ataatccg >>> tcttaaaa -10 (235)
sigma38(+):    222   Score   1.83     -35 (184) caggaa >>> cataat -10 (214)
sigma24(+):    219   Score   1.92     -35 (187) gaagtt >>> gcata -10 (212)
sigma70(+):    207   Score   1.94     -35 (172) gtgaca >>> gaaaaa -10 (200)

   Total:      4 promoter(s) predicted



>TSS_21_D39V_28585_+_570_SigA
   Length of Query sequence:       300
sigma70(+):    250   Score   1.94     -35 (215) ttgaaa >>> tacaat -10 (243)
sigma24(+):    250   Score   1.95     -35 (219) aaaata >>> acaat -10 (243)
sigma38(+):    249   Score   1.95     -35 (215) ttgaaa >>> tacaat -10 (243)
sigma32(+):    247   Score   1.95     -35 (212) tgattga >>> agcgctacaa -10 (242)

   Total:      4 promoter(s) predicted



>TSS_22_D39V_29658_+_1153_SigX
   Length of Query sequence:       300
sigma28(+):    249   Score   1.96     -35 (217) tcaggttt >>> tccgaata -10 (243)
sigma24(+):    246   Score   1.45     -35 (212) gattct >>> tccga -10 (240)
sigma70(+):    221   Score   1.95     -35 (181) gagaaa >>> gatgat -10 (214)
sigma38(+):    203   Score   1.33     -35 (163) tctcca >>> aaaaat -10 (191)

   Total:      4 promoter(s) predicted



>TSS_23_D39V_29885_-_5_None
   Length of Query sequence:       300
sigma38(+):    234   Score   1.95     -35 (198) gataca >>> caaact -10 (226)
sigma70(+):    232   Score   1.96     -35 (200) tacaca >>> caaact -10 (226)
sigma28(+):    231   Score   1.95     -35 (200) tacacaca >>> gccaaact -10 (226)
sigma32(+):    213   Score   1.95     -35 (177) attttaa >>> atacacacaa -10 (208)
sigma24(+):    201   Score   1.97     -35 (167) taatgt >>> tcaat -10 (194)

   Total:      5 promoter(s) predicted



>TSS_24_D39V_31168_-_4_None
   Length of Query sequence:       300
sigma38(+):    250   Score   1.95     -35 (214) tagtaa >>> tataat -10 (245)
sigma24(+):    249   Score   1.95     -35 (218) aaacct >>> gctat -10 (242)
sigma70(+):    241   Score   1.96     -35 (207) gagaat >>> taaaaa -10 (234)
sigma28(+):    217   Score   1.97     -35 (184) ttccgaat >>> gccagaga -10 (210)
sigma32(+):    214   Score   1.95     -35 (179) acttttt >>> agagccagag -10 (209)

   Total:      5 promoter(s) predicted



>TSS_25_D39V_31219_-_41_None
   Length of Query sequence:       300
sigma28(+):    250   Score   1.90     -35 (216) caagtatt >>> tccgaata -10 (243)
sigma24(+):    237   Score   1.97     -35 (204) gaagag >>> tcaaa -10 (230)
sigma70(+):    232   Score   1.96     -35 (195) taccat >>> tatttt -10 (225)
sigma32(+):    220   Score   1.94     -35 (184) gaatcaa >>> agagctagag -10 (215)
sigma38(+):    203   Score   1.95     -35 (162) cataca >>> aaaaat -10 (195)

   Total:      5 promoter(s) predicted



>TSS_26_D39V_31306_+_305_SigX
   Length of Query sequence:       300
sigma24(+):    241   Score   1.97     -35 (205) gctctt >>> tcttt -10 (234)
sigma38(+):    232   Score   1.96     -35 (197) ttgctc >>> tatttt -10 (224)
sigma70(+):    231   Score   1.96     -35 (197) ttgctc >>> tatttt -10 (224)
sigma28(+):    225   Score   1.84     -35 (193) atacttgc >>> cccaatgg -10 (218)

   Total:      4 promoter(s) predicted



>TSS_27_D39V_34008_+_1100_None
   Length of Query sequence:       300
sigma38(+):    244   Score   1.85     -35 (204) tttgta >>> caaaat -10 (236)
sigma70(+):    243   Score   1.92     -35 (205) ttgtag >>> caaaat -10 (236)
sigma24(+):    241   Score   1.92     -35 (212) agaatt >>> tcaaa -10 (234)
sigma28(+):    231   Score   1.86     -35 (198) tccttttt >>> tctgcaaa -10 (224)

   Total:      4 promoter(s) predicted



>TSS_28_D39V_35683_-_367_SigA
   Length of Query sequence:       300
sigma38(+):    250   Score   1.95     -35 (216) tttact >>> tataat -10 (244)
sigma70(+):    226   Score   1.97     -35 (190) ttagag >>> tatttt -10 (218)
sigma24(+):    222   Score   1.98     -35 (187) acatta >>> tctat -10 (215)
sigma32(+):    201   Score   1.89     -35 (161) tacaaaa >>> aaatacatta -10 (192)

   Total:      4 promoter(s) predicted



>TSS_29_D39V_35787_+_494_SigA
   Length of Query sequence:       300
sigma38(+):    250   Score   1.95     -35 (215) tttgcg >>> tataat -10 (244)
sigma70(+):    219   Score   1.94     -35 (184) tagaaa >>> taatgt -10 (211)
sigma28(+):    217   Score   1.95     -35 (186) gaaagtgg >>> tctaatgt -10 (211)
sigma24(+):    215   Score   1.97     -35 (180) aaaata >>> tctaa -10 (208)
sigma32(+):    208   Score   1.94     -35 (174) aaaagta >>> aaagctattc -10 (203)

   Total:      5 promoter(s) predicted



>TSS_30_D39V_39464_+_33_BlpR
   Length of Query sequence:       300
sigma70(+):    250   Score   1.96     -35 (211) ttggat >>> tatact -10 (244)
sigma38(+):    250   Score   1.95     -35 (211) ttggat >>> tatact -10 (244)
sigma28(+):    228   Score   1.96     -35 (194) cgatgcca >>> gatgaaaa -10 (221)
sigma24(+):    204   Score   1.97     -35 (171) aaaaaa >>> tcgat -10 (197)

   Total:      4 promoter(s) predicted



>TSS_31_D39V_41369_-_5_None
   Length of Query sequence:       300
sigma38(+):    234   Score   1.95     -35 (198) gataca >>> caaact -10 (226)
sigma28(+):    233   Score   1.95     -35 (200) tacacaca >>> gccaaact -10 (226)
sigma70(+):    232   Score   1.96     -35 (200) tacaca >>> caaact -10 (226)
sigma32(+):    213   Score   1.94     -35 (178) ttttaga >>> atacacacaa -10 (208)
sigma24(+):    201   Score   1.97     -35 (167) taatat >>> tcaat -10 (194)

   Total:      5 promoter(s) predicted



>TSS_32_D39V_41719_+_1311_SigA
   Length of Query sequence:       300
sigma70(+):    250   Score   1.84     -35 (217) gttttt >>> taagat -10 (243)
sigma28(+):    209   Score   1.93     -35 (175) tgcagttg >>> gctcattt -10 (202)
sigma24(+):    208   Score   1.85     -35 (176) gcagtt >>> tcatt -10 (201)
sigma38(+):    205   Score   1.94     -35 (164) tatcca >>> taggct -10 (197)

   Total:      4 promoter(s) predicted



>TSS_33_D39V_45561_+_451_None
   Length of Query sequence:       300
sigma28(+):    248   Score   1.86     -35 (216) ttgtgttt >>> tgtggtaa -10 (241)
sigma38(+):    222   Score   1.96     -35 (182) ttgaaa >>> taaatt -10 (214)
sigma70(+):    221   Score   1.97     -35 (182) ttgaaa >>> taaatt -10 (214)
sigma24(+):    215   Score   1.97     -35 (184) gaaaaa >>> tcggt -10 (208)
sigma32(+):    203   Score   1.95     -35 (163) agttttt >>> aaaaacatct -10 (194)

   Total:      5 promoter(s) predicted



>TSS_34_D39V_55618_+_278_PurR
   Length of Query sequence:       300
sigma70(+):    250   Score   1.96     -35 (218) gattaa >>> tataat -10 (244)
sigma38(+):    250   Score   1.91     -35 (211) gaaaca >>> tataat -10 (244)
sigma28(+):    238   Score   1.97     -35 (199) aaaatgct >>> gattaaaa -10 (225)
sigma24(+):    236   Score   1.95     -35 (206) taactg >>> acgaa -10 (229)

   Total:      4 promoter(s) predicted



>TSS_35_D39V_58788_+_40_None
   Length of Query sequence:       300
sigma70(+):    250   Score   1.91     -35 (212) ttcaag >>> taaaat -10 (244)
sigma38(+):    250   Score   1.86     -35 (212) ttcaag >>> taaaat -10 (244)
sigma32(+):    239   Score   1.82     -35 (203) gacagaa >>> ctccacatgt -10 (234)

   Total:      3 promoter(s) predicted



>TSS_36_D39V_65524_-_40_CpsR
   Length of Query sequence:       300
sigma38(+):    249   Score   1.96     -35 (216) ctacta >>> taaaat -10 (245)
sigma24(+):    219   Score   1.98     -35 (185) aaacta >>> tcaaa -10 (212)
sigma70(+):    211   Score   1.97     -35 (174) cttaat >>> taattt -10 (202)
sigma28(+):    209   Score   1.97     -35 (175) ttaatttt >>> tctaattt -10 (202)
sigma32(+):    202   Score   1.94     -35 (164) ccctata >>> caaactatta -10 (193)

   Total:      5 promoter(s) predicted



>TSS_37_D39V_65800_+_17_SigA
   Length of Query sequence:       300
sigma70(+):    250   Score   1.96     -35 (216) ttgaca >>> tataat -10 (244)
sigma38(+):    250   Score   1.96     -35 (216) ttgaca >>> tataat -10 (244)
sigma28(+):    225   Score   1.97     -35 (186) aaaatgca >>> gacaattt -10 (212)
sigma32(+):    220   Score   1.95     -35 (181) tagtaaa >>> cccgacaatt -10 (211)
sigma24(+):    217   Score   1.98     -35 (185) aaaaat >>> acaat -10 (210)

   Total:      5 promoter(s) predicted



>TSS_38_D39V_73040_+_17_SigA
   Length of Query sequence:       300
sigma70(+):    245   Score   1.96     -35 (207) gttatc >>> gaaatt -10 (237)
sigma38(+):    211   Score   1.95     -35 (175) tttata >>> tatttt -10 (203)
sigma28(+):    202   Score   1.95     -35 (167) tgatttac >>> cctgaaat -10 (192)

   Total:      3 promoter(s) predicted



>TSS_39_D39V_74057_+_185_SigA
   Length of Query sequence:       300
sigma32(+):    250   Score   1.94     -35 (215) attttga >>> agagatataa -10 (245)
sigma28(+):    244   Score   1.97     -35 (210) tgagaatt >>> gctgatta -10 (236)
sigma38(+):    227   Score   1.94     -35 (187) cagaac >>> aatttt -10 (219)
sigma70(+):    223   Score   1.92     -35 (183) gtaaca >>> gagaat -10 (216)

   Total:      4 promoter(s) predicted



>TSS_40_D39V_75292_+_219_SigA
   Length of Query sequence:       300
sigma38(+):    235   Score   1.82     -35 (201) gttcat >>> cacttt -10 (227)
sigma70(+):    233   Score   1.88     -35 (194) ttgtcc >>> gacact -10 (225)

   Total:      2 promoter(s) predicted



>TSS_41_D39V_76686_+_869_None
   Length of Query sequence:       300
sigma70(+):    250   Score   1.92     -35 (211) tatcta >>> tacaat -10 (244)
sigma32(+):    229   Score   1.94     -35 (195) gaatttt >>> taagtcattt -10 (224)
sigma24(+):    224   Score   1.94     -35 (195) gaattt >>> tctaa -10 (217)
sigma38(+):    219   Score   1.95     -35 (184) ttggtg >>> tatcct -10 (211)

   Total:      4 promoter(s) predicted



>TSS_42_D39V_78854_+_273_SigA
   Length of Query sequence:       300
sigma70(+):    250   Score   1.92     -35 (218) ttcaaa >>> taaaat -10 (244)
sigma38(+):    250   Score   1.94     -35 (217) cttcaa >>> taaaat -10 (244)
sigma24(+):    230   Score   1.97     -35 (194) cccctt >>> tcaaa -10 (223)
sigma28(+):    217   Score   1.83     -35 (186) gacagaag >>> tctagtaa -10 (211)
sigma32(+):    206   Score   1.94     -35 (172) agatggc >>> agccccttgt -10 (201)

   Total:      5 promoter(s) predicted



>TSS_43_D39V_79885_+_9_None
   Length of Query sequence:       300
sigma38(+):    245   Score   1.89     -35 (207) ttgaac >>> taccct -10 (237)
sigma28(+):    230   Score   1.90     -35 (198) tgaatcat >>> gacggtga -10 (224)
sigma24(+):    213   Score   1.71     -35 (179) aaaatg >>> tcata -10 (206)
sigma70(+):    201   Score   1.88     -35 (160) gtccca >>> gaatat -10 (193)

   Total:      4 promoter(s) predicted



>TSS_44_D39V_80154_+_2_None
   Length of Query sequence:       300
sigma38(+):    250   Score   1.96     -35 (211) ttctta >>> tatact -10 (244)
sigma28(+):    248   Score   1.91     -35 (214) ttagtcct >>> ggagatta -10 (240)
sigma24(+):    223   Score   1.98     -35 (187) ggattt >>> tctta -10 (216)
sigma70(+):    218   Score   1.98     -35 (177) tttata >>> taactt -10 (209)

   Total:      4 promoter(s) predicted



>TSS_45_D39V_84261_+_307_None
   Length of Query sequence:       300
sigma70(+):    250   Score   1.96     -35 (216) tcgtaa >>> tatact -10 (244)
sigma38(+):    250   Score   1.94     -35 (217) cgtaaa >>> tatact -10 (244)
sigma28(+):    215   Score   1.97     -35 (183) tcaggact >>> gcagatta -10 (209)
sigma24(+):    214   Score   1.97     -35 (179) gcaatc >>> gcaga -10 (206)

   Total:      4 promoter(s) predicted



>TSS_46_D39V_86080_+_7_SigA
   Length of Query sequence:       300
sigma38(+):    247   Score   1.62     -35 (208) cctaaa >>> tattca -10 (238)
sigma70(+):    245   Score   1.92     -35 (209) ctaaaa >>> tattca -10 (238)
sigma32(+):    242   Score   1.93     -35 (207) gcctaaa >>> ccagctattc -10 (237)
sigma24(+):    233   Score   1.84     -35 (199) aaaata >>> acaaa -10 (226)
sigma28(+):    203   Score   1.95     -35 (170) taccctcg >>> tctggtag -10 (196)

   Total:      5 promoter(s) predicted



>TSS_48_D39V_87033_+_51_None
   Length of Query sequence:       300
sigma70(+):    250   Score   1.96     -35 (218) caaaaa >>> tataat -10 (244)
sigma28(+):    231   Score   1.97     -35 (196) aaagtgat >>> accaaaaa -10 (223)
sigma24(+):    227   Score   1.96     -35 (196) aaagtg >>> accaa -10 (220)
sigma32(+):    201   Score   1.94     -35 (162) taatcgt >>> accgatatag -10 (192)
sigma38(+):    201   Score   1.95     -35 (167) gttgag >>> tatagt -10 (193)

   Total:      5 promoter(s) predicted



>TSS_49_D39V_88197_+_curated_None
   Length of Query sequence:       300
sigma28(+):    242   Score   1.97     -35 (208) ttaggagt >>> gcaaatag -10 (235)
sigma24(+):    239   Score   1.97     -35 (205) taatta >>> gcaaa -10 (232)
sigma32(+):    238   Score   1.95     -35 (202) ctataat >>> acctgcaaat -10 (233)
sigma70(+):    236   Score   1.91     -35 (199) tttcta >>> taacct -10 (227)
sigma38(+):    216   Score   1.95     -35 (176) ctgcta >>> tataat -10 (208)

   Total:      5 promoter(s) predicted



>TSS_50_D39V_92084_+_261_None
   Length of Query sequence:       300
sigma70(+):    224   Score   1.95     -35 (185) gagaac >>> taaatt -10 (217)
sigma24(+):    218   Score   1.90     -35 (187) gaaccc >>> tcaaa -10 (211)
sigma32(+):    202   Score   1.93     -35 (168) accattc >>> aaccctctac -10 (197)
sigma38(+):    201   Score   1.94     -35 (164) tttaac >>> aaccct -10 (193)

   Total:      4 promoter(s) predicted



>TSS_51_D39V_93218_+_44_None
   Length of Query sequence:       300
sigma70(+):    250   Score   1.94     -35 (216) ttgtat >>> tatact -10 (244)
sigma38(+):    250   Score   1.93     -35 (215) tttgta >>> tatact -10 (244)
sigma28(+):    240   Score   1.81     -35 (206) aagtttgt >>> caggaaaa -10 (233)
sigma24(+):    232   Score   1.90     -35 (197) aaaaat >>> tcttt -10 (225)

   Total:      4 promoter(s) predicted



>TSS_52_D39V_95269_-_curated_None
   Length of Query sequence:       300
sigma70(+):    250   Score   1.94     -35 (216) ttgaca >>> tactat -10 (244)
sigma38(+):    250   Score   1.94     -35 (216) ttgaca >>> tactat -10 (244)
sigma24(+):    238   Score   1.92     -35 (202) acacca >>> gctta -10 (231)
sigma28(+):    232   Score   1.96     -35 (199) tccacacc >>> gacaaaaa -10 (225)
sigma32(+):    212   Score   1.91     -35 (177) tgatgat >>> atccacacca -10 (207)

   Total:      5 promoter(s) predicted



>TSS_53_D39V_97161_-_29_SigA
   Length of Query sequence:       300
sigma24(+):    250   Score   1.98     -35 (218) gacagg >>> acaat -10 (244)
sigma38(+):    250   Score   1.94     -35 (216) ttgaca >>> tacaat -10 (244)
sigma32(+):    217   Score   1.95     -35 (182) agttttt >>> ttacacattt -10 (212)
sigma70(+):    216   Score   1.96     -35 (178) tagaag >>> tacaca -10 (209)
sigma28(+):    206   Score   1.94     -35 (173) ttagctag >>> tataaaaa -10 (200)

   Total:      5 promoter(s) predicted



>TSS_54_D39V_98446_-_80_SigA
   Length of Query sequence:       300
sigma70(+):    243   Score   1.96     -35 (205) cagaaa >>> gaaaaa -10 (235)
sigma28(+):    241   Score   1.96     -35 (207) gaaacctt >>> agtgaaaa -10 (234)
sigma38(+):    232   Score   1.95     -35 (197) ttgaaa >>> cattat -10 (226)
sigma24(+):    230   Score   1.96     -35 (199) gaaagc >>> acatt -10 (224)
sigma32(+):    214   Score   1.95     -35 (179) gactttc >>> aaagccagaa -10 (209)

   Total:      5 promoter(s) predicted



>TSS_55_D39V_98483_+_54_CiaR
   Length of Query sequence:       300
sigma32(+):    247   Score   1.93     -35 (212) aacagct >>> ttcactataa -10 (242)
sigma70(+):    246   Score   1.95     -35 (207) ttaata >>> cactat -10 (240)
sigma24(+):    239   Score   1.95     -35 (203) gatttt >>> gcttt -10 (232)
sigma38(+):    232   Score   1.95     -35 (194) cttcta >>> tatttt -10 (224)
sigma28(+):    214   Score   1.97     -35 (180) ttcatata >>> gctgattt -10 (207)

   Total:      5 promoter(s) predicted



>TSS_56_D39V_98544_+_94_CiaR
   Length of Query sequence:       300
sigma70(+):    222   Score   1.96     -35 (183) gtcaag >>> taaaaa -10 (215)
sigma28(+):    221   Score   1.97     -35 (189) taaggttt >>> gataaaaa -10 (215)
sigma24(+):    211   Score   1.71     -35 (179) taatgt >>> gcttt -10 (204)
sigma38(+):    202   Score   1.95     -35 (161) tttaag >>> taaggt -10 (194)

   Total:      4 promoter(s) predicted



>TSS_57_D39V_99639_+_13_None
   Length of Query sequence:       300
sigma38(+):    250   Score   1.96     -35 (218) gccaaa >>> tataat -10 (244)
sigma24(+):    248   Score   1.98     -35 (212) aaataa >>> gctat -10 (241)
sigma70(+):    236   Score   1.97     -35 (200) tttatt >>> taaata -10 (229)
sigma32(+):    229   Score   1.95     -35 (194) caataat >>> taagccaaat -10 (224)
sigma28(+):    206   Score   1.97     -35 (173) ggaagaag >>> aacaataa -10 (199)

   Total:      5 promoter(s) predicted



>TSS_58_D39V_104149_-_323_SigA
   Length of Query sequence:       300
sigma70(+):    250   Score   1.96     -35 (213) ttaaag >>> tataat -10 (244)
sigma38(+):    250   Score   1.95     -35 (213) ttaaag >>> tataat -10 (244)
sigma32(+):    238   Score   1.95     -35 (203) tcatcca >>> cccctcattc -10 (233)
sigma24(+):    229   Score   1.96     -35 (194) gaaagg >>> gccaa -10 (222)
sigma28(+):    228   Score   1.92     -35 (188) gtattaga >>> cacaatta -10 (215)

   Total:      5 promoter(s) predicted



>TSS_59_D39V_104342_+_7031_None
   Length of Query sequence:       300
sigma38(+):    238   Score   1.96     -35 (198) tttcta >>> taatat -10 (230)
sigma32(+):    234   Score   1.95     -35 (199) ttctaca >>> aacggtaata -10 (229)
sigma28(+):    233   Score   1.96     -35 (202) tacataaa >>> aacggtaa -10 (227)
sigma24(+):    214   Score   1.98     -35 (181) aaaata >>> acata -10 (207)
sigma70(+):    205   Score   1.96     -35 (166) tattta >>> taatat -10 (198)

   Total:      5 promoter(s) predicted



>TSS_60_D39V_105394_+_174_SigA
   Length of Query sequence:       300
sigma38(+):    250   Score   1.96     -35 (216) ttgaca >>> tatgct -10 (244)
sigma70(+):    236   Score   1.96     -35 (202) ttcact >>> tattat -10 (229)
sigma28(+):    231   Score   1.97     -35 (198) aaaattca >>> gacagtta -10 (225)
sigma24(+):    219   Score   1.98     -35 (186) taattt >>> tcaga -10 (212)

   Total:      4 promoter(s) predicted



>TSS_61_D39V_105722_+_3_None
   Length of Query sequence:       300
sigma70(+):    250   Score   1.94     -35 (216) ttgcat >>> tatact -10 (243)
sigma38(+):    242   Score   1.94     -35 (210) ttggtg >>> tatgta -10 (236)
sigma24(+):    232   Score   1.88     -35 (196) aaatca >>> tcttt -10 (225)

   Total:      3 promoter(s) predicted



>TSS_62_D39V_106080_+_6_None
   Length of Query sequence:       300
sigma38(+):    208   Score   1.94     -35 (169) tctatg >>> tatgtt -10 (200)
sigma70(+):    207   Score   1.97     -35 (167) tctcta >>> tatgtt -10 (200)
sigma24(+):    201   Score   1.85     -35 (165) tatctc >>> tcttt -10 (193)

   Total:      3 promoter(s) predicted



>TSS_63_D39V_106298_-_2_SigA
   Length of Query sequence:       300
sigma38(+):    250   Score   1.94     -35 (217) tagact >>> taaaat -10 (244)
sigma32(+):    240   Score   1.92     -35 (204) ttcttta >>> ttcaccatct -10 (234)
sigma24(+):    233   Score   0.98     -35 (199) gaaatt >>> tcctt -10 (226)
sigma70(+):    211   Score   1.96     -35 (176) tcggaa >>> gaaatt -10 (204)

   Total:      4 promoter(s) predicted



>TSS_64_D39V_108919_+_curated_None
   Length of Query sequence:       300
sigma38(+):    250   Score   1.95     -35 (216) ttgaca >>> tattat -10 (244)
sigma70(+):    247   Score   1.96     -35 (211) taggct >>> gagtat -10 (241)
sigma28(+):    238   Score   1.96     -35 (205) tcaattta >>> gatgagta -10 (232)
sigma24(+):    230   Score   1.97     -35 (196) aaaatt >>> acaaa -10 (223)

   Total:      4 promoter(s) predicted



>TSS_65_D39V_113592_-_11_None
   Length of Query sequence:       300
sigma38(+):    247   Score   1.96     -35 (210) tttctt >>> tatgat -10 (239)
sigma70(+):    246   Score   1.96     -35 (210) tttctt >>> tatgat -10 (239)
sigma24(+):    243   Score   1.98     -35 (207) gacttt >>> gctat -10 (236)

   Total:      3 promoter(s) predicted



>TSS_66_D39V_121347_+_3_None
   Length of Query sequence:       300
sigma24(+):    236   Score   1.95     -35 (207) gctctt >>> gcatt -10 (229)
sigma28(+):    232   Score   1.91     -35 (196) ttattatt >>> tatgatat -10 (222)
sigma38(+):    228   Score   1.96     -35 (188) ttgtta >>> tatgat -10 (220)
sigma70(+):    227   Score   1.96     -35 (188) ttgtta >>> tatgat -10 (220)

   Total:      4 promoter(s) predicted



>TSS_67_D39V_125709_+_5_SigA
   Length of Query sequence:       300
sigma38(+):    250   Score   1.94     -35 (216) ttgatt >>> tatcat -10 (244)
sigma28(+):    239   Score   1.95     -35 (208) gcaaaatt >>> tatgaata -10 (233)
sigma70(+):    201   Score   1.96     -35 (163) cagaat >>> tattat -10 (193)
sigma24(+):    201   Score   1.97     -35 (165) gaatca >>> tctat -10 (190)

   Total:      4 promoter(s) predicted



>TSS_68_D39V_127630_+_2_None
   Length of Query sequence:       300
sigma24(+):    224   Score   1.98     -35 (192) ggactt >>> acaga -10 (217)
sigma70(+):    220   Score   1.96     -35 (186) tagttt >>> taaaaa -10 (213)
sigma32(+):    213   Score   1.94     -35 (179) taaagaa >>> aactgtatct -10 (208)
sigma38(+):    212   Score   1.95     -35 (173) tttcta >>> aactgt -10 (204)

   Total:      4 promoter(s) predicted



>TSS_69_D39V_127681_+_0_SigA_LOWCONF
   Length of Query sequence:       300
sigma70(+):    250   Score   1.92     -35 (217) ttgact >>> cataat -10 (244)
sigma38(+):    250   Score   1.95     -35 (217) ttgact >>> cataat -10 (244)
sigma24(+):    249   Score   1.96     -35 (219) gacttt >>> tcata -10 (242)

   Total:      3 promoter(s) predicted



>TSS_70_D39V_128769_+_140_SigA
   Length of Query sequence:       300
sigma38(+):    234   Score   1.95     -35 (200) tgtaat >>> aatatt -10 (226)
sigma24(+):    229   Score   1.98     -35 (195) aaaaat >>> acaaa -10 (222)
sigma28(+):    212   Score   1.97     -35 (173) ttatgata >>> aacaaaaa -10 (199)
sigma70(+):    203   Score   1.96     -35 (166) tagaag >>> taacaa -10 (196)

   Total:      4 promoter(s) predicted



>TSS_71_D39V_130999_+_143_SigA
   Length of Query sequence:       300
sigma70(+):    250   Score   1.97     -35 (215) ttgtct >>> tataat -10 (243)
sigma28(+):    250   Score   1.85     -35 (220) ttctctaa >>> tataatga -10 (245)
sigma38(+):    249   Score   1.96     -35 (210) cttcct >>> tataat -10 (243)
sigma24(+):    234   Score   1.97     -35 (198) aatttt >>> tctaa -10 (227)

   Total:      4 promoter(s) predicted



>TSS_72_D39V_132229_+_748_SigA
   Length of Query sequence:       300
sigma70(+):    250   Score   1.93     -35 (217) ttgaca >>> tacaat -10 (244)
sigma38(+):    250   Score   1.95     -35 (217) ttgaca >>> tacaat -10 (244)
sigma24(+):    241   Score   0.25     -35 (208) acattt >>> tcaat -10 (234)

   Total:      3 promoter(s) predicted



>TSS_73_D39V_137110_-_763_SigA
   Length of Query sequence:       300
sigma38(+):    250   Score   1.96     -35 (216) tttact >>> tataat -10 (244)
sigma70(+):    241   Score   1.96     -35 (207) tttccg >>> catttt -10 (234)
sigma24(+):    230   Score   1.89     -35 (196) taactt >>> actaa -10 (223)
sigma32(+):    204   Score   1.85     -35 (171) aacgctt >>> tcccctaact -10 (200)

   Total:      4 promoter(s) predicted



>TSS_74_D39V_137994_-_4_SigX
   Length of Query sequence:       300
sigma70(+):    201   Score   1.91     -35 (166) ttggtt >>> tatctt -10 (193)
sigma32(+):    201   Score   1.95     -35 (163) cccttgg >>> agcagtatct -10 (192)
sigma38(+):    201   Score   1.94     -35 (166) ttggtt >>> tatctt -10 (193)

   Total:      3 promoter(s) predicted



>TSS_75_D39V_138189_-_1875_SigX
   Length of Query sequence:       300
sigma24(+):    248   Score   1.98     -35 (211) aaaatg >>> tccga -10 (240)
sigma38(+):    232   Score   1.96     -35 (191) ttaact >>> cacttt -10 (224)
sigma70(+):    214   Score   1.96     -35 (181) gtgccc >>> taattt -10 (207)
sigma28(+):    209   Score   1.97     -35 (175) acaagagt >>> actaaaaa -10 (201)
sigma32(+):    201   Score   1.95     -35 (162) tctttgc >>> gccctcactt -10 (192)

   Total:      5 promoter(s) predicted



>TSS_76_D39V_138318_+_351_SigA
   Length of Query sequence:       300
sigma24(+):    227   Score   1.96     -35 (191) actctt >>> tccca -10 (220)
sigma70(+):    222   Score   1.96     -35 (187) gggcac >>> gaaaat -10 (215)
sigma28(+):    217   Score   1.96     -35 (184) tgagggca >>> ggcaaaga -10 (211)
sigma38(+):    203   Score   1.96     -35 (163) tttaaa >>> cactct -10 (195)

   Total:      4 promoter(s) predicted



>TSS_77_D39V_149645_+_216_None
   Length of Query sequence:       300
sigma24(+):    243   Score   1.98     -35 (209) aaaaat >>> tcata -10 (236)
sigma70(+):    230   Score   1.96     -35 (191) tttata >>> taaatt -10 (222)
sigma38(+):    230   Score   1.96     -35 (191) tttata >>> taaatt -10 (222)
sigma28(+):    218   Score   1.97     -35 (184) gaaataat >>> tacaaaaa -10 (211)

   Total:      4 promoter(s) predicted



>TSS_78_D39V_149935_+_262_SigA
   Length of Query sequence:       300
sigma38(+):    250   Score   1.90     -35 (217) ttgaca >>> tataat -10 (246)
sigma28(+):    249   Score   1.88     -35 (218) tgacaaat >>> aatgatat -10 (243)
sigma32(+):    240   Score   1.95     -35 (204) gtgtcag >>> gaacacaaat -10 (235)
sigma70(+):    220   Score   1.93     -35 (183) ctggct >>> cagaat -10 (213)
sigma24(+):    203   Score   1.80     -35 (172) tcagct >>> tcaat -10 (196)

   Total:      5 promoter(s) predicted



>TSS_79_D39V_150914_-_3368_SigA
   Length of Query sequence:       300
sigma38(+):    250   Score   1.96     -35 (214) ttgata >>> tataat -10 (244)
sigma70(+):    237   Score   1.96     -35 (198) tttctt >>> gattat -10 (230)
sigma24(+):    211   Score   1.97     -35 (178) gatatt >>> tctta -10 (204)
sigma28(+):    207   Score   1.91     -35 (167) atcgcata >>> tcttatag -10 (194)

   Total:      4 promoter(s) predicted



>TSS_80_D39V_151037_+_56_SigA
   Length of Query sequence:       300
sigma38(+):    250   Score   1.96     -35 (215) tttaaa >>> tatact -10 (244)
sigma32(+):    235   Score   1.94     -35 (202) aaatatg >>> taagccaatt -10 (231)
sigma70(+):    229   Score   1.96     -35 (191) gaaaaa >>> taaaat -10 (222)
sigma28(+):    221   Score   1.97     -35 (187) ataagaaa >>> tgcgattt -10 (214)
sigma24(+):    211   Score   1.98     -35 (178) gaaatt >>> tcaaa -10 (204)

   Total:      5 promoter(s) predicted



>TSS_81_D39V_151192_+_20_SigA
   Length of Query sequence:       300
sigma32(+):    250   Score   1.93     -35 (217) tgcaaga >>> aacctcgtaa -10 (246)
sigma28(+):    234   Score   1.97     -35 (203) gacagaag >>> gatgttag -10 (229)
sigma70(+):    231   Score   1.96     -35 (196) tggaat >>> caagat -10 (224)
sigma24(+):    214   Score   1.91     -35 (179) acaatt >>> acaga -10 (208)
sigma38(+):    204   Score   1.95     -35 (170) gttaaa >>> aacaat -10 (196)

   Total:      5 promoter(s) predicted



>TSS_82_D39V_151757_+_2_None
   Length of Query sequence:       300
sigma70(+):    250   Score   1.92     -35 (214) tagcta >>> tatact -10 (244)
sigma38(+):    250   Score   1.91     -35 (214) tagcta >>> tatact -10 (244)
sigma24(+):    240   Score   1.83     -35 (210) gaatta >>> gcgaa -10 (233)
sigma32(+):    205   Score   1.94     -35 (169) gaatgga >>> gtagccacca -10 (200)

   Total:      4 promoter(s) predicted



>TSS_83_D39V_154902_+_2674_CmbR
   Length of Query sequence:       300
sigma70(+):    250   Score   1.96     -35 (211) tataat >>> taagat -10 (244)
sigma38(+):    250   Score   1.95     -35 (211) tataat >>> taagat -10 (244)
sigma28(+):    231   Score   1.90     -35 (197) agagatag >>> ggcgtaaa -10 (224)
sigma24(+):    219   Score   1.96     -35 (186) aaactt >>> tcata -10 (212)
sigma32(+):    215   Score   1.93     -35 (179) ataaaaa >>> atagatatca -10 (210)

   Total:      5 promoter(s) predicted



>TSS_84_D39V_155885_+_120_MtaR
   Length of Query sequence:       300
sigma28(+):    232   Score   1.97     -35 (198) tgactatc >>> tgtgaaat -10 (224)
sigma38(+):    223   Score   1.95     -35 (183) tttaaa >>> aacaat -10 (215)
sigma70(+):    212   Score   1.96     -35 (175) gatata >>> gactat -10 (204)
sigma24(+):    207   Score   1.98     -35 (175) gatata >>> tctga -10 (200)
sigma32(+):    201   Score   1.95     -35 (166) gttttta >>> aactatatat -10 (196)

   Total:      5 promoter(s) predicted



>TSS_85_D39V_157954_+_106_SigA
   Length of Query sequence:       300
sigma38(+):    250   Score   1.75     -35 (215) tagaca >>> tagaat -10 (244)
sigma70(+):    249   Score   1.92     -35 (215) tagaca >>> tagaat -10 (244)
sigma28(+):    244   Score   1.94     -35 (209) aacagcta >>> tttgataa -10 (236)
sigma24(+):    229   Score   1.81     -35 (199) aaaatt >>> acaaa -10 (222)
sigma32(+):    224   Score   1.76     -35 (188) atgttct >>> acagctagac -10 (219)

   Total:      5 promoter(s) predicted



>TSS_86_D39V_160610_-_241_SigA
   Length of Query sequence:       300
sigma38(+):    250   Score   1.96     -35 (215) tttaca >>> taaaat -10 (243)
sigma28(+):    246   Score   1.93     -35 (215) tttacaat >>> catggtaa -10 (240)
sigma32(+):    237   Score   1.95     -35 (203) ttctagt >>> cccaccaaac -10 (232)
sigma24(+):    229   Score   1.96     -35 (199) aaactt >>> acaat -10 (222)
sigma70(+):    218   Score   1.94     -35 (183) tttcaa >>> tagtat -10 (211)

   Total:      5 promoter(s) predicted



>TSS_87_D39V_160696_+_428_SigA
   Length of Query sequence:       300
sigma70(+):    250   Score   1.96     -35 (218) ttgaaa >>> tataat -10 (244)
sigma38(+):    250   Score   1.95     -35 (218) ttgaaa >>> tataat -10 (244)

   Total:      2 promoter(s) predicted



>TSS_88_D39V_164318_+_1128_SigA
   Length of Query sequence:       300
sigma38(+):    250   Score   1.95     -35 (215) tttgta >>> tataat -10 (244)
sigma24(+):    239   Score   1.94     -35 (210) taagat >>> acaaa -10 (232)
sigma70(+):    222   Score   1.96     -35 (185) ccgaaa >>> taagat -10 (215)
sigma28(+):    219   Score   1.93     -35 (187) gaaaacag >>> tactataa -10 (212)
sigma32(+):    212   Score   1.93     -35 (178) aagccta >>> gaaactatac -10 (207)

   Total:      5 promoter(s) predicted



>TSS_89_D39V_164903_+_397_SigA
   Length of Query sequence:       300
sigma70(+):    250   Score   1.94     -35 (216) ttgaca >>> tacaat -10 (244)
sigma38(+):    241   Score   1.88     -35 (204) cttacc >>> aactat -10 (233)
sigma32(+):    240   Score   1.91     -35 (206) tacctaa >>> agaactatca -10 (235)
sigma24(+):    206   Score   1.21     -35 (170) gaaagc >>> acaga -10 (199)
sigma28(+):    203   Score   1.95     -35 (164) acaacaga >>> gaagaaga -10 (190)

   Total:      5 promoter(s) predicted



>TSS_90_D39V_167010_-_70_None
   Length of Query sequence:       300
sigma28(+):    238   Score   1.93     -35 (206) aaaatatt >>> tccaaaat -10 (231)
sigma70(+):    230   Score   1.96     -35 (191) tttcta >>> catttt -10 (223)
sigma24(+):    215   Score   1.97     -35 (186) taaatt >>> tcaaa -10 (208)
sigma38(+):    208   Score   1.95     -35 (170) tttcag >>> tatctt -10 (200)

   Total:      4 promoter(s) predicted



>TSS_91_D39V_168371_-_14_SigA
   Length of Query sequence:       300
sigma38(+):    243   Score   1.91     -35 (204) tagaca >>> taaaat -10 (235)
sigma28(+):    221   Score   1.86     -35 (187) agcccaat >>> gacaaagt -10 (213)
sigma70(+):    220   Score   1.96     -35 (183) taggag >>> caaagt -10 (213)
sigma24(+):    212   Score   1.96     -35 (178) ccacat >>> acata -10 (205)
sigma32(+):    211   Score   1.95     -35 (177) accacat >>> ctccacatag -10 (206)

   Total:      5 promoter(s) predicted



>TSS_92_D39V_168487_+_165_None
   Length of Query sequence:       300
sigma70(+):    250   Score   1.94     -35 (216) tttctg >>> tataat -10 (244)
sigma38(+):    250   Score   1.94     -35 (216) tttctg >>> tataat -10 (244)
sigma24(+):    229   Score   1.90     -35 (197) gctcct >>> tctgt -10 (222)

   Total:      3 promoter(s) predicted



>TSS_93_D39V_174470_-_1161_SigA
   Length of Query sequence:       300
sigma38(+):    249   Score   1.91     -35 (215) ttgaca >>> tataat -10 (243)
sigma70(+):    246   Score   1.96     -35 (207) tttatc >>> tactat -10 (240)
sigma28(+):    225   Score   1.95     -35 (191) tcaaaaac >>> tctgttga -10 (218)
sigma32(+):    214   Score   1.94     -35 (179) aaataca >>> atctgtattt -10 (209)
sigma24(+):    202   Score   1.97     -35 (170) gattat >>> tcaaa -10 (195)

   Total:      5 promoter(s) predicted



>TSS_94_D39V_174595_+_106_None
   Length of Query sequence:       300
sigma70(+):    250   Score   1.96     -35 (213) tcgctc >>> tatact -10 (244)
sigma38(+):    250   Score   1.94     -35 (213) tcgctc >>> tatact -10 (244)
sigma28(+):    241   Score   1.97     -35 (203) taatcgat >>> gataaaga -10 (230)

   Total:      3 promoter(s) predicted



>TSS_95_D39V_177669_-_193_None
   Length of Query sequence:       300
sigma70(+):    250   Score   1.93     -35 (216) tagctt >>> taaaat -10 (244)
sigma38(+):    250   Score   1.94     -35 (216) tagctt >>> taaaat -10 (244)
sigma24(+):    235   Score   1.83     -35 (205) gaaatc >>> tctta -10 (228)
sigma32(+):    223   Score   1.94     -35 (187) tattaaa >>> tcccacatag -10 (218)
sigma28(+):    216   Score   1.97     -35 (183) agagtatt >>> tctgaaat -10 (209)

   Total:      5 promoter(s) predicted



>TSS_96_D39V_179577_-_419_SigA
   Length of Query sequence:       300
sigma28(+):    231   Score   1.97     -35 (197) aaaaaaag >>> acccaaaa -10 (224)
sigma32(+):    229   Score   1.94     -35 (194) accaaaa >>> ttacccaaaa -10 (224)
sigma38(+):    229   Score   1.95     -35 (191) tatacc >>> taccca -10 (221)
sigma24(+):    222   Score   1.98     -35 (186) accatt >>> tctat -10 (215)
sigma70(+):    220   Score   1.96     -35 (180) ttgctt >>> gattct -10 (213)

   Total:      5 promoter(s) predicted



>TSS_97_D39V_179647_+_323_None
   Length of Query sequence:       300
sigma38(+):    249   Score   1.95     -35 (211) tgggta >>> tataat -10 (243)
sigma32(+):    215   Score   1.95     -35 (179) cactgta >>> atcggccttt -10 (210)
sigma70(+):    209   Score   1.96     -35 (175) ttcaca >>> caaaat -10 (202)
sigma24(+):    207   Score   1.92     -35 (178) acactg >>> acaaa -10 (200)
sigma28(+):    201   Score   1.96     -35 (165) ttcagatt >>> tactatta -10 (191)

   Total:      5 promoter(s) predicted



>TSS_98_D39V_183652_+_1040_SigA
   Length of Query sequence:       300
sigma38(+):    248   Score   1.94     -35 (212) taggtc >>> tatggt -10 (240)
sigma28(+):    236   Score   1.96     -35 (205) ttaaaaat >>> tcggatgt -10 (230)
sigma70(+):    218   Score   1.96     -35 (178) gaaaat >>> taaaaa -10 (211)
sigma24(+):    206   Score   1.98     -35 (170) aaaagt >>> tcaaa -10 (199)

   Total:      4 promoter(s) predicted



>TSS_100_D39V_184784_+_5527_SigA
   Length of Query sequence:       300
sigma38(+):    242   Score   1.94     -35 (207) ctgcct >>> aattat -10 (236)
sigma28(+):    224   Score   1.96     -35 (190) aaatccaa >>> cctgaatt -10 (217)
sigma70(+):    211   Score   1.96     -35 (174) gcgaca >>> taaata -10 (204)
sigma24(+):    204   Score   1.75     -35 (168) aatggt >>> tccaa -10 (197)
sigma32(+):    204   Score   1.92     -35 (170) tggtgcg >>> aaatccaaat -10 (199)

   Total:      5 promoter(s) predicted



>TSS_101_D39V_185086_+_8_None
   Length of Query sequence:       300
sigma70(+):    249   Score   1.88     -35 (212) tctcaa >>> taacct -10 (242)
sigma24(+):    225   Score   1.92     -35 (195) gaattg >>> tcaaa -10 (218)
sigma38(+):    220   Score   1.94     -35 (180) gatgaa >>> tactat -10 (212)
sigma32(+):    216   Score   1.87     -35 (181) atgaaat >>> ttcgctacta -10 (211)

   Total:      4 promoter(s) predicted



>TSS_102_D39V_187557_+_641_SigA
   Length of Query sequence:       300
sigma70(+):    250   Score   1.94     -35 (216) ttgacc >>> tatact -10 (244)
sigma38(+):    250   Score   1.95     -35 (216) ttgacc >>> tatact -10 (244)
sigma32(+):    232   Score   1.93     -35 (198) ggaccgt >>> gacccccttt -10 (227)
sigma24(+):    218   Score   1.82     -35 (188) gctacc >>> gcaga -10 (211)

   Total:      4 promoter(s) predicted



>TSS_103_D39V_188146_+_44_SigA
   Length of Query sequence:       300
sigma38(+):    250   Score   1.95     -35 (215) ttgcct >>> tatact -10 (244)
sigma28(+):    237   Score   1.94     -35 (205) ttataaat >>> accgaata -10 (231)
sigma24(+):    235   Score   1.97     -35 (199) aaataa >>> accga -10 (228)
sigma70(+):    209   Score   1.96     -35 (173) tttcag >>> gaaaat -10 (202)
sigma32(+):    204   Score   1.95     -35 (169) gattttt >>> ttacctagaa -10 (199)

   Total:      5 promoter(s) predicted



>TSS_104_D39V_189781_+_79_SigX
   Length of Query sequence:       300
sigma28(+):    249   Score   1.94     -35 (216) gacctatt >>> tacgaata -10 (243)
sigma24(+):    241   Score   1.98     -35 (210) aaacca >>> tcttt -10 (235)
sigma70(+):    232   Score   1.96     -35 (195) tagaac >>> tatttt -10 (225)
sigma32(+):    223   Score   1.95     -35 (189) gaaatct >>> caaaccagac -10 (218)
sigma38(+):    220   Score   1.95     -35 (182) cttata >>> tacaaa -10 (212)

   Total:      5 promoter(s) predicted



>TSS_105_D39V_189952_+_486_SigA
   Length of Query sequence:       300
sigma70(+):    250   Score   1.94     -35 (216) ctgaca >>> tatact -10 (244)
sigma32(+):    216   Score   1.94     -35 (182) ctatgca >>> acagccatcg -10 (211)
sigma24(+):    209   Score   1.97     -35 (179) aaacta >>> tcaaa -10 (202)
sigma38(+):    202   Score   1.95     -35 (165) ttgaaa >>> aaaaat -10 (194)
sigma28(+):    201   Score   1.97     -35 (167) gaaacctt >>> gcaaaaaa -10 (193)

   Total:      5 promoter(s) predicted



>TSS_106_D39V_191604_+_141_SigA
   Length of Query sequence:       300
sigma70(+):    250   Score   1.97     -35 (216) ttgatt >>> tataat -10 (243)
sigma38(+):    250   Score   1.96     -35 (216) ttgatt >>> tataat -10 (243)
sigma24(+):    217   Score   1.93     -35 (188) aaaatt >>> acaca -10 (210)

   Total:      3 promoter(s) predicted



>TSS_107_D39V_194983_+_5_SigA
   Length of Query sequence:       300
sigma70(+):    250   Score   1.94     -35 (216) ttgaca >>> tatgat -10 (244)
sigma24(+):    215   Score   1.91     -35 (183) aaactc >>> tctta -10 (208)
sigma38(+):    214   Score   1.88     -35 (179) ttggaa >>> aactct -10 (206)

   Total:      3 promoter(s) predicted



>TSS_108_D39V_195877_+_1021_SigA
   Length of Query sequence:       300
sigma38(+):    250   Score   1.95     -35 (216) ttgcaa >>> tattct -10 (244)
sigma32(+):    214   Score   1.94     -35 (180) tcatccc >>> aacagcaaca -10 (209)
sigma70(+):    208   Score   1.96     -35 (167) taggaa >>> gaaaaa -10 (200)
sigma28(+):    206   Score   1.97     -35 (173) aacagttt >>> aacgaaaa -10 (199)
sigma24(+):    204   Score   1.98     -35 (172) aaacag >>> acgaa -10 (197)

   Total:      5 promoter(s) predicted



>TSS_109_D39V_196175_-_3_None
   Length of Query sequence:       300
sigma70(+):    236   Score   1.26     -35 (196) tcgatc >>> caaatt -10 (229)
sigma24(+):    234   Score   1.91     -35 (202) aaacgt >>> tcaaa -10 (227)
sigma32(+):    203   Score   1.92     -35 (168) aactgtt >>> aacgatatcg -10 (198)
sigma38(+):    202   Score   1.94     -35 (164) catcaa >>> aacgat -10 (194)

   Total:      4 promoter(s) predicted



>TSS_110_D39V_196465_+_3_None
   Length of Query sequence:       300
sigma32(+):    245   Score   1.94     -35 (210) tcctatt >>> gacgcccttt -10 (240)
sigma24(+):    207   Score   1.96     -35 (175) aaactt >>> acact -10 (200)
sigma70(+):    207   Score   1.92     -35 (172) gataaa >>> gacact -10 (200)
sigma38(+):    204   Score   1.95     -35 (172) gataaa >>> tagaca -10 (198)
sigma28(+):    202   Score   1.96     -35 (168) aaaagata >>> tctgctag -10 (195)

   Total:      5 promoter(s) predicted



>TSS_111_D39V_200569_+_2_None
   Length of Query sequence:       300
sigma38(+):    244   Score   0.37     -35 (210) tcgtta >>> taaagt -10 (236)
sigma70(+):    243   Score   1.90     -35 (210) tcgtta >>> taaagt -10 (236)
sigma32(+):    217   Score   1.55     -35 (177) ccgccaa >>> atcgccatga -10 (208)
sigma24(+):    206   Score   1.79     -35 (170) tcacta >>> tcgta -10 (199)

   Total:      4 promoter(s) predicted



>TSS_112_D39V_208214_+_2483_SigA
   Length of Query sequence:       300
sigma70(+):    250   Score   1.94     -35 (216) ttgcaa >>> tatact -10 (244)
sigma38(+):    250   Score   1.95     -35 (216) ttgcaa >>> tatact -10 (244)
sigma28(+):    242   Score   1.97     -35 (209) ttcacact >>> gctacaaa -10 (235)
sigma32(+):    239   Score   1.93     -35 (204) cgttttt >>> tccgctacaa -10 (234)
sigma24(+):    221   Score   1.88     -35 (189) aaattt >>> tcaca -10 (214)

   Total:      5 promoter(s) predicted



>TSS_113_D39V_210479_+_3_None
   Length of Query sequence:       300
sigma24(+):    227   Score   1.94     -35 (198) aaacta >>> tcaca -10 (220)
sigma32(+):    218   Score   1.94     -35 (184) acatggc >>> ggacgcacta -10 (213)
sigma70(+):    209   Score   1.96     -35 (170) aataaa >>> taaact -10 (202)
sigma28(+):    207   Score   1.96     -35 (173) aaaggagg >>> accgtaaa -10 (200)
sigma38(+):    205   Score   1.82     -35 (166) gataaa >>> taccgt -10 (197)

   Total:      5 promoter(s) predicted



>TSS_114_D39V_210542_+_4_None
   Length of Query sequence:       300
sigma70(+):    245   Score   1.96     -35 (207) tcaatc >>> taaaga -10 (238)
sigma28(+):    245   Score   1.70     -35 (211) tcgtgaca >>> gctaaaga -10 (238)
sigma24(+):    218   Score   1.92     -35 (189) gacctt >>> tcaat -10 (211)

   Total:      3 promoter(s) predicted



>TSS_116_D39V_211008_+_264_None
   Length of Query sequence:       300
sigma24(+):    249   Score   1.92     -35 (220) tatttt >>> gctat -10 (242)
sigma38(+):    242   Score   1.95     -35 (206) caggcg >>> tagaat -10 (234)
sigma70(+):    241   Score   1.96     -35 (206) caggcg >>> tagaat -10 (234)

   Total:      3 promoter(s) predicted



>TSS_117_D39V_212734_+_0_CiaR_LOWCONF
   Length of Query sequence:       300
sigma38(+):    250   Score   1.94     -35 (212) tttaag >>> tatact -10 (244)
sigma70(+):    237   Score   1.96     -35 (202) taggag >>> taagat -10 (230)
sigma24(+):    231   Score   1.98     -35 (198) aaaata >>> tctat -10 (223)

   Total:      3 promoter(s) predicted



>TSS_118_D39V_212907_+_635_CiaR
   Length of Query sequence:       300
sigma70(+):    250   Score   1.96     -35 (214) gtggct >>> tataat -10 (244)
sigma38(+):    250   Score   1.96     -35 (214) gtggct >>> tataat -10 (244)
sigma28(+):    219   Score   1.94     -35 (186) taatctcc >>> gcctgtat -10 (211)
sigma24(+):    206   Score   1.98     -35 (172) aaactt >>> tcaaa -10 (199)

   Total:      4 promoter(s) predicted



>TSS_119_D39V_218863_-_24_DeoR
   Length of Query sequence:       300
sigma24(+):    221   Score   1.98     -35 (188) aaacaa >>> tcgta -10 (214)
sigma70(+):    211   Score   1.96     -35 (177) taaaaa >>> taaact -10 (204)
sigma38(+):    207   Score   1.95     -35 (168) ctacca >>> caaatt -10 (199)
sigma28(+):    203   Score   1.95     -35 (163) ttattcta >>> gcaaaaaa -10 (190)
sigma32(+):    202   Score   1.94     -35 (168) ctaccaa >>> aacaacaaat -10 (198)

   Total:      5 promoter(s) predicted



>TSS_120_D39V_220835_+_curated_None
   Length of Query sequence:       300
sigma38(+):    250   Score   1.95     -35 (216) ttgaca >>> tattct -10 (244)
sigma24(+):    212   Score   1.83     -35 (180) tatata >>> tctgt -10 (205)
sigma70(+):    207   Score   1.97     -35 (172) tttgtg >>> tagttt -10 (199)
sigma28(+):    201   Score   1.97     -35 (166) tgcacatt >>> aacaaaaa -10 (193)

   Total:      4 promoter(s) predicted



>TSS_121_D39V_223001_+_curated_None
   Length of Query sequence:       300
sigma38(+):    250   Score   1.96     -35 (216) ttgaaa >>> tattat -10 (244)
sigma32(+):    248   Score   1.95     -35 (213) agcttga >>> atcggtatta -10 (243)
sigma24(+):    246   Score   1.98     -35 (210) aaaagc >>> tcggt -10 (239)
sigma28(+):    228   Score   1.97     -35 (194) taaaattt >>> gcttgaaa -10 (221)
sigma70(+):    206   Score   1.97     -35 (172) tttgtg >>> taaaat -10 (199)

   Total:      5 promoter(s) predicted



>TSS_122_D39V_227704_+_949_SigA
   Length of Query sequence:       300
sigma38(+):    250   Score   1.95     -35 (217) tttcaa >>> tataat -10 (244)
sigma28(+):    241   Score   1.95     -35 (209) taaacaca >>> cctcaaaa -10 (234)
sigma24(+):    229   Score   1.97     -35 (196) acagtt >>> tcaaa -10 (223)
sigma32(+):    224   Score   1.94     -35 (190) cagtata >>> aaacacattt -10 (219)
sigma70(+):    207   Score   1.96     -35 (167) tagtca >>> tacagt -10 (200)

   Total:      5 promoter(s) predicted



>TSS_123_D39V_230384_+_238_None
   Length of Query sequence:       300
sigma38(+):    250   Score   1.96     -35 (215) ttgaat >>> tatact -10 (244)
sigma70(+):    247   Score   1.94     -35 (211) tttttt >>> tatggt -10 (239)
sigma28(+):    220   Score   1.95     -35 (186) atccttca >>> gaggattt -10 (213)
sigma24(+):    201   Score   1.96     -35 (172) gaaata >>> tcaga -10 (195)

   Total:      4 promoter(s) predicted



>TSS_124_D39V_231599_+_0_CiaR_LOWCONF
   Length of Query sequence:       300
sigma38(+):    247   Score   1.95     -35 (212) cttaag >>> tagtat -10 (241)
sigma70(+):    230   Score   1.96     -35 (194) taacaa >>> caaaat -10 (223)
sigma24(+):    222   Score   1.98     -35 (190) aaaata >>> tctta -10 (215)

   Total:      3 promoter(s) predicted



>TSS_125_D39V_231787_+_curated_CiaR
   Length of Query sequence:       300
sigma38(+):    233   Score   1.95     -35 (194) tagtaa >>> tagttt -10 (224)
sigma32(+):    228   Score   1.95     -35 (194) tagtaaa >>> taagctagtt -10 (223)
sigma70(+):    226   Score   1.96     -35 (186) ttgcaa >>> taagct -10 (219)

   Total:      3 promoter(s) predicted



>TSS_126_D39V_232279_+_182_SigA
   Length of Query sequence:       300
sigma28(+):    235   Score   1.97     -35 (198) tgaagaaa >>> gacaaaat -10 (225)
sigma38(+):    233   Score   1.94     -35 (197) ttgaag >>> caaaat -10 (225)
sigma70(+):    232   Score   1.94     -35 (197) ttgaag >>> caaaat -10 (225)
sigma24(+):    230   Score   1.96     -35 (199) gaagaa >>> acaaa -10 (223)

   Total:      4 promoter(s) predicted



>TSS_127_D39V_232491_-_0_None_LOWCONF
   Length of Query sequence:       300
sigma70(+):    250   Score   1.97     -35 (210) gtgact >>> tataat -10 (243)
sigma28(+):    250   Score   1.95     -35 (218) taagttta >>> tataatat -10 (245)
sigma38(+):    249   Score   1.95     -35 (210) gtgact >>> tataat -10 (243)
sigma32(+):    208   Score   1.94     -35 (174) aaaacca >>> aaagccacct -10 (203)
sigma24(+):    204   Score   1.97     -35 (171) caaaaa >>> acaaa -10 (193)

   Total:      5 promoter(s) predicted



>TSS_128_D39V_232585_+_382_SigA
   Length of Query sequence:       300
sigma70(+):    250   Score   1.94     -35 (216) ttgttt >>> tataat -10 (244)
sigma24(+):    221   Score   1.73     -35 (185) aactta >>> gcttt -10 (214)
sigma32(+):    209   Score   1.91     -35 (173) acataag >>> tcacccaatc -10 (204)
sigma38(+):    201   Score   1.94     -35 (159) tataat >>> taaact -10 (188)

   Total:      4 promoter(s) predicted



>TSS_129_D39V_234171_+_curated_None
   Length of Query sequence:       300
sigma38(+):    250   Score   1.95     -35 (212) cttaag >>> tacact -10 (244)
sigma70(+):    230   Score   1.97     -35 (196) ttgatt >>> gaaact -10 (223)
sigma24(+):    222   Score   1.96     -35 (191) aaaatt >>> actta -10 (215)

   Total:      3 promoter(s) predicted



>TSS_130_D39V_234340_+_740_None
   Length of Query sequence:       300
sigma70(+):    234   Score   1.96     -35 (197) gagaat >>> gaaaat -10 (227)
sigma24(+):    219   Score   1.85     -35 (185) ggcttg >>> gctta -10 (212)
sigma38(+):    215   Score   1.95     -35 (175) ttgaaa >>> taaata -10 (207)
sigma28(+):    211   Score   1.96     -35 (179) aaaatggg >>> gagaataa -10 (204)

   Total:      4 promoter(s) predicted



>TSS_131_D39V_239157_+_13_None
   Length of Query sequence:       300
sigma24(+):    247   Score   1.97     -35 (213) taacta >>> tctgt -10 (240)
sigma70(+):    236   Score   1.96     -35 (203) ggaaaa >>> tacctt -10 (229)
sigma38(+):    230   Score   1.92     -35 (189) cagaag >>> tagttt -10 (222)
sigma28(+):    211   Score   1.97     -35 (172) gaaataaa >>> gaagaaaa -10 (198)

   Total:      4 promoter(s) predicted



>TSS_132_D39V_240680_+_0_SigA_LOWCONF
   Length of Query sequence:       300
sigma70(+):    224   Score   1.96     -35 (187) cttaat >>> tactct -10 (216)
sigma38(+):    218   Score   1.94     -35 (177) cttaca >>> aatttt -10 (210)
sigma24(+):    208   Score   1.87     -35 (179) tacagg >>> actat -10 (201)

   Total:      3 promoter(s) predicted



>TSS_133_D39V_242645_+_181_None
   Length of Query sequence:       300
sigma70(+):    250   Score   1.94     -35 (216) ttgctt >>> tagaat -10 (244)
sigma38(+):    250   Score   1.94     -35 (216) ttgctt >>> tagaat -10 (244)
sigma24(+):    218   Score   1.94     -35 (186) tatcta >>> gcaaa -10 (211)
sigma28(+):    213   Score   1.57     -35 (181) ctagttat >>> tctaatga -10 (206)

   Total:      4 promoter(s) predicted



>TSS_134_D39V_243294_+_3_None
   Length of Query sequence:       300
sigma70(+):    250   Score   1.92     -35 (216) ctggtc >>> tattat -10 (243)
sigma38(+):    246   Score   1.86     -35 (207) ttgctc >>> tatgct -10 (238)
sigma24(+):    234   Score   1.50     -35 (202) gaagat >>> accga -10 (227)
sigma28(+):    229   Score   1.93     -35 (196) aacagtga >>> gctggtct -10 (222)
sigma32(+):    207   Score   1.87     -35 (172) agctaca >>> atcaacagtg -10 (202)

   Total:      5 promoter(s) predicted



>TSS_135_D39V_247626_-_428_MalR
   Length of Query sequence:       300
sigma38(+):    250   Score   1.96     -35 (216) ttgcat >>> tatact -10 (244)
sigma70(+):    246   Score   1.95     -35 (208) gaaaac >>> catgct -10 (239)
sigma24(+):    207   Score   1.98     -35 (171) aacttc >>> tcaca -10 (200)

   Total:      3 promoter(s) predicted



>TSS_136_D39V_247889_+_47_SigA
   Length of Query sequence:       300
sigma38(+):    249   Score   1.96     -35 (214) ttgaca >>> tacaat -10 (243)
sigma70(+):    217   Score   1.96     -35 (177) ttgatc >>> aaaaat -10 (210)
sigma28(+):    206   Score   1.92     -35 (173) gaaattga >>> accaataa -10 (199)
sigma24(+):    203   Score   1.96     -35 (173) gaaatt >>> accaa -10 (196)
sigma32(+):    201   Score   1.93     -35 (160) ctatttt >>> atctctaaca -10 (189)

   Total:      5 promoter(s) predicted



>TSS_137_D39V_249314_+_60_None
   Length of Query sequence:       300
sigma70(+):    240   Score   1.92     -35 (207) gtcctg >>> taaaat -10 (233)
sigma24(+):    228   Score   1.87     -35 (197) gaacgg >>> tccgt -10 (221)
sigma38(+):    202   Score   1.94     -35 (167) ttgaaa >>> aacatt -10 (194)
sigma28(+):    201   Score   1.95     -35 (163) taagttga >>> catgaaaa -10 (190)

   Total:      4 promoter(s) predicted



>TSS_138_D39V_251510_+_135_None
   Length of Query sequence:       300
sigma38(+):    250   Score   1.95     -35 (217) tagaaa >>> taaaat -10 (244)
sigma70(+):    247   Score   1.96     -35 (210) ttgtct >>> tatggt -10 (239)
sigma28(+):    243   Score   1.91     -35 (210) ttgtcttt >>> tctaaata -10 (235)
sigma32(+):    239   Score   1.94     -35 (205) tcctttt >>> acctctaaat -10 (234)
sigma24(+):    224   Score   1.97     -35 (192) tcactt >>> tcttt -10 (217)

   Total:      5 promoter(s) predicted



>TSS_139_D39V_256007_+_287_SigA
   Length of Query sequence:       300
sigma38(+):    249   Score   1.96     -35 (215) tttaca >>> taaaat -10 (243)
sigma70(+):    230   Score   1.96     -35 (196) ctaacg >>> tacatt -10 (222)
sigma24(+):    229   Score   1.97     -35 (197) taacgt >>> acatt -10 (222)
sigma32(+):    217   Score   1.94     -35 (183) ctattag >>> atatccaata -10 (212)
sigma28(+):    215   Score   1.97     -35 (175) ttaataat >>> gctaacgt -10 (202)

   Total:      5 promoter(s) predicted



>TSS_140_D39V_258547_+_333_SigA
   Length of Query sequence:       300
sigma70(+):    250   Score   1.92     -35 (214) ttgtac >>> tataat -10 (244)
sigma38(+):    247   Score   1.89     -35 (207) ttggtc >>> tatgat -10 (239)
sigma24(+):    236   Score   1.37     -35 (202) ggaggt >>> tcctt -10 (229)
sigma28(+):    202   Score   1.96     -35 (170) tgaagaga >>> tatgaaac -10 (196)

   Total:      4 promoter(s) predicted



>TSS_141_D39V_259467_+_229_SigA
   Length of Query sequence:       300
sigma70(+):    250   Score   1.94     -35 (216) ttgctt >>> tataat -10 (243)
sigma38(+):    249   Score   1.95     -35 (216) ttgctt >>> tataat -10 (243)
sigma32(+):    209   Score   1.94     -35 (175) aaaaggt >>> ctcgcctttt -10 (204)
sigma28(+):    206   Score   1.94     -35 (166) taaattcg >>> gacaatgt -10 (193)

   Total:      4 promoter(s) predicted



>TSS_142_D39V_263684_-_730_CcpA
   Length of Query sequence:       300
sigma70(+):    250   Score   1.97     -35 (216) ttgctt >>> tatact -10 (244)
sigma38(+):    250   Score   1.96     -35 (216) ttgctt >>> tatact -10 (244)
sigma24(+):    230   Score   1.98     -35 (196) taattt >>> gcttt -10 (222)
sigma28(+):    218   Score   1.97     -35 (185) taaaaatt >>> tatgataa -10 (211)

   Total:      4 promoter(s) predicted



>TSS_143_D39V_264979_-_232_Rex
   Length of Query sequence:       300
sigma70(+):    250   Score   1.94     -35 (216) ttggaa >>> tatact -10 (244)
sigma38(+):    250   Score   1.87     -35 (216) ttggaa >>> tatact -10 (244)
sigma32(+):    218   Score   1.82     -35 (183) taatcga >>> gtctccaaaa -10 (213)

   Total:      3 promoter(s) predicted



>TSS_144_D39V_265161_-_3_None
   Length of Query sequence:       300
sigma24(+):    225   Score   1.95     -35 (189) aaccta >>> tcaaa -10 (218)
sigma38(+):    214   Score   1.91     -35 (178) cttatt >>> tactca -10 (206)
sigma70(+):    205   Score   1.92     -35 (171) tacaag >>> tatact -10 (198)
sigma32(+):    202   Score   1.95     -35 (168) ccctaca >>> taacctatac -10 (197)
sigma28(+):    201   Score   1.96     -35 (164) aaaaccct >>> tcttataa -10 (190)

   Total:      5 promoter(s) predicted



>TSS_145_D39V_265212_-_3_None
   Length of Query sequence:       300
sigma28(+):    249   Score   1.96     -35 (215) aaaaccct >>> tcttataa -10 (241)
sigma24(+):    245   Score   1.80     -35 (216) aaaccc >>> tctta -10 (238)
sigma38(+):    244   Score   1.83     -35 (210) ttgcca >>> tattct -10 (236)
sigma32(+):    231   Score   1.94     -35 (196) cgaccaa >>> aaccctacaa -10 (226)
sigma70(+):    212   Score   1.97     -35 (176) gagcaa >>> caagat -10 (205)

   Total:      5 promoter(s) predicted



>TSS_146_D39V_266066_-_146_None
   Length of Query sequence:       300
sigma38(+):    211   Score   1.95     -35 (177) tttaag >>> catttt -10 (203)
sigma70(+):    210   Score   1.96     -35 (177) tttaag >>> catttt -10 (203)
sigma28(+):    205   Score   1.94     -35 (170) tgatttgt >>> tccaattt -10 (197)
sigma24(+):    201   Score   1.97     -35 (171) gatttg >>> tccaa -10 (194)

   Total:      4 promoter(s) predicted



>TSS_147_D39V_266193_+_603_SigA
   Length of Query sequence:       300
sigma28(+):    241   Score   1.97     -35 (208) caaagaca >>> aatgataa -10 (234)
sigma38(+):    231   Score   1.95     -35 (193) cttaaa >>> aaaagt -10 (225)
sigma70(+):    224   Score   1.96     -35 (190) tttctt >>> gacatt -10 (217)
sigma32(+):    223   Score   1.95     -35 (188) aatttct >>> aaagacattg -10 (218)
sigma24(+):    214   Score   1.98     -35 (178) aaattg >>> tcaaa -10 (207)

   Total:      5 promoter(s) predicted



>TSS_148_D39V_268493_+_205_None
   Length of Query sequence:       300
sigma70(+):    250   Score   1.96     -35 (217) gtccat >>> taaaat -10 (244)
sigma38(+):    250   Score   1.88     -35 (216) tgtcca >>> taaaat -10 (244)

   Total:      2 promoter(s) predicted



>TSS_149_D39V_272569_-_149_None
   Length of Query sequence:       300
sigma32(+):    221   Score   1.94     -35 (185) tagttaa >>> atcacctttt -10 (216)
sigma70(+):    215   Score   1.96     -35 (177) tttcct >>> aaaaat -10 (208)
sigma24(+):    211   Score   1.96     -35 (179) tccttg >>> tcaaa -10 (204)
sigma38(+):    202   Score   1.95     -35 (167) tttcct >>> taaaat -10 (194)

   Total:      4 promoter(s) predicted



>TSS_150_D39V_272798_+_257_SigA
   Length of Query sequence:       300
sigma70(+):    250   Score   1.96     -35 (214) ttgact >>> tatgat -10 (243)
sigma38(+):    249   Score   1.96     -35 (214) ttgact >>> tatgat -10 (243)
sigma32(+):    221   Score   1.94     -35 (185) aagttac >>> atatctattg -10 (216)
sigma24(+):    216   Score   1.97     -35 (184) gaagtt >>> tcata -10 (209)
sigma28(+):    204   Score   1.97     -35 (170) ttcagtta >>> accgaaaa -10 (197)

   Total:      5 promoter(s) predicted



>TSS_151_D39V_274983_+_59_CcpA
   Length of Query sequence:       300
sigma38(+):    250   Score   1.95     -35 (218) tttatc >>> tataat -10 (244)
sigma70(+):    216   Score   1.96     -35 (180) ttactt >>> gaaaaa -10 (208)
sigma28(+):    208   Score   1.97     -35 (174) taaaaatt >>> aacaataa -10 (201)
sigma24(+):    206   Score   1.96     -35 (176) aaaatt >>> acaat -10 (199)

   Total:      4 promoter(s) predicted



>TSS_152_D39V_276801_+_5_SigA
   Length of Query sequence:       300
sigma38(+):    227   Score   1.96     -35 (187) tttcca >>> aattgt -10 (219)
sigma28(+):    214   Score   1.97     -35 (180) taattttt >>> taggaaaa -10 (207)
sigma24(+):    206   Score   1.98     -35 (170) gaagta >>> tcatt -10 (199)
sigma70(+):    205   Score   1.96     -35 (168) ttgaag >>> tatcat -10 (198)
sigma32(+):    202   Score   1.95     -35 (166) aattgaa >>> ttccatatca -10 (197)

   Total:      5 promoter(s) predicted



>TSS_153_D39V_277264_+_3_SigA
   Length of Query sequence:       300
sigma38(+):    249   Score   1.96     -35 (216) ttgata >>> tataat -10 (243)
sigma28(+):    239   Score   1.95     -35 (205) ttgttttg >>> actgattt -10 (232)
sigma24(+):    236   Score   1.95     -35 (201) taaatt >>> actga -10 (229)
sigma70(+):    213   Score   1.96     -35 (178) gtcaat >>> taaatt -10 (206)

   Total:      4 promoter(s) predicted



>TSS_154_D39V_281916_+_943_SigA
   Length of Query sequence:       300
sigma38(+):    250   Score   1.96     -35 (215) tttaaa >>> tataat -10 (244)
sigma24(+):    236   Score   1.97     -35 (204) aaaata >>> acaga -10 (229)
sigma32(+):    233   Score   1.94     -35 (199) caaacaa >>> aaagctacag -10 (228)
sigma70(+):    220   Score   1.97     -35 (181) ctgaaa >>> taaaat -10 (213)
sigma28(+):    215   Score   1.96     -35 (179) tgctgaaa >>> gacaaaca -10 (204)

   Total:      5 promoter(s) predicted



>TSS_155_D39V_285438_-_5_None
   Length of Query sequence:       300
sigma70(+):    244   Score   1.96     -35 (207) ttccat >>> taaaaa -10 (236)
sigma32(+):    212   Score   1.95     -35 (178) atattga >>> aacaatatct -10 (207)
sigma24(+):    210   Score   1.95     -35 (176) tcatat >>> acaat -10 (203)
sigma38(+):    203   Score   1.93     -35 (163) taaacg >>> tattct -10 (195)

   Total:      4 promoter(s) predicted



>TSS_156_D39V_289191_+_2_None
   Length of Query sequence:       300
sigma70(+):    250   Score   1.90     -35 (212) gttata >>> tacaat -10 (244)
sigma32(+):    239   Score   1.93     -35 (203) gcgtcga >>> aactccaaac -10 (234)
sigma38(+):    227   Score   1.90     -35 (188) ccgcta >>> tatacc -10 (219)
sigma24(+):    217   Score   1.96     -35 (181) caacca >>> tcgaa -10 (210)

   Total:      4 promoter(s) predicted



>TSS_157_D39V_290431_-_3_None
   Length of Query sequence:       300
sigma70(+):    224   Score   1.93     -35 (188) ttgaaa >>> tatgca -10 (216)
sigma24(+):    218   Score   1.86     -35 (184) gctatt >>> tcagt -10 (211)
sigma38(+):    212   Score   1.69     -35 (177) tatcaa >>> tatacc -10 (204)
sigma32(+):    201   Score   1.68     -35 (159) tgcttgt >>> aaagctattg -10 (190)

   Total:      4 promoter(s) predicted



>TSS_158_D39V_293172_-_4_SigA
   Length of Query sequence:       300
sigma38(+):    250   Score   1.96     -35 (216) ttgaca >>> tataat -10 (244)
sigma28(+):    249   Score   1.96     -35 (217) tgacaaaa >>> gaatataa -10 (243)
sigma24(+):    230   Score   1.97     -35 (201) aaaaat >>> acaaa -10 (223)
sigma70(+):    226   Score   1.97     -35 (192) tttata >>> tattga -10 (219)

   Total:      4 promoter(s) predicted



>TSS_159_D39V_299335_+_216_None
   Length of Query sequence:       300
sigma38(+):    250   Score   1.89     -35 (217) gtggaa >>> taaaat -10 (244)
sigma70(+):    232   Score   1.94     -35 (199) ttgacg >>> gaaaat -10 (225)
sigma28(+):    221   Score   1.94     -35 (186) aaattgtg >>> aacaaaaa -10 (213)
sigma24(+):    218   Score   1.89     -35 (185) aaaatt >>> acaaa -10 (211)

   Total:      4 promoter(s) predicted



>TSS_160_D39V_299401_+_26_None
   Length of Query sequence:       300
sigma70(+):    250   Score   1.96     -35 (213) taggca >>> tataat -10 (243)
sigma38(+):    250   Score   1.96     -35 (213) taggca >>> tataat -10 (243)
sigma32(+):    226   Score   1.95     -35 (191) gattcgc >>> ataggcattt -10 (221)
sigma28(+):    218   Score   1.97     -35 (186) agaatgat >>> gctagaaa -10 (212)
sigma24(+):    211   Score   1.97     -35 (175) aaataa >>> gcagt -10 (204)

   Total:      5 promoter(s) predicted



>TSS_161_D39V_301352_-_73_SigA
   Length of Query sequence:       300
sigma28(+):    250   Score   1.93     -35 (218) gacacttt >>> gactataa -10 (243)
sigma38(+):    250   Score   1.95     -35 (216) ttgaca >>> tataat -10 (244)
sigma70(+):    230   Score   1.96     -35 (193) ttcaaa >>> gacact -10 (223)
sigma24(+):    217   Score   1.98     -35 (181) gactac >>> tcaaa -10 (210)

   Total:      4 promoter(s) predicted



>TSS_162_D39V_301481_+_653_SigA
   Length of Query sequence:       300
sigma28(+):    241   Score   1.84     -35 (207) gtctgaca >>> tcggattt -10 (234)
sigma24(+):    210   Score   1.97     -35 (181) gaaata >>> tccta -10 (203)
sigma70(+):    201   Score   1.94     -35 (164) ttgaca >>> tagtct -10 (193)
sigma38(+):    201   Score   1.96     -35 (164) ttgaca >>> tagtct -10 (193)

   Total:      4 promoter(s) predicted



>TSS_163_D39V_302760_+_40_None
   Length of Query sequence:       300
sigma28(+):    248   Score   1.97     -35 (209) acacgatt >>> aatgaaaa -10 (235)
sigma70(+):    243   Score   1.95     -35 (206) ttcaca >>> gaaaat -10 (236)
sigma38(+):    238   Score   1.89     -35 (199) ttgcca >>> aacaat -10 (230)
sigma24(+):    229   Score   1.96     -35 (195) gaaatt >>> gcaat -10 (222)

   Total:      4 promoter(s) predicted



>TSS_164_D39V_306329_+_0_SigA_LOWCONF
   Length of Query sequence:       300
sigma38(+):    250   Score   1.95     -35 (216) ttgacc >>> tatatt -10 (244)
sigma28(+):    239   Score   1.87     -35 (207) tcaaaata >>> tctgacca -10 (232)
sigma70(+):    221   Score   1.96     -35 (180) gagata >>> caaaat -10 (213)
sigma24(+):    218   Score   1.95     -35 (187) aaaata >>> tcaaa -10 (211)

   Total:      4 promoter(s) predicted



>TSS_165_D39V_309462_-_293_SigA
   Length of Query sequence:       300
sigma70(+):    250   Score   1.91     -35 (215) ctgtct >>> tataat -10 (244)
sigma38(+):    250   Score   1.81     -35 (218) tctcag >>> tataat -10 (244)
sigma24(+):    209   Score   1.80     -35 (176) aaagat >>> tcgga -10 (202)
sigma32(+):    202   Score   1.76     -35 (168) tcgtaag >>> ctctccagcc -10 (197)

   Total:      4 promoter(s) predicted



>TSS_166_D39V_311032_-_53_None
   Length of Query sequence:       300
sigma28(+):    249   Score   1.93     -35 (216) ttcctaac >>> tattataa -10 (242)
sigma70(+):    246   Score   1.96     -35 (212) tagttt >>> tattat -10 (240)
sigma24(+):    236   Score   1.98     -35 (204) taactc >>> tccaa -10 (229)
sigma38(+):    225   Score   1.94     -35 (191) ttgatt >>> tagttt -10 (217)
sigma32(+):    219   Score   1.95     -35 (185) atctttt >>> aactccatag -10 (214)

   Total:      5 promoter(s) predicted



>TSS_167_D39V_311146_+_239_MalR
   Length of Query sequence:       300
sigma70(+):    232   Score   1.96     -35 (194) tcaaaa >>> caaaat -10 (225)
sigma28(+):    230   Score   1.97     -35 (197) aaaagatt >>> gcacaaaa -10 (224)
sigma38(+):    223   Score   1.95     -35 (182) ttaaaa >>> aacgct -10 (215)
sigma24(+):    218   Score   1.98     -35 (184) aaaaaa >>> gcaaa -10 (211)

   Total:      4 promoter(s) predicted



>TSS_168_D39V_313950_-_73_SigA
   Length of Query sequence:       300
sigma70(+):    250   Score   1.96     -35 (211) tttcaa >>> tataat -10 (244)
sigma38(+):    250   Score   1.96     -35 (211) tttcaa >>> tataat -10 (244)
sigma32(+):    240   Score   1.94     -35 (205) ttctagt >>> gtacacaatg -10 (235)
sigma24(+):    224   Score   1.98     -35 (188) gaagca >>> tcaat -10 (217)
sigma28(+):    205   Score   1.94     -35 (172) ttctaaca >>> gcagatgt -10 (198)

   Total:      5 promoter(s) predicted



>TSS_169_D39V_314177_+_1226_SigA
   Length of Query sequence:       300
sigma38(+):    250   Score   1.95     -35 (216) tagaca >>> tataat -10 (244)
sigma70(+):    240   Score   1.96     -35 (203) gtgaaa >>> taaaaa -10 (233)
sigma28(+):    238   Score   1.97     -35 (204) tgaaaaaa >>> accgtaaa -10 (231)
sigma32(+):    229   Score   1.93     -35 (195) tgcagat >>> gtagacatta -10 (224)
sigma24(+):    207   Score   1.98     -35 (171) gaagtc >>> gcaga -10 (200)

   Total:      5 promoter(s) predicted



>TSS_170_D39V_320310_+_5_None
   Length of Query sequence:       300
sigma70(+):    228   Score   1.92     -35 (188) ttgatg >>> taaaaa -10 (221)
sigma24(+):    216   Score   1.94     -35 (183) gcaatt >>> tctga -10 (209)
sigma32(+):    210   Score   1.92     -35 (176) cagtgga >>> aacgccattt -10 (205)
sigma28(+):    204   Score   1.95     -35 (171) tgaagcag >>> gatgagaa -10 (197)

   Total:      4 promoter(s) predicted



>TSS_171_D39V_333076_+_407_SigA
   Length of Query sequence:       300
sigma28(+):    241   Score   1.97     -35 (207) aaaattct >>> tctgaaaa -10 (233)
sigma38(+):    222   Score   1.96     -35 (181) ttgaaa >>> aattct -10 (214)
sigma70(+):    218   Score   1.97     -35 (181) ttgaaa >>> gaaaat -10 (211)
sigma24(+):    214   Score   1.96     -35 (185) aaaata >>> tctga -10 (207)

   Total:      4 promoter(s) predicted



>TSS_172_D39V_335271_+_curated_None
   Length of Query sequence:       300
sigma38(+):    250   Score   1.96     -35 (216) ttgctt >>> tatatt -10 (244)
sigma70(+):    241   Score   1.96     -35 (201) tttact >>> tattat -10 (234)
sigma24(+):    222   Score   1.97     -35 (186) aaaatt >>> tccta -10 (215)

   Total:      3 promoter(s) predicted



>TSS_173_D39V_343628_-_105_SigA
   Length of Query sequence:       300
sigma28(+):    250   Score   1.97     -35 (216) taaccctt >>> tatggtat -10 (242)
sigma38(+):    248   Score   1.93     -35 (214) tttaac >>> tatggt -10 (240)
sigma24(+):    235   Score   1.97     -35 (199) aaagct >>> tctgt -10 (228)
sigma32(+):    219   Score   1.95     -35 (184) gaatagc >>> gtagccattt -10 (214)
sigma70(+):    204   Score   1.96     -35 (169) cccaaa >>> taaaac -10 (197)

   Total:      5 promoter(s) predicted



>TSS_174_D39V_343629_+_36_SigA
   Length of Query sequence:       300
sigma70(+):    250   Score   1.94     -35 (216) ttgacc >>> tacaat -10 (244)
sigma38(+):    250   Score   1.95     -35 (216) ttgacc >>> tacaat -10 (244)
sigma32(+):    242   Score   1.94     -35 (206) atgtgga >>> ctccttattg -10 (237)
sigma28(+):    207   Score   1.96     -35 (173) aagagatg >>> tgtgatga -10 (199)

   Total:      4 promoter(s) predicted



>TSS_175_D39V_344241_+_1199_SigA
   Length of Query sequence:       300
sigma38(+):    250   Score   1.95     -35 (215) ttgatt >>> tataat -10 (244)
sigma70(+):    208   Score   1.93     -35 (169) ttaaat >>> gaaaat -10 (201)
sigma28(+):    207   Score   1.97     -35 (174) tgaacttg >>> tccgaaaa -10 (200)
sigma24(+):    203   Score   1.97     -35 (175) gaactt >>> tccga -10 (197)

   Total:      4 promoter(s) predicted



>TSS_176_D39V_344596_+_3_None
   Length of Query sequence:       300
sigma28(+):    250   Score   1.97     -35 (218) taaacaaa >>> tcagattt -10 (244)
sigma24(+):    248   Score   1.97     -35 (219) aaacaa >>> tcaga -10 (241)
sigma38(+):    231   Score   1.92     -35 (194) tagatt >>> taaaca -10 (223)
sigma70(+):    207   Score   1.94     -35 (172) ttgata >>> tagatt -10 (199)
sigma32(+):    202   Score   1.90     -35 (162) atgacga >>> aacgcctgaa -10 (193)

   Total:      5 promoter(s) predicted



>TSS_177_D39V_347696_+_2281_None
   Length of Query sequence:       300
sigma70(+):    250   Score   1.93     -35 (217) tttctt >>> taaaat -10 (245)
sigma24(+):    234   Score   1.98     -35 (199) gcagtc >>> tcaaa -10 (228)
sigma38(+):    225   Score   1.83     -35 (187) ttggac >>> aattct -10 (217)
sigma28(+):    201   Score   1.94     -35 (162) aaatggcg >>> gatgactt -10 (188)

   Total:      4 promoter(s) predicted



>TSS_178_D39V_349928_+_curated_None
   Length of Query sequence:       300
sigma38(+):    250   Score   1.95     -35 (216) ttgaca >>> tacaat -10 (244)
sigma70(+):    224   Score   1.94     -35 (190) ctgctt >>> tatatt -10 (217)
sigma24(+):    203   Score   1.78     -35 (167) gaaaag >>> gcttt -10 (196)

   Total:      3 promoter(s) predicted



>TSS_179_D39V_351022_+_36_None
   Length of Query sequence:       300
sigma28(+):    248   Score   1.93     -35 (215) atcgcttt >>> tataataa -10 (241)
sigma38(+):    247   Score   1.89     -35 (207) tggaaa >>> tataat -10 (239)
sigma70(+):    241   Score   1.93     -35 (207) tggaaa >>> gaaaat -10 (234)
sigma32(+):    233   Score   1.90     -35 (194) aagcgat >>> atcgcttttt -10 (224)
sigma24(+):    223   Score   1.62     -35 (189) gaaaga >>> acaat -10 (216)

   Total:      5 promoter(s) predicted



>TSS_180_D39V_354945_+_22_LiaR
   Length of Query sequence:       300
sigma70(+):    250   Score   1.96     -35 (216) gaggtg >>> taaaat -10 (244)
sigma38(+):    250   Score   1.90     -35 (216) gaggtg >>> taaaat -10 (244)
sigma28(+):    248   Score   1.97     -35 (215) tgaggtga >>> tgtgataa -10 (241)
sigma24(+):    220   Score   1.95     -35 (185) taacca >>> tcaga -10 (213)
sigma32(+):    219   Score   1.94     -35 (184) gtaacca >>> atcctcagac -10 (214)

   Total:      5 promoter(s) predicted



>TSS_181_D39V_358127_+_21_SigA
   Length of Query sequence:       300
sigma70(+):    250   Score   1.94     -35 (215) ttgaaa >>> gataat -10 (243)
sigma38(+):    231   Score   1.79     -35 (195) ttgaaa >>> aaaagt -10 (223)
sigma24(+):    219   Score   1.80     -35 (183) cctcta >>> tcatt -10 (212)
sigma32(+):    218   Score   1.94     -35 (182) acctcta >>> gcagtcatta -10 (213)

   Total:      4 promoter(s) predicted



>TSS_182_D39V_358201_+_18_SigA
   Length of Query sequence:       300
sigma38(+):    250   Score   1.95     -35 (218) gagaaa >>> tataat -10 (244)
sigma28(+):    248   Score   1.81     -35 (216) ttgagaaa >>> tacgctat -10 (241)
sigma32(+):    248   Score   1.95     -35 (213) agattga >>> tacgctataa -10 (243)
sigma24(+):    216   Score   1.88     -35 (184) gaaggt >>> tctat -10 (209)
sigma70(+):    204   Score   1.96     -35 (164) gataat >>> tagatt -10 (197)

   Total:      5 promoter(s) predicted



>TSS_183_D39V_361216_-_5_None
   Length of Query sequence:       300
sigma70(+):    250   Score   1.92     -35 (211) ctggct >>> tatact -10 (244)
sigma28(+):    241   Score   1.93     -35 (207) ttaactgg >>> caggaaaa -10 (233)
sigma38(+):    209   Score   1.91     -35 (174) ttgaat >>> tacgat -10 (201)
sigma24(+):    204   Score   1.86     -35 (170) tctctt >>> tcgta -10 (197)

   Total:      4 promoter(s) predicted



>TSS_184_D39V_367898_+_940_CcpA
   Length of Query sequence:       300
sigma38(+):    250   Score   1.95     -35 (217) tagatt >>> tataat -10 (245)
sigma70(+):    244   Score   1.96     -35 (206) ctgcat >>> gaaaat -10 (237)
sigma32(+):    219   Score   1.94     -35 (182) aaaaggc >>> ggctgcatta -10 (213)
sigma24(+):    218   Score   1.94     -35 (183) aaaggc >>> gcatt -10 (212)

   Total:      4 promoter(s) predicted



>TSS_185_D39V_373359_-_231_SigA
   Length of Query sequence:       300
sigma38(+):    249   Score   1.96     -35 (213) tttaca >>> tacaat -10 (243)
sigma24(+):    227   Score   1.88     -35 (191) aaattc >>> acaaa -10 (220)
sigma28(+):    212   Score   1.86     -35 (177) acgatatt >>> gctaattt -10 (204)
sigma70(+):    211   Score   1.96     -35 (174) ctcacg >>> taattt -10 (204)
sigma32(+):    208   Score   1.94     -35 (172) acctcac >>> ttcgctaatt -10 (203)

   Total:      5 promoter(s) predicted



>TSS_186_D39V_373434_+_172_SigA
   Length of Query sequence:       300
sigma38(+):    250   Score   1.94     -35 (217) ctgaca >>> tataat -10 (245)
sigma24(+):    240   Score   1.93     -35 (204) aaattt >>> gcgaa -10 (233)
sigma28(+):    229   Score   1.96     -35 (197) agcagtaa >>> actgacaa -10 (223)
sigma70(+):    213   Score   1.94     -35 (179) tttcta >>> taaaat -10 (207)
sigma32(+):    202   Score   1.93     -35 (167) tacttgc >>> taccacaaaa -10 (197)

   Total:      5 promoter(s) predicted



>TSS_187_D39V_376828_+_386_SigA
   Length of Query sequence:       300
sigma38(+):    240   Score   1.95     -35 (199) tttact >>> aacatt -10 (232)
sigma24(+):    229   Score   1.98     -35 (194) taattt >>> acaaa -10 (222)
sigma28(+):    222   Score   1.97     -35 (182) aaactgtt >>> actaataa -10 (209)
sigma32(+):    222   Score   1.95     -35 (186) tgttgaa >>> aaacacattg -10 (217)
sigma70(+):    206   Score   1.94     -35 (170) tttata >>> taattt -10 (199)

   Total:      5 promoter(s) predicted



>TSS_188_D39V_378503_+_382_None
   Length of Query sequence:       300
sigma24(+):    250   Score   1.80     -35 (219) gcaagt >>> actaa -10 (246)
sigma70(+):    225   Score   1.96     -35 (187) ttttta >>> tattat -10 (218)
sigma38(+):    224   Score   1.96     -35 (189) tttatc >>> tatatt -10 (216)
sigma28(+):    218   Score   1.97     -35 (184) taattttt >>> tataatat -10 (211)

   Total:      4 promoter(s) predicted



>TSS_189_D39V_379251_+_893_CcpA
   Length of Query sequence:       300
sigma70(+):    250   Score   1.96     -35 (211) ttaaat >>> tatact -10 (244)
sigma38(+):    247   Score   1.94     -35 (210) tttaaa >>> tatgtt -10 (239)
sigma24(+):    230   Score   1.98     -35 (198) ggactt >>> tcatt -10 (223)
sigma32(+):    229   Score   1.94     -35 (194) aagcgga >>> atcctcattt -10 (224)
sigma28(+):    211   Score   1.97     -35 (177) aaaatgaa >>> gcggactt -10 (203)

   Total:      5 promoter(s) predicted



>TSS_190_D39V_381662_-_1179_SigA
   Length of Query sequence:       300
sigma70(+):    250   Score   1.97     -35 (216) ttgcaa >>> tataat -10 (244)
sigma38(+):    250   Score   1.93     -35 (216) ttgcaa >>> tataat -10 (244)
sigma28(+):    233   Score   1.97     -35 (199) aaaattta >>> gcaaaaaa -10 (225)
sigma24(+):    222   Score   1.97     -35 (188) acaatt >>> tctat -10 (215)
sigma32(+):    206   Score   1.95     -35 (170) cttccga >>> ttagccaaaa -10 (201)

   Total:      5 promoter(s) predicted



>TSS_191_D39V_383446_-_161_SigA
   Length of Query sequence:       300
sigma38(+):    250   Score   1.91     -35 (217) ttgaaa >>> tataat -10 (245)
sigma24(+):    225   Score   1.48     -35 (196) gaaagc >>> tcatt -10 (218)
sigma70(+):    218   Score   1.92     -35 (183) tcgctt >>> tatttt -10 (211)
sigma32(+):    210   Score   1.93     -35 (176) gaaaggc >>> gaaagcatct -10 (205)
sigma28(+):    206   Score   1.96     -35 (172) ataagaaa >>> gctagaaa -10 (199)

   Total:      5 promoter(s) predicted



>TSS_192_D39V_383590_+_1372_None
   Length of Query sequence:       300
sigma32(+):    248   Score   1.94     -35 (213) ttcttgc >>> aaagatatac -10 (243)
sigma38(+):    243   Score   1.91     -35 (205) tcgatt >>> taaaaa -10 (235)
sigma24(+):    229   Score   1.94     -35 (195) acactt >>> gcttt -10 (222)
sigma70(+):    219   Score   1.96     -35 (179) tttctt >>> gatttt -10 (212)
sigma28(+):    203   Score   1.95     -35 (169) aaagcgag >>> gctgagac -10 (196)

   Total:      5 promoter(s) predicted



>TSS_193_D39V_384576_+_387_None
   Length of Query sequence:       300
sigma38(+):    234   Score   1.94     -35 (193) tttata >>> cattct -10 (226)
sigma24(+):    223   Score   1.80     -35 (190) aaattt >>> tcctt -10 (216)
sigma70(+):    213   Score   1.96     -35 (172) tcggag >>> gaaaat -10 (205)
sigma28(+):    212   Score   1.97     -35 (178) agaagaag >>> taggaaaa -10 (204)
sigma32(+):    202   Score   1.94     -35 (164) gagctca >>> agacctaaat -10 (193)

   Total:      5 promoter(s) predicted



>TSS_194_D39V_386370_+_3_None
   Length of Query sequence:       300
sigma32(+):    247   Score   1.93     -35 (206) tattagt >>> aaacccactc -10 (237)
sigma38(+):    217   Score   1.94     -35 (180) ttgaag >>> aatatt -10 (209)
sigma70(+):    215   Score   1.94     -35 (180) ttgaag >>> gaatat -10 (208)
sigma28(+):    214   Score   1.96     -35 (181) tgaagagc >>> gcagaata -10 (207)

   Total:      4 promoter(s) predicted



>TSS_195_D39V_386413_+_15_FabT
   Length of Query sequence:       300
sigma24(+):    249   Score   1.86     -35 (217) gactgt >>> tcgaa -10 (242)
sigma28(+):    242   Score   1.93     -35 (208) taatagtt >>> tatggtga -10 (235)
sigma38(+):    241   Score   1.87     -35 (204) taggta >>> tatggt -10 (233)
sigma70(+):    240   Score   1.92     -35 (204) taggta >>> tatggt -10 (233)
sigma32(+):    204   Score   1.93     -35 (163) tattagt >>> aaacccactc -10 (194)

   Total:      5 promoter(s) predicted



>TSS_196_D39V_386446_+_5_FabT
   Length of Query sequence:       300
sigma38(+):    221   Score   1.92     -35 (182) ttgact >>> aactat -10 (213)
sigma32(+):    220   Score   1.93     -35 (184) gactgtc >>> cgaactatta -10 (215)
sigma24(+):    216   Score   1.86     -35 (184) gactgt >>> tcgaa -10 (209)
sigma28(+):    209   Score   1.93     -35 (175) taatagtt >>> tatggtga -10 (202)
sigma70(+):    207   Score   1.92     -35 (171) taggta >>> tatggt -10 (200)

   Total:      5 promoter(s) predicted



>TSS_197_D39V_388771_+_72_SigA
   Length of Query sequence:       300
sigma70(+):    250   Score   1.92     -35 (213) ccgatg >>> tatcat -10 (244)
sigma32(+):    236   Score   1.91     -35 (202) cagtctt >>> aaagccagag -10 (231)
sigma24(+):    212   Score   1.88     -35 (183) gccttt >>> tcagt -10 (205)
sigma38(+):    209   Score   1.88     -35 (174) ctgact >>> cacaat -10 (201)
sigma28(+):    201   Score   1.93     -35 (163) tcaaggtc >>> gcctttaa -10 (190)

   Total:      5 promoter(s) predicted



>TSS_198_D39V_394420_+_303_SigA
   Length of Query sequence:       300
sigma70(+):    250   Score   1.96     -35 (211) tagact >>> tatact -10 (244)
sigma28(+):    239   Score   1.95     -35 (205) aggagata >>> gacaaaaa -10 (232)
sigma24(+):    237   Score   1.98     -35 (206) ggagat >>> acaaa -10 (230)
sigma32(+):    236   Score   1.95     -35 (200) agttgag >>> atagacaaaa -10 (231)
sigma38(+):    231   Score   1.95     -35 (195) ttgcca >>> taaaat -10 (223)

   Total:      5 promoter(s) predicted



>TSS_199_D39V_396825_-_685_None
   Length of Query sequence:       300
sigma38(+):    250   Score   1.85     -35 (212) ttggct >>> taaaat -10 (245)
sigma70(+):    242   Score   1.96     -35 (208) tatttt >>> tatttt -10 (235)
sigma32(+):    217   Score   1.93     -35 (183) ttcttct >>> ataactattt -10 (212)

   Total:      3 promoter(s) predicted



>TSS_200_D39V_400169_-_88_None
   Length of Query sequence:       300
sigma38(+):    250   Score   1.95     -35 (218) cttatt >>> taaaat -10 (244)
sigma70(+):    241   Score   1.96     -35 (201) ttttca >>> gaaaat -10 (234)
sigma32(+):    222   Score   1.94     -35 (188) caatttc >>> ttccccctcc -10 (217)
sigma24(+):    215   Score   1.94     -35 (179) catttt >>> tcact -10 (208)

   Total:      4 promoter(s) predicted



>TSS_201_D39V_400264_+_155_SigA
   Length of Query sequence:       300
sigma32(+):    249   Score   1.95     -35 (214) aaattga >>> tccgatataa -10 (244)
sigma24(+):    246   Score   1.97     -35 (213) gaaatt >>> tccga -10 (239)
sigma28(+):    245   Score   1.97     -35 (210) atagaaat >>> gctaaaat -10 (235)
sigma38(+):    243   Score   1.96     -35 (207) gagata >>> taaaat -10 (235)
sigma70(+):    242   Score   1.96     -35 (207) gagata >>> taaaat -10 (235)

   Total:      5 promoter(s) predicted



>TSS_202_D39V_402710_+_109669_None
   Length of Query sequence:       300
sigma38(+):    250   Score   1.93     -35 (216) ttgcaa >>> taacat -10 (244)
sigma28(+):    231   Score   1.97     -35 (199) aaaatctt >>> gcaaaaaa -10 (225)
sigma24(+):    229   Score   1.97     -35 (198) aaaaat >>> gcaaa -10 (222)
sigma70(+):    209   Score   1.96     -35 (169) cacgca >>> taaaaa -10 (201)
sigma32(+):    201   Score   1.95     -35 (165) atgtcac >>> agacacaaat -10 (196)

   Total:      5 promoter(s) predicted



>TSS_204_D39V_402777_+_6_None
   Length of Query sequence:       300
sigma28(+):    229   Score   1.97     -35 (196) agcacatc >>> tctaatag -10 (223)
sigma38(+):    220   Score   1.95     -35 (185) tatgtg >>> tatatt -10 (212)
sigma70(+):    219   Score   1.96     -35 (185) tatgtg >>> tatatt -10 (212)
sigma32(+):    216   Score   1.95     -35 (182) cggtatg >>> tccgctatat -10 (211)
sigma24(+):    208   Score   1.98     -35 (172) taacat >>> gcaca -10 (201)

   Total:      5 promoter(s) predicted



>TSS_205_D39V_403084_+_1345_SigA
   Length of Query sequence:       300
sigma70(+):    247   Score   1.94     -35 (212) ctgctt >>> tatgat -10 (240)
sigma38(+):    232   Score   1.94     -35 (193) tatccg >>> tacact -10 (224)
sigma28(+):    210   Score   1.95     -35 (180) aaaataga >>> gctgatac -10 (205)

   Total:      3 promoter(s) predicted



>TSS_206_D39V_405311_+_899_SigA
   Length of Query sequence:       300
sigma70(+):    250   Score   1.97     -35 (217) ttgaaa >>> tatgat -10 (244)
sigma38(+):    250   Score   1.96     -35 (217) ttgaaa >>> tatgat -10 (244)
sigma28(+):    210   Score   1.97     -35 (175) taaacgtt >>> tcagaaaa -10 (202)
sigma24(+):    206   Score   1.97     -35 (176) aaacgt >>> tcaga -10 (199)

   Total:      4 promoter(s) predicted



>TSS_207_D39V_409434_+_8_SigA
   Length of Query sequence:       300
sigma28(+):    231   Score   1.86     -35 (198) ctatttta >>> aatgatag -10 (224)
sigma38(+):    230   Score   1.96     -35 (192) tttaaa >>> aatgat -10 (222)
sigma24(+):    208   Score   1.97     -35 (178) gaatat >>> actat -10 (201)
sigma32(+):    208   Score   1.94     -35 (173) atgtaga >>> taaactattt -10 (203)
sigma70(+):    207   Score   1.96     -35 (166) ttgaat >>> taaact -10 (199)

   Total:      5 promoter(s) predicted



>TSS_208_D39V_411544_+_3605_SigA
   Length of Query sequence:       300
sigma32(+):    247   Score   1.95     -35 (211) tttttat >>> aaacgtatac -10 (242)
sigma38(+):    235   Score   1.96     -35 (197) ttgaat >>> aaaagt -10 (227)
sigma24(+):    232   Score   1.98     -35 (199) gaatat >>> acaaa -10 (224)
sigma70(+):    211   Score   1.96     -35 (178) tctgaa >>> gaatat -10 (204)
sigma28(+):    203   Score   1.97     -35 (164) ggaagtaa >>> actaatta -10 (190)

   Total:      5 promoter(s) predicted



>TSS_209_D39V_414235_-_445_SigA
   Length of Query sequence:       300
sigma32(+):    237   Score   1.95     -35 (203) ggcttac >>> ttacgcattt -10 (232)
sigma70(+):    230   Score   1.96     -35 (191) ttcgta >>> aaaaat -10 (223)
sigma28(+):    227   Score   1.97     -35 (195) taagtaaa >>> gttgaaaa -10 (221)
sigma38(+):    218   Score   1.96     -35 (182) tagcat >>> tactta -10 (212)
sigma24(+):    215   Score   1.98     -35 (184) gcattt >>> gctta -10 (208)

   Total:      5 promoter(s) predicted



>TSS_210_D39V_414315_+_141_CcpA
   Length of Query sequence:       300
sigma70(+):    250   Score   1.96     -35 (218) ccttta >>> tataat -10 (244)
sigma28(+):    240   Score   1.97     -35 (206) aacataag >>> tacgaaaa -10 (233)
sigma32(+):    217   Score   1.94     -35 (182) ttatcga >>> ttcaacataa -10 (212)
sigma38(+):    210   Score   1.96     -35 (174) ctccta >>> taattt -10 (202)
sigma24(+):    201   Score   1.98     -35 (163) aaaata >>> tcgaa -10 (189)

   Total:      5 promoter(s) predicted



>TSS_211_D39V_416272_+_222_SigA
   Length of Query sequence:       300
sigma28(+):    243   Score   1.72     -35 (205) taaagaga >>> actgaaaa -10 (230)
sigma38(+):    241   Score   1.86     -35 (203) tttaaa >>> aaaagt -10 (233)
sigma70(+):    239   Score   1.91     -35 (203) tttaaa >>> gaaaaa -10 (231)
sigma24(+):    234   Score   1.59     -35 (199) gccttt >>> actga -10 (227)
sigma32(+):    224   Score   1.81     -35 (189) cagtatc >>> agagctacca -10 (219)

   Total:      5 promoter(s) predicted



>TSS_212_D39V_417560_+_29_None
   Length of Query sequence:       300
sigma24(+):    238   Score   1.92     -35 (205) aaaaag >>> tcgga -10 (231)
sigma38(+):    220   Score   1.88     -35 (180) tatcaa >>> aaagct -10 (212)
sigma28(+):    215   Score   1.95     -35 (183) caaactca >>> aacaaaaa -10 (209)
sigma32(+):    202   Score   1.84     -35 (162) gataaaa >>> aaactcatta -10 (193)
sigma70(+):    201   Score   1.13     -35 (155) tagacg >>> caaact -10 (188)

   Total:      5 promoter(s) predicted



>TSS_213_D39V_419892_-_203_None
   Length of Query sequence:       300
sigma28(+):    241   Score   1.90     -35 (207) aaagtcct >>> tcagaaaa -10 (234)
sigma24(+):    238   Score   1.98     -35 (202) aaaata >>> tcaga -10 (231)
sigma38(+):    214   Score   1.96     -35 (176) tttcaa >>> aaaaat -10 (206)
sigma32(+):    202   Score   1.93     -35 (160) aacagtc >>> aactgtatta -10 (190)
sigma70(+):    201   Score   1.96     -35 (165) tctata >>> tattat -10 (191)

   Total:      5 promoter(s) predicted



>TSS_214_D39V_420055_+_547_SigA
   Length of Query sequence:       300
sigma28(+):    247   Score   1.96     -35 (215) ttgttgaa >>> tatggtat -10 (241)
sigma24(+):    222   Score   1.96     -35 (188) gaaagt >>> gcact -10 (215)
sigma38(+):    209   Score   1.95     -35 (171) tagact >>> aaaaat -10 (201)
sigma70(+):    201   Score   1.96     -35 (164) taaaat >>> gaaagt -10 (193)

   Total:      4 promoter(s) predicted



>TSS_215_D39V_424325_-_curated_None
   Length of Query sequence:       300
sigma38(+):    226   Score   1.95     -35 (188) cctaaa >>> aacttt -10 (218)
sigma24(+):    215   Score   1.96     -35 (179) aaacaa >>> acact -10 (208)
sigma32(+):    214   Score   1.94     -35 (180) aacaagt >>> aaagacactg -10 (209)
sigma70(+):    211   Score   1.96     -35 (175) gacaaa >>> taaaga -10 (204)

   Total:      4 promoter(s) predicted



>TSS_216_D39V_426292_-_58_CcpA
   Length of Query sequence:       300
sigma38(+):    248   Score   1.96     -35 (212) tttaat >>> taatat -10 (240)
sigma70(+):    247   Score   1.97     -35 (212) tttaat >>> taatat -10 (240)
sigma28(+):    217   Score   1.94     -35 (183) atattttt >>> aataataa -10 (210)
sigma24(+):    203   Score   1.95     -35 (173) tgtttt >>> tcttt -10 (196)

   Total:      4 promoter(s) predicted



>TSS_217_D39V_436281_-_507_None
   Length of Query sequence:       300
sigma70(+):    250   Score   1.91     -35 (216) gtgctt >>> tatgat -10 (244)
sigma38(+):    250   Score   1.94     -35 (216) gtgctt >>> tatgat -10 (244)
sigma32(+):    219   Score   1.94     -35 (184) tcctact >>> ttagctagta -10 (214)
sigma28(+):    201   Score   1.92     -35 (167) ttacctta >>> tactaaaa -10 (194)

   Total:      4 promoter(s) predicted



>TSS_218_D39V_436430_+_91_MtaR
   Length of Query sequence:       300
sigma70(+):    250   Score   1.93     -35 (219) gcgact >>> tatgat -10 (245)
sigma28(+):    249   Score   1.97     -35 (216) ttagcgac >>> tatggtat -10 (242)
sigma38(+):    248   Score   1.96     -35 (210) tagcta >>> tatggt -10 (240)
sigma24(+):    238   Score   1.98     -35 (206) gaaata >>> tctga -10 (232)
sigma32(+):    206   Score   1.95     -35 (170) aatttgc >>> taccctaacc -10 (201)

   Total:      5 promoter(s) predicted



>TSS_219_D39V_438154_+_138_None
   Length of Query sequence:       300
sigma38(+):    250   Score   1.94     -35 (215) ctgcaa >>> taaaat -10 (244)
sigma70(+):    223   Score   1.94     -35 (188) ttggcg >>> gagact -10 (216)
sigma32(+):    204   Score   1.95     -35 (169) agctagg >>> ggcgctaaga -10 (199)
sigma28(+):    204   Score   1.97     -35 (171) ctaggata >>> ggcgctaa -10 (197)
sigma24(+):    204   Score   1.89     -35 (175) gatagg >>> gctaa -10 (197)

   Total:      5 promoter(s) predicted



>TSS_220_D39V_440744_+_24_SigA
   Length of Query sequence:       300
sigma28(+):    233   Score   1.97     -35 (199) aaaattaa >>> gacaatga -10 (226)
sigma24(+):    231   Score   1.98     -35 (199) aaaatt >>> acaat -10 (224)
sigma70(+):    227   Score   1.94     -35 (194) ttgaaa >>> tattga -10 (220)
sigma38(+):    202   Score   1.95     -35 (164) tttaca >>> aaaaat -10 (194)

   Total:      4 promoter(s) predicted



>TSS_221_D39V_441436_+_1143_None
   Length of Query sequence:       300
sigma38(+):    250   Score   1.94     -35 (215) cttgcg >>> tatgat -10 (244)
sigma70(+):    220   Score   1.97     -35 (185) taaaaa >>> caaaat -10 (213)
sigma24(+):    218   Score   1.86     -35 (187) aaaaat >>> acaaa -10 (211)
sigma28(+):    204   Score   1.92     -35 (171) tggataaa >>> aatgaaaa -10 (197)

   Total:      4 promoter(s) predicted



>TSS_222_D39V_443966_+_1766_SigA
   Length of Query sequence:       300
sigma28(+):    240   Score   1.88     -35 (205) ccccctta >>> tccgcaaa -10 (232)
sigma24(+):    231   Score   1.73     -35 (196) ccactt >>> actat -10 (224)
sigma70(+):    223   Score   1.96     -35 (186) tctaat >>> taacct -10 (216)
sigma32(+):    217   Score   1.95     -35 (183) tagtcta >>> ctccccctta -10 (212)
sigma38(+):    210   Score   1.95     -35 (176) ttggaa >>> cacttt -10 (202)

   Total:      5 promoter(s) predicted



>TSS_224_D39V_444667_+_0_SigA_LOWCONF
   Length of Query sequence:       300
sigma70(+):    250   Score   1.94     -35 (215) ttgaca >>> tatcat -10 (243)
sigma24(+):    250   Score   1.91     -35 (218) acaatt >>> tcata -10 (244)
sigma38(+):    249   Score   1.91     -35 (215) ttgaca >>> tatcat -10 (243)
sigma32(+):    247   Score   1.87     -35 (212) ctattga >>> ttaggtatca -10 (242)
sigma28(+):    230   Score   1.95     -35 (198) ggaataag >>> gacaatta -10 (224)

   Total:      5 promoter(s) predicted



>TSS_225_D39V_448844_-_59_None
   Length of Query sequence:       300
sigma70(+):    250   Score   1.97     -35 (216) ttgtta >>> taaaat -10 (244)
sigma24(+):    245   Score   1.98     -35 (212) acactt >>> tcctt -10 (238)
sigma38(+):    233   Score   1.96     -35 (194) tttaca >>> tagatt -10 (225)
sigma28(+):    219   Score   1.96     -35 (185) taattttc >>> gacattaa -10 (212)

   Total:      4 promoter(s) predicted



>TSS_226_D39V_449009_+_2_None
   Length of Query sequence:       300
sigma28(+):    240   Score   1.95     -35 (208) aacagtta >>> tctaaaaa -10 (233)
sigma70(+):    226   Score   1.96     -35 (193) ttttag >>> tattgt -10 (219)
sigma38(+):    221   Score   1.96     -35 (183) tttaac >>> aacagt -10 (213)
sigma24(+):    216   Score   1.97     -35 (186) aacctt >>> gcaaa -10 (209)
sigma32(+):    204   Score   1.94     -35 (165) gtattat >>> aaccttattt -10 (195)

   Total:      5 promoter(s) predicted



>TSS_227_D39V_454139_+_506_None
   Length of Query sequence:       300
sigma38(+):    250   Score   1.94     -35 (215) tttcct >>> tataat -10 (244)
sigma24(+):    238   Score   1.97     -35 (209) gaaatc >>> tccaa -10 (231)
sigma32(+):    230   Score   1.92     -35 (194) atcgaaa >>> ttccttatat -10 (225)
sigma70(+):    210   Score   1.96     -35 (175) gagaag >>> aaaaat -10 (203)
sigma28(+):    208   Score   1.97     -35 (176) agaagata >>> tcgaaaaa -10 (202)

   Total:      5 promoter(s) predicted



>TSS_228_D39V_455487_+_0_None_LOWCONF
   Length of Query sequence:       300
sigma70(+):    250   Score   1.96     -35 (215) ctcata >>> taaaat -10 (244)
sigma38(+):    250   Score   1.95     -35 (215) ctcata >>> taaaat -10 (244)
sigma32(+):    238   Score   1.94     -35 (202) ctctcaa >>> atcaccgatt -10 (233)
sigma28(+):    227   Score   1.96     -35 (194) aacgcttc >>> actcataa -10 (221)
sigma24(+):    226   Score   1.98     -35 (193) aaacgc >>> tcata -10 (220)

   Total:      5 promoter(s) predicted



>TSS_229_D39V_456088_+_1518_SigA
   Length of Query sequence:       300
sigma28(+):    250   Score   1.97     -35 (217) tgacgttt >>> gactataa -10 (243)
sigma24(+):    248   Score   1.96     -35 (212) tcaatt >>> actat -10 (241)
sigma70(+):    227   Score   1.96     -35 (183) gaaaaa >>> tatcaa -10 (215)
sigma38(+):    208   Score   1.95     -35 (174) gagaaa >>> tacatt -10 (200)

   Total:      4 promoter(s) predicted



>TSS_230_D39V_458000_+_5_SigA
   Length of Query sequence:       300
sigma38(+):    245   Score   1.94     -35 (211) cctctt >>> tagatt -10 (237)
sigma28(+):    241   Score   1.95     -35 (206) aaaatcct >>> gcgaatta -10 (233)
sigma24(+):    236   Score   1.94     -35 (204) gaaaaa >>> gcgaa -10 (230)
sigma70(+):    217   Score   1.96     -35 (178) gcgatt >>> aaaaat -10 (210)
sigma32(+):    201   Score   1.94     -35 (167) cccttaa >>> gtcgctattt -10 (196)

   Total:      5 promoter(s) predicted



>TSS_231_D39V_459935_+_30_None
   Length of Query sequence:       300
sigma70(+):    250   Score   1.91     -35 (213) tcgccc >>> tataat -10 (244)
sigma28(+):    232   Score   1.97     -35 (196) taaaatcg >>> gcccatat -10 (222)
sigma38(+):    231   Score   1.95     -35 (192) ttgata >>> catatt -10 (223)
sigma32(+):    226   Score   1.94     -35 (190) cgttgat >>> ttcgcccata -10 (221)
sigma24(+):    212   Score   1.97     -35 (176) gaacaa >>> tcgaa -10 (205)

   Total:      5 promoter(s) predicted



>TSS_232_D39V_464802_+_3_SigA
   Length of Query sequence:       300
sigma28(+):    249   Score   1.73     -35 (217) atccgccg >>> tgtgataa -10 (242)
sigma32(+):    232   Score   1.93     -35 (196) gtctaag >>> tccgccgtat -10 (227)
sigma38(+):    212   Score   1.93     -35 (171) gataaa >>> taagat -10 (204)
sigma70(+):    211   Score   1.96     -35 (171) gataaa >>> taagat -10 (204)
sigma24(+):    208   Score   1.94     -35 (174) aaactc >>> tctaa -10 (201)

   Total:      5 promoter(s) predicted



>TSS_233_D39V_466761_-_246_None
   Length of Query sequence:       300
sigma38(+):    250   Score   1.96     -35 (214) tagcag >>> tataat -10 (244)
sigma28(+):    248   Score   1.97     -35 (215) agcagagt >>> tgtgatat -10 (241)
sigma70(+):    230   Score   1.85     -35 (191) ttgcat >>> gagtat -10 (224)
sigma24(+):    227   Score   1.97     -35 (193) gcatac >>> gcaga -10 (220)
sigma32(+):    218   Score   1.94     -35 (184) aagtata >>> ttcaacaatt -10 (213)

   Total:      5 promoter(s) predicted



>TSS_234_D39V_467922_+_740_SigA
   Length of Query sequence:       300
sigma38(+):    250   Score   1.95     -35 (217) ttgaca >>> tataat -10 (244)
sigma28(+):    209   Score   1.94     -35 (175) agcactct >>> gctaattt -10 (202)
sigma70(+):    209   Score   1.95     -35 (170) ttttta >>> taattt -10 (202)
sigma24(+):    206   Score   1.95     -35 (176) gcactc >>> gctaa -10 (199)

   Total:      4 promoter(s) predicted



>TSS_235_D39V_474826_-_532_SigA
   Length of Query sequence:       300
sigma70(+):    250   Score   1.93     -35 (212) tttcta >>> tataat -10 (244)
sigma38(+):    250   Score   1.94     -35 (212) tttcta >>> tataat -10 (244)
sigma32(+):    239   Score   1.92     -35 (204) gttttta >>> ttctccaaat -10 (234)
sigma24(+):    239   Score   1.91     -35 (209) taattt >>> tccaa -10 (232)

   Total:      4 promoter(s) predicted



>TSS_236_D39V_474831_+_784_None
   Length of Query sequence:       300
sigma70(+):    250   Score   1.96     -35 (213) tctacc >>> tataat -10 (244)
sigma28(+):    241   Score   1.97     -35 (208) taaaatct >>> actgaatt -10 (234)
sigma24(+):    233   Score   1.95     -35 (197) gcaatc >>> actgt -10 (226)
sigma32(+):    230   Score   1.89     -35 (194) aatgcaa >>> acctctactg -10 (225)
sigma38(+):    221   Score   1.93     -35 (185) tttaca >>> taaaat -10 (213)

   Total:      5 promoter(s) predicted



>TSS_237_D39V_477186_-_755_BlpR
   Length of Query sequence:       300
sigma70(+):    250   Score   1.96     -35 (211) ttgaat >>> taaact -10 (244)
sigma38(+):    250   Score   1.96     -35 (211) ttgaat >>> taaact -10 (244)
sigma28(+):    248   Score   1.97     -35 (216) taaaaaaa >>> agtgataa -10 (241)
sigma24(+):    204   Score   1.98     -35 (169) tcactc >>> tcaat -10 (197)
sigma32(+):    202   Score   1.94     -35 (164) aaaattc >>> caagacattt -10 (193)

   Total:      5 promoter(s) predicted



>TSS_238_D39V_477290_+_118_BlpR
   Length of Query sequence:       300
sigma70(+):    250   Score   1.96     -35 (212) ttgaat >>> taaaat -10 (244)
sigma38(+):    250   Score   1.95     -35 (212) ttgaat >>> taaaat -10 (244)
sigma28(+):    248   Score   1.87     -35 (214) gaattgcg >>> tatgataa -10 (241)
sigma24(+):    232   Score   1.97     -35 (199) tcattg >>> gctga -10 (225)

   Total:      4 promoter(s) predicted



>TSS_239_D39V_477392_+_27_BlpR
   Length of Query sequence:       300
sigma70(+):    250   Score   1.96     -35 (214) tgggct >>> tattct -10 (244)
sigma38(+):    250   Score   1.95     -35 (214) tgggct >>> tattct -10 (244)
sigma24(+):    203   Score   1.93     -35 (170) aaaata >>> tcaaa -10 (196)

   Total:      3 promoter(s) predicted



>TSS_240_D39V_483648_-_520_SigA
   Length of Query sequence:       300
sigma28(+):    248   Score   1.96     -35 (216) aaaatatg >>> tatgacat -10 (241)
sigma38(+):    241   Score   1.95     -35 (203) ttcaag >>> tagttt -10 (233)
sigma70(+):    234   Score   1.96     -35 (192) tttaat >>> tatgaa -10 (225)
sigma24(+):    222   Score   1.97     -35 (187) gaagtt >>> tcata -10 (216)

   Total:      4 promoter(s) predicted



>TSS_241_D39V_483870_+_673_BlpR
   Length of Query sequence:       300
sigma70(+):    238   Score   1.96     -35 (203) ttcaag >>> taaaaa -10 (231)
sigma38(+):    231   Score   1.95     -35 (193) tcgatg >>> aaaaat -10 (223)
sigma28(+):    206   Score   1.97     -35 (173) aaaagcta >>> ttcgatga -10 (199)
sigma24(+):    204   Score   1.97     -35 (171) aaaaaa >>> tcgat -10 (197)

   Total:      4 promoter(s) predicted



>TSS_242_D39V_486042_+_978_SigA
   Length of Query sequence:       300
sigma70(+):    250   Score   1.94     -35 (216) ttgacg >>> tagaat -10 (244)
sigma38(+):    250   Score   1.93     -35 (216) ttgacg >>> tagaat -10 (244)
sigma28(+):    241   Score   1.90     -35 (208) tagagtgg >>> gccaaaaa -10 (234)
sigma24(+):    230   Score   1.88     -35 (199) gaatcg >>> acgaa -10 (223)

   Total:      4 promoter(s) predicted



>TSS_243_D39V_487564_+_733_SigA
   Length of Query sequence:       300
sigma70(+):    250   Score   1.94     -35 (216) tttaca >>> tatact -10 (244)
sigma38(+):    250   Score   1.95     -35 (216) tttaca >>> tatact -10 (244)
sigma24(+):    240   Score   1.85     -35 (208) gctttt >>> gcaaa -10 (233)
sigma28(+):    205   Score   1.95     -35 (166) ggcagaat >>> gcctaaaa -10 (192)

   Total:      4 promoter(s) predicted



>TSS_244_D39V_494753_+_217_SigA
   Length of Query sequence:       300
sigma70(+):    250   Score   1.96     -35 (218) ttttaa >>> tataat -10 (244)
sigma38(+):    250   Score   1.95     -35 (218) ttttaa >>> tataat -10 (244)
sigma32(+):    241   Score   1.95     -35 (207) cactgct >>> ctctccatat -10 (236)
sigma24(+):    235   Score   1.96     -35 (201) gaactc >>> tctct -10 (228)

   Total:      4 promoter(s) predicted



>TSS_245_D39V_496865_+_1040_None
   Length of Query sequence:       300
sigma38(+):    250   Score   1.94     -35 (216) ttgatt >>> tagaat -10 (244)
sigma32(+):    237   Score   1.92     -35 (203) acgagaa >>> ttcactaaaa -10 (232)
sigma70(+):    230   Score   1.96     -35 (190) gcgaaa >>> gatttt -10 (223)

   Total:      3 promoter(s) predicted



>TSS_246_D39V_497356_+_2189_None
   Length of Query sequence:       300
sigma70(+):    250   Score   1.94     -35 (216) ttgcat >>> tacaat -10 (244)
sigma38(+):    250   Score   1.93     -35 (216) ttgcat >>> tacaat -10 (244)
sigma24(+):    234   Score   1.77     -35 (200) taattt >>> tccga -10 (227)

   Total:      3 promoter(s) predicted



>TSS_247_D39V_502386_+_68_SigA
   Length of Query sequence:       300
sigma70(+):    250   Score   1.91     -35 (218) gtgatg >>> tataat -10 (244)
sigma38(+):    250   Score   1.94     -35 (218) gtgatg >>> tataat -10 (244)
sigma28(+):    232   Score   1.95     -35 (198) gaaataaa >>> ggtgatga -10 (224)
sigma24(+):    218   Score   1.83     -35 (189) gaagtt >>> acaga -10 (211)
sigma32(+):    217   Score   1.92     -35 (182) agatgaa >>> aaacacagaa -10 (212)

   Total:      5 promoter(s) predicted



>TSS_248_D39V_505295_-_2_None
   Length of Query sequence:       300
sigma70(+):    250   Score   1.92     -35 (211) ctggct >>> tatact -10 (244)
sigma28(+):    241   Score   1.93     -35 (207) ttaactgg >>> caggaaaa -10 (233)
sigma24(+):    229   Score   1.90     -35 (199) gatact >>> gcaca -10 (222)
sigma38(+):    209   Score   1.91     -35 (174) ttgaat >>> tacgat -10 (201)

   Total:      4 promoter(s) predicted



>TSS_249_D39V_505839_+_61_SigA
   Length of Query sequence:       300
sigma38(+):    243   Score   1.95     -35 (206) tttatt >>> tattct -10 (235)
sigma70(+):    242   Score   1.97     -35 (206) tttatt >>> tattct -10 (235)
sigma32(+):    239   Score   1.94     -35 (204) attttat >>> tcagctattc -10 (234)
sigma28(+):    208   Score   1.96     -35 (174) ttagccac >>> tactatta -10 (201)
sigma24(+):    205   Score   1.97     -35 (170) aatatt >>> actat -10 (199)

   Total:      5 promoter(s) predicted



>TSS_250_D39V_508697_+_0_SigA_LOWCONF
   Length of Query sequence:       300
sigma38(+):    247   Score   1.95     -35 (207) tataag >>> tatcat -10 (239)
sigma70(+):    246   Score   1.96     -35 (207) tataag >>> tatcat -10 (239)
sigma28(+):    232   Score   1.97     -35 (199) aaaatttt >>> gacaaata -10 (225)
sigma24(+):    230   Score   1.97     -35 (199) aaaatt >>> acaaa -10 (223)

   Total:      4 promoter(s) predicted



>TSS_251_D39V_513346_+_4011_None
   Length of Query sequence:       300
sigma38(+):    249   Score   1.96     -35 (215) ttgcaa >>> taaact -10 (243)
sigma28(+):    203   Score   1.97     -35 (170) taaagtta >>> gctaacaa -10 (196)
sigma70(+):    201   Score   1.96     -35 (158) ttcaat >>> taagct -10 (191)
sigma24(+):    201   Score   1.97     -35 (171) aaagtt >>> gctaa -10 (193)

   Total:      4 promoter(s) predicted



>TSS_252_D39V_518836_-_0_SigA_LOWCONF
   Length of Query sequence:       300
sigma70(+):    250   Score   1.93     -35 (215) ttgtca >>> tataat -10 (244)
sigma38(+):    250   Score   1.95     -35 (215) ttgtca >>> tataat -10 (244)
sigma24(+):    229   Score   1.92     -35 (195) gattaa >>> tcaaa -10 (222)
sigma28(+):    217   Score   1.71     -35 (185) tccatctt >>> gacggcta -10 (210)

   Total:      4 promoter(s) predicted



>TSS_253_D39V_519908_+_8_MtaR
   Length of Query sequence:       300
sigma38(+):    250   Score   1.96     -35 (216) tataca >>> taagat -10 (244)
sigma28(+):    242   Score   1.96     -35 (202) taattttt >>> gacgcttt -10 (229)
sigma70(+):    222   Score   1.96     -35 (182) tttcaa >>> tacaat -10 (215)
sigma24(+):    205   Score   1.97     -35 (173) gatata >>> tcaaa -10 (198)
sigma32(+):    203   Score   1.94     -35 (163) gtccgaa >>> caaactatat -10 (194)

   Total:      5 promoter(s) predicted



>TSS_254_D39V_523206_+_133_None
   Length of Query sequence:       300
sigma70(+):    250   Score   1.96     -35 (215) ctcact >>> taaaat -10 (243)
sigma38(+):    249   Score   1.93     -35 (215) ctcact >>> taaaat -10 (243)
sigma28(+):    246   Score   1.93     -35 (215) ctcacttt >>> tatgataa -10 (240)
sigma24(+):    227   Score   1.75     -35 (195) tccttt >>> tcact -10 (220)
sigma32(+):    226   Score   1.93     -35 (191) tggttcc >>> gacctcactt -10 (221)

   Total:      5 promoter(s) predicted



>TSS_255_D39V_523752_+_5_None
   Length of Query sequence:       300
sigma38(+):    250   Score   1.91     -35 (216) tttact >>> tatctt -10 (246)
sigma70(+):    224   Score   1.92     -35 (191) tcgaag >>> tatttt -10 (217)
sigma32(+):    213   Score   1.89     -35 (179) gtcttgt >>> ttcgtcagtt -10 (208)
sigma24(+):    202   Score   1.88     -35 (167) aaaaga >>> tcgaa -10 (195)

   Total:      4 promoter(s) predicted



>TSS_256_D39V_531618_+_21_SigA
   Length of Query sequence:       300
sigma38(+):    250   Score   1.92     -35 (212) tttcat >>> tataat -10 (244)
sigma32(+):    234   Score   1.94     -35 (196) tattttt >>> ataaacattt -10 (225)
sigma24(+):    225   Score   1.83     -35 (194) gatatt >>> tcata -10 (218)
sigma70(+):    208   Score   1.96     -35 (171) gggcta >>> tatttt -10 (201)

   Total:      4 promoter(s) predicted



>TSS_257_D39V_535176_+_13_None
   Length of Query sequence:       300
sigma38(+):    250   Score   1.95     -35 (214) tttgta >>> tatact -10 (244)
sigma24(+):    222   Score   1.89     -35 (188) gaaaat >>> tcttt -10 (216)
sigma28(+):    202   Score   1.96     -35 (165) aaaataaa >>> ggtgaaaa -10 (192)
sigma70(+):    201   Score   1.92     -35 (162) ttcaaa >>> gaaaat -10 (193)

   Total:      4 promoter(s) predicted



>TSS_258_D39V_535267_+_6_SigA
   Length of Query sequence:       300
sigma70(+):    250   Score   1.85     -35 (211) cttaca >>> tataat -10 (243)
sigma28(+):    239   Score   1.93     -35 (205) cagttact >>> gccagcaa -10 (232)
sigma32(+):    228   Score   1.94     -35 (193) ttatcta >>> acagacaaaa -10 (223)
sigma38(+):    222   Score   1.95     -35 (182) ttcaca >>> tactta -10 (214)
sigma24(+):    215   Score   1.96     -35 (186) caacgt >>> tcagt -10 (208)

   Total:      5 promoter(s) predicted



>TSS_259_D39V_537396_+_3100_Rex
   Length of Query sequence:       300
sigma28(+):    247   Score   1.94     -35 (215) tagatttt >>> agtgataa -10 (240)
sigma38(+):    243   Score   1.93     -35 (206) gggaaa >>> aaaagt -10 (235)
sigma24(+):    238   Score   1.97     -35 (208) gaaaaa >>> gcaaa -10 (231)
sigma70(+):    227   Score   1.96     -35 (192) tcaatc >>> tagatt -10 (220)

   Total:      4 promoter(s) predicted



>TSS_260_D39V_539877_-_24_SigA
   Length of Query sequence:       300
sigma28(+):    249   Score   1.96     -35 (217) ttgacacc >>> tatgataa -10 (242)
sigma70(+):    247   Score   1.96     -35 (211) ctcaat >>> tatgat -10 (240)
sigma24(+):    244   Score   1.97     -35 (208) gacctc >>> tctat -10 (237)
sigma38(+):    239   Score   1.89     -35 (202) tttata >>> tacatt -10 (231)
sigma32(+):    233   Score   1.95     -35 (199) atattta >>> gacaccatac -10 (228)

   Total:      5 promoter(s) predicted



>TSS_261_D39V_543039_-_26_SigA
   Length of Query sequence:       300
sigma24(+):    244   Score   1.95     -35 (208) gatatg >>> tcact -10 (237)
sigma38(+):    223   Score   1.92     -35 (185) tttcac >>> tatggt -10 (215)
sigma28(+):    220   Score   1.96     -35 (186) ttcactat >>> tcagatat -10 (212)
sigma70(+):    210   Score   1.95     -35 (171) ttgtcc >>> gatttt -10 (202)
sigma32(+):    204   Score   1.92     -35 (166) tcgattt >>> ttcactatag -10 (195)

   Total:      5 promoter(s) predicted



>TSS_262_D39V_543257_+_222_SigA
   Length of Query sequence:       300
sigma24(+):    238   Score   1.98     -35 (207) gcaatc >>> tctaa -10 (232)
sigma28(+):    215   Score   1.97     -35 (179) tcaatata >>> tataaaaa -10 (205)
sigma38(+):    211   Score   1.95     -35 (177) tttcaa >>> tataaa -10 (203)
sigma70(+):    202   Score   1.96     -35 (163) gtgtac >>> taaaat -10 (195)

   Total:      4 promoter(s) predicted



>TSS_263_D39V_545597_+_703_SigA
   Length of Query sequence:       300
sigma38(+):    250   Score   1.95     -35 (217) ttgaaa >>> tataat -10 (244)
sigma70(+):    225   Score   1.96     -35 (192) tctttt >>> catttt -10 (218)
sigma32(+):    222   Score   1.90     -35 (188) caactct >>> accttcattt -10 (217)

   Total:      3 promoter(s) predicted



>TSS_264_D39V_548279_+_89_None
   Length of Query sequence:       300
sigma24(+):    237   Score   1.98     -35 (202) aaaata >>> tcaaa -10 (229)
sigma32(+):    226   Score   1.92     -35 (192) gaactaa >>> ttcactagac -10 (221)
sigma38(+):    209   Score   1.94     -35 (168) ttgaac >>> taaaat -10 (201)
sigma70(+):    208   Score   1.96     -35 (168) ttgaac >>> taaaat -10 (201)

   Total:      4 promoter(s) predicted



>TSS_265_D39V_550294_+_2_None
   Length of Query sequence:       300
sigma70(+):    247   Score   1.88     -35 (211) tatatg >>> caaagt -10 (240)
sigma38(+):    232   Score   1.95     -35 (195) cttaaa >>> caaatt -10 (224)
sigma28(+):    218   Score   1.92     -35 (187) atagcaag >>> tcggacta -10 (212)
sigma24(+):    216   Score   1.94     -35 (185) tcatag >>> tcgga -10 (209)

   Total:      4 promoter(s) predicted



>TSS_266_D39V_550817_+_1959_None
   Length of Query sequence:       300
sigma70(+):    239   Score   1.96     -35 (200) tgaaaa >>> tagctt -10 (232)
sigma24(+):    233   Score   1.88     -35 (201) gaaaaa >>> tcttt -10 (226)
sigma32(+):    221   Score   1.93     -35 (185) agtagga >>> gtcagtattt -10 (216)
sigma38(+):    208   Score   1.95     -35 (170) gttact >>> taagat -10 (200)
sigma28(+):    203   Score   1.83     -35 (172) tactcaaa >>> gacgttaa -10 (197)

   Total:      5 promoter(s) predicted



>TSS_267_D39V_551578_+_148_None
   Length of Query sequence:       300
sigma70(+):    250   Score   1.97     -35 (217) tatctt >>> tataat -10 (244)
sigma38(+):    250   Score   1.93     -35 (217) tatctt >>> tataat -10 (244)
sigma24(+):    248   Score   1.97     -35 (217) tatctt >>> gctat -10 (241)
sigma32(+):    237   Score   1.92     -35 (202) tagtgag >>> ttccctactt -10 (231)
sigma28(+):    203   Score   1.79     -35 (163) ggaagagg >>> tccgaaaa -10 (190)

   Total:      5 promoter(s) predicted



>TSS_268_D39V_555251_-_236_CmbR
   Length of Query sequence:       300
sigma38(+):    249   Score   1.95     -35 (214) ttggtt >>> taaact -10 (243)
sigma28(+):    246   Score   1.91     -35 (214) ttggttta >>> tctgataa -10 (240)
sigma24(+):    244   Score   1.88     -35 (210) tatatt >>> tctga -10 (237)
sigma70(+):    222   Score   1.96     -35 (186) tttcta >>> tatatt -10 (215)
sigma32(+):    208   Score   1.95     -35 (173) tcatgat >>> acagacataa -10 (203)

   Total:      5 promoter(s) predicted



>TSS_269_D39V_555372_+_386_None
   Length of Query sequence:       300
sigma38(+):    250   Score   1.95     -35 (216) ctgcaa >>> tagaat -10 (244)
sigma24(+):    239   Score   1.97     -35 (207) gaaaaa >>> tcaaa -10 (232)
sigma32(+):    226   Score   1.89     -35 (190) tagaaaa >>> atccctgcaa -10 (221)
sigma70(+):    220   Score   1.97     -35 (186) gtgata >>> aaaaat -10 (213)
sigma28(+):    202   Score   1.71     -35 (167) atatatat >>> tgtgatag -10 (192)

   Total:      5 promoter(s) predicted



>TSS_270_D39V_558642_+_206_SigA
   Length of Query sequence:       300
sigma70(+):    250   Score   1.96     -35 (218) ttttca >>> tatact -10 (244)
sigma38(+):    250   Score   1.96     -35 (218) ttttca >>> tatact -10 (244)
sigma24(+):    225   Score   1.94     -35 (189) aaacat >>> gcttt -10 (218)
sigma32(+):    201   Score   1.95     -35 (167) ttcttat >>> gaaaacattt -10 (196)

   Total:      4 promoter(s) predicted



>TSS_271_D39V_560184_+_118_None
   Length of Query sequence:       300
sigma38(+):    249   Score   1.95     -35 (217) tttatc >>> tataat -10 (243)
sigma28(+):    238   Score   1.92     -35 (205) tgattttc >>> gatgataa -10 (231)
sigma24(+):    232   Score   1.91     -35 (198) acagga >>> tccga -10 (225)
sigma70(+):    218   Score   1.94     -35 (184) ttgtag >>> gatttt -10 (211)

   Total:      4 promoter(s) predicted



>TSS_272_D39V_562666_+_11_SigA
   Length of Query sequence:       300
sigma38(+):    250   Score   1.95     -35 (215) ttgcaa >>> tataat -10 (242)
sigma28(+):    240   Score   1.95     -35 (203) taaacttt >>> ccagataa -10 (230)
sigma70(+):    240   Score   1.96     -35 (203) taaact >>> taaata -10 (233)
sigma24(+):    228   Score   1.95     -35 (199) aaaata >>> gcaat -10 (221)

   Total:      4 promoter(s) predicted



>TSS_273_D39V_563657_+_3_None
   Length of Query sequence:       300
sigma38(+):    250   Score   1.88     -35 (213) ctgaag >>> cagact -10 (242)
sigma28(+):    242   Score   1.91     -35 (208) aaaagctg >>> gctgctgg -10 (234)
sigma24(+):    206   Score   1.46     -35 (174) aaactt >>> tcgca -10 (199)

   Total:      3 promoter(s) predicted



>TSS_274_D39V_565153_-_14_None
   Length of Query sequence:       300
sigma38(+):    249   Score   1.95     -35 (215) tttaaa >>> tatact -10 (245)
sigma28(+):    242   Score   1.97     -35 (207) ttagggaa >>> tctaacaa -10 (234)
sigma24(+):    238   Score   1.94     -35 (205) gattag >>> tctaa -10 (231)
sigma32(+):    231   Score   1.94     -35 (195) tgaacaa >>> taaaccaact -10 (226)
sigma70(+):    224   Score   1.96     -35 (188) gtaaat >>> gaattt -10 (217)

   Total:      5 promoter(s) predicted



>TSS_275_D39V_565724_+_5_SigA
   Length of Query sequence:       300
sigma38(+):    250   Score   1.95     -35 (216) ttgaag >>> tataat -10 (244)
sigma28(+):    249   Score   1.97     -35 (217) tgaagtag >>> ggttataa -10 (243)
sigma24(+):    235   Score   1.93     -35 (206) acagtt >>> tctaa -10 (229)
sigma70(+):    234   Score   1.96     -35 (196) ttatta >>> tagtct -10 (227)

   Total:      4 promoter(s) predicted



>TSS_276_D39V_566467_+_878_CcpA
   Length of Query sequence:       300
sigma28(+):    250   Score   1.97     -35 (217) tgcatttc >>> gactataa -10 (243)
sigma38(+):    222   Score   1.96     -35 (181) gagaaa >>> caaact -10 (214)
sigma70(+):    221   Score   1.96     -35 (181) gagaaa >>> caaact -10 (214)
sigma24(+):    219   Score   1.97     -35 (183) gaaatc >>> gcaaa -10 (212)
sigma32(+):    212   Score   1.94     -35 (177) atgagag >>> caatccatag -10 (207)

   Total:      5 promoter(s) predicted



>TSS_277_D39V_569714_+_4_SigA
   Length of Query sequence:       300
sigma38(+):    250   Score   1.96     -35 (217) ttgaca >>> catact -10 (244)
sigma24(+):    241   Score   1.96     -35 (205) gaataa >>> tcaga -10 (234)
sigma70(+):    237   Score   1.94     -35 (203) ttgaat >>> tattct -10 (230)
sigma32(+):    233   Score   1.95     -35 (200) agcttga >>> acatctattc -10 (229)
sigma28(+):    205   Score   1.97     -35 (173) aaaatcct >>> gattaaaa -10 (199)

   Total:      5 promoter(s) predicted



>TSS_278_D39V_570269_+_4_MntR
   Length of Query sequence:       300
sigma70(+):    250   Score   1.97     -35 (216) ttgact >>> tatact -10 (244)
sigma38(+):    250   Score   1.96     -35 (216) ttgact >>> tatact -10 (244)
sigma28(+):    248   Score   1.91     -35 (216) ttgactta >>> aatgatat -10 (241)
sigma24(+):    230   Score   1.98     -35 (194) aaatta >>> actta -10 (223)

   Total:      4 promoter(s) predicted



>TSS_279_D39V_577435_+_41_SigA
   Length of Query sequence:       300
sigma38(+):    250   Score   1.96     -35 (216) ttgaca >>> tatact -10 (244)
sigma70(+):    221   Score   1.96     -35 (182) tataaa >>> gaaagt -10 (213)
sigma28(+):    208   Score   1.97     -35 (175) aaaaaaat >>> gacaaaaa -10 (201)
sigma24(+):    206   Score   1.98     -35 (177) aaaaat >>> acaaa -10 (199)
sigma32(+):    205   Score   1.94     -35 (170) aacaaaa >>> agagacaaaa -10 (200)

   Total:      5 promoter(s) predicted



>TSS_280_D39V_588464_-_64_None
   Length of Query sequence:       300
sigma38(+):    250   Score   1.96     -35 (216) tttcca >>> tacaat -10 (244)
sigma70(+):    235   Score   1.96     -35 (195) tataaa >>> tagctt -10 (228)
sigma24(+):    229   Score   1.95     -35 (197) taaatt >>> tccat -10 (222)

   Total:      3 promoter(s) predicted



>TSS_281_D39V_588571_+_152_SigA
   Length of Query sequence:       300
sigma70(+):    250   Score   1.96     -35 (214) tttgag >>> tataat -10 (243)
sigma38(+):    249   Score   1.95     -35 (214) tttgag >>> tataat -10 (243)
sigma28(+):    246   Score   1.97     -35 (207) tcaggctt >>> ggtgattt -10 (233)
sigma24(+):    222   Score   1.86     -35 (192) gaattt >>> gcttt -10 (215)

   Total:      4 promoter(s) predicted



>TSS_282_D39V_593596_+_7_None
   Length of Query sequence:       300
sigma70(+):    237   Score   1.96     -35 (197) tttccc >>> gaaaat -10 (230)
sigma24(+):    234   Score   1.90     -35 (200) ccccta >>> tcgaa -10 (227)
sigma32(+):    213   Score   1.95     -35 (179) atctgat >>> tcccctatca -10 (208)
sigma38(+):    207   Score   1.95     -35 (169) tttcta >>> tatttt -10 (199)

   Total:      4 promoter(s) predicted



>TSS_283_D39V_596286_+_191_None
   Length of Query sequence:       300
sigma70(+):    250   Score   1.96     -35 (211) ttccta >>> tatact -10 (244)
sigma38(+):    250   Score   1.95     -35 (211) ttccta >>> tatact -10 (244)
sigma24(+):    219   Score   1.85     -35 (186) gatttt >>> tcttt -10 (212)
sigma28(+):    216   Score   1.93     -35 (177) ttactttt >>> gagtataa -10 (203)

   Total:      4 promoter(s) predicted



>TSS_284_D39V_598829_+_1218_None
   Length of Query sequence:       300
sigma32(+):    248   Score   1.95     -35 (213) atcttgc >>> aacggtatga -10 (243)
sigma28(+):    233   Score   1.93     -35 (200) ttctaggt >>> gctaaaaa -10 (225)
sigma70(+):    232   Score   1.97     -35 (199) tttcta >>> taaaaa -10 (225)
sigma38(+):    216   Score   1.95     -35 (178) tttatg >>> taggtt -10 (208)
sigma24(+):    204   Score   1.98     -35 (173) ggagtt >>> gcaaa -10 (197)

   Total:      5 promoter(s) predicted



>TSS_285_D39V_605135_+_167_SigA
   Length of Query sequence:       300
sigma70(+):    209   Score   1.96     -35 (171) cacaag >>> taaaaa -10 (202)
sigma24(+):    205   Score   1.93     -35 (176) gcatag >>> tcgta -10 (198)
sigma28(+):    203   Score   1.57     -35 (163) tactgcac >>> gatgaata -10 (190)
sigma38(+):    202   Score   1.91     -35 (161) tttact >>> taaaat -10 (194)

   Total:      4 promoter(s) predicted



>TSS_286_D39V_605401_+_7_SigA
   Length of Query sequence:       300
sigma70(+):    239   Score   1.89     -35 (200) tctact >>> tactgt -10 (232)
sigma38(+):    235   Score   1.91     -35 (200) tctact >>> tacttt -10 (227)

   Total:      2 promoter(s) predicted



>TSS_287_D39V_606983_+_10_None
   Length of Query sequence:       300
sigma70(+):    250   Score   1.94     -35 (216) ttgaat >>> taaaat -10 (244)
sigma38(+):    250   Score   1.93     -35 (216) ttgaat >>> taaaat -10 (244)
sigma24(+):    217   Score   1.91     -35 (184) gaatca >>> acaga -10 (210)
sigma32(+):    216   Score   1.94     -35 (180) ttcggaa >>> gcccacagag -10 (211)
sigma28(+):    214   Score   1.96     -35 (175) agaagttc >>> aaggataa -10 (201)

   Total:      5 promoter(s) predicted



>TSS_288_D39V_608097_+_20_None
   Length of Query sequence:       300
sigma70(+):    250   Score   1.97     -35 (216) ttgcat >>> tatact -10 (244)
sigma38(+):    250   Score   1.96     -35 (216) ttgcat >>> tatact -10 (244)
sigma28(+):    219   Score   1.97     -35 (185) aaaattcc >>> tacgcaaa -10 (212)
sigma24(+):    219   Score   1.96     -35 (185) aaaatt >>> gcaaa -10 (212)
sigma32(+):    203   Score   1.94     -35 (167) agatact >>> ttccttataa -10 (198)

   Total:      5 promoter(s) predicted



>TSS_289_D39V_609172_+_263_None
   Length of Query sequence:       300
sigma38(+):    250   Score   1.95     -35 (217) gttcct >>> tatact -10 (244)
sigma24(+):    248   Score   1.97     -35 (213) taatgt >>> gctat -10 (241)
sigma70(+):    203   Score   1.94     -35 (169) ttgcaa >>> gaaaat -10 (196)

   Total:      3 promoter(s) predicted



>TSS_290_D39V_610328_-_18315_None
   Length of Query sequence:       300
sigma38(+):    250   Score   1.94     -35 (216) ttgaaa >>> tactat -10 (244)
sigma24(+):    236   Score   1.75     -35 (203) tcatct >>> tccca -10 (229)
sigma70(+):    204   Score   1.96     -35 (167) cagcag >>> tatttt -10 (197)

   Total:      3 promoter(s) predicted



>TSS_291_D39V_610340_+_570_SigA
   Length of Query sequence:       300
sigma70(+):    250   Score   1.94     -35 (217) tttctg >>> tataat -10 (244)
sigma38(+):    250   Score   1.94     -35 (217) tttctg >>> tataat -10 (244)
sigma24(+):    221   Score   1.35     -35 (185) tcaatc >>> tcaca -10 (214)
sigma32(+):    203   Score   1.88     -35 (167) tcttcct >>> tcagccagcc -10 (198)

   Total:      4 promoter(s) predicted



>TSS_292_D39V_615786_-_216_None
   Length of Query sequence:       300
sigma70(+):    250   Score   1.96     -35 (211) ttcttt >>> tacaat -10 (244)
sigma38(+):    250   Score   1.93     -35 (213) ctttag >>> tacaat -10 (244)
sigma24(+):    234   Score   1.92     -35 (199) tatttt >>> tctaa -10 (227)
sigma32(+):    208   Score   1.94     -35 (172) tcaagaa >>> ctccttattt -10 (203)

   Total:      4 promoter(s) predicted



>TSS_293_D39V_615898_+_765_SigA
   Length of Query sequence:       300
sigma70(+):    239   Score   1.96     -35 (205) gagtct >>> caaaat -10 (232)
sigma32(+):    236   Score   1.94     -35 (201) gtgtgag >>> aaacacaaaa -10 (231)
sigma24(+):    219   Score   1.96     -35 (186) aaaata >>> tctct -10 (212)
sigma38(+):    210   Score   1.95     -35 (169) tcgcta >>> cattgt -10 (202)
sigma28(+):    203   Score   1.96     -35 (166) gaatcgct >>> gaaaataa -10 (192)

   Total:      5 promoter(s) predicted



>TSS_294_D39V_617583_-_23_None
   Length of Query sequence:       300
sigma28(+):    248   Score   1.87     -35 (216) ttttcaaa >>> tatgataa -10 (241)
sigma38(+):    247   Score   1.95     -35 (208) gtcaag >>> tatgat -10 (239)
sigma70(+):    246   Score   1.96     -35 (208) gtcaag >>> tatgat -10 (239)
sigma24(+):    230   Score   1.97     -35 (194) gctttt >>> tcaaa -10 (223)

   Total:      4 promoter(s) predicted



>TSS_295_D39V_617706_+_898_None
   Length of Query sequence:       300
sigma70(+):    250   Score   1.96     -35 (218) gttatt >>> tataat -10 (244)
sigma38(+):    250   Score   1.95     -35 (213) gttatg >>> tataat -10 (244)
sigma24(+):    206   Score   1.96     -35 (174) gaaaag >>> acatt -10 (199)
sigma32(+):    205   Score   1.94     -35 (170) acgtgaa >>> gaaaacattt -10 (200)
sigma28(+):    203   Score   1.95     -35 (168) tgacgtga >>> agtgaaaa -10 (195)

   Total:      5 promoter(s) predicted



>TSS_296_D39V_620133_+_61_None
   Length of Query sequence:       300
sigma70(+):    250   Score   1.97     -35 (216) ttgaca >>> tattct -10 (244)
sigma38(+):    250   Score   1.96     -35 (216) ttgaca >>> tattct -10 (244)
sigma28(+):    233   Score   1.97     -35 (199) aaaattcg >>> gacaacaa -10 (225)
sigma32(+):    232   Score   1.94     -35 (196) taaaaaa >>> gacaacaaat -10 (227)
sigma24(+):    215   Score   1.98     -35 (179) taatat >>> tcgat -10 (208)

   Total:      5 promoter(s) predicted



>TSS_297_D39V_623338_+_209_None
   Length of Query sequence:       300
sigma70(+):    250   Score   1.92     -35 (218) ttttta >>> taaaat -10 (244)
sigma38(+):    250   Score   1.94     -35 (212) gtggct >>> taaaat -10 (244)
sigma28(+):    249   Score   1.61     -35 (214) ggcttttt >>> aatggtaa -10 (241)
sigma32(+):    239   Score   1.92     -35 (205) acacttt >>> ttccataaaa -10 (234)
sigma24(+):    237   Score   1.90     -35 (205) acactt >>> tccat -10 (230)

   Total:      5 promoter(s) predicted



>TSS_298_D39V_632244_+_1493_SigA
   Length of Query sequence:       300
sigma70(+):    245   Score   1.83     -35 (212) ttttta >>> tagaaa -10 (238)
sigma38(+):    221   Score   1.94     -35 (180) gttcaa >>> catgtt -10 (213)
sigma28(+):    219   Score   1.90     -35 (187) agcagtca >>> gaccatgt -10 (212)
sigma24(+):    217   Score   1.78     -35 (182) tcaata >>> accat -10 (210)
sigma32(+):    207   Score   1.95     -35 (171) ttgtgag >>> caacacatac -10 (202)

   Total:      5 promoter(s) predicted



>TSS_299_D39V_633886_+_176_SigA
   Length of Query sequence:       300
sigma38(+):    250   Score   1.95     -35 (216) ttgaca >>> tataat -10 (244)
sigma70(+):    221   Score   1.96     -35 (184) tttaaa >>> caaaat -10 (213)
sigma24(+):    218   Score   1.95     -35 (187) aaaata >>> acaaa -10 (211)
sigma28(+):    209   Score   1.93     -35 (175) accatttt >>> gacaatat -10 (201)
sigma32(+):    208   Score   1.94     -35 (172) tttacca >>> gacaatattt -10 (203)

   Total:      5 promoter(s) predicted



>TSS_300_D39V_640376_-_17_CmbR
   Length of Query sequence:       300
sigma38(+):    250   Score   1.95     -35 (216) tatcca >>> tacaat -10 (244)
sigma28(+):    233   Score   1.97     -35 (198) gcaataaa >>> tccaaaga -10 (225)
sigma24(+):    229   Score   1.96     -35 (198) gcaata >>> tccaa -10 (222)
sigma70(+):    225   Score   1.96     -35 (189) cttata >>> tattat -10 (218)
sigma32(+):    208   Score   1.95     -35 (174) ctatggt >>> aacggcaata -10 (203)

   Total:      5 promoter(s) predicted



>TSS_301_D39V_640521_+_32_None
   Length of Query sequence:       300
sigma38(+):    250   Score   1.95     -35 (217) ttgaaa >>> taagat -10 (244)
sigma28(+):    214   Score   1.97     -35 (175) ttaccata >>> tctgaaat -10 (201)
sigma70(+):    209   Score   1.96     -35 (172) ttttta >>> gaaatt -10 (202)
sigma24(+):    205   Score   1.97     -35 (169) gatttt >>> tctga -10 (198)
sigma32(+):    201   Score   1.94     -35 (159) ccgttat >>> atagacataa -10 (189)

   Total:      5 promoter(s) predicted



>TSS_302_D39V_640785_+_808_None
   Length of Query sequence:       300
sigma70(+):    250   Score   1.94     -35 (216) gtgaat >>> taaaat -10 (244)
sigma38(+):    250   Score   1.90     -35 (216) gtgaat >>> taaaat -10 (244)
sigma24(+):    238   Score   0.34     -35 (205) aaagat >>> gctta -10 (231)
sigma32(+):    201   Score   1.87     -35 (161) cacttct >>> agcgtcaggt -10 (190)

   Total:      4 promoter(s) predicted



>TSS_303_D39V_642491_-_11_SigA
   Length of Query sequence:       300
sigma70(+):    244   Score   1.96     -35 (204) ttctag >>> tactat -10 (237)
sigma38(+):    213   Score   1.94     -35 (172) ctgaac >>> caattt -10 (205)
sigma24(+):    210   Score   1.98     -35 (174) gaacaa >>> tcaat -10 (203)

   Total:      3 promoter(s) predicted



>TSS_304_D39V_642911_+_824_SigA
   Length of Query sequence:       300
sigma38(+):    250   Score   1.95     -35 (216) ttgaaa >>> tattat -10 (244)
sigma24(+):    218   Score   1.97     -35 (188) aaaata >>> gcaaa -10 (211)
sigma28(+):    209   Score   1.96     -35 (176) atattgta >>> gatggttt -10 (202)
sigma70(+):    204   Score   1.96     -35 (168) gggcta >>> taagat -10 (197)

   Total:      4 promoter(s) predicted



>TSS_305_D39V_644329_+_7398_SigA
   Length of Query sequence:       300
sigma38(+):    250   Score   1.95     -35 (216) ttgcta >>> tatact -10 (244)
sigma24(+):    218   Score   1.98     -35 (184) tactat >>> tcaaa -10 (211)
sigma70(+):    209   Score   1.96     -35 (176) tttcaa >>> tatttt -10 (202)
sigma32(+):    206   Score   1.93     -35 (170) ttctagt >>> aaagatattt -10 (201)

   Total:      4 promoter(s) predicted



>TSS_306_D39V_647211_+_2208_SigA
   Length of Query sequence:       300
sigma70(+):    250   Score   1.92     -35 (216) ttgaac >>> tataat -10 (244)
sigma38(+):    250   Score   1.95     -35 (216) ttgaac >>> tataat -10 (244)
sigma24(+):    219   Score   1.83     -35 (189) gcaagg >>> tcaat -10 (212)

   Total:      3 promoter(s) predicted



>TSS_307_D39V_649686_-_10_None
   Length of Query sequence:       300
sigma70(+):    250   Score   1.90     -35 (213) ctgccc >>> taaaat -10 (243)
sigma38(+):    249   Score   1.86     -35 (213) ctgccc >>> taaaat -10 (243)
sigma24(+):    238   Score   1.83     -35 (205) taactg >>> gcaaa -10 (231)
sigma32(+):    210   Score   1.91     -35 (176) agcatga >>> atctccgtgt -10 (205)

   Total:      4 promoter(s) predicted



>TSS_308_D39V_654021_-_curated_None
   Length of Query sequence:       300
sigma24(+):    237   Score   1.98     -35 (204) gcagtc >>> acaat -10 (230)
sigma38(+):    229   Score   1.96     -35 (190) ttgaaa >>> tactat -10 (221)
sigma28(+):    210   Score   1.97     -35 (176) agaatttt >>> aacgattt -10 (203)
sigma70(+):    204   Score   1.96     -35 (167) tcgaaa >>> gaaaaa -10 (197)

   Total:      4 promoter(s) predicted



>TSS_309_D39V_654162_+_205_SigA
   Length of Query sequence:       300
sigma70(+):    222   Score   1.97     -35 (188) ttttcg >>> tataat -10 (215)
sigma38(+):    214   Score   1.95     -35 (176) ttaaaa >>> tattat -10 (206)
sigma28(+):    206   Score   1.93     -35 (173) tgattaaa >>> gaagaaaa -10 (200)
sigma24(+):    202   Score   1.98     -35 (170) aaatga >>> tcgaa -10 (195)

   Total:      4 promoter(s) predicted



>TSS_310_D39V_657355_+_7238_CcpA
   Length of Query sequence:       300
sigma38(+):    250   Score   1.93     -35 (216) tagaaa >>> tacagt -10 (244)
sigma70(+):    246   Score   1.93     -35 (212) ttttta >>> tatgat -10 (239)
sigma32(+):    237   Score   1.95     -35 (201) ttttgag >>> gtcagcataa -10 (232)
sigma28(+):    220   Score   1.97     -35 (187) tagagaat >>> gcagattt -10 (214)
sigma24(+):    218   Score   1.97     -35 (184) gaatag >>> gcaga -10 (211)

   Total:      5 promoter(s) predicted



>TSS_311_D39V_661497_+_44_SigA
   Length of Query sequence:       300
sigma38(+):    250   Score   1.95     -35 (216) ttcaaa >>> tataat -10 (244)
sigma24(+):    248   Score   1.96     -35 (219) aaatgg >>> gctat -10 (241)
sigma70(+):    218   Score   1.96     -35 (183) tcttct >>> taaaaa -10 (211)
sigma28(+):    216   Score   1.95     -35 (182) atcttctc >>> gatgtaaa -10 (209)

   Total:      4 promoter(s) predicted



>TSS_312_D39V_663366_+_46_None
   Length of Query sequence:       300
sigma70(+):    250   Score   1.91     -35 (211) tttcaa >>> tacaat -10 (244)
sigma38(+):    250   Score   1.76     -35 (211) tttcaa >>> tacaat -10 (244)
sigma32(+):    241   Score   1.84     -35 (206) agctctt >>> aaccccacgt -10 (236)
sigma24(+):    224   Score   1.20     -35 (190) gcatca >>> tcaat -10 (217)

   Total:      4 promoter(s) predicted



>TSS_313_D39V_664022_+_curated_None
   Length of Query sequence:       300
sigma70(+):    250   Score   1.93     -35 (214) ttgact >>> tatact -10 (244)
sigma38(+):    250   Score   1.95     -35 (214) ttgact >>> tatact -10 (244)
sigma24(+):    215   Score   1.98     -35 (179) ccattt >>> tcaaa -10 (208)

   Total:      3 promoter(s) predicted



>TSS_314_D39V_666460_-_235_None
   Length of Query sequence:       300
sigma70(+):    250   Score   1.94     -35 (211) gtgacc >>> tacaat -10 (244)
sigma24(+):    250   Score   1.72     -35 (218) tcatct >>> acaat -10 (244)
sigma38(+):    250   Score   1.93     -35 (211) gtgacc >>> tacaat -10 (244)
sigma32(+):    228   Score   1.94     -35 (194) tgcattc >>> accatcatct -10 (223)
sigma28(+):    226   Score   1.96     -35 (194) tgcattct >>> gaccatca -10 (220)

   Total:      5 promoter(s) predicted



>TSS_315_D39V_667417_-_223_SigA
   Length of Query sequence:       300
sigma38(+):    250   Score   1.91     -35 (209) cggatg >>> catgat -10 (242)
sigma70(+):    223   Score   1.94     -35 (189) tttcta >>> gatgat -10 (216)

   Total:      2 promoter(s) predicted



>TSS_316_D39V_667429_+_59_SigA
   Length of Query sequence:       300
sigma70(+):    250   Score   1.94     -35 (216) ttgaca >>> tacaat -10 (244)
sigma24(+):    250   Score   0.05     -35 (218) gacaaa >>> acaat -10 (244)
sigma38(+):    250   Score   1.89     -35 (216) ttgaca >>> tacaat -10 (244)
sigma32(+):    206   Score   1.90     -35 (171) taatctt >>> ttctccatct -10 (201)

   Total:      4 promoter(s) predicted



>TSS_317_D39V_668593_+_2979_None
   Length of Query sequence:       300
sigma38(+):    250   Score   1.93     -35 (213) tagaaa >>> tataat -10 (245)
sigma70(+):    239   Score   1.96     -35 (197) tcaaaa >>> taaacc -10 (230)
sigma24(+):    208   Score   1.96     -35 (179) gatcta >>> tcaaa -10 (201)

   Total:      3 promoter(s) predicted



>TSS_318_D39V_669376_+_882_SigA
   Length of Query sequence:       300
sigma70(+):    250   Score   1.94     -35 (216) ttgacc >>> tataat -10 (244)
sigma28(+):    250   Score   1.96     -35 (217) tgaccttt >>> tattataa -10 (243)
sigma38(+):    250   Score   1.95     -35 (216) ttgacc >>> tataat -10 (244)
sigma32(+):    245   Score   1.92     -35 (211) aaaattt >>> caagatatta -10 (240)
sigma24(+):    204   Score   1.64     -35 (168) aaagga >>> tctaa -10 (197)

   Total:      5 promoter(s) predicted



>TSS_319_D39V_670066_+_50_SigA
   Length of Query sequence:       300
sigma38(+):    226   Score   1.92     -35 (191) ttgaac >>> caaact -10 (218)
sigma70(+):    225   Score   1.91     -35 (191) ttgaac >>> caaact -10 (218)
sigma24(+):    222   Score   1.96     -35 (193) gaacta >>> gcaaa -10 (216)
sigma28(+):    215   Score   1.94     -35 (183) acaattca >>> gatgatag -10 (208)

   Total:      4 promoter(s) predicted



>TSS_320_D39V_670412_+_26_SigA
   Length of Query sequence:       300
sigma70(+):    250   Score   1.94     -35 (216) ttgaca >>> tatatt -10 (244)
sigma38(+):    249   Score   1.92     -35 (216) ttgaca >>> tatatt -10 (244)
sigma32(+):    248   Score   1.93     -35 (213) acattga >>> ttcggtatat -10 (243)
sigma28(+):    236   Score   1.95     -35 (198) aaaagttc >>> gacaattt -10 (225)
sigma24(+):    205   Score   1.70     -35 (176) gatagg >>> tcgaa -10 (198)

   Total:      5 promoter(s) predicted



>TSS_321_D39V_675565_+_123_SigA
   Length of Query sequence:       300
sigma70(+):    250   Score   1.97     -35 (216) ttgata >>> tataat -10 (244)
sigma28(+):    241   Score   1.95     -35 (208) gtaagcgt >>> tacaaaaa -10 (233)
sigma24(+):    238   Score   1.94     -35 (203) gaaatg >>> acaaa -10 (231)
sigma38(+):    233   Score   1.95     -35 (195) tcgaaa >>> tagatt -10 (225)

   Total:      4 promoter(s) predicted



>TSS_322_D39V_676333_+_1145_SigA
   Length of Query sequence:       300
sigma70(+):    250   Score   1.96     -35 (216) tggaaa >>> tataat -10 (244)
sigma38(+):    250   Score   1.94     -35 (216) tggaaa >>> tataat -10 (244)
sigma24(+):    248   Score   1.95     -35 (218) gaaaga >>> gctat -10 (241)
sigma28(+):    244   Score   1.97     -35 (205) agagcaaa >>> aatgataa -10 (231)

   Total:      4 promoter(s) predicted



>TSS_323_D39V_679303_+_49_SigA
   Length of Query sequence:       300
sigma70(+):    250   Score   1.97     -35 (217) tttaca >>> tataat -10 (244)
sigma38(+):    250   Score   1.96     -35 (217) tttaca >>> tataat -10 (244)
sigma28(+):    233   Score   1.89     -35 (201) ttttttta >>> tacaaaaa -10 (226)
sigma24(+):    231   Score   1.98     -35 (198) taattt >>> acaaa -10 (224)

   Total:      4 promoter(s) predicted



>TSS_324_D39V_682527_+_739_SigA
   Length of Query sequence:       300
sigma38(+):    250   Score   1.95     -35 (218) ctgtaa >>> tataat -10 (244)
sigma24(+):    228   Score   1.96     -35 (193) gaaata >>> actgt -10 (221)
sigma28(+):    213   Score   1.97     -35 (179) tagagaag >>> gcctaaat -10 (206)
sigma70(+):    209   Score   1.92     -35 (171) tttctt >>> tagcct -10 (202)

   Total:      4 promoter(s) predicted



>TSS_325_D39V_684007_+_3_SigA
   Length of Query sequence:       300
sigma28(+):    237   Score   1.97     -35 (205) tacattaa >>> tgcgatta -10 (231)
sigma70(+):    231   Score   1.96     -35 (196) ccgaaa >>> caaatt -10 (224)
sigma24(+):    229   Score   1.97     -35 (198) gaaaca >>> gcaaa -10 (222)
sigma32(+):    214   Score   1.93     -35 (179) agaacga >>> aacactacat -10 (209)
sigma38(+):    213   Score   1.94     -35 (173) tttatg >>> aacact -10 (205)

   Total:      5 promoter(s) predicted



>TSS_326_D39V_685822_+_646_None
   Length of Query sequence:       300
sigma38(+):    250   Score   1.92     -35 (213) tagtaa >>> tataat -10 (244)
sigma28(+):    248   Score   1.91     -35 (216) taaaccta >>> tatggtat -10 (241)
sigma70(+):    240   Score   1.96     -35 (206) cagaat >>> taaaat -10 (233)
sigma32(+):    231   Score   1.94     -35 (195) agataga >>> aaacctagaa -10 (226)
sigma24(+):    216   Score   1.87     -35 (187) gaataa >>> acaga -10 (209)

   Total:      5 promoter(s) predicted



>TSS_327_D39V_688004_+_1970_SigA
   Length of Query sequence:       300
sigma70(+):    250   Score   1.93     -35 (216) ttgaaa >>> tatcat -10 (244)
sigma38(+):    250   Score   1.96     -35 (216) ttgaaa >>> tatcat -10 (244)
sigma28(+):    220   Score   1.86     -35 (189) tgatttcc >>> gcaaaaaa -10 (214)
sigma24(+):    210   Score   1.97     -35 (176) gaaagt >>> tctat -10 (204)
sigma32(+):    207   Score   1.95     -35 (171) tattaga >>> ttccttatct -10 (202)

   Total:      5 promoter(s) predicted



>TSS_328_D39V_688763_+_653_None
   Length of Query sequence:       300
sigma70(+):    247   Score   1.96     -35 (210) gagaaa >>> tatggt -10 (240)
sigma38(+):    243   Score   1.92     -35 (205) tttatg >>> aattat -10 (237)
sigma24(+):    230   Score   1.97     -35 (200) tcattt >>> gctaa -10 (223)
sigma28(+):    221   Score   1.96     -35 (188) gtcagact >>> tatgagaa -10 (214)
sigma32(+):    203   Score   1.92     -35 (164) ataagat >>> atcgtcagac -10 (194)

   Total:      5 promoter(s) predicted



>TSS_329_D39V_693323_-_126_SigA
   Length of Query sequence:       300
sigma70(+):    250   Score   1.94     -35 (216) ttgaaa >>> tacaat -10 (244)
sigma38(+):    250   Score   1.95     -35 (216) ttgaaa >>> tacaat -10 (244)
sigma24(+):    239   Score   1.97     -35 (203) aaacta >>> tcctt -10 (232)
sigma32(+):    233   Score   1.95     -35 (197) ttctgta >>> aaatccactt -10 (228)
sigma28(+):    220   Score   1.96     -35 (189) taagccag >>> actaatat -10 (215)

   Total:      5 promoter(s) predicted



>TSS_330_D39V_694317_-_4_None
   Length of Query sequence:       300
sigma70(+):    234   Score   1.96     -35 (201) cttgac >>> taaagt -10 (227)
sigma24(+):    231   Score   1.98     -35 (198) aaactt >>> tctta -10 (223)
sigma28(+):    221   Score   1.97     -35 (189) tcaagaaa >>> gactataa -10 (215)
sigma38(+):    219   Score   1.96     -35 (179) ctggca >>> cagact -10 (211)

   Total:      4 promoter(s) predicted



>TSS_331_D39V_694409_+_12_SigA
   Length of Query sequence:       300
sigma38(+):    249   Score   1.95     -35 (218) ttgaca >>> tataat -10 (245)
sigma28(+):    242   Score   1.94     -35 (207) aagttttt >>> gccagaaa -10 (234)
sigma24(+):    212   Score   1.98     -35 (178) taaata >>> tctgt -10 (205)
sigma70(+):    208   Score   1.96     -35 (174) tttcta >>> tatagt -10 (201)

   Total:      4 promoter(s) predicted



>TSS_333_D39V_695534_+_250_SigA
   Length of Query sequence:       300
sigma70(+):    250   Score   1.97     -35 (217) gagaaa >>> taaaat -10 (243)
sigma28(+):    246   Score   1.89     -35 (215) ttgagaaa >>> cgtgataa -10 (240)
sigma38(+):    235   Score   1.85     -35 (197) ttgtcc >>> aatcct -10 (227)
sigma24(+):    219   Score   1.95     -35 (184) gaaagt >>> tccaa -10 (213)
sigma32(+):    213   Score   1.93     -35 (179) gaaggga >>> gtccccttcc -10 (208)

   Total:      5 promoter(s) predicted



>TSS_334_D39V_698345_-_82_None
   Length of Query sequence:       300
sigma38(+):    250   Score   1.95     -35 (216) ttgtag >>> tataat -10 (244)
sigma70(+):    241   Score   1.94     -35 (201) tttatt >>> gaaaat -10 (234)
sigma28(+):    240   Score   1.93     -35 (208) gtaaaatc >>> taggaaaa -10 (233)

   Total:      3 promoter(s) predicted



>TSS_335_D39V_698401_-_curated_None
   Length of Query sequence:       300
sigma38(+):    240   Score   1.94     -35 (204) tcgatt >>> catttt -10 (232)
sigma70(+):    239   Score   1.94     -35 (204) tcgatt >>> catttt -10 (232)
sigma24(+):    221   Score   0.98     -35 (191) caacaa >>> tcaaa -10 (214)

   Total:      3 promoter(s) predicted



>TSS_336_D39V_699404_-_924_SigA
   Length of Query sequence:       300
sigma38(+):    249   Score   1.95     -35 (216) ttgaca >>> tataat -10 (243)
sigma28(+):    241   Score   1.91     -35 (209) aaaatggt >>> tcctatat -10 (234)
sigma24(+):    238   Score   1.95     -35 (208) aaaaat >>> tccta -10 (231)
sigma70(+):    207   Score   1.96     -35 (170) gaaaat >>> tacctt -10 (200)

   Total:      4 promoter(s) predicted



>TSS_337_D39V_700968_-_1330_None
   Length of Query sequence:       300
sigma70(+):    250   Score   1.97     -35 (216) ttgcaa >>> taaaat -10 (244)
sigma24(+):    229   Score   1.96     -35 (193) aatttt >>> gcaat -10 (222)
sigma38(+):    206   Score   1.95     -35 (167) ttgact >>> aatttt -10 (198)

   Total:      3 promoter(s) predicted



>TSS_338_D39V_701072_+_104_SigA
   Length of Query sequence:       300
sigma70(+):    244   Score   1.96     -35 (204) ttgcaa >>> gatagt -10 (237)
sigma28(+):    232   Score   1.97     -35 (198) aaaaaatt >>> gccaaata -10 (225)
sigma24(+):    217   Score   1.98     -35 (181) aaaaat >>> gcaaa -10 (210)
sigma32(+):    204   Score   1.95     -35 (170) gatttga >>> ctacgcacaa -10 (199)
sigma38(+):    204   Score   1.96     -35 (168) ttgatt >>> tacgca -10 (196)

   Total:      5 promoter(s) predicted



>TSS_339_D39V_701157_+_93_SigA
   Length of Query sequence:       300
sigma38(+):    250   Score   1.95     -35 (216) ttgttt >>> tataat -10 (244)
sigma28(+):    243   Score   1.97     -35 (207) tgaactgt >>> gagggaaa -10 (233)
sigma24(+):    221   Score   1.95     -35 (190) gaacga >>> actgt -10 (214)
sigma70(+):    206   Score   1.96     -35 (173) cagaaa >>> gattgt -10 (199)

   Total:      4 promoter(s) predicted



>TSS_340_D39V_704415_+_67_SigA
   Length of Query sequence:       300
sigma70(+):    250   Score   1.91     -35 (218) tcgaaa >>> tataat -10 (245)
sigma28(+):    249   Score   1.86     -35 (217) atcgaaat >>> tgtgatat -10 (242)
sigma38(+):    243   Score   1.81     -35 (206) tggatt >>> aaaaat -10 (235)
sigma32(+):    225   Score   1.95     -35 (190) ctatctt >>> ttccctatcg -10 (220)

   Total:      4 promoter(s) predicted



>TSS_341_D39V_706738_+_156_SigA
   Length of Query sequence:       300
sigma70(+):    250   Score   1.94     -35 (216) tttaca >>> tatact -10 (244)
sigma38(+):    250   Score   1.90     -35 (216) tttaca >>> tatact -10 (244)
sigma24(+):    230   Score   1.84     -35 (195) gaagag >>> acaaa -10 (223)
sigma32(+):    217   Score   1.82     -35 (181) ttgaaga >>> ttaactatta -10 (212)

   Total:      4 promoter(s) predicted



>TSS_342_D39V_707965_+_123_None
   Length of Query sequence:       300
sigma70(+):    250   Score   1.96     -35 (217) ccgttg >>> tataat -10 (244)
sigma32(+):    227   Score   1.94     -35 (191) aaatgga >>> aaagccgttg -10 (222)
sigma24(+):    220   Score   1.88     -35 (190) aaaatg >>> tcaaa -10 (213)
sigma38(+):    217   Score   1.94     -35 (179) tttaag >>> tacagt -10 (209)

   Total:      4 promoter(s) predicted



>TSS_343_D39V_708303_+_3_None
   Length of Query sequence:       300
sigma38(+):    246   Score   1.94     -35 (206) tttacc >>> tatatt -10 (238)
sigma24(+):    235   Score   1.97     -35 (203) gaattt >>> tctaa -10 (228)
sigma70(+):    231   Score   1.96     -35 (193) tcgcat >>> gatttt -10 (223)
sigma32(+):    225   Score   1.93     -35 (185) tgtggca >>> ttacctattt -10 (216)

   Total:      4 promoter(s) predicted



>TSS_344_D39V_708576_+_3_None
   Length of Query sequence:       300
sigma32(+):    222   Score   1.90     -35 (186) agctaca >>> tactccagga -10 (217)
sigma38(+):    202   Score   1.95     -35 (167) cagccg >>> tacaat -10 (194)
sigma70(+):    201   Score   1.97     -35 (161) gtcaag >>> tacaat -10 (194)

   Total:      3 promoter(s) predicted



>TSS_345_D39V_708994_+_66_None
   Length of Query sequence:       300
sigma32(+):    225   Score   1.95     -35 (191) atgtaaa >>> aaagccgttt -10 (221)
sigma24(+):    218   Score   1.98     -35 (187) gaagat >>> tcaaa -10 (212)
sigma38(+):    216   Score   1.95     -35 (182) tagaag >>> cacagt -10 (208)
sigma70(+):    206   Score   1.97     -35 (172) ttgccg >>> taaata -10 (199)
sigma28(+):    201   Score   1.97     -35 (164) ggaataat >>> gaagaaga -10 (191)

   Total:      5 promoter(s) predicted



>TSS_346_D39V_711185_+_13_SigA
   Length of Query sequence:       300
sigma70(+):    250   Score   1.97     -35 (217) ttgaac >>> tataat -10 (243)
sigma38(+):    249   Score   1.94     -35 (217) ttgaac >>> tataat -10 (243)
sigma28(+):    239   Score   1.97     -35 (206) ttatgaag >>> gaggaaat -10 (232)
sigma32(+):    216   Score   1.94     -35 (180) tttttag >>> aaccttatga -10 (211)
sigma24(+):    209   Score   1.97     -35 (177) gaattt >>> tctga -10 (202)

   Total:      5 promoter(s) predicted



>TSS_347_D39V_712579_+_549_None
   Length of Query sequence:       300
sigma38(+):    250   Score   1.94     -35 (217) tttttt >>> tataat -10 (244)
sigma24(+):    233   Score   1.96     -35 (199) gaaatc >>> tctca -10 (226)
sigma32(+):    216   Score   1.89     -35 (181) agaagga >>> atcgctgtcc -10 (211)
sigma70(+):    201   Score   1.97     -35 (163) taccca >>> gaaagt -10 (194)

   Total:      4 promoter(s) predicted



>TSS_348_D39V_715262_+_2009_CiaR
   Length of Query sequence:       300
sigma38(+):    250   Score   1.95     -35 (212) gttgag >>> tataat -10 (244)
sigma70(+):    241   Score   1.96     -35 (205) gcagag >>> caaatt -10 (235)
sigma32(+):    203   Score   1.94     -35 (165) gcctaaa >>> tcagctatct -10 (194)
sigma24(+):    203   Score   1.91     -35 (169) aaaata >>> tctca -10 (196)

   Total:      4 promoter(s) predicted



>TSS_349_D39V_717619_-_3658_None
   Length of Query sequence:       300
sigma70(+):    250   Score   1.96     -35 (211) ctgtaa >>> taaaat -10 (244)
sigma28(+):    227   Score   1.88     -35 (194) ttcttttt >>> tgtaataa -10 (219)
sigma38(+):    226   Score   1.95     -35 (190) tttatt >>> aataat -10 (220)
sigma24(+):    206   Score   1.91     -35 (174) gaaaat >>> tcttt -10 (199)

   Total:      4 promoter(s) predicted



>TSS_350_D39V_717739_+_1467_None
   Length of Query sequence:       300
sigma38(+):    249   Score   1.95     -35 (215) tggctg >>> tataat -10 (243)
sigma24(+):    218   Score   1.96     -35 (186) gaataa >>> tcaaa -10 (211)
sigma70(+):    201   Score   1.96     -35 (166) ttacag >>> taaagt -10 (194)

   Total:      3 promoter(s) predicted



>TSS_351_D39V_718867_+_372_SigA
   Length of Query sequence:       300
sigma70(+):    250   Score   1.91     -35 (215) gtgcca >>> tataat -10 (243)
sigma38(+):    249   Score   1.95     -35 (215) gtgcca >>> tataat -10 (243)
sigma24(+):    228   Score   1.97     -35 (194) aaaatt >>> gccaa -10 (221)

   Total:      3 promoter(s) predicted



>TSS_352_D39V_723228_+_357_None
   Length of Query sequence:       300
sigma38(+):    250   Score   1.94     -35 (215) tcgctt >>> tataat -10 (243)
sigma70(+):    249   Score   1.94     -35 (215) tcgctt >>> tataat -10 (243)
sigma24(+):    247   Score   1.95     -35 (217) gctttt >>> gctat -10 (240)
sigma32(+):    228   Score   1.94     -35 (192) atgtgga >>> atcgcttttt -10 (223)

   Total:      4 promoter(s) predicted



>TSS_353_D39V_725805_+_105_None
   Length of Query sequence:       300
sigma70(+):    250   Score   1.94     -35 (216) ttccct >>> tataat -10 (244)
sigma38(+):    250   Score   1.93     -35 (216) ttccct >>> tataat -10 (244)
sigma28(+):    238   Score   1.94     -35 (205) gggagaag >>> tctaaaaa -10 (232)
sigma24(+):    236   Score   1.95     -35 (200) aaatag >>> tctaa -10 (229)

   Total:      4 promoter(s) predicted



>TSS_354_D39V_730202_-_4715_None
   Length of Query sequence:       300
sigma70(+):    250   Score   1.96     -35 (218) gcgact >>> tataat -10 (244)
sigma38(+):    250   Score   1.94     -35 (218) gcgact >>> tataat -10 (244)
sigma24(+):    239   Score   1.92     -35 (210) taaatc >>> tcaaa -10 (232)
sigma32(+):    234   Score   1.93     -35 (200) tcattga >>> gactctattc -10 (229)
sigma28(+):    220   Score   1.89     -35 (187) tgctcttt >>> gagtataa -10 (212)

   Total:      5 promoter(s) predicted



>TSS_355_D39V_730880_+_51_None
   Length of Query sequence:       300
sigma28(+):    231   Score   1.59     -35 (196) ttattatt >>> accaaaaa -10 (223)
sigma32(+):    227   Score   1.95     -35 (193) tcgttat >>> tgaaccaaaa -10 (222)
sigma70(+):    220   Score   1.96     -35 (184) tatcta >>> taaaat -10 (213)
sigma38(+):    210   Score   1.95     -35 (169) ttgcat >>> tattat -10 (202)
sigma24(+):    204   Score   1.93     -35 (171) gcattt >>> tcgtt -10 (197)

   Total:      5 promoter(s) predicted



>TSS_356_D39V_734255_-_141_SigA
   Length of Query sequence:       300
sigma70(+):    250   Score   1.95     -35 (217) ttgctt >>> tataat -10 (244)
sigma38(+):    250   Score   1.96     -35 (212) tttact >>> tataat -10 (244)
sigma32(+):    239   Score   1.94     -35 (205) caatctt >>> caccccaatc -10 (234)
sigma24(+):    207   Score   1.97     -35 (173) aaaatt >>> tcaaa -10 (200)

   Total:      4 promoter(s) predicted



>TSS_357_D39V_734675_-_6046_SigA
   Length of Query sequence:       300
sigma70(+):    217   Score   1.97     -35 (183) tagcag >>> tagttt -10 (210)
sigma24(+):    213   Score   1.98     -35 (179) aaacta >>> tctta -10 (206)
sigma38(+):    213   Score   1.96     -35 (176) tttaaa >>> aaatct -10 (204)
sigma28(+):    202   Score   1.97     -35 (167) ttaaaaat >>> gcagaatt -10 (192)

   Total:      4 promoter(s) predicted



>TSS_358_D39V_734813_+_449_SigA
   Length of Query sequence:       300
sigma70(+):    250   Score   1.97     -35 (215) tttaaa >>> tataat -10 (244)
sigma38(+):    250   Score   1.96     -35 (215) tttaaa >>> tataat -10 (244)
sigma24(+):    239   Score   1.98     -35 (210) aaaaat >>> tcaaa -10 (232)
sigma28(+):    220   Score   1.96     -35 (186) aaagattt >>> gataaaaa -10 (213)

   Total:      4 promoter(s) predicted



>TSS_359_D39V_736387_+_35_SigA
   Length of Query sequence:       300
sigma24(+):    240   Score   1.91     -35 (206) gaaaga >>> gcagt -10 (233)
sigma32(+):    236   Score   1.93     -35 (200) acctagg >>> ggcactagca -10 (231)
sigma38(+):    211   Score   1.95     -35 (176) cttata >>> taacct -10 (203)
sigma28(+):    208   Score   1.91     -35 (174) ttcttata >>> taggataa -10 (200)
sigma70(+):    206   Score   1.91     -35 (172) ttttct >>> taggat -10 (198)

   Total:      5 promoter(s) predicted



>TSS_360_D39V_737397_+_34_None
   Length of Query sequence:       300
sigma38(+):    247   Score   1.95     -35 (206) ttacaa >>> tattgt -10 (239)
sigma24(+):    219   Score   1.98     -35 (189) aaattt >>> acaaa -10 (212)
sigma28(+):    215   Score   1.97     -35 (181) tgaatatt >>> taagatta -10 (208)
sigma70(+):    213   Score   1.96     -35 (175) cagaaa >>> taagat -10 (206)
sigma32(+):    208   Score   1.94     -35 (173) ggcagaa >>> ttagatataa -10 (203)

   Total:      5 promoter(s) predicted



>TSS_361_D39V_738361_+_4_SigA
   Length of Query sequence:       300
sigma38(+):    250   Score   1.95     -35 (216) ttgaaa >>> taaact -10 (244)
sigma70(+):    220   Score   1.96     -35 (180) cagata >>> tatgat -10 (213)
sigma24(+):    210   Score   1.98     -35 (178) gacaga >>> tctta -10 (204)

   Total:      3 promoter(s) predicted



>TSS_362_D39V_738544_+_4110_SigA
   Length of Query sequence:       300
sigma24(+):    237   Score   1.94     -35 (204) gatgtt >>> gcggt -10 (230)
sigma38(+):    210   Score   1.95     -35 (172) tttaaa >>> tagatt -10 (202)
sigma70(+):    209   Score   1.97     -35 (172) tttaaa >>> tagatt -10 (202)
sigma28(+):    201   Score   1.96     -35 (167) atattttt >>> gatgaaaa -10 (193)

   Total:      4 promoter(s) predicted



>TSS_363_D39V_746064_-_7630_SigA
   Length of Query sequence:       300
sigma38(+):    250   Score   1.95     -35 (216) ttgtca >>> tataat -10 (244)
sigma24(+):    230   Score   1.97     -35 (201) aaaaat >>> tcaaa -10 (223)
sigma70(+):    218   Score   1.97     -35 (183) tcgatg >>> taattt -10 (211)
sigma28(+):    202   Score   1.97     -35 (165) aaagcaag >>> gatgaaat -10 (192)

   Total:      4 promoter(s) predicted



>TSS_364_D39V_747048_-_78_CcpA
   Length of Query sequence:       300
sigma28(+):    250   Score   1.93     -35 (218) tttatttt >>> tatggtat -10 (243)
sigma70(+):    248   Score   1.96     -35 (214) ccgctt >>> tatggt -10 (241)
sigma38(+):    214   Score   1.96     -35 (176) cttata >>> cacatt -10 (206)
sigma32(+):    212   Score   1.95     -35 (177) ttatact >>> taccacattc -10 (207)
sigma24(+):    206   Score   1.98     -35 (173) tcactt >>> actta -10 (199)

   Total:      5 promoter(s) predicted



>TSS_365_D39V_747378_+_2_None
   Length of Query sequence:       300
sigma38(+):    249   Score   1.94     -35 (215) tttact >>> tattgt -10 (243)
sigma32(+):    215   Score   1.95     -35 (181) taatggt >>> aaacctatta -10 (210)
sigma70(+):    201   Score   1.96     -35 (168) gagcca >>> gatgct -10 (194)

   Total:      3 promoter(s) predicted



>TSS_366_D39V_747872_+_723_SigA
   Length of Query sequence:       300
sigma38(+):    250   Score   1.95     -35 (215) tttaca >>> taaaat -10 (244)
sigma28(+):    247   Score   1.89     -35 (216) ttacaatt >>> tatggtaa -10 (241)
sigma70(+):    246   Score   1.96     -35 (206) tgtaaa >>> tatggt -10 (239)
sigma24(+):    239   Score   1.89     -35 (209) aaacga >>> tcaaa -10 (232)

   Total:      4 promoter(s) predicted



>TSS_367_D39V_749695_+_94_None
   Length of Query sequence:       300
sigma38(+):    249   Score   1.94     -35 (215) gttaca >>> taaaat -10 (243)
sigma70(+):    241   Score   1.96     -35 (201) ttccac >>> aaaaat -10 (233)
sigma24(+):    235   Score   1.98     -35 (203) ccacct >>> tccaa -10 (229)
sigma28(+):    205   Score   1.95     -35 (171) ttgttgca >>> aatgaaaa -10 (198)
sigma32(+):    202   Score   1.95     -35 (163) gggtgaa >>> atacacaaat -10 (193)

   Total:      5 promoter(s) predicted



>TSS_368_D39V_756029_+_11_None
   Length of Query sequence:       300
sigma28(+):    240   Score   1.92     -35 (207) ttaactgg >>> caggaaaa -10 (233)
sigma24(+):    229   Score   1.86     -35 (199) gatact >>> gcaca -10 (222)
sigma38(+):    209   Score   1.93     -35 (174) ttgaat >>> tacgat -10 (201)
sigma70(+):    208   Score   1.92     -35 (174) ttgaat >>> tacgat -10 (201)

   Total:      4 promoter(s) predicted



>TSS_369_D39V_757739_-_229_None
   Length of Query sequence:       300
sigma70(+):    250   Score   1.96     -35 (215) ctgctt >>> tataat -10 (244)
sigma38(+):    250   Score   1.95     -35 (215) ctgctt >>> tataat -10 (244)
sigma28(+):    248   Score   1.89     -35 (216) tgcttttc >>> catgatat -10 (241)
sigma32(+):    214   Score   1.90     -35 (179) ttctttc >>> ttcagcagag -10 (209)
sigma24(+):    206   Score   1.06     -35 (172) aaaatt >>> acaat -10 (199)

   Total:      5 promoter(s) predicted



>TSS_370_D39V_757852_+_453_SigA
   Length of Query sequence:       300
sigma70(+):    231   Score   1.96     -35 (191) ttgtca >>> caaaat -10 (224)
sigma38(+):    222   Score   1.89     -35 (185) ctgaaa >>> aaaaat -10 (214)
sigma24(+):    205   Score   1.93     -35 (176) gaatct >>> tcaca -10 (198)
sigma28(+):    201   Score   1.74     -35 (166) gaaaagca >>> gctgaaat -10 (191)

   Total:      4 promoter(s) predicted



>TSS_371_D39V_762810_+_608_CodY
   Length of Query sequence:       300
sigma38(+):    235   Score   1.96     -35 (198) ctgaaa >>> tatttt -10 (227)
sigma70(+):    234   Score   1.97     -35 (198) ctgaaa >>> tatttt -10 (227)
sigma24(+):    231   Score   1.98     -35 (201) aaaatt >>> gctat -10 (224)
sigma28(+):    211   Score   1.56     -35 (179) tttttatt >>> tctgaaaa -10 (204)

   Total:      4 promoter(s) predicted



>TSS_372_D39V_764760_+_3_None
   Length of Query sequence:       300
sigma70(+):    250   Score   1.96     -35 (211) ttgttg >>> tacaat -10 (244)
sigma38(+):    250   Score   1.95     -35 (211) ttgttg >>> tacaat -10 (244)
sigma24(+):    219   Score   1.91     -35 (184) ggatta >>> tcatt -10 (212)

   Total:      3 promoter(s) predicted



>TSS_373_D39V_767105_+_3957_None
   Length of Query sequence:       300
sigma38(+):    232   Score   1.95     -35 (197) ctgata >>> tagttt -10 (224)
sigma70(+):    215   Score   1.94     -35 (181) tctata >>> tagagt -10 (208)
sigma28(+):    211   Score   1.96     -35 (176) aaaactct >>> cctgatat -10 (203)
sigma24(+):    202   Score   1.95     -35 (164) ggttgt >>> tcaga -10 (191)

   Total:      4 promoter(s) predicted



>TSS_374_D39V_767390_+_138_None
   Length of Query sequence:       300
sigma38(+):    250   Score   1.96     -35 (217) ttgttt >>> tataat -10 (245)
sigma28(+):    249   Score   1.96     -35 (217) ttgttttt >>> catgatat -10 (242)
sigma70(+):    219   Score   1.97     -35 (184) ttgatt >>> caaaat -10 (211)
sigma24(+):    216   Score   1.97     -35 (180) aatttt >>> gcaaa -10 (209)

   Total:      4 promoter(s) predicted



>TSS_375_D39V_767527_+_12_None
   Length of Query sequence:       300
sigma24(+):    220   Score   1.88     -35 (190) gaatcc >>> tcatt -10 (213)
sigma32(+):    206   Score   1.92     -35 (170) tccttcg >>> atccctctct -10 (201)

   Total:      2 promoter(s) predicted



>TSS_376_D39V_767609_+_3_None
   Length of Query sequence:       300
sigma38(+):    249   Score   1.81     -35 (210) taggta >>> tatctt -10 (243)
sigma70(+):    246   Score   1.96     -35 (206) ttctta >>> caaaat -10 (238)
sigma24(+):    243   Score   1.97     -35 (214) taataa >>> gcaaa -10 (236)
sigma28(+):    226   Score   1.95     -35 (192) tccagcta >>> ggtaataa -10 (219)
sigma32(+):    212   Score   1.89     -35 (177) atgcgtt >>> taccccagtt -10 (207)

   Total:      5 promoter(s) predicted



>TSS_378_D39V_770583_+_467_SigA
   Length of Query sequence:       300
sigma38(+):    250   Score   1.95     -35 (212) tttctt >>> tataat -10 (244)
sigma24(+):    232   Score   1.95     -35 (200) aaacaa >>> tctct -10 (225)
sigma70(+):    220   Score   1.96     -35 (180) cccaaa >>> gatttt -10 (213)

   Total:      3 promoter(s) predicted



>TSS_379_D39V_772763_+_220_None
   Length of Query sequence:       300
sigma70(+):    250   Score   1.96     -35 (212) gaggaa >>> tacaat -10 (244)
sigma38(+):    250   Score   1.89     -35 (212) gaggaa >>> tacaat -10 (244)
sigma28(+):    248   Score   1.97     -35 (214) ggaagact >>> catgatac -10 (241)
sigma24(+):    230   Score   1.42     -35 (199) taaagt >>> actaa -10 (223)

   Total:      4 promoter(s) predicted



>TSS_380_D39V_773016_+_2585_None
   Length of Query sequence:       300
sigma70(+):    250   Score   1.96     -35 (213) tcaaag >>> tatact -10 (244)
sigma38(+):    250   Score   1.87     -35 (213) tcaaag >>> tatact -10 (244)
sigma24(+):    218   Score   1.79     -35 (183) gaaaga >>> acaaa -10 (211)
sigma28(+):    217   Score   1.95     -35 (183) gaaagact >>> ccagacaa -10 (210)
sigma32(+):    217   Score   1.94     -35 (182) ggaaaga >>> ccagacaaaa -10 (212)

   Total:      5 promoter(s) predicted



>TSS_381_D39V_779740_-_103_None
   Length of Query sequence:       300
sigma28(+):    248   Score   1.97     -35 (214) gcaagaat >>> tatgatag -10 (241)
sigma70(+):    219   Score   1.96     -35 (183) tttcaa >>> tattaa -10 (212)
sigma38(+):    217   Score   1.95     -35 (183) tttcaa >>> aattat -10 (209)
sigma24(+):    201   Score   1.98     -35 (164) tcactt >>> tcaaa -10 (189)

   Total:      4 promoter(s) predicted



>TSS_382_D39V_779826_+_curated_None
   Length of Query sequence:       300
sigma38(+):    233   Score   1.96     -35 (199) ttgctt >>> taagct -10 (225)
sigma70(+):    232   Score   1.96     -35 (199) ttgctt >>> taagct -10 (225)
sigma28(+):    229   Score   1.93     -35 (196) ttcttgct >>> tctgttaa -10 (222)
sigma24(+):    226   Score   1.98     -35 (190) aaaata >>> tctgt -10 (219)

   Total:      4 promoter(s) predicted



>TSS_383_D39V_781585_+_5038_SigA
   Length of Query sequence:       300
sigma70(+):    250   Score   1.92     -35 (216) ttgcat >>> tataat -10 (244)
sigma38(+):    250   Score   1.96     -35 (216) ttgcat >>> tataat -10 (244)
sigma24(+):    202   Score   1.55     -35 (173) taaatt >>> tcttt -10 (195)

   Total:      3 promoter(s) predicted



>TSS_384_D39V_782221_-_184_None
   Length of Query sequence:       300
sigma38(+):    250   Score   1.95     -35 (216) ttgcaa >>> tagact -10 (244)
sigma70(+):    217   Score   1.96     -35 (177) tttcaa >>> tagaat -10 (210)
sigma24(+):    207   Score   1.96     -35 (175) tctttc >>> tctta -10 (200)
sigma32(+):    201   Score   1.94     -35 (162) tttttta >>> aaatctatca -10 (191)

   Total:      4 promoter(s) predicted



>TSS_385_D39V_782349_+_552_SigA
   Length of Query sequence:       300
sigma70(+):    245   Score   1.96     -35 (206) taaaaa >>> tatgat -10 (238)
sigma24(+):    233   Score   1.98     -35 (198) gaaaat >>> tcaaa -10 (226)
sigma38(+):    224   Score   1.91     -35 (186) tagatt >>> aatgct -10 (216)
sigma28(+):    212   Score   1.97     -35 (179) aaaatgat >>> gaaaatga -10 (205)

   Total:      4 promoter(s) predicted



>TSS_386_D39V_786057_+_335_SigA
   Length of Query sequence:       300
sigma38(+):    250   Score   1.95     -35 (214) ttcccg >>> tataat -10 (244)
sigma28(+):    248   Score   1.97     -35 (215) tcccgaaa >>> tatggtat -10 (241)
sigma70(+):    246   Score   1.92     -35 (207) ttttct >>> tatggt -10 (239)
sigma24(+):    222   Score   1.83     -35 (189) gaccgt >>> tctct -10 (214)

   Total:      4 promoter(s) predicted



>TSS_387_D39V_788851_-_797_SigA
   Length of Query sequence:       300
sigma70(+):    250   Score   1.97     -35 (212) tttaag >>> tataat -10 (243)
sigma28(+):    249   Score   1.95     -35 (215) aagatttt >>> gagtataa -10 (242)
sigma38(+):    249   Score   1.93     -35 (212) tttaag >>> tataat -10 (243)
sigma24(+):    243   Score   1.95     -35 (214) taagat >>> acaga -10 (236)
sigma32(+):    202   Score   1.94     -35 (162) tattgta >>> tgcgacaaga -10 (193)

   Total:      5 promoter(s) predicted



>TSS_388_D39V_788946_+_414_SigA
   Length of Query sequence:       300
sigma28(+):    248   Score   1.94     -35 (216) ttgtcgca >>> catgatac -10 (241)
sigma32(+):    238   Score   1.95     -35 (204) aatttcc >>> agctccgttt -10 (233)
sigma38(+):    235   Score   1.95     -35 (200) gagaaa >>> caagct -10 (227)
sigma24(+):    230   Score   1.97     -35 (194) aaaaaa >>> tcgca -10 (223)
sigma70(+):    214   Score   1.97     -35 (179) tttaaa >>> gaaatt -10 (207)

   Total:      5 promoter(s) predicted



>TSS_389_D39V_791441_+_17_None
   Length of Query sequence:       300
sigma28(+):    249   Score   1.97     -35 (215) aaactaac >>> tatgatat -10 (242)
sigma70(+):    223   Score   1.96     -35 (189) tagttt >>> taaaaa -10 (216)
sigma38(+):    222   Score   1.95     -35 (188) ttagtt >>> taaaaa -10 (216)
sigma24(+):    210   Score   1.98     -35 (180) aaaaaa >>> tctaa -10 (203)

   Total:      4 promoter(s) predicted



>TSS_390_D39V_794707_+_127_CiaR
   Length of Query sequence:       300
sigma38(+):    250   Score   1.95     -35 (216) ttgaag >>> taaaat -10 (244)
sigma24(+):    245   Score   1.70     -35 (213) taattg >>> tctga -10 (238)
sigma70(+):    230   Score   1.94     -35 (195) gtgacg >>> gaagct -10 (223)
sigma28(+):    211   Score   1.94     -35 (177) agagtata >>> gacgcata -10 (204)
sigma32(+):    210   Score   1.93     -35 (176) aagagta >>> tgacgcatag -10 (205)

   Total:      5 promoter(s) predicted



>TSS_391_D39V_796912_+_74_None
   Length of Query sequence:       300
sigma70(+):    250   Score   1.96     -35 (215) gtggag >>> tataat -10 (244)
sigma38(+):    244   Score   1.96     -35 (206) tataaa >>> aaattt -10 (236)
sigma28(+):    239   Score   1.96     -35 (208) taaaagtg >>> gcttgaaa -10 (233)
sigma24(+):    215   Score   1.96     -35 (179) aaattt >>> gctat -10 (208)
sigma32(+):    215   Score   1.95     -35 (181) attttca >>> atagctataa -10 (210)

   Total:      5 promoter(s) predicted



>TSS_392_D39V_800551_+_5_None
   Length of Query sequence:       300
sigma24(+):    240   Score   1.92     -35 (207) aaacaa >>> tcaat -10 (233)
sigma28(+):    221   Score   1.96     -35 (189) tgatttta >>> aacaaaaa -10 (215)
sigma70(+):    217   Score   1.96     -35 (180) gagcta >>> tagaaa -10 (208)
sigma32(+):    201   Score   1.67     -35 (157) tgttgat >>> agagctactt -10 (188)
sigma38(+):    201   Score   1.94     -35 (159) ttgatc >>> tacttt -10 (189)

   Total:      5 promoter(s) predicted



>TSS_393_D39V_803660_-_4_None
   Length of Query sequence:       300
sigma24(+):    238   Score   1.95     -35 (206) gaagtt >>> gcttt -10 (231)
sigma38(+):    225   Score   1.96     -35 (189) ttggat >>> aacaat -10 (217)
sigma70(+):    223   Score   1.97     -35 (185) tttatt >>> taacaa -10 (216)

   Total:      3 promoter(s) predicted



>TSS_394_D39V_803957_+_348_None
   Length of Query sequence:       300
sigma70(+):    250   Score   1.96     -35 (213) gagaag >>> tataat -10 (244)
sigma38(+):    250   Score   1.96     -35 (213) gagaag >>> tataat -10 (244)
sigma28(+):    241   Score   1.97     -35 (209) tcaagaga >>> ggtgaaaa -10 (235)
sigma32(+):    229   Score   1.95     -35 (195) tgatgaa >>> gaagccattt -10 (224)
sigma24(+):    203   Score   1.98     -35 (172) gaatag >>> gctga -10 (197)

   Total:      5 promoter(s) predicted



>TSS_395_D39V_807133_+_1099_CcpA
   Length of Query sequence:       300
sigma38(+):    250   Score   1.94     -35 (213) tagaag >>> tataat -10 (244)
sigma28(+):    248   Score   1.97     -35 (214) agaagaat >>> tgtgatat -10 (241)
sigma24(+):    239   Score   1.97     -35 (209) aaaata >>> tcaaa -10 (233)
sigma70(+):    236   Score   1.96     -35 (197) ctaaaa >>> taaaat -10 (229)
sigma32(+):    207   Score   1.95     -35 (172) aaatcgt >>> atcgctaaaa -10 (202)

   Total:      5 promoter(s) predicted



>TSS_396_D39V_808187_+_3_None
   Length of Query sequence:       300
sigma38(+):    247   Score   1.95     -35 (208) tatcta >>> taattt -10 (239)
sigma24(+):    242   Score   1.90     -35 (208) tatcta >>> tcata -10 (235)
sigma70(+):    210   Score   1.96     -35 (174) gtggtt >>> gatatt -10 (203)
sigma32(+):    209   Score   1.91     -35 (175) tggttaa >>> gccgatattg -10 (204)

   Total:      4 promoter(s) predicted



>TSS_397_D39V_811416_+_14_SigA
   Length of Query sequence:       300
sigma28(+):    250   Score   1.86     -35 (218) gacagagc >>> tactataa -10 (243)
sigma38(+):    250   Score   1.95     -35 (216) ttgaca >>> tataat -10 (244)
sigma24(+):    244   Score   1.98     -35 (208) aaaatt >>> gccta -10 (237)
sigma70(+):    217   Score   1.96     -35 (182) tgaaaa >>> taaaaa -10 (210)

   Total:      4 promoter(s) predicted



>TSS_398_D39V_812905_-_14_None
   Length of Query sequence:       300
sigma24(+):    234   Score   1.98     -35 (202) gatttt >>> gcgaa -10 (227)
sigma38(+):    212   Score   1.96     -35 (178) tttaag >>> taagat -10 (204)
sigma70(+):    211   Score   1.96     -35 (178) tttaag >>> taagat -10 (204)
sigma28(+):    208   Score   1.97     -35 (174) aaacttta >>> actgataa -10 (201)

   Total:      4 promoter(s) predicted



>TSS_399_D39V_813024_+_curated_None
   Length of Query sequence:       300
sigma32(+):    239   Score   1.95     -35 (205) agtttat >>> atctgtatta -10 (234)
sigma70(+):    221   Score   1.96     -35 (182) ttatca >>> tattct -10 (214)
sigma38(+):    215   Score   1.91     -35 (181) cttatc >>> taaagt -10 (207)
sigma24(+):    210   Score   1.95     -35 (176) aaaatc >>> tctta -10 (203)

   Total:      4 promoter(s) predicted



>TSS_400_D39V_816082_-_635_None
   Length of Query sequence:       300
sigma28(+):    238   Score   1.93     -35 (204) aaatttta >>> tccgcaaa -10 (231)
sigma70(+):    216   Score   1.96     -35 (177) tatatt >>> gaaatt -10 (208)
sigma24(+):    207   Score   1.98     -35 (175) gctata >>> tcaat -10 (200)
sigma38(+):    204   Score   1.96     -35 (169) tatcaa >>> tactca -10 (198)
sigma32(+):    202   Score   1.94     -35 (168) atatcaa >>> ttagctactc -10 (197)

   Total:      5 promoter(s) predicted



>TSS_401_D39V_817739_+_57_SigA
   Length of Query sequence:       300
sigma38(+):    236   Score   1.96     -35 (197) tttaaa >>> aacgtt -10 (228)
sigma70(+):    205   Score   1.96     -35 (168) tagcat >>> tatttt -10 (197)
sigma32(+):    203   Score   1.95     -35 (163) cgctgta >>> tcctacatat -10 (194)

   Total:      3 promoter(s) predicted



>TSS_402_D39V_820339_+_5528_SigA
   Length of Query sequence:       300
sigma70(+):    250   Score   1.89     -35 (213) ctgatg >>> tatact -10 (244)
sigma38(+):    250   Score   1.86     -35 (213) ctgatg >>> tatact -10 (244)
sigma28(+):    249   Score   1.95     -35 (214) tgatgaaa >>> cgtgatat -10 (241)
sigma32(+):    243   Score   1.89     -35 (207) tgaggac >>> ctccccgtga -10 (238)
sigma24(+):    203   Score   1.69     -35 (170) gacttt >>> tctga -10 (196)

   Total:      5 promoter(s) predicted



>TSS_403_D39V_821306_-_2_None
   Length of Query sequence:       300
sigma38(+):    250   Score   1.95     -35 (216) ttgatt >>> taaaat -10 (244)
sigma70(+):    243   Score   1.96     -35 (205) tagaaa >>> taaagt -10 (236)
sigma24(+):    233   Score   1.98     -35 (197) aaatta >>> tccta -10 (226)
sigma28(+):    202   Score   1.97     -35 (164) tacatttt >>> ggtgaaat -10 (189)

   Total:      4 promoter(s) predicted



>TSS_404_D39V_821460_+_17_None
   Length of Query sequence:       300
sigma70(+):    250   Score   1.96     -35 (212) gttatg >>> taaact -10 (244)
sigma24(+):    207   Score   1.96     -35 (176) aaaaat >>> tcttt -10 (200)
sigma38(+):    202   Score   1.96     -35 (161) ttcacc >>> taaagt -10 (194)
sigma28(+):    201   Score   1.95     -35 (163) cacccaat >>> taagatta -10 (190)

   Total:      4 promoter(s) predicted



>TSS_405_D39V_825973_-_curated_None
   Length of Query sequence:       300
sigma70(+):    250   Score   1.96     -35 (211) ttgtag >>> tatact -10 (244)
sigma38(+):    250   Score   1.96     -35 (211) ttgtag >>> tatact -10 (244)
sigma24(+):    243   Score   1.97     -35 (207) gctctt >>> tctgt -10 (236)
sigma32(+):    227   Score   1.95     -35 (193) tcaatta >>> gtaggcataa -10 (222)
sigma28(+):    213   Score   1.97     -35 (180) aaaattag >>> gctgatag -10 (207)

   Total:      5 promoter(s) predicted



>TSS_406_D39V_826260_+_584_SigA
   Length of Query sequence:       300
sigma70(+):    250   Score   1.97     -35 (216) tttaca >>> tatagt -10 (244)
sigma38(+):    250   Score   1.96     -35 (216) tttaca >>> tatagt -10 (244)
sigma32(+):    247   Score   1.94     -35 (209) aaaatac >>> aaaaacatga -10 (238)
sigma28(+):    239   Score   1.97     -35 (205) tcaaaaaa >>> tcttaaaa -10 (232)
sigma24(+):    236   Score   1.97     -35 (207) aaaaaa >>> tctta -10 (229)

   Total:      5 promoter(s) predicted



>TSS_407_D39V_835285_-_67_None
   Length of Query sequence:       300
sigma38(+):    250   Score   1.95     -35 (214) tatcaa >>> tataat -10 (244)
sigma28(+):    241   Score   1.92     -35 (207) agctttct >>> tccaaaat -10 (234)
sigma24(+):    223   Score   1.97     -35 (190) aaaatc >>> tctat -10 (216)
sigma70(+):    201   Score   1.96     -35 (165) ttgtca >>> taaaat -10 (194)
sigma32(+):    201   Score   1.94     -35 (162) gaattgt >>> taaactataa -10 (191)

   Total:      5 promoter(s) predicted



>TSS_408_D39V_835420_+_11_BlpR
   Length of Query sequence:       300
sigma70(+):    250   Score   1.96     -35 (211) ttgaag >>> tatact -10 (244)
sigma38(+):    250   Score   1.96     -35 (211) ttgaag >>> tatact -10 (244)
sigma24(+):    248   Score   1.87     -35 (219) gatatt >>> gctat -10 (241)
sigma28(+):    219   Score   1.95     -35 (186) agatgttt >>> catgattt -10 (212)

   Total:      4 promoter(s) predicted



>TSS_409_D39V_836701_+_406_SigA
   Length of Query sequence:       300
sigma38(+):    234   Score   1.95     -35 (196) taggat >>> aaaact -10 (226)
sigma24(+):    215   Score   1.97     -35 (181) gatagt >>> tcttt -10 (208)
sigma70(+):    208   Score   1.96     -35 (170) cagata >>> taggat -10 (201)

   Total:      3 promoter(s) predicted



>TSS_410_D39V_840682_+_5_None
   Length of Query sequence:       300
sigma70(+):    250   Score   1.91     -35 (212) gtggat >>> tacaat -10 (243)
sigma38(+):    249   Score   1.92     -35 (212) gtggat >>> tacaat -10 (243)
sigma24(+):    232   Score   1.78     -35 (203) gcctgg >>> tcgat -10 (225)
sigma28(+):    217   Score   1.73     -35 (184) tactgtgg >>> cctggtta -10 (211)

   Total:      4 promoter(s) predicted



>TSS_411_D39V_840930_+_348_None
   Length of Query sequence:       300
sigma38(+):    243   Score   1.95     -35 (202) ttccta >>> tattca -10 (235)
sigma70(+):    242   Score   1.96     -35 (202) ttccta >>> tattca -10 (235)
sigma24(+):    229   Score   0.21     -35 (193) gccttc >>> tctat -10 (222)

   Total:      3 promoter(s) predicted



>TSS_412_D39V_844228_+_91_SigA
   Length of Query sequence:       300
sigma38(+):    250   Score   1.93     -35 (214) ttgtca >>> tagaat -10 (244)
sigma24(+):    228   Score   1.97     -35 (192) gaaatg >>> tcaca -10 (221)
sigma70(+):    224   Score   1.94     -35 (190) ctgaaa >>> gattgt -10 (217)
sigma32(+):    219   Score   1.91     -35 (181) ttatggt >>> agacacaaaa -10 (210)
sigma28(+):    203   Score   1.94     -35 (169) tgactgcc >>> gctgaaat -10 (196)

   Total:      5 promoter(s) predicted



>TSS_413_D39V_849299_-_50_None
   Length of Query sequence:       300
sigma28(+):    248   Score   1.37     -35 (214) agacttcc >>> tatggtat -10 (241)
sigma70(+):    241   Score   1.94     -35 (206) tttcca >>> caaaat -10 (234)
sigma24(+):    218   Score   1.97     -35 (183) gcctca >>> tccaa -10 (212)
sigma38(+):    207   Score   1.94     -35 (171) tttctt >>> aatatt -10 (199)
sigma32(+):    205   Score   1.94     -35 (169) aatttct >>> ttcaatattt -10 (200)

   Total:      5 promoter(s) predicted



>TSS_414_D39V_849652_+_46_None
   Length of Query sequence:       300
sigma38(+):    250   Score   1.96     -35 (217) ttgcct >>> tatact -10 (244)
sigma70(+):    216   Score   1.96     -35 (181) tctctt >>> taaaca -10 (209)
sigma28(+):    215   Score   1.96     -35 (175) tcactatc >>> gaaaatga -10 (202)
sigma24(+):    213   Score   1.96     -35 (179) tatctc >>> actaa -10 (206)

   Total:      4 promoter(s) predicted



>TSS_415_D39V_851190_+_3139_None
   Length of Query sequence:       300
sigma38(+):    250   Score   1.95     -35 (216) tataaa >>> taaaat -10 (244)
sigma70(+):    241   Score   1.96     -35 (203) ttgctc >>> gaaatt -10 (234)
sigma24(+):    235   Score   1.96     -35 (200) gaattg >>> tctta -10 (228)
sigma28(+):    222   Score   1.97     -35 (186) taattttt >>> gctcatga -10 (212)

   Total:      4 promoter(s) predicted



>TSS_416_D39V_853710_+_93_SigA
   Length of Query sequence:       300
sigma38(+):    250   Score   1.95     -35 (216) tagtaa >>> tataat -10 (244)
sigma32(+):    247   Score   1.94     -35 (207) ggtttgg >>> atccctctgc -10 (238)
sigma24(+):    237   Score   1.97     -35 (201) tcattg >>> tccat -10 (230)
sigma70(+):    210   Score   1.96     -35 (170) tggcag >>> tattca -10 (203)

   Total:      4 promoter(s) predicted



>TSS_417_D39V_857289_+_89_None
   Length of Query sequence:       300
sigma70(+):    248   Score   1.96     -35 (211) gaaaaa >>> tatgct -10 (241)
sigma32(+):    237   Score   1.93     -35 (203) aaaatca >>> atcccaattt -10 (232)
sigma24(+):    235   Score   1.76     -35 (202) aaaaat >>> tccca -10 (228)
sigma28(+):    221   Score   1.95     -35 (190) tgaaaccg >>> caagaaaa -10 (215)
sigma38(+):    215   Score   1.89     -35 (178) tttcat >>> aaaaat -10 (207)

   Total:      5 promoter(s) predicted



>TSS_418_D39V_857941_+_586_SigX
   Length of Query sequence:       300
sigma24(+):    245   Score   1.98     -35 (209) aaattt >>> tctta -10 (238)
sigma70(+):    220   Score   1.94     -35 (183) ttgcaa >>> gaaatt -10 (213)
sigma32(+):    207   Score   1.93     -35 (171) aggaaga >>> ataagcagtt -10 (202)
sigma38(+):    203   Score   1.90     -35 (164) ttgacc >>> taaata -10 (195)
sigma28(+):    202   Score   1.96     -35 (165) tgaccaag >>> gcaaataa -10 (192)

   Total:      5 promoter(s) predicted



>TSS_419_D39V_860907_+_152_None
   Length of Query sequence:       300
sigma38(+):    250   Score   1.95     -35 (216) ttgcat >>> tataat -10 (244)
sigma28(+):    238   Score   1.97     -35 (206) taaaaatt >>> aatgataa -10 (232)
sigma24(+):    229   Score   1.94     -35 (197) gaaata >>> gcata -10 (222)
sigma70(+):    201   Score   1.94     -35 (166) tcgata >>> tagatt -10 (193)

   Total:      4 promoter(s) predicted



>TSS_420_D39V_863157_+_12138_SigA
   Length of Query sequence:       300
sigma38(+):    250   Score   1.96     -35 (216) ttgaca >>> tatcat -10 (244)
sigma28(+):    239   Score   1.96     -35 (205) aacttttt >>> gctagaaa -10 (232)
sigma32(+):    236   Score   1.94     -35 (201) aaataac >>> agagctagaa -10 (231)
sigma24(+):    207   Score   1.98     -35 (176) aaaata >>> tcaaa -10 (200)
sigma70(+):    201   Score   1.96     -35 (162) tcgaaa >>> caaact -10 (193)

   Total:      5 promoter(s) predicted



>TSS_421_D39V_863324_+_2_SigA
   Length of Query sequence:       300
sigma28(+):    247   Score   1.95     -35 (212) ttctctaa >>> ggtgaaaa -10 (239)
sigma24(+):    235   Score   1.96     -35 (202) gctatt >>> acaaa -10 (228)
sigma38(+):    217   Score   1.95     -35 (183) cttgta >>> tattgt -10 (209)
sigma70(+):    215   Score   1.96     -35 (183) cttgta >>> tattgt -10 (209)
sigma32(+):    213   Score   1.94     -35 (177) tgcgggc >>> tccgctattg -10 (208)

   Total:      5 promoter(s) predicted



>TSS_422_D39V_864986_+_1311_SigA
   Length of Query sequence:       300
sigma28(+):    246   Score   1.86     -35 (213) ttctactt >>> gctgaaag -10 (239)
sigma24(+):    243   Score   1.94     -35 (214) tctact >>> gctga -10 (236)
sigma38(+):    213   Score   1.95     -35 (173) gtgaaa >>> tagaat -10 (205)
sigma70(+):    212   Score   1.92     -35 (173) gtgaaa >>> tagaat -10 (205)

   Total:      4 promoter(s) predicted



>TSS_423_D39V_866991_+_148_None
   Length of Query sequence:       300
sigma70(+):    250   Score   1.96     -35 (212) ttgtaa >>> tacaat -10 (245)
sigma38(+):    245   Score   1.95     -35 (211) tttgta >>> aatttt -10 (237)

   Total:      2 promoter(s) predicted



>TSS_424_D39V_868963_+_5_None
   Length of Query sequence:       300
sigma70(+):    235   Score   1.92     -35 (202) ttacct >>> gatgat -10 (229)
sigma32(+):    228   Score   1.89     -35 (192) atacgac >>> caagacattt -10 (223)
sigma24(+):    223   Score   1.89     -35 (191) gatacg >>> gccaa -10 (216)
sigma28(+):    223   Score   1.92     -35 (189) atgatacg >>> tctgccaa -10 (216)
sigma38(+):    201   Score   1.95     -35 (160) taagaa >>> tatgat -10 (193)

   Total:      5 promoter(s) predicted



>TSS_425_D39V_870864_-_91_None
   Length of Query sequence:       300
sigma38(+):    250   Score   1.96     -35 (211) tttcca >>> tataat -10 (244)
sigma70(+):    227   Score   1.95     -35 (187) tttact >>> catgat -10 (220)
sigma32(+):    218   Score   1.93     -35 (184) ctcttta >>> taccacattt -10 (213)

   Total:      3 promoter(s) predicted



>TSS_426_D39V_870922_+_1665_None
   Length of Query sequence:       300
sigma38(+):    250   Score   1.95     -35 (215) tagaat >>> tataat -10 (244)
sigma24(+):    217   Score   1.96     -35 (184) gattgt >>> tcaaa -10 (210)
sigma70(+):    211   Score   1.92     -35 (172) ttctct >>> tattat -10 (204)
sigma32(+):    205   Score   1.95     -35 (169) tcgttct >>> ttccatagta -10 (200)

   Total:      4 promoter(s) predicted



>TSS_427_D39V_875569_+_2006_None
   Length of Query sequence:       300
sigma38(+):    250   Score   1.95     -35 (216) ttgaat >>> taaaat -10 (244)
sigma28(+):    247   Score   1.95     -35 (216) ttgaatct >>> tatggtaa -10 (241)
sigma70(+):    239   Score   1.96     -35 (203) gtaacc >>> tagatt -10 (232)
sigma24(+):    232   Score   1.94     -35 (199) aaaagt >>> tctaa -10 (225)
sigma32(+):    219   Score   1.95     -35 (184) ttgtccc >>> aaccctacat -10 (214)

   Total:      5 promoter(s) predicted



>TSS_428_D39V_879640_+_20_SigX
   Length of Query sequence:       300
sigma24(+):    241   Score   1.93     -35 (211) gaattt >>> tcttt -10 (234)
sigma28(+):    233   Score   1.92     -35 (198) acatgaag >>> cctgatct -10 (225)
sigma38(+):    226   Score   1.72     -35 (191) taaaca >>> aatttt -10 (217)
sigma70(+):    214   Score   1.97     -35 (174) tagcta >>> gaagat -10 (207)
sigma32(+):    206   Score   1.86     -35 (171) tactagc >>> aaacacacat -10 (201)

   Total:      5 promoter(s) predicted



>TSS_429_D39V_880613_+_453_None
   Length of Query sequence:       300
sigma70(+):    250   Score   1.96     -35 (211) tatcag >>> tagaat -10 (244)
sigma38(+):    250   Score   1.95     -35 (214) cagcaa >>> tagaat -10 (244)
sigma32(+):    212   Score   1.94     -35 (177) aaatgat >>> tccaccagcc -10 (207)

   Total:      3 promoter(s) predicted



>TSS_430_D39V_883185_+_420_CiaR
   Length of Query sequence:       300
sigma70(+):    250   Score   1.96     -35 (212) tttcag >>> taaaat -10 (243)
sigma28(+):    245   Score   1.96     -35 (205) gaatgatt >>> taagaaaa -10 (232)
sigma24(+):    225   Score   1.86     -35 (190) caactg >>> tcaga -10 (218)
sigma38(+):    219   Score   1.87     -35 (179) tagcag >>> aatgat -10 (211)

   Total:      4 promoter(s) predicted



>TSS_431_D39V_887352_-_218_None
   Length of Query sequence:       300
sigma38(+):    250   Score   1.95     -35 (216) tttctt >>> tacaat -10 (244)
sigma28(+):    242   Score   1.89     -35 (210) ttgctttt >>> tctgattg -10 (235)
sigma24(+):    217   Score   1.92     -35 (184) aaacct >>> tcatt -10 (210)
sigma70(+):    216   Score   1.92     -35 (180) tttaaa >>> tatcat -10 (209)
sigma32(+):    209   Score   1.93     -35 (171) aaaactt >>> aaaagcattt -10 (200)

   Total:      5 promoter(s) predicted



>TSS_432_D39V_888213_-_349_None
   Length of Query sequence:       300
sigma70(+):    230   Score   1.96     -35 (195) tctctt >>> gatttt -10 (223)
sigma32(+):    218   Score   1.95     -35 (182) aaatgct >>> taacccattt -10 (213)
sigma24(+):    203   Score   1.78     -35 (166) gcactc >>> tctaa -10 (192)
sigma38(+):    203   Score   1.95     -35 (164) ccgcac >>> taaagt -10 (195)

   Total:      4 promoter(s) predicted



>TSS_433_D39V_888330_+_1102_None
   Length of Query sequence:       300
sigma38(+):    235   Score   1.95     -35 (201) tttttt >>> aatgat -10 (227)
sigma28(+):    232   Score   1.97     -35 (198) gcattttt >>> gcggaatg -10 (225)
sigma24(+):    229   Score   1.96     -35 (198) gcattt >>> gcgga -10 (222)
sigma70(+):    211   Score   1.96     -35 (178) gttaag >>> catttt -10 (204)

   Total:      4 promoter(s) predicted



>TSS_434_D39V_891368_+_634_SigA
   Length of Query sequence:       300
sigma28(+):    245   Score   1.93     -35 (211) gaaatttg >>> gcttatga -10 (238)
sigma24(+):    242   Score   1.89     -35 (211) gaaatt >>> gctta -10 (235)
sigma38(+):    225   Score   1.94     -35 (190) ttgaag >>> aaattt -10 (217)
sigma70(+):    213   Score   1.92     -35 (178) ttgttg >>> tagatt -10 (205)

   Total:      4 promoter(s) predicted



>TSS_435_D39V_894566_+_33_None
   Length of Query sequence:       300
sigma38(+):    232   Score   1.96     -35 (194) cttata >>> aaaaat -10 (224)
sigma28(+):    229   Score   1.94     -35 (198) taaaatat >>> accaaaaa -10 (223)
sigma24(+):    227   Score   1.95     -35 (191) taactt >>> accaa -10 (220)
sigma32(+):    227   Score   1.94     -35 (192) aacttat >>> tgaaccaaaa -10 (222)
sigma70(+):    210   Score   1.97     -35 (175) ttggaa >>> taaaat -10 (203)

   Total:      5 promoter(s) predicted



>TSS_436_D39V_896223_+_0_None_LOWCONF
   Length of Query sequence:       300
sigma38(+):    247   Score   1.91     -35 (206) tagcag >>> tatagt -10 (239)
sigma70(+):    246   Score   1.96     -35 (206) tagcag >>> tatagt -10 (239)
sigma24(+):    230   Score   1.97     -35 (197) gatttt >>> acaaa -10 (223)
sigma28(+):    206   Score   1.96     -35 (169) aaaagatt >>> cccgatac -10 (196)

   Total:      4 promoter(s) predicted



>TSS_437_D39V_896926_+_3_None
   Length of Query sequence:       300
sigma24(+):    250   Score   1.97     -35 (215) tcattg >>> actat -10 (244)
sigma38(+):    244   Score   1.93     -35 (203) ttggtg >>> aatttt -10 (236)
sigma70(+):    242   Score   1.92     -35 (203) ttggtg >>> gaattt -10 (235)
sigma32(+):    225   Score   1.95     -35 (191) tactaaa >>> ttcctcattg -10 (220)
sigma28(+):    204   Score   1.90     -35 (169) aaaatcaa >>> gctactaa -10 (196)

   Total:      5 promoter(s) predicted



>TSS_438_D39V_897876_+_811_SigA
   Length of Query sequence:       300
sigma38(+):    250   Score   1.96     -35 (215) ttcaca >>> taaaat -10 (244)
sigma28(+):    248   Score   1.97     -35 (215) ttcacata >>> tatggtaa -10 (241)
sigma24(+):    236   Score   1.97     -35 (201) acattt >>> tccta -10 (229)
sigma70(+):    219   Score   1.96     -35 (180) tagtca >>> tataaa -10 (212)
sigma32(+):    211   Score   1.95     -35 (177) cggtagt >>> aaaaacattt -10 (206)

   Total:      5 promoter(s) predicted



>TSS_439_D39V_899405_+_56_SigA
   Length of Query sequence:       300
sigma38(+):    249   Score   1.96     -35 (215) ttgaca >>> tagaat -10 (243)
sigma24(+):    229   Score   1.97     -35 (195) aaattt >>> acaga -10 (222)
sigma28(+):    217   Score   1.97     -35 (183) gaaagaaa >>> tctaaaaa -10 (210)
sigma70(+):    217   Score   1.96     -35 (181) gtgaaa >>> taaaaa -10 (210)

   Total:      4 promoter(s) predicted



>TSS_440_D39V_904081_+_109_SigA
   Length of Query sequence:       300
sigma28(+):    248   Score   1.94     -35 (216) taattgta >>> tatgatat -10 (241)
sigma38(+):    247   Score   1.95     -35 (206) ttaaat >>> tatgat -10 (239)
sigma70(+):    246   Score   1.96     -35 (206) ttaaat >>> tatgat -10 (239)
sigma24(+):    241   Score   1.93     -35 (208) aaatta >>> gcttt -10 (234)

   Total:      4 promoter(s) predicted



>TSS_441_D39V_905598_+_368_None
   Length of Query sequence:       300
sigma70(+):    250   Score   1.96     -35 (215) gtggtt >>> tataat -10 (244)
sigma38(+):    250   Score   1.95     -35 (215) gtggtt >>> tataat -10 (244)
sigma32(+):    238   Score   1.95     -35 (204) aactgta >>> atagccactt -10 (233)
sigma24(+):    205   Score   1.97     -35 (169) aatcgt >>> tcttt -10 (198)

   Total:      4 promoter(s) predicted



>TSS_442_D39V_909800_+_728_SigA
   Length of Query sequence:       300
sigma38(+):    250   Score   1.96     -35 (216) ttgaca >>> taaaat -10 (244)
sigma28(+):    249   Score   1.87     -35 (217) tgacagta >>> gcggtaaa -10 (242)
sigma32(+):    248   Score   1.95     -35 (213) actttga >>> agcggtaaaa -10 (243)
sigma24(+):    230   Score   1.96     -35 (195) gaaatt >>> acagt -10 (223)
sigma70(+):    230   Score   1.96     -35 (193) gtgaaa >>> gacagt -10 (223)

   Total:      5 promoter(s) predicted



>TSS_443_D39V_917033_-_21_SigA
   Length of Query sequence:       300
sigma38(+):    250   Score   1.96     -35 (216) ttgaaa >>> tatact -10 (244)
sigma70(+):    246   Score   1.97     -35 (212) tttctt >>> tatgct -10 (239)
sigma24(+):    243   Score   1.98     -35 (208) taattt >>> tctat -10 (236)
sigma32(+):    215   Score   1.94     -35 (179) aactcct >>> aaaactataa -10 (210)
sigma28(+):    211   Score   1.97     -35 (177) aaaactcc >>> tccgaaaa -10 (203)

   Total:      5 promoter(s) predicted



>TSS_444_D39V_920898_-_57_SigA
   Length of Query sequence:       300
sigma70(+):    250   Score   1.96     -35 (215) cggaca >>> tataat -10 (243)
sigma38(+):    249   Score   1.93     -35 (215) cggaca >>> tataat -10 (243)
sigma28(+):    247   Score   1.97     -35 (213) atcggaca >>> catgatat -10 (240)
sigma32(+):    242   Score   1.94     -35 (208) ctatcat >>> gaaggcatga -10 (237)
sigma24(+):    225   Score   1.75     -35 (190) aaaaga >>> tcgga -10 (218)

   Total:      5 promoter(s) predicted



>TSS_445_D39V_927214_-_92_SigA
   Length of Query sequence:       300
sigma38(+):    250   Score   1.95     -35 (213) tttaag >>> tataat -10 (244)
sigma70(+):    240   Score   1.96     -35 (206) tctcaa >>> taaatt -10 (233)
sigma24(+):    219   Score   1.97     -35 (186) aaacaa >>> tcaat -10 (212)
sigma28(+):    211   Score   1.97     -35 (175) caaataat >>> tatgaaag -10 (201)

   Total:      4 promoter(s) predicted



>TSS_446_D39V_935631_-_203_None
   Length of Query sequence:       300
sigma70(+):    250   Score   1.96     -35 (210) tttaac >>> tataat -10 (243)
sigma38(+):    249   Score   1.95     -35 (210) tttaac >>> tataat -10 (243)
sigma24(+):    225   Score   1.98     -35 (191) gaaagg >>> acaga -10 (218)
sigma28(+):    201   Score   1.97     -35 (164) ttaagatt >>> gaagaaaa -10 (190)

   Total:      4 promoter(s) predicted



>TSS_447_D39V_936131_+_54_None
   Length of Query sequence:       300
sigma32(+):    228   Score   1.94     -35 (192) atttcaa >>> tgaaccaaaa -10 (223)
sigma70(+):    221   Score   1.96     -35 (182) ttcgta >>> taaaat -10 (214)
sigma24(+):    206   Score   1.97     -35 (171) taatca >>> tcaat -10 (199)
sigma38(+):    203   Score   1.96     -35 (161) ttgatt >>> tatctt -10 (191)

   Total:      4 promoter(s) predicted



>TSS_448_D39V_938798_-_1652_SigA
   Length of Query sequence:       300
sigma70(+):    250   Score   1.92     -35 (216) ttgaaa >>> tattat -10 (244)
sigma38(+):    250   Score   1.95     -35 (216) ttgaaa >>> tattat -10 (244)
sigma28(+):    213   Score   1.86     -35 (179) aagttaag >>> aaagataa -10 (206)
sigma24(+):    208   Score   1.96     -35 (178) aaagtt >>> acaaa -10 (201)

   Total:      4 promoter(s) predicted



>TSS_449_D39V_938930_+_892_CcpA
   Length of Query sequence:       300
sigma70(+):    250   Score   1.96     -35 (212) ttgtct >>> tatact -10 (244)
sigma38(+):    250   Score   1.95     -35 (212) ttgtct >>> tatact -10 (244)
sigma28(+):    248   Score   1.89     -35 (214) gtctgttt >>> tatgatat -10 (241)
sigma24(+):    219   Score   1.96     -35 (186) taactt >>> tcttt -10 (212)
sigma32(+):    219   Score   1.94     -35 (179) ttttcct >>> atcgctttct -10 (210)

   Total:      5 promoter(s) predicted



>TSS_450_D39V_943786_-_2_None
   Length of Query sequence:       300
sigma38(+):    250   Score   1.66     -35 (216) cagatg >>> tataat -10 (244)
sigma28(+):    248   Score   1.92     -35 (214) aacagatg >>> taggatat -10 (241)
sigma70(+):    246   Score   1.91     -35 (207) ttgatg >>> taggat -10 (239)
sigma24(+):    211   Score   1.87     -35 (176) gaaggt >>> tcgaa -10 (205)

   Total:      4 promoter(s) predicted



>TSS_451_D39V_946851_-_45_SigA
   Length of Query sequence:       300
sigma38(+):    247   Score   1.96     -35 (211) tttact >>> tagtat -10 (241)
sigma28(+):    240   Score   1.96     -35 (207) gtaattta >>> tctaaaaa -10 (233)
sigma24(+):    237   Score   1.96     -35 (208) taattt >>> tctaa -10 (230)
sigma70(+):    215   Score   1.96     -35 (175) ttgtag >>> tatagt -10 (208)

   Total:      4 promoter(s) predicted



>TSS_452_D39V_948733_-_81_None
   Length of Query sequence:       300
sigma38(+):    250   Score   1.96     -35 (216) ttgtta >>> taaaat -10 (243)
sigma28(+):    238   Score   1.94     -35 (205) tgcaaaaa >>> tctgaaaa -10 (232)
sigma70(+):    232   Score   1.96     -35 (193) tctcaa >>> tatttt -10 (225)
sigma24(+):    206   Score   1.97     -35 (170) aaaaat >>> tcaaa -10 (199)

   Total:      4 promoter(s) predicted



>TSS_453_D39V_953602_-_1248_SigA
   Length of Query sequence:       300
sigma38(+):    250   Score   1.96     -35 (214) tttgtg >>> taaaat -10 (244)
sigma28(+):    247   Score   1.93     -35 (215) ttgtgagg >>> tatggtaa -10 (241)
sigma70(+):    246   Score   1.95     -35 (208) ttctcg >>> tatggt -10 (239)
sigma24(+):    221   Score   1.94     -35 (186) aaacta >>> tcgtt -10 (215)
sigma32(+):    215   Score   1.95     -35 (180) aatttca >>> tccgcccttc -10 (210)

   Total:      5 promoter(s) predicted



>TSS_454_D39V_954895_-_4_None
   Length of Query sequence:       300
sigma24(+):    235   Score   1.95     -35 (201) aaataa >>> tcctt -10 (228)
sigma38(+):    224   Score   1.95     -35 (189) gttaat >>> aaaaat -10 (216)
sigma28(+):    213   Score   1.93     -35 (180) ttgtcaaa >>> cccaaata -10 (205)
sigma70(+):    203   Score   1.95     -35 (170) tacgaa >>> taattt -10 (196)

   Total:      4 promoter(s) predicted



>TSS_455_D39V_957720_-_228_SigA
   Length of Query sequence:       300
sigma70(+):    250   Score   1.97     -35 (216) ttgaat >>> tatact -10 (244)
sigma38(+):    250   Score   1.96     -35 (216) ttgaat >>> tatact -10 (244)
sigma24(+):    222   Score   1.97     -35 (186) aaaagt >>> acgat -10 (211)
sigma28(+):    220   Score   1.97     -35 (186) aaaagttg >>> tacgatta -10 (213)

   Total:      4 promoter(s) predicted



>TSS_456_D39V_958454_-_44598_SigA
   Length of Query sequence:       300
sigma38(+):    249   Score   1.95     -35 (215) ttgacc >>> tatgat -10 (243)
sigma28(+):    212   Score   1.97     -35 (176) taaaaaat >>> gaagaaat -10 (202)
sigma70(+):    201   Score   1.96     -35 (166) ttacca >>> taaaat -10 (192)

   Total:      3 promoter(s) predicted



>TSS_457_D39V_959407_-_128_None
   Length of Query sequence:       300
sigma32(+):    220   Score   1.95     -35 (185) aatttta >>> gactccatta -10 (215)
sigma38(+):    208   Score   1.96     -35 (173) ttgatt >>> aaaatt -10 (200)
sigma70(+):    206   Score   1.97     -35 (173) ttgatt >>> gaaaat -10 (199)
sigma28(+):    204   Score   1.96     -35 (170) aagttgat >>> tacggaaa -10 (197)
sigma24(+):    202   Score   1.98     -35 (169) taagtt >>> acgga -10 (195)

   Total:      5 promoter(s) predicted



>TSS_458_D39V_959489_+_112_None
   Length of Query sequence:       300
sigma38(+):    250   Score   1.95     -35 (212) gtcaat >>> tataat -10 (244)
sigma28(+):    242   Score   1.97     -35 (205) taatggag >>> tccgtaaa -10 (232)
sigma32(+):    238   Score   1.95     -35 (202) tcctaat >>> ttccgtaaaa -10 (233)
sigma24(+):    236   Score   1.98     -35 (200) aatcct >>> tccgt -10 (229)
sigma70(+):    208   Score   1.97     -35 (173) tttaat >>> taaaaa -10 (201)

   Total:      5 promoter(s) predicted



>TSS_459_D39V_961366_-_1851_SigA
   Length of Query sequence:       300
sigma38(+):    247   Score   1.95     -35 (209) tttctg >>> tatgat -10 (239)
sigma32(+):    243   Score   1.95     -35 (207) attttct >>> atcgctatga -10 (238)
sigma70(+):    218   Score   1.96     -35 (181) ttcatg >>> gatttt -10 (211)
sigma24(+):    213   Score   1.91     -35 (182) tcatgt >>> tcaga -10 (207)
sigma28(+):    202   Score   1.96     -35 (166) tgaaaaca >>> tgtgaaaa -10 (192)

   Total:      5 promoter(s) predicted



>TSS_460_D39V_963439_-_740_SigA
   Length of Query sequence:       300
sigma38(+):    250   Score   1.96     -35 (216) ttgtaa >>> tatact -10 (244)
sigma24(+):    248   Score   1.85     -35 (219) taagaa >>> gctat -10 (241)
sigma28(+):    243   Score   1.96     -35 (209) ttattact >>> ggagatat -10 (236)
sigma70(+):    222   Score   1.96     -35 (182) gtaaaa >>> tattac -10 (215)
sigma32(+):    207   Score   1.91     -35 (171) ggcagaa >>> agcttcattt -10 (202)

   Total:      5 promoter(s) predicted



>TSS_461_D39V_964202_-_151_None
   Length of Query sequence:       300
sigma70(+):    250   Score   1.96     -35 (213) cctacg >>> tacaat -10 (244)
sigma24(+):    250   Score   1.97     -35 (218) gatttt >>> acaat -10 (244)
sigma28(+):    229   Score   1.97     -35 (196) taaaatct >>> tacgattt -10 (222)
sigma38(+):    223   Score   1.96     -35 (183) tttatg >>> tagcct -10 (215)

   Total:      4 promoter(s) predicted



>TSS_462_D39V_964482_+_648_None
   Length of Query sequence:       300
sigma38(+):    250   Score   1.96     -35 (213) taaaag >>> tataat -10 (244)
sigma28(+):    239   Score   1.97     -35 (206) tcaccaat >>> tcttaaaa -10 (232)
sigma32(+):    219   Score   1.95     -35 (184) cactcct >>> ctcaccaata -10 (214)
sigma24(+):    215   Score   1.98     -35 (183) tcactc >>> tctca -10 (208)
sigma70(+):    208   Score   1.97     -35 (172) tttatt >>> taaata -10 (201)

   Total:      5 promoter(s) predicted



>TSS_463_D39V_966611_-_37_None
   Length of Query sequence:       300
sigma38(+):    250   Score   1.95     -35 (211) gtgaaa >>> tatact -10 (244)
sigma24(+):    248   Score   1.95     -35 (215) aaacta >>> gctat -10 (241)
sigma70(+):    241   Score   1.96     -35 (201) ttcatc >>> tatact -10 (234)
sigma32(+):    228   Score   1.89     -35 (193) tcaagca >>> aaaactataa -10 (223)

   Total:      4 promoter(s) predicted



>TSS_464_D39V_970110_-_319_SigA
   Length of Query sequence:       300
sigma70(+):    250   Score   1.96     -35 (211) ttttta >>> tataat -10 (243)
sigma38(+):    249   Score   1.96     -35 (213) tttatc >>> tataat -10 (243)
sigma28(+):    240   Score   1.92     -35 (206) accttttt >>> gcggattt -10 (233)
sigma24(+):    213   Score   1.89     -35 (180) caattt >>> tctta -10 (206)

   Total:      4 promoter(s) predicted



>TSS_465_D39V_970111_+_16_None
   Length of Query sequence:       300
sigma38(+):    250   Score   1.90     -35 (216) ttgatt >>> tacaat -10 (244)
sigma24(+):    245   Score   0.56     -35 (211) tatctt >>> tcata -10 (238)
sigma32(+):    238   Score   1.94     -35 (202) cgtcaaa >>> ttctccagat -10 (233)
sigma70(+):    230   Score   1.96     -35 (191) ctcata >>> gatttt -10 (223)

   Total:      4 promoter(s) predicted



>TSS_466_D39V_970764_+_241_None
   Length of Query sequence:       300
sigma38(+):    250   Score   1.95     -35 (216) ctgaaa >>> taaaat -10 (244)
sigma32(+):    238   Score   1.94     -35 (203) gtatgaa >>> atctccattt -10 (233)
sigma28(+):    230   Score   1.96     -35 (197) tcaaaagt >>> gctgaaat -10 (222)
sigma70(+):    217   Score   1.92     -35 (177) ttcaaa >>> tatgaa -10 (209)
sigma24(+):    208   Score   1.82     -35 (179) caaaat >>> tcaaa -10 (201)

   Total:      5 promoter(s) predicted



>TSS_467_D39V_973568_+_402_Rex
   Length of Query sequence:       300
sigma38(+):    239   Score   1.95     -35 (203) tttctt >>> cacaat -10 (231)
sigma70(+):    220   Score   1.96     -35 (185) taagat >>> tatttt -10 (213)
sigma24(+):    205   Score   1.97     -35 (175) acatca >>> tctta -10 (198)

   Total:      3 promoter(s) predicted



>TSS_468_D39V_975625_-_290_SigX
   Length of Query sequence:       300
sigma24(+):    244   Score   1.98     -35 (209) gaaaaa >>> tctca -10 (237)
sigma38(+):    232   Score   1.94     -35 (195) gtggct >>> taattt -10 (224)
sigma70(+):    220   Score   1.91     -35 (184) ttttag >>> gaaaaa -10 (214)
sigma28(+):    215   Score   1.95     -35 (180) aaactttt >>> tccaattg -10 (207)
sigma32(+):    204   Score   1.91     -35 (166) aagtagg >>> ttagccagtg -10 (195)

   Total:      5 promoter(s) predicted



>TSS_469_D39V_977973_-_439_SigA
   Length of Query sequence:       300
sigma38(+):    250   Score   1.95     -35 (216) tttcta >>> tataat -10 (244)
sigma24(+):    245   Score   1.96     -35 (212) aaagtt >>> tctga -10 (238)
sigma70(+):    232   Score   1.94     -35 (198) ttgcta >>> tatttt -10 (225)
sigma28(+):    225   Score   1.96     -35 (187) tccactat >>> cccgtaaa -10 (214)
sigma32(+):    201   Score   1.95     -35 (165) cagtgta >>> tccactatat -10 (196)

   Total:      5 promoter(s) predicted



>TSS_470_D39V_978939_-_10_None
   Length of Query sequence:       300
sigma38(+):    250   Score   1.95     -35 (213) tagact >>> tatagt -10 (244)
sigma28(+):    248   Score   1.95     -35 (214) agacttcc >>> tatggtat -10 (241)
sigma24(+):    234   Score   1.97     -35 (199) tacctt >>> gcgaa -10 (227)
sigma70(+):    220   Score   1.96     -35 (183) ttgcca >>> tagatt -10 (213)

   Total:      4 promoter(s) predicted



>TSS_471_D39V_983335_-_508_None
   Length of Query sequence:       300
sigma70(+):    250   Score   1.96     -35 (215) tggaaa >>> tatact -10 (243)
sigma28(+):    247   Score   1.96     -35 (215) tggaaaaa >>> tatgatat -10 (240)
sigma38(+):    240   Score   1.95     -35 (205) ttgaaa >>> taaatt -10 (232)
sigma24(+):    206   Score   1.98     -35 (174) taactc >>> tccaa -10 (199)

   Total:      4 promoter(s) predicted



>TSS_472_D39V_984164_-_10_None
   Length of Query sequence:       300
sigma38(+):    249   Score   1.96     -35 (215) ttgatt >>> tatagt -10 (241)
sigma70(+):    248   Score   1.96     -35 (215) ttgatt >>> tatagt -10 (241)
sigma24(+):    238   Score   1.97     -35 (202) aaaatt >>> tcaat -10 (231)

   Total:      3 promoter(s) predicted



>TSS_473_D39V_986817_+_9_None
   Length of Query sequence:       300
sigma38(+):    250   Score   1.69     -35 (213) tgggtg >>> tacaat -10 (244)
sigma70(+):    242   Score   1.93     -35 (208) ctgatt >>> taaatt -10 (235)
sigma32(+):    233   Score   1.90     -35 (199) aggattc >>> cgaaccatac -10 (228)
sigma24(+):    206   Score   1.81     -35 (174) aaacct >>> gcaaa -10 (199)

   Total:      4 promoter(s) predicted



>TSS_474_D39V_987618_-_63_SigA
   Length of Query sequence:       300
sigma70(+):    250   Score   1.93     -35 (217) ttgaaa >>> taagat -10 (245)
sigma38(+):    248   Score   1.81     -35 (210) ctgact >>> catgct -10 (240)
sigma24(+):    240   Score   1.95     -35 (206) gcaact >>> tcaat -10 (233)
sigma32(+):    210   Score   1.93     -35 (176) tacatta >>> cgcaccagta -10 (205)

   Total:      4 promoter(s) predicted



>TSS_475_D39V_990240_-_714_None
   Length of Query sequence:       300
sigma70(+):    250   Score   1.97     -35 (212) ttgctg >>> tataat -10 (243)
sigma38(+):    249   Score   1.95     -35 (212) ttgctg >>> tataat -10 (243)
sigma28(+):    248   Score   1.97     -35 (213) tgctgatt >>> aatgatat -10 (240)
sigma24(+):    225   Score   1.98     -35 (191) tcctct >>> gctga -10 (218)
sigma32(+):    201   Score   1.79     -35 (160) tgttgga >>> tcccctcttt -10 (190)

   Total:      5 promoter(s) predicted



>TSS_476_D39V_993447_-_39_None
   Length of Query sequence:       300
sigma24(+):    245   Score   0.69     -35 (212) gcagga >>> tctgt -10 (238)
sigma38(+):    234   Score   1.95     -35 (198) tttctt >>> aactat -10 (226)
sigma32(+):    222   Score   1.93     -35 (187) aggagat >>> aaaggcagga -10 (217)
sigma70(+):    216   Score   0.82     -35 (176) gtggaa >>> tacaaa -10 (209)

   Total:      4 promoter(s) predicted



>TSS_478_D39V_993600_-_419_None
   Length of Query sequence:       300
sigma38(+):    246   Score   1.95     -35 (206) gtgaaa >>> taaagt -10 (238)
sigma28(+):    240   Score   1.89     -35 (208) gaaatggt >>> tctgaaat -10 (233)
sigma24(+):    237   Score   1.98     -35 (208) gaaatg >>> tctga -10 (230)
sigma70(+):    229   Score   1.96     -35 (196) gggaaa >>> tacttt -10 (222)

   Total:      4 promoter(s) predicted



>TSS_479_D39V_996678_-_3055_SigA
   Length of Query sequence:       300
sigma38(+):    250   Score   1.96     -35 (217) ttgaca >>> tataat -10 (244)
sigma28(+):    225   Score   1.97     -35 (185) aaagtgaa >>> tctaatag -10 (212)
sigma70(+):    223   Score   1.97     -35 (188) gtgaat >>> tagact -10 (215)
sigma24(+):    216   Score   1.98     -35 (184) aaaagt >>> tctaa -10 (209)

   Total:      4 promoter(s) predicted



>TSS_480_D39V_1000777_-_67_None
   Length of Query sequence:       300
sigma38(+):    244   Score   1.95     -35 (203) tgtaag >>> aaaaat -10 (236)
sigma70(+):    243   Score   1.96     -35 (203) tgtaag >>> aaaaat -10 (236)
sigma28(+):    213   Score   1.97     -35 (181) aaaacagt >>> gattgtaa -10 (207)

   Total:      3 promoter(s) predicted



>TSS_481_D39V_1001848_-_curated_None
   Length of Query sequence:       300
sigma24(+):    234   Score   1.94     -35 (199) ccagtt >>> tctta -10 (227)
sigma38(+):    229   Score   1.96     -35 (189) ttcaaa >>> aatgat -10 (221)
sigma70(+):    203   Score   1.97     -35 (170) tttaat >>> caaaat -10 (196)

   Total:      3 promoter(s) predicted



>TSS_482_D39V_1004243_-_5_None
   Length of Query sequence:       300
sigma38(+):    246   Score   1.96     -35 (207) tttccc >>> aatgtt -10 (238)
sigma70(+):    234   Score   1.96     -35 (199) tgtaaa >>> tattat -10 (227)
sigma32(+):    222   Score   1.95     -35 (187) aattggt >>> ttccccaggt -10 (217)
sigma28(+):    206   Score   1.97     -35 (172) ttcatgta >>> ggtaataa -10 (198)

   Total:      4 promoter(s) predicted



>TSS_483_D39V_1015411_+_7_None
   Length of Query sequence:       300
sigma70(+):    242   Score   1.96     -35 (203) ttcata >>> tattta -10 (235)
sigma24(+):    221   Score   1.97     -35 (186) aaaatt >>> tctga -10 (214)
sigma38(+):    209   Score   1.95     -35 (169) caaaaa >>> aatttt -10 (201)
sigma28(+):    202   Score   1.95     -35 (162) ccattacc >>> ggtaaaaa -10 (189)
sigma32(+):    201   Score   1.44     -35 (158) atatcca >>> atcggtaaaa -10 (188)

   Total:      5 promoter(s) predicted



>TSS_484_D39V_1022227_-_48_None
   Length of Query sequence:       300
sigma70(+):    236   Score   1.96     -35 (198) gaaata >>> tatgct -10 (229)
sigma38(+):    223   Score   1.95     -35 (187) tagaaa >>> catttt -10 (215)
sigma32(+):    219   Score   1.94     -35 (184) ggataga >>> cgcaccattt -10 (214)
sigma24(+):    215   Score   1.96     -35 (185) gataga >>> acgca -10 (208)

   Total:      4 promoter(s) predicted



>TSS_485_D39V_1023324_-_17_None
   Length of Query sequence:       300
sigma70(+):    250   Score   1.96     -35 (218) tacatt >>> tataat -10 (244)
sigma32(+):    241   Score   1.92     -35 (206) tgaagat >>> taccttatat -10 (236)
sigma38(+):    240   Score   1.95     -35 (202) ttgatg >>> tacctt -10 (232)
sigma24(+):    234   Score   1.92     -35 (204) gatgaa >>> tcata -10 (228)
sigma28(+):    215   Score   1.95     -35 (181) ttatgatt >>> gttgatga -10 (208)

   Total:      5 promoter(s) predicted



>TSS_486_D39V_1025176_-_58_None
   Length of Query sequence:       300
sigma24(+):    240   Score   1.97     -35 (208) gacatt >>> acaaa -10 (233)
sigma38(+):    236   Score   1.95     -35 (198) tttaac >>> tagttt -10 (228)
sigma28(+):    232   Score   1.97     -35 (199) ttaacaac >>> gcaaatag -10 (225)
sigma70(+):    220   Score   1.96     -35 (182) tttaaa >>> gacatt -10 (213)

   Total:      4 promoter(s) predicted



>TSS_487_D39V_1026226_-_220_None
   Length of Query sequence:       300
sigma70(+):    250   Score   1.92     -35 (215) tttctc >>> tataat -10 (244)
sigma38(+):    250   Score   1.93     -35 (215) tttctc >>> tataat -10 (244)
sigma24(+):    220   Score   1.93     -35 (186) aaaagc >>> tcaga -10 (214)
sigma32(+):    212   Score   1.93     -35 (177) aaataga >>> atctccagta -10 (207)
sigma28(+):    204   Score   1.82     -35 (171) atgggaaa >>> gcgtatta -10 (197)

   Total:      5 promoter(s) predicted



>TSS_488_D39V_1028210_-_0_SigA_LOWCONF
   Length of Query sequence:       300
sigma38(+):    239   Score   1.96     -35 (203) tataaa >>> tacacc -10 (233)
sigma32(+):    221   Score   1.95     -35 (186) cttttaa >>> aaagccagtt -10 (216)
sigma28(+):    215   Score   1.96     -35 (182) tccacttt >>> tattataa -10 (207)
sigma70(+):    211   Score   1.96     -35 (177) tcctct >>> tattat -10 (205)
sigma24(+):    204   Score   1.98     -35 (172) aaaaat >>> actaa -10 (197)

   Total:      5 promoter(s) predicted



>TSS_489_D39V_1031103_-_10_SigA
   Length of Query sequence:       300
sigma70(+):    250   Score   1.96     -35 (218) gagacg >>> tataat -10 (244)
sigma38(+):    250   Score   1.95     -35 (218) gagacg >>> tataat -10 (244)
sigma28(+):    239   Score   1.97     -35 (206) aaaacaca >>> actaataa -10 (232)
sigma24(+):    236   Score   1.96     -35 (207) aaacac >>> actaa -10 (229)
sigma32(+):    220   Score   1.95     -35 (187) aaatagt >>> aaacacaaat -10 (216)

   Total:      5 promoter(s) predicted



>TSS_490_D39V_1036872_-_350_SigA
   Length of Query sequence:       300
sigma38(+):    250   Score   1.96     -35 (216) ttgaca >>> tacaat -10 (244)
sigma32(+):    248   Score   1.95     -35 (213) ctattga >>> atcgatacaa -10 (243)
sigma28(+):    242   Score   1.97     -35 (204) taactgta >>> gataatta -10 (231)
sigma24(+):    231   Score   1.98     -35 (197) aaattt >>> acaat -10 (223)
sigma70(+):    209   Score   1.98     -35 (174) tttttt >>> taaatt -10 (201)

   Total:      5 promoter(s) predicted



>TSS_491_D39V_1039878_-_11_None
   Length of Query sequence:       300
sigma70(+):    250   Score   1.94     -35 (215) ttggtt >>> tataat -10 (243)
sigma38(+):    249   Score   1.93     -35 (215) ttggtt >>> tataat -10 (243)
sigma24(+):    231   Score   0.83     -35 (198) caactt >>> tctta -10 (224)
sigma32(+):    201   Score   1.92     -35 (166) aacttct >>> caagcccttg -10 (196)

   Total:      4 promoter(s) predicted



>TSS_492_D39V_1040897_-_2552_CiaR
   Length of Query sequence:       300
sigma32(+):    243   Score   1.91     -35 (208) ttgttat >>> atagatatat -10 (238)
sigma70(+):    226   Score   1.96     -35 (189) ctggct >>> taagtt -10 (219)
sigma38(+):    225   Score   1.95     -35 (189) ctggct >>> taagtt -10 (219)

   Total:      3 promoter(s) predicted



>TSS_493_D39V_1045181_-_curated_None
   Length of Query sequence:       300
sigma38(+):    249   Score   1.95     -35 (212) tttaca >>> tataat -10 (243)
sigma28(+):    238   Score   1.97     -35 (205) tgactgtt >>> tctgaaaa -10 (231)
sigma24(+):    236   Score   1.98     -35 (199) aaaatc >>> tctga -10 (228)
sigma70(+):    201   Score   1.96     -35 (168) ctaaaa >>> tatttt -10 (194)

   Total:      4 promoter(s) predicted



>TSS_494_D39V_1047916_-_467_None
   Length of Query sequence:       300
sigma70(+):    250   Score   1.94     -35 (215) tttaaa >>> tatact -10 (243)
sigma38(+):    250   Score   1.95     -35 (215) tttaaa >>> tatact -10 (243)
sigma28(+):    234   Score   1.96     -35 (201) accacatt >>> gcttaaga -10 (228)
sigma32(+):    214   Score   1.93     -35 (179) tagtttt >>> taccacattt -10 (209)

   Total:      4 promoter(s) predicted



>TSS_495_D39V_1047977_+_1364_None
   Length of Query sequence:       300
sigma28(+):    248   Score   1.95     -35 (215) ttaagctt >>> tgtggtaa -10 (242)
sigma70(+):    243   Score   1.96     -35 (202) tatcat >>> caaaat -10 (235)
sigma38(+):    243   Score   1.94     -35 (202) tatcat >>> caaaat -10 (235)
sigma24(+):    240   Score   1.92     -35 (207) taattt >>> gcaaa -10 (233)
sigma32(+):    239   Score   1.94     -35 (204) tcataat >>> aacggcaaaa -10 (234)

   Total:      5 promoter(s) predicted



>TSS_496_D39V_1048273_+_185_None
   Length of Query sequence:       300
sigma70(+):    250   Score   1.95     -35 (216) ttgaag >>> tacaat -10 (244)
sigma38(+):    250   Score   1.96     -35 (216) ttgaag >>> tacaat -10 (244)
sigma28(+):    242   Score   1.96     -35 (208) agcattca >>> tcctaaat -10 (234)
sigma24(+):    220   Score   1.95     -35 (189) gctttt >>> gcatt -10 (213)
sigma32(+):    216   Score   1.94     -35 (178) gaattgc >>> atctccaagt -10 (207)

   Total:      5 promoter(s) predicted



>TSS_497_D39V_1051644_-_2_SigA
   Length of Query sequence:       300
sigma70(+):    247   Score   1.96     -35 (213) gtcatt >>> gatatt -10 (240)
sigma32(+):    246   Score   1.92     -35 (211) aagtcat >>> caagatatta -10 (241)
sigma28(+):    242   Score   1.91     -35 (209) gtaagtca >>> gatcaaga -10 (236)
sigma38(+):    201   Score   1.86     -35 (163) cttcca >>> tacctt -10 (189)

   Total:      4 promoter(s) predicted



>TSS_498_D39V_1051849_-_1306_SigA
   Length of Query sequence:       300
sigma38(+):    250   Score   1.95     -35 (217) ttgcaa >>> tataat -10 (244)
sigma24(+):    230   Score   1.97     -35 (199) aaaaat >>> gcaat -10 (223)
sigma70(+):    219   Score   1.94     -35 (186) ttttta >>> gaaaaa -10 (213)
sigma28(+):    216   Score   1.83     -35 (183) ggattttt >>> aatgatga -10 (209)

   Total:      4 promoter(s) predicted



>TSS_499_D39V_1052049_-_7092_SigA
   Length of Query sequence:       300
sigma32(+):    244   Score   1.94     -35 (209) ttcttat >>> atctctagta -10 (239)
sigma70(+):    231   Score   1.96     -35 (195) tcgatc >>> caaaat -10 (224)
sigma24(+):    228   Score   1.98     -35 (197) gatcga >>> acaaa -10 (222)
sigma38(+):    203   Score   1.95     -35 (168) ttgaat >>> tatact -10 (195)

   Total:      4 promoter(s) predicted



>TSS_500_D39V_1052229_-_167_SigA
   Length of Query sequence:       300
sigma70(+):    246   Score   1.96     -35 (211) gaaact >>> tatagt -10 (239)
sigma24(+):    239   Score   1.91     -35 (207) taagga >>> tctga -10 (232)
sigma38(+):    212   Score   1.95     -35 (177) cttacc >>> aaaatt -10 (204)
sigma28(+):    205   Score   1.58     -35 (171) gtagttct >>> tcctatgg -10 (198)

   Total:      4 promoter(s) predicted



>TSS_501_D39V_1052911_-_114_None
   Length of Query sequence:       300
sigma38(+):    250   Score   1.96     -35 (216) tagcat >>> tatact -10 (244)
sigma24(+):    248   Score   1.98     -35 (218) gcataa >>> gctat -10 (241)
sigma70(+):    205   Score   1.91     -35 (169) tttcat >>> taggtt -10 (198)

   Total:      3 promoter(s) predicted



>TSS_502_D39V_1052957_+_38_None
   Length of Query sequence:       300
sigma70(+):    250   Score   1.96     -35 (211) tagtat >>> tatact -10 (244)
sigma38(+):    250   Score   1.94     -35 (216) tagcac >>> tatact -10 (244)
sigma24(+):    229   Score   1.96     -35 (197) tcattc >>> gcaca -10 (222)
sigma32(+):    201   Score   1.55     -35 (159) atatgct >>> agcaccaagg -10 (190)

   Total:      4 promoter(s) predicted



>TSS_503_D39V_1053448_+_1182_None
   Length of Query sequence:       300
sigma28(+):    236   Score   1.94     -35 (203) tgagcctt >>> tataatga -10 (230)
sigma38(+):    236   Score   1.96     -35 (199) tttatg >>> tataat -10 (228)
sigma24(+):    206   Score   1.97     -35 (174) tatatt >>> tccat -10 (199)
sigma32(+):    206   Score   1.95     -35 (171) gtctata >>> tgctccattt -10 (201)
sigma70(+):    201   Score   1.95     -35 (158) tatctt >>> gaaaat -10 (189)

   Total:      5 promoter(s) predicted



>TSS_504_D39V_1055009_-_21_None
   Length of Query sequence:       300
sigma38(+):    250   Score   1.95     -35 (216) tttact >>> taaaat -10 (244)
sigma24(+):    230   Score   1.96     -35 (197) gaatgt >>> actta -10 (223)
sigma32(+):    215   Score   1.94     -35 (179) caaaaga >>> gtccctatgt -10 (210)
sigma70(+):    207   Score   1.96     -35 (171) gagaaa >>> gagaat -10 (200)
sigma28(+):    203   Score   1.97     -35 (169) aagagaaa >>> gaagattg -10 (195)

   Total:      5 promoter(s) predicted



>TSS_505_D39V_1055111_+_26_None
   Length of Query sequence:       300
sigma24(+):    222   Score   1.98     -35 (188) taacat >>> tctgt -10 (215)
sigma38(+):    202   Score   1.95     -35 (160) tatcat >>> taacat -10 (193)
sigma32(+):    201   Score   1.93     -35 (162) tcattaa >>> aacgctaaca -10 (192)
sigma70(+):    201   Score   1.97     -35 (165) ttaatt >>> taacat -10 (193)

   Total:      4 promoter(s) predicted



>TSS_506_D39V_1062045_-_19_None
   Length of Query sequence:       300
sigma70(+):    250   Score   1.97     -35 (215) ttgaca >>> taaact -10 (243)
sigma38(+):    233   Score   1.96     -35 (195) tagaaa >>> aaaagt -10 (225)
sigma28(+):    231   Score   1.96     -35 (199) aaaacgta >>> gacaaaag -10 (224)
sigma24(+):    228   Score   1.97     -35 (200) aaacgt >>> acaaa -10 (222)

   Total:      4 promoter(s) predicted



>TSS_507_D39V_1064823_-_16_SigA
   Length of Query sequence:       300
sigma70(+):    249   Score   1.97     -35 (215) ttgaca >>> taaact -10 (243)
sigma38(+):    237   Score   1.95     -35 (199) tatata >>> aatatt -10 (229)
sigma32(+):    235   Score   1.94     -35 (200) atatatg >>> agcaatatta -10 (230)
sigma24(+):    233   Score   1.95     -35 (199) tatata >>> gcaat -10 (226)

   Total:      4 promoter(s) predicted



>TSS_508_D39V_1065690_-_12_SigA
   Length of Query sequence:       300
sigma70(+):    250   Score   1.94     -35 (216) gttaca >>> tataat -10 (243)
sigma38(+):    249   Score   1.95     -35 (216) gttaca >>> tataat -10 (243)
sigma28(+):    241   Score   1.97     -35 (208) gtcagatg >>> gatgaaca -10 (234)
sigma24(+):    220   Score   1.94     -35 (184) tcaatt >>> tcaga -10 (213)
sigma32(+):    219   Score   1.92     -35 (185) caattag >>> aacgtcagat -10 (214)

   Total:      5 promoter(s) predicted



>TSS_509_D39V_1067447_-_66_SigA
   Length of Query sequence:       300
sigma38(+):    249   Score   1.96     -35 (215) ttgaca >>> taaact -10 (243)
sigma70(+):    219   Score   1.96     -35 (180) cagaac >>> taaaat -10 (212)
sigma24(+):    204   Score   1.98     -35 (168) aaaagt >>> actta -10 (197)
sigma28(+):    203   Score   1.91     -35 (165) tgaaaaag >>> aacaaaaa -10 (190)

   Total:      4 promoter(s) predicted



>TSS_510_D39V_1069682_-_355_SigA
   Length of Query sequence:       300
sigma38(+):    250   Score   1.96     -35 (214) ttgaaa >>> tataat -10 (242)
sigma70(+):    249   Score   1.97     -35 (214) ttgaaa >>> tataat -10 (242)
sigma24(+):    235   Score   1.94     -35 (206) gaaaat >>> tccta -10 (228)
sigma28(+):    216   Score   1.97     -35 (183) aaaggaaa >>> ccagaaaa -10 (210)
sigma32(+):    213   Score   1.94     -35 (178) atctgaa >>> aaatccagaa -10 (208)

   Total:      5 promoter(s) predicted



>TSS_511_D39V_1069950_+_1920_SigA
   Length of Query sequence:       300
sigma70(+):    250   Score   1.97     -35 (217) ttgaca >>> tatact -10 (244)
sigma38(+):    250   Score   1.96     -35 (217) ttgaca >>> tatact -10 (244)
sigma28(+):    248   Score   1.96     -35 (214) tcattgac >>> tctgatat -10 (241)
sigma24(+):    246   Score   1.98     -35 (211) aaatca >>> tctga -10 (238)
sigma32(+):    205   Score   1.95     -35 (171) atatata >>> aacaccacta -10 (200)

   Total:      5 promoter(s) predicted



>TSS_512_D39V_1072583_+_3_None
   Length of Query sequence:       300
sigma38(+):    250   Score   1.95     -35 (211) tttgtg >>> taaagt -10 (244)
sigma70(+):    230   Score   1.96     -35 (190) taaaag >>> gatact -10 (223)
sigma28(+):    216   Score   1.96     -35 (183) aacatttt >>> tccgactt -10 (210)
sigma24(+):    214   Score   1.98     -35 (184) acattt >>> tccga -10 (207)

   Total:      4 promoter(s) predicted



>TSS_513_D39V_1073750_+_258_LacR
   Length of Query sequence:       300
sigma70(+):    250   Score   1.94     -35 (216) ttgaat >>> taagat -10 (244)
sigma38(+):    250   Score   1.95     -35 (216) ttgaat >>> taagat -10 (244)
sigma28(+):    232   Score   1.89     -35 (201) ttgttgtt >>> aatgatga -10 (226)
sigma24(+):    207   Score   1.95     -35 (171) aaactt >>> tcatt -10 (200)

   Total:      4 promoter(s) predicted



>TSS_514_D39V_1079658_-_0_SigA_LOWCONF
   Length of Query sequence:       300
sigma38(+):    250   Score   1.96     -35 (216) tttaca >>> tatact -10 (244)
sigma28(+):    241   Score   1.96     -35 (209) gtaaaggt >>> accgactt -10 (234)
sigma24(+):    230   Score   1.98     -35 (198) aaaagt >>> acaaa -10 (223)
sigma70(+):    205   Score   1.96     -35 (170) taggaa >>> taaaaa -10 (199)

   Total:      4 promoter(s) predicted



>TSS_515_D39V_1082731_-_14_SigA
   Length of Query sequence:       300
sigma38(+):    250   Score   1.94     -35 (216) ttgact >>> tatatt -10 (244)
sigma24(+):    236   Score   1.98     -35 (200) aaacaa >>> tcaaa -10 (229)
sigma70(+):    221   Score   1.96     -35 (182) gtaaaa >>> caaact -10 (214)
sigma32(+):    218   Score   1.93     -35 (182) gtaaaaa >>> aaacacaaac -10 (213)
sigma28(+):    209   Score   1.96     -35 (177) aaaaagta >>> aacaaaaa -10 (202)

   Total:      5 promoter(s) predicted



>TSS_516_D39V_1084121_-_2_None
   Length of Query sequence:       300
sigma38(+):    250   Score   1.80     -35 (213) tagact >>> tatagt -10 (244)
sigma70(+):    241   Score   1.92     -35 (203) ttgaca >>> caaaat -10 (234)
sigma24(+):    239   Score   1.89     -35 (206) acaata >>> acaaa -10 (232)
sigma32(+):    209   Score   1.72     -35 (174) ctgtatc >>> tccagtattt -10 (204)

   Total:      4 promoter(s) predicted



>TSS_517_D39V_1084974_-_curated_None
   Length of Query sequence:       300
sigma38(+):    250   Score   1.96     -35 (216) ttaaca >>> tatact -10 (244)
sigma70(+):    243   Score   1.96     -35 (206) tagaaa >>> tatagt -10 (236)
sigma28(+):    235   Score   1.97     -35 (202) agaataga >>> aacgattt -10 (228)
sigma24(+):    205   Score   1.98     -35 (173) aaacaa >>> acaaa -10 (199)
sigma32(+):    205   Score   1.94     -35 (169) aacaaaa >>> agagacaaaa -10 (200)

   Total:      5 promoter(s) predicted



>TSS_518_D39V_1087203_-_71_SigA
   Length of Query sequence:       300
sigma70(+):    250   Score   1.94     -35 (216) ttgtca >>> tataat -10 (244)
sigma38(+):    222   Score   1.84     -35 (184) ctgaag >>> tatggt -10 (214)
sigma28(+):    206   Score   1.85     -35 (166) aaaatgac >>> gaagatta -10 (193)

   Total:      3 promoter(s) predicted



>TSS_519_D39V_1091901_-_2_None
   Length of Query sequence:       300
sigma38(+):    239   Score   1.75     -35 (203) tagcag >>> caaagt -10 (231)
sigma28(+):    238   Score   1.96     -35 (204) agcagaac >>> tccaaagt -10 (231)
sigma70(+):    238   Score   1.93     -35 (203) tagcag >>> caaagt -10 (231)
sigma32(+):    228   Score   1.84     -35 (192) tgaggaa >>> gaaaccattg -10 (223)
sigma24(+):    216   Score   1.92     -35 (186) gaaatt >>> gcaga -10 (209)

   Total:      5 promoter(s) predicted



>TSS_520_D39V_1093331_-_860_None
   Length of Query sequence:       300
sigma70(+):    249   Score   1.97     -35 (215) gagatt >>> tataat -10 (243)
sigma38(+):    249   Score   1.95     -35 (215) gagatt >>> tataat -10 (243)
sigma32(+):    236   Score   1.95     -35 (202) tggtaca >>> ttaggcatat -10 (231)

   Total:      3 promoter(s) predicted



>TSS_521_D39V_1094086_-_326_None
   Length of Query sequence:       300
sigma70(+):    249   Score   1.94     -35 (215) tataaa >>> tagaat -10 (243)
sigma38(+):    241   Score   1.89     -35 (202) ttgctg >>> aaaaat -10 (233)
sigma28(+):    222   Score   1.96     -35 (184) ggaagact >>> gctgatga -10 (211)
sigma24(+):    215   Score   1.93     -35 (185) gaagac >>> gctga -10 (208)

   Total:      4 promoter(s) predicted



>TSS_522_D39V_1094639_-_57_SigA
   Length of Query sequence:       300
sigma24(+):    242   Score   1.97     -35 (208) acaatt >>> actaa -10 (235)
sigma32(+):    241   Score   1.95     -35 (203) agataac >>> aaccccatac -10 (232)
sigma38(+):    241   Score   1.90     -35 (202) tagata >>> catact -10 (233)
sigma28(+):    218   Score   1.96     -35 (184) ggaataaa >>> gataacaa -10 (211)
sigma70(+):    201   Score   1.94     -35 (165) ttttta >>> taaaaa -10 (193)

   Total:      5 promoter(s) predicted



>TSS_523_D39V_1100188_-_106_SigA
   Length of Query sequence:       300
sigma28(+):    249   Score   1.92     -35 (216) ttttgatt >>> catgatat -10 (241)
sigma38(+):    247   Score   1.94     -35 (208) ctcact >>> catgat -10 (239)
sigma70(+):    246   Score   1.96     -35 (212) ctgttt >>> catgat -10 (239)
sigma32(+):    243   Score   1.94     -35 (209) tcactgt >>> tcaggcatga -10 (238)
sigma24(+):    220   Score   1.88     -35 (186) gaagat >>> tcact -10 (213)

   Total:      5 promoter(s) predicted



>TSS_524_D39V_1101545_-_14_SigA
   Length of Query sequence:       300
sigma70(+):    250   Score   1.97     -35 (216) ttgtaa >>> tacaat -10 (244)
sigma38(+):    250   Score   1.96     -35 (215) tttgta >>> tacaat -10 (244)
sigma32(+):    233   Score   1.94     -35 (199) atataga >>> taaactataa -10 (228)
sigma24(+):    205   Score   1.97     -35 (176) taatag >>> tcaaa -10 (198)
sigma28(+):    201   Score   1.96     -35 (167) aaaataag >>> tcttatat -10 (194)

   Total:      5 promoter(s) predicted



>TSS_525_D39V_1102488_-_74_Rex
   Length of Query sequence:       300
sigma38(+):    250   Score   1.95     -35 (215) cttcct >>> tataat -10 (244)
sigma32(+):    237   Score   1.94     -35 (201) aaataca >>> aaacctaaag -10 (231)
sigma24(+):    216   Score   1.97     -35 (180) aatcta >>> acaga -10 (209)
sigma28(+):    211   Score   1.97     -35 (178) tcaatcta >>> tatgaaat -10 (204)
sigma70(+):    209   Score   1.96     -35 (176) tttcaa >>> tatgaa -10 (202)

   Total:      5 promoter(s) predicted



>TSS_526_D39V_1102918_-_5_None
   Length of Query sequence:       300
sigma32(+):    235   Score   1.95     -35 (199) aaatggc >>> accgataaaa -10 (230)
sigma28(+):    235   Score   1.95     -35 (203) ggcatgaa >>> accgataa -10 (228)
sigma24(+):    228   Score   1.97     -35 (197) aaaaat >>> tctaa -10 (221)
sigma38(+):    210   Score   1.95     -35 (172) gttatt >>> aaaaat -10 (202)
sigma70(+):    208   Score   1.96     -35 (172) gttatt >>> taaaaa -10 (201)

   Total:      5 promoter(s) predicted



>TSS_527_D39V_1105951_-_965_SigA
   Length of Query sequence:       300
sigma38(+):    250   Score   1.96     -35 (216) ctgaaa >>> tataat -10 (244)
sigma28(+):    248   Score   1.60     -35 (214) ggctgaaa >>> tatggtat -10 (241)
sigma70(+):    241   Score   1.96     -35 (204) gtggtt >>> gaattt -10 (234)
sigma24(+):    202   Score   1.92     -35 (169) gaatat >>> tcgat -10 (191)

   Total:      4 promoter(s) predicted



>TSS_528_D39V_1106069_+_967_CcpA
   Length of Query sequence:       300
sigma70(+):    250   Score   1.96     -35 (216) gtgaca >>> tagaat -10 (244)
sigma28(+):    232   Score   1.97     -35 (198) gaactata >>> gacaaagt -10 (225)
sigma38(+):    220   Score   1.96     -35 (188) tttaca >>> catatt -10 (214)
sigma24(+):    218   Score   1.98     -35 (183) aaacgt >>> gcata -10 (212)
sigma32(+):    211   Score   1.94     -35 (177) ccactaa >>> agaactataa -10 (206)

   Total:      5 promoter(s) predicted



>TSS_529_D39V_1110855_-_62_SigA
   Length of Query sequence:       300
sigma28(+):    250   Score   1.89     -35 (217) tgacaaat >>> tctaaaat -10 (244)
sigma38(+):    250   Score   1.95     -35 (216) ttgaca >>> taaaat -10 (244)
sigma24(+):    241   Score   1.96     -35 (207) tatttt >>> tcaat -10 (234)
sigma70(+):    219   Score   1.96     -35 (183) tgtaag >>> tatttt -10 (212)

   Total:      4 promoter(s) predicted



>TSS_530_D39V_1112797_-_21_SigA
   Length of Query sequence:       300
sigma38(+):    249   Score   1.95     -35 (217) ttttca >>> tataat -10 (243)
sigma28(+):    247   Score   1.95     -35 (213) taaatttt >>> tatgatat -10 (240)
sigma70(+):    233   Score   1.97     -35 (194) ttgaat >>> cattct -10 (226)
sigma24(+):    231   Score   1.97     -35 (196) gaatta >>> tcatt -10 (224)
sigma32(+):    201   Score   1.94     -35 (163) ctctaga >>> agagatattt -10 (192)

   Total:      5 promoter(s) predicted



>TSS_531_D39V_1113374_-_90_SigA
   Length of Query sequence:       300
sigma70(+):    250   Score   1.94     -35 (216) ttgact >>> tacaat -10 (244)
sigma38(+):    250   Score   1.70     -35 (216) ttgact >>> tacaat -10 (244)
sigma32(+):    238   Score   1.93     -35 (202) gtgttct >>> acacctaaaa -10 (233)
sigma28(+):    207   Score   1.85     -35 (173) gacagaga >>> gctgagaa -10 (200)

   Total:      4 promoter(s) predicted



>TSS_532_D39V_1116312_-_126_None
   Length of Query sequence:       300
sigma28(+):    246   Score   1.91     -35 (208) ctagctat >>> gactattt -10 (233)
sigma38(+):    226   Score   1.92     -35 (192) tagaca >>> tattgt -10 (218)
sigma70(+):    225   Score   1.95     -35 (192) tagaca >>> tattgt -10 (218)
sigma32(+):    223   Score   1.95     -35 (188) aacttag >>> ctagctattg -10 (217)
sigma24(+):    222   Score   1.92     -35 (187) caactt >>> gctat -10 (215)

   Total:      5 promoter(s) predicted



>TSS_533_D39V_1117527_-_1378_SigA
   Length of Query sequence:       300
sigma38(+):    250   Score   1.95     -35 (212) tacaaa >>> tatact -10 (244)
sigma28(+):    242   Score   1.97     -35 (203) taaatcag >>> ggtgaaac -10 (229)
sigma32(+):    229   Score   1.93     -35 (195) aaatatt >>> aaagacaggt -10 (224)
sigma70(+):    224   Score   1.97     -35 (191) ttgaaa >>> tacaaa -10 (217)
sigma24(+):    218   Score   1.98     -35 (185) tatcta >>> tcaga -10 (211)

   Total:      5 promoter(s) predicted



>TSS_534_D39V_1117585_-_2_None
   Length of Query sequence:       300
sigma70(+):    250   Score   1.96     -35 (217) tataag >>> tatact -10 (243)
sigma38(+):    204   Score   1.92     -35 (166) tttgag >>> tagttt -10 (196)

   Total:      2 promoter(s) predicted



>TSS_535_D39V_1119554_-_817_PurR
   Length of Query sequence:       300
sigma70(+):    233   Score   1.96     -35 (200) gtttag >>> taaaaa -10 (226)
sigma28(+):    229   Score   1.97     -35 (196) gaacgttt >>> gatgttaa -10 (223)
sigma38(+):    224   Score   1.96     -35 (191) tttacg >>> taggat -10 (218)
sigma24(+):    205   Score   1.98     -35 (169) aaaagc >>> acgaa -10 (198)
sigma32(+):    202   Score   1.94     -35 (162) ggattct >>> agagatattt -10 (193)

   Total:      5 promoter(s) predicted



>TSS_536_D39V_1119756_+_537_None
   Length of Query sequence:       300
sigma38(+):    242   Score   1.95     -35 (202) tttatc >>> tatttt -10 (234)
sigma28(+):    240   Score   1.96     -35 (206) tcactttc >>> gcttattt -10 (233)
sigma24(+):    230   Score   1.98     -35 (198) aaaatt >>> actta -10 (223)
sigma70(+):    225   Score   1.96     -35 (189) ttttta >>> catttt -10 (218)

   Total:      4 promoter(s) predicted



>TSS_537_D39V_1121810_+_37_None
   Length of Query sequence:       300
sigma28(+):    241   Score   1.94     -35 (209) taaattct >>> tctggttt -10 (234)
sigma38(+):    235   Score   1.95     -35 (197) tataaa >>> tattgt -10 (227)
sigma70(+):    221   Score   1.96     -35 (184) ctaaaa >>> taaatt -10 (214)
sigma32(+):    213   Score   1.94     -35 (178) ttttaac >>> aaacccaagt -10 (209)
sigma24(+):    206   Score   1.98     -35 (174) taactt >>> tctat -10 (199)

   Total:      5 promoter(s) predicted



>TSS_538_D39V_1122325_+_12_None
   Length of Query sequence:       300
sigma38(+):    249   Score   1.93     -35 (214) ttggca >>> tagact -10 (243)
sigma70(+):    242   Score   1.95     -35 (208) ttggat >>> tagtat -10 (235)
sigma32(+):    239   Score   1.95     -35 (205) tagttgg >>> atccatagta -10 (234)
sigma24(+):    237   Score   1.77     -35 (202) tactag >>> tccat -10 (230)

   Total:      4 promoter(s) predicted



>TSS_539_D39V_1126466_-_153_None
   Length of Query sequence:       300
sigma70(+):    250   Score   1.92     -35 (218) gtgaaa >>> taaaat -10 (244)
sigma38(+):    238   Score   1.92     -35 (201) ggtccg >>> tactat -10 (230)
sigma28(+):    231   Score   1.96     -35 (198) ttcggtcc >>> cgtgaaaa -10 (224)
sigma24(+):    210   Score   1.92     -35 (179) gaaaat >>> tcggt -10 (203)

   Total:      4 promoter(s) predicted



>TSS_540_D39V_1127501_-_191_SigA
   Length of Query sequence:       300
sigma38(+):    250   Score   1.96     -35 (217) ttgaat >>> tataat -10 (244)
sigma28(+):    238   Score   1.92     -35 (204) ttcctttt >>> gctattaa -10 (231)
sigma70(+):    237   Score   1.97     -35 (203) tttcct >>> tattaa -10 (231)
sigma24(+):    205   Score   1.97     -35 (169) tatatt >>> acatt -10 (198)

   Total:      4 promoter(s) predicted



>TSS_541_D39V_1127624_+_1327_SigA
   Length of Query sequence:       300
sigma70(+):    250   Score   1.97     -35 (216) ttgcct >>> tataat -10 (244)
sigma38(+):    250   Score   1.96     -35 (216) ttgcct >>> tataat -10 (244)
sigma24(+):    222   Score   1.98     -35 (186) tatatt >>> acaat -10 (215)
sigma28(+):    212   Score   1.97     -35 (179) tcaatgtt >>> cacgaaaa -10 (205)

   Total:      4 promoter(s) predicted



>TSS_542_D39V_1130639_+_147_None
   Length of Query sequence:       300
sigma70(+):    250   Score   1.94     -35 (216) ttgatt >>> tagaat -10 (243)
sigma38(+):    224   Score   1.95     -35 (186) ttgcag >>> aatttt -10 (216)
sigma24(+):    213   Score   1.85     -35 (178) ggattt >>> tcgta -10 (206)

   Total:      3 promoter(s) predicted



>TSS_543_D39V_1139380_-_165_SigA
   Length of Query sequence:       300
sigma70(+):    250   Score   1.94     -35 (216) gtgact >>> tataat -10 (244)
sigma38(+):    225   Score   1.90     -35 (186) ttccca >>> tagagt -10 (217)
sigma28(+):    201   Score   1.83     -35 (167) agaatctc >>> tcccaaat -10 (194)

   Total:      3 promoter(s) predicted



>TSS_544_D39V_1140727_-_399_SigA
   Length of Query sequence:       300
sigma38(+):    250   Score   1.96     -35 (216) ttgaca >>> tataat -10 (244)
sigma28(+):    231   Score   1.97     -35 (199) ttaattca >>> gacaaaaa -10 (225)
sigma24(+):    230   Score   1.97     -35 (200) taattc >>> acaaa -10 (223)
sigma70(+):    205   Score   1.97     -35 (167) ttttaa >>> tatatt -10 (198)
sigma32(+):    202   Score   1.95     -35 (166) tttttaa >>> aacaatatat -10 (197)

   Total:      5 promoter(s) predicted



>TSS_545_D39V_1149162_-_13_None
   Length of Query sequence:       300
sigma70(+):    250   Score   1.95     -35 (213) ttgaaa >>> tataat -10 (244)
sigma38(+):    250   Score   1.95     -35 (213) ttgaaa >>> tataat -10 (244)
sigma28(+):    248   Score   1.97     -35 (215) gaaagcat >>> tatgatat -10 (241)
sigma24(+):    236   Score   1.92     -35 (201) gccttg >>> tcata -10 (229)
sigma32(+):    233   Score   1.94     -35 (193) agttatt >>> gaaagcatat -10 (224)

   Total:      5 promoter(s) predicted



>TSS_546_D39V_1149614_-_474_None
   Length of Query sequence:       300
sigma70(+):    250   Score   1.97     -35 (215) ttgaca >>> gaaact -10 (244)
sigma24(+):    248   Score   1.98     -35 (218) acaaaa >>> gcgaa -10 (241)
sigma32(+):    235   Score   1.94     -35 (199) tcctttt >>> aaatacatca -10 (230)
sigma28(+):    232   Score   1.89     -35 (199) tccttttg >>> gacaaaat -10 (224)
sigma38(+):    232   Score   1.95     -35 (191) tttcag >>> caaaat -10 (224)

   Total:      5 promoter(s) predicted



>TSS_547_D39V_1151812_-_117_SigA
   Length of Query sequence:       300
sigma70(+):    250   Score   1.91     -35 (216) ttgaca >>> tacact -10 (244)
sigma38(+):    250   Score   1.95     -35 (216) ttgaca >>> tacact -10 (244)
sigma24(+):    219   Score   1.97     -35 (186) aaactt >>> gctaa -10 (212)

   Total:      3 promoter(s) predicted



>TSS_548_D39V_1153265_-_104_SigA
   Length of Query sequence:       300
sigma38(+):    250   Score   1.95     -35 (216) ttgaca >>> tattat -10 (244)
sigma28(+):    233   Score   1.97     -35 (199) gaaagaat >>> gacaaata -10 (225)
sigma24(+):    218   Score   1.97     -35 (184) acaagg >>> tcaaa -10 (211)
sigma70(+):    208   Score   1.96     -35 (168) ttcaaa >>> taagaa -10 (201)

   Total:      4 promoter(s) predicted



>TSS_549_D39V_1154757_-_460_SigX
   Length of Query sequence:       300
sigma38(+):    211   Score   1.93     -35 (172) cgaaaa >>> caaaat -10 (203)
sigma70(+):    210   Score   1.96     -35 (173) gaaaat >>> caaaat -10 (203)
sigma28(+):    208   Score   1.97     -35 (174) aaaattaa >>> tctgacaa -10 (200)
sigma24(+):    204   Score   1.97     -35 (174) aaaatt >>> tctga -10 (197)
sigma32(+):    201   Score   1.93     -35 (164) cttaaaa >>> tccaacatct -10 (195)

   Total:      5 promoter(s) predicted



>TSS_550_D39V_1159051_-_97_SigA
   Length of Query sequence:       300
sigma38(+):    250   Score   1.96     -35 (216) tttatg >>> tataat -10 (244)
sigma70(+):    241   Score   1.96     -35 (206) cagtat >>> tagatt -10 (234)
sigma28(+):    233   Score   1.97     -35 (199) ggaggacc >>> tatgatag -10 (225)
sigma24(+):    223   Score   1.91     -35 (194) gaaggg >>> tcttt -10 (217)
sigma32(+):    218   Score   1.94     -35 (184) tcctatt >>> accagtattt -10 (213)

   Total:      5 promoter(s) predicted



>TSS_551_D39V_1159217_-_2_CiaR
   Length of Query sequence:       300
sigma38(+):    248   Score   1.96     -35 (213) tttaag >>> tatatt -10 (240)
sigma70(+):    220   Score   1.96     -35 (183) gtaatc >>> taagtt -10 (213)
sigma24(+):    211   Score   1.95     -35 (180) caagta >>> tcaaa -10 (204)

   Total:      3 promoter(s) predicted



>TSS_552_D39V_1159338_+_7_None
   Length of Query sequence:       300
sigma38(+):    242   Score   1.95     -35 (203) cttact >>> taactt -10 (234)
sigma70(+):    241   Score   1.96     -35 (203) cttact >>> taactt -10 (234)
sigma32(+):    238   Score   1.95     -35 (202) acttact >>> ttagctaact -10 (233)
sigma24(+):    238   Score   1.98     -35 (209) gccctt >>> gctaa -10 (231)
sigma28(+):    233   Score   1.97     -35 (200) tgacttac >>> tcttatta -10 (226)

   Total:      5 promoter(s) predicted



>TSS_554_D39V_1168970_-_5080_SigA
   Length of Query sequence:       300
sigma38(+):    249   Score   1.96     -35 (215) ttgatt >>> tatagt -10 (243)
sigma24(+):    246   Score   1.98     -35 (217) gatttt >>> gctat -10 (240)
sigma70(+):    229   Score   1.97     -35 (195) gctaca >>> gatttt -10 (222)
sigma32(+):    208   Score   1.94     -35 (174) gatttta >>> tgctacattg -10 (203)

   Total:      4 promoter(s) predicted



>TSS_555_D39V_1170223_-_479_SigA
   Length of Query sequence:       300
sigma70(+):    250   Score   1.96     -35 (217) ctgatt >>> tataat -10 (244)
sigma38(+):    250   Score   1.96     -35 (217) ctgatt >>> tataat -10 (244)
sigma28(+):    230   Score   1.97     -35 (196) ttaattac >>> gctgattt -10 (223)
sigma24(+):    227   Score   1.98     -35 (191) gaattt >>> gctga -10 (220)

   Total:      4 promoter(s) predicted



>TSS_556_D39V_1170339_+_19_None
   Length of Query sequence:       300
sigma38(+):    250   Score   1.95     -35 (211) ttacta >>> tatact -10 (244)
sigma28(+):    229   Score   1.97     -35 (196) aaaatttt >>> tatgatag -10 (222)
sigma70(+):    227   Score   1.97     -35 (193) ttcaaa >>> tatgat -10 (220)
sigma24(+):    216   Score   1.97     -35 (184) taatta >>> acata -10 (209)

   Total:      4 promoter(s) predicted



>TSS_557_D39V_1170746_+_0_SigA_LOWCONF
   Length of Query sequence:       300
sigma38(+):    250   Score   1.95     -35 (216) ttgaca >>> tatagt -10 (242)
sigma70(+):    249   Score   1.95     -35 (216) ttgaca >>> tatagt -10 (242)
sigma32(+):    246   Score   1.94     -35 (211) ttctgtt >>> aaaggtatag -10 (241)
sigma28(+):    232   Score   1.92     -35 (198) agaatttc >>> gacaaaat -10 (225)
sigma24(+):    205   Score   1.95     -35 (173) gacctg >>> gcata -10 (198)

   Total:      5 promoter(s) predicted



>TSS_558_D39V_1174123_-_844_None
   Length of Query sequence:       300
sigma70(+):    250   Score   1.96     -35 (214) tttacc >>> tatact -10 (244)
sigma38(+):    250   Score   1.96     -35 (214) tttacc >>> tatact -10 (244)
sigma24(+):    235   Score   1.89     -35 (205) tcatct >>> tcatt -10 (228)
sigma32(+):    230   Score   1.94     -35 (195) ttcttta >>> taccacaatc -10 (225)

   Total:      4 promoter(s) predicted



>TSS_559_D39V_1174168_+_102_None
   Length of Query sequence:       300
sigma28(+):    250   Score   1.38     -35 (216) atatcaaa >>> tgtggtaa -10 (242)
sigma38(+):    249   Score   1.94     -35 (217) tatcaa >>> taaaat -10 (245)
sigma24(+):    230   Score   1.96     -35 (195) tacttt >>> tcaaa -10 (223)
sigma32(+):    224   Score   1.95     -35 (189) cctttct >>> accagtatat -10 (219)
sigma70(+):    213   Score   1.96     -35 (175) gtcatg >>> tagatt -10 (206)

   Total:      5 promoter(s) predicted



>TSS_560_D39V_1175105_+_1799_SigA
   Length of Query sequence:       300
sigma70(+):    250   Score   1.97     -35 (216) tttaca >>> tatact -10 (244)
sigma38(+):    250   Score   1.96     -35 (216) tttaca >>> tatact -10 (244)
sigma24(+):    248   Score   1.96     -35 (219) acaaaa >>> gctat -10 (241)
sigma28(+):    216   Score   1.80     -35 (182) tcgctctt >>> tcgggaaa -10 (209)
sigma32(+):    201   Score   1.88     -35 (161) aaatgat >>> ctcgctcttt -10 (190)

   Total:      5 promoter(s) predicted



>TSS_561_D39V_1178648_-_480_None
   Length of Query sequence:       300
sigma70(+):    240   Score   1.92     -35 (206) ttccta >>> taattt -10 (233)
sigma38(+):    231   Score   1.94     -35 (196) ttggat >>> tagatt -10 (223)
sigma24(+):    218   Score   1.17     -35 (189) tatctt >>> tccta -10 (211)

   Total:      3 promoter(s) predicted



>TSS_562_D39V_1179142_-_511_None
   Length of Query sequence:       300
sigma70(+):    250   Score   1.91     -35 (216) tagcaa >>> taaaat -10 (244)
sigma24(+):    213   Score   1.93     -35 (183) tcacgg >>> tcata -10 (206)
sigma38(+):    204   Score   1.94     -35 (170) gttgtg >>> tacttt -10 (196)

   Total:      3 promoter(s) predicted



>TSS_563_D39V_1179188_+_84_SigA
   Length of Query sequence:       300
sigma70(+):    250   Score   1.92     -35 (214) tttacc >>> tataat -10 (244)
sigma38(+):    250   Score   1.95     -35 (214) tttacc >>> tataat -10 (244)
sigma24(+):    228   Score   0.96     -35 (198) tctctt >>> accaa -10 (221)

   Total:      3 promoter(s) predicted



>TSS_564_D39V_1181901_-_5_None
   Length of Query sequence:       300
sigma24(+):    250   Score   1.85     -35 (215) tacttt >>> actat -10 (243)
sigma32(+):    250   Score   1.95     -35 (216) acttttt >>> taaactatat -10 (245)
sigma38(+):    249   Score   1.96     -35 (213) tttact >>> taaact -10 (241)
sigma70(+):    227   Score   1.96     -35 (187) ttttta >>> tacttt -10 (220)

   Total:      4 promoter(s) predicted



>TSS_565_D39V_1182924_-_139_None
   Length of Query sequence:       300
sigma70(+):    230   Score   1.92     -35 (191) tttctt >>> tagcct -10 (222)
sigma38(+):    230   Score   1.87     -35 (191) tttctt >>> tagcct -10 (222)

   Total:      2 promoter(s) predicted



>TSS_566_D39V_1183485_-_6513_SigA
   Length of Query sequence:       300
sigma38(+):    250   Score   1.96     -35 (218) tttaaa >>> tataat -10 (244)
sigma28(+):    237   Score   1.97     -35 (203) acaagaat >>> aatgaaaa -10 (230)
sigma70(+):    226   Score   1.97     -35 (191) tttcat >>> tatttt -10 (219)
sigma24(+):    212   Score   1.74     -35 (177) tcaatt >>> gcaca -10 (205)

   Total:      4 promoter(s) predicted



>TSS_567_D39V_1183548_+_62_None
   Length of Query sequence:       300
sigma70(+):    250   Score   1.97     -35 (216) tttaaa >>> tacaat -10 (244)
sigma38(+):    250   Score   1.96     -35 (216) tttaaa >>> tacaat -10 (244)
sigma24(+):    212   Score   1.97     -35 (179) caattt >>> tcaca -10 (205)
sigma32(+):    203   Score   1.95     -35 (169) tcgtcct >>> ttctccatta -10 (198)

   Total:      4 promoter(s) predicted



>TSS_568_D39V_1184547_+_53842_None
   Length of Query sequence:       300
sigma38(+):    250   Score   1.94     -35 (216) ttgcca >>> tagact -10 (244)
sigma24(+):    239   Score   1.97     -35 (209) aaaata >>> tcaga -10 (232)
sigma28(+):    238   Score   1.97     -35 (198) taaaaact >>> gccaaact -10 (225)
sigma70(+):    220   Score   1.95     -35 (183) gttaaa >>> taaaat -10 (213)

   Total:      4 promoter(s) predicted



>TSS_569_D39V_1187118_-_60_None
   Length of Query sequence:       300
sigma70(+):    247   Score   1.96     -35 (209) tttata >>> cattat -10 (239)
sigma32(+):    243   Score   1.95     -35 (207) tatttat >>> aaaagcatta -10 (238)
sigma24(+):    237   Score   1.98     -35 (203) gcaata >>> tcaaa -10 (230)
sigma28(+):    231   Score   1.97     -35 (199) gaaagcaa >>> gactaaaa -10 (225)
sigma38(+):    202   Score   1.95     -35 (165) tagatt >>> catttt -10 (194)

   Total:      5 promoter(s) predicted



>TSS_570_D39V_1187429_+_658_SigA
   Length of Query sequence:       300
sigma70(+):    250   Score   1.97     -35 (215) tttaca >>> tataat -10 (243)
sigma38(+):    249   Score   1.96     -35 (215) tttaca >>> tataat -10 (243)
sigma28(+):    248   Score   1.94     -35 (215) tttacagt >>> tctgctat -10 (240)
sigma24(+):    215   Score   1.98     -35 (179) gaattg >>> tctgt -10 (208)

   Total:      4 promoter(s) predicted



>TSS_571_D39V_1202802_-_6_SigA
   Length of Query sequence:       300
sigma24(+):    234   Score   1.97     -35 (198) acaaat >>> gcgaa -10 (227)
sigma38(+):    221   Score   1.95     -35 (185) tagaaa >>> tataat -10 (213)
sigma70(+):    220   Score   1.96     -35 (182) ttgtag >>> tataat -10 (213)
sigma28(+):    207   Score   1.97     -35 (175) tagcgaat >>> gcttaaca -10 (200)

   Total:      4 promoter(s) predicted



>TSS_572_D39V_1202833_-_9_SigA
   Length of Query sequence:       300
sigma38(+):    250   Score   1.95     -35 (216) tagaaa >>> tataat -10 (244)
sigma28(+):    238   Score   1.97     -35 (206) tagcgaat >>> gcttaaca -10 (231)
sigma24(+):    219   Score   1.95     -35 (189) aaaatt >>> gcgaa -10 (212)
sigma70(+):    201   Score   1.96     -35 (164) taggag >>> gaaaat -10 (193)

   Total:      4 promoter(s) predicted



>TSS_573_D39V_1212984_-_29_SigA
   Length of Query sequence:       300
sigma70(+):    250   Score   1.94     -35 (216) ttgcat >>> tataat -10 (244)
sigma38(+):    250   Score   1.95     -35 (216) ttgcat >>> tataat -10 (244)
sigma28(+):    249   Score   1.96     -35 (217) tgcatttt >>> gagtataa -10 (243)
sigma32(+):    211   Score   1.93     -35 (175) acggaaa >>> gacaacattg -10 (206)
sigma24(+):    201   Score   1.96     -35 (168) aaaagt >>> tctat -10 (194)

   Total:      5 promoter(s) predicted



>TSS_574_D39V_1215355_-_5_None
   Length of Query sequence:       300
sigma32(+):    244   Score   1.87     -35 (208) cacttgt >>> aactgcagaa -10 (239)
sigma70(+):    227   Score   1.92     -35 (193) ttgacg >>> taaaga -10 (220)
sigma24(+):    218   Score   1.91     -35 (186) gaactt >>> gcact -10 (211)
sigma28(+):    208   Score   1.95     -35 (176) agaagcta >>> gacggtgc -10 (202)

   Total:      4 promoter(s) predicted



>TSS_575_D39V_1215469_-_3_None
   Length of Query sequence:       300
sigma38(+):    250   Score   1.89     -35 (214) ttgaat >>> aaaagt -10 (244)
sigma24(+):    246   Score   1.66     -35 (216) gaattg >>> acaaa -10 (239)
sigma32(+):    221   Score   1.83     -35 (185) tgctggt >>> ttcgacgttg -10 (216)
sigma70(+):    209   Score   1.77     -35 (172) ctgatg >>> taaaga -10 (202)
sigma28(+):    201   Score   1.95     -35 (167) tgcagctg >>> gctggtgc -10 (193)

   Total:      5 promoter(s) predicted



>TSS_576_D39V_1216425_-_2158_None
   Length of Query sequence:       300
sigma38(+):    249   Score   1.96     -35 (215) ttgcat >>> tatact -10 (243)
sigma24(+):    247   Score   1.97     -35 (217) gcattc >>> gctat -10 (240)
sigma70(+):    206   Score   1.97     -35 (168) tttaaa >>> taaaaa -10 (199)
sigma28(+):    202   Score   1.94     -35 (163) agaacttt >>> cacgaaaa -10 (189)

   Total:      4 promoter(s) predicted



>TSS_577_D39V_1217994_-_45_SigA
   Length of Query sequence:       300
sigma70(+):    250   Score   1.94     -35 (216) ttgcct >>> tacaat -10 (244)
sigma38(+):    250   Score   1.95     -35 (216) ttgcct >>> tacaat -10 (244)
sigma28(+):    219   Score   1.90     -35 (185) ttctcttt >>> gacgaaaa -10 (212)
sigma24(+):    217   Score   0.97     -35 (181) gccatt >>> acgaa -10 (210)

   Total:      4 promoter(s) predicted



>TSS_578_D39V_1222704_-_7_None
   Length of Query sequence:       300
sigma28(+):    242   Score   1.96     -35 (208) agagcaaa >>> gccgcagg -10 (234)
sigma32(+):    240   Score   1.87     -35 (204) tcaaaga >>> agccgcaggc -10 (235)
sigma24(+):    215   Score   1.96     -35 (183) gaagtt >>> tcaaa -10 (208)
sigma70(+):    211   Score   1.93     -35 (176) gtgaaa >>> gaaaat -10 (204)
sigma38(+):    202   Score   1.92     -35 (162) ttcata >>> tatact -10 (194)

   Total:      5 promoter(s) predicted



>TSS_579_D39V_1225016_-_1436_CodY
   Length of Query sequence:       300
sigma28(+):    248   Score   1.97     -35 (215) ataggaat >>> tctgttat -10 (241)
sigma24(+):    245   Score   1.98     -35 (213) taatag >>> tctgt -10 (238)
sigma38(+):    233   Score   1.96     -35 (194) ctgaaa >>> aatttt -10 (225)
sigma70(+):    202   Score   1.97     -35 (167) tcgtct >>> tatact -10 (195)

   Total:      4 promoter(s) predicted



>TSS_580_D39V_1225904_-_529_SigA
   Length of Query sequence:       300
sigma70(+):    250   Score   1.94     -35 (216) ttgata >>> tataat -10 (244)
sigma38(+):    220   Score   1.94     -35 (179) ttgaag >>> aatttt -10 (212)
sigma28(+):    213   Score   1.97     -35 (180) tgaaggct >>> tctgcaga -10 (206)
sigma24(+):    213   Score   1.77     -35 (181) gaaggc >>> gcaga -10 (206)
sigma32(+):    212   Score   1.94     -35 (176) attttga >>> gtctgcagaa -10 (207)

   Total:      5 promoter(s) predicted



>TSS_581_D39V_1231477_-_405_SigA
   Length of Query sequence:       300
sigma38(+):    229   Score   1.95     -35 (195) ttgatt >>> tagatt -10 (221)
sigma70(+):    228   Score   1.93     -35 (195) ttgatt >>> tagatt -10 (221)
sigma32(+):    222   Score   1.93     -35 (187) gtcaggc >>> gtctgcaata -10 (217)

   Total:      3 promoter(s) predicted



>TSS_582_D39V_1235545_-_5_None
   Length of Query sequence:       300
sigma38(+):    239   Score   1.95     -35 (197) taaaaa >>> tagtat -10 (230)
sigma70(+):    237   Score   1.96     -35 (197) taaaaa >>> tagtat -10 (230)
sigma28(+):    225   Score   1.97     -35 (192) gaaactaa >>> gccattta -10 (219)
sigma24(+):    223   Score   1.93     -35 (193) aaacta >>> gccat -10 (216)
sigma32(+):    223   Score   1.95     -35 (188) gtatgaa >>> ttcgccattt -10 (218)

   Total:      5 promoter(s) predicted



>TSS_583_D39V_1235633_-_155_None
   Length of Query sequence:       300
sigma28(+):    249   Score   1.97     -35 (217) taaggaat >>> tatgataa -10 (243)
sigma38(+):    214   Score   1.94     -35 (178) ctgaaa >>> taaagt -10 (206)
sigma70(+):    213   Score   1.95     -35 (175) ttgctg >>> taaagt -10 (206)
sigma24(+):    205   Score   1.90     -35 (172) gaattg >>> acgat -10 (198)

   Total:      4 promoter(s) predicted



>TSS_584_D39V_1242103_-_3925_SigA
   Length of Query sequence:       300
sigma70(+):    250   Score   1.96     -35 (211) tttttt >>> tataat -10 (243)
sigma38(+):    249   Score   1.95     -35 (214) tttgag >>> tataat -10 (243)
sigma28(+):    239   Score   1.58     -35 (207) tttctttt >>> tctaaaag -10 (232)
sigma24(+):    220   Score   1.90     -35 (191) aaaaaa >>> tcttt -10 (213)

   Total:      4 promoter(s) predicted



>TSS_585_D39V_1242196_+_23_None
   Length of Query sequence:       300
sigma38(+):    250   Score   1.96     -35 (216) tttact >>> tatact -10 (244)
sigma24(+):    235   Score   1.98     -35 (200) aaacta >>> tcttt -10 (228)
sigma70(+):    212   Score   1.97     -35 (178) ttttag >>> gaaact -10 (204)
sigma28(+):    203   Score   1.95     -35 (169) atatcaaa >>> tctcaaaa -10 (196)
sigma32(+):    201   Score   1.93     -35 (159) aactacc >>> ttagacaatt -10 (189)

   Total:      5 promoter(s) predicted



>TSS_586_D39V_1245185_-_22_SigA
   Length of Query sequence:       300
sigma38(+):    250   Score   1.96     -35 (217) ttgatt >>> tagtat -10 (244)
sigma70(+):    217   Score   1.92     -35 (181) tagaag >>> taaaat -10 (210)
sigma28(+):    215   Score   1.96     -35 (182) agaaggaa >>> gcttaaaa -10 (209)
sigma24(+):    213   Score   1.97     -35 (183) gaagga >>> gctta -10 (206)
sigma32(+):    201   Score   1.93     -35 (167) acgtttg >>> gaaactattt -10 (196)

   Total:      5 promoter(s) predicted



>TSS_587_D39V_1245304_+_11_MalR
   Length of Query sequence:       300
sigma32(+):    232   Score   1.95     -35 (196) ccttcta >>> tgcgctaata -10 (227)
sigma28(+):    221   Score   1.97     -35 (186) aaaatagt >>> tacgcaaa -10 (213)
sigma24(+):    220   Score   1.98     -35 (186) aaaata >>> gcaaa -10 (213)
sigma38(+):    214   Score   1.94     -35 (175) tttaag >>> tatctt -10 (206)
sigma70(+):    213   Score   1.96     -35 (175) tttaag >>> tatctt -10 (206)

   Total:      5 promoter(s) predicted



>TSS_588_D39V_1250194_-_161_SigA
   Length of Query sequence:       300
sigma38(+):    250   Score   1.95     -35 (216) ttgacg >>> tataat -10 (244)
sigma32(+):    248   Score   1.95     -35 (213) cagttga >>> aacgttataa -10 (243)
sigma28(+):    231   Score   1.97     -35 (198) aacggaga >>> gacgcaag -10 (225)
sigma70(+):    216   Score   1.96     -35 (181) gggaat >>> gatcat -10 (209)
sigma24(+):    201   Score   1.98     -35 (167) taatca >>> tctaa -10 (194)

   Total:      5 promoter(s) predicted



>TSS_589_D39V_1250634_-_14_None
   Length of Query sequence:       300
sigma70(+):    250   Score   1.94     -35 (216) ttgctt >>> tatact -10 (244)
sigma38(+):    247   Score   1.92     -35 (211) tttatt >>> tagtat -10 (241)
sigma24(+):    201   Score   1.93     -35 (166) tcagtt >>> tctat -10 (194)

   Total:      3 promoter(s) predicted



>TSS_590_D39V_1255590_-_271_SigA
   Length of Query sequence:       300
sigma28(+):    244   Score   1.95     -35 (211) ttatggtc >>> tctaaaaa -10 (236)
sigma32(+):    240   Score   1.95     -35 (206) tattttt >>> gtctctaaaa -10 (235)
sigma24(+):    231   Score   1.97     -35 (198) aaacaa >>> tcaaa -10 (224)
sigma38(+):    219   Score   1.95     -35 (184) cttatg >>> tatttt -10 (211)
sigma70(+):    218   Score   1.96     -35 (181) tttctt >>> tatttt -10 (211)

   Total:      5 promoter(s) predicted



>TSS_591_D39V_1257079_-_4_SigA
   Length of Query sequence:       300
sigma70(+):    210   Score   1.96     -35 (171) gtgcag >>> tacaat -10 (203)
sigma24(+):    205   Score   1.93     -35 (173) gcagga >>> tcaat -10 (198)
sigma38(+):    201   Score   1.85     -35 (160) tggata >>> aattat -10 (192)

   Total:      3 promoter(s) predicted



>TSS_592_D39V_1257202_-_286_SigA
   Length of Query sequence:       300
sigma70(+):    249   Score   1.94     -35 (215) ttcaca >>> tatact -10 (243)
sigma38(+):    249   Score   1.95     -35 (215) ttcaca >>> tatact -10 (243)
sigma24(+):    227   Score   1.78     -35 (191) gcaatg >>> tcaca -10 (220)

   Total:      3 promoter(s) predicted



>TSS_593_D39V_1259444_-_165_SigA
   Length of Query sequence:       300
sigma32(+):    249   Score   1.95     -35 (214) cacttga >>> atcgttataa -10 (244)
sigma24(+):    247   Score   1.97     -35 (213) acactt >>> tcgtt -10 (240)
sigma38(+):    213   Score   1.95     -35 (175) ttgaac >>> aaaaat -10 (205)
sigma28(+):    211   Score   1.97     -35 (177) gaacgaaa >>> gataaaaa -10 (204)
sigma70(+):    211   Score   1.96     -35 (175) ttgaac >>> taaaaa -10 (204)

   Total:      5 promoter(s) predicted



>TSS_594_D39V_1265026_-_967_None
   Length of Query sequence:       300
sigma38(+):    250   Score   1.95     -35 (218) gtcaaa >>> tatagt -10 (244)
sigma24(+):    243   Score   1.98     -35 (208) gaaaat >>> tctat -10 (236)
sigma70(+):    220   Score   1.96     -35 (183) tttcca >>> gaaaat -10 (213)
sigma32(+):    206   Score   1.94     -35 (171) ttgaaaa >>> ggcctcagat -10 (201)

   Total:      4 promoter(s) predicted



>TSS_595_D39V_1267843_-_4502_SigA
   Length of Query sequence:       300
sigma70(+):    250   Score   1.97     -35 (216) tagtca >>> tataat -10 (244)
sigma38(+):    242   Score   1.95     -35 (202) tttcta >>> tatttt -10 (234)
sigma32(+):    236   Score   1.95     -35 (200) tttttct >>> agcgccttat -10 (231)
sigma24(+):    223   Score   1.98     -35 (189) aaaata >>> tccct -10 (216)
sigma28(+):    218   Score   1.97     -35 (185) tgaaaaaa >>> tctaaaaa -10 (211)

   Total:      5 promoter(s) predicted



>TSS_596_D39V_1271288_-_922_SigA
   Length of Query sequence:       300
sigma70(+):    250   Score   1.92     -35 (211) ttttta >>> tataat -10 (243)
sigma38(+):    249   Score   1.95     -35 (213) tttatc >>> tataat -10 (243)
sigma28(+):    217   Score   1.97     -35 (184) gacggact >>> gatggtga -10 (210)

   Total:      3 promoter(s) predicted



>TSS_597_D39V_1273902_-_527_SigA
   Length of Query sequence:       300
sigma70(+):    250   Score   1.96     -35 (215) ctgaaa >>> tataat -10 (244)
sigma38(+):    250   Score   1.95     -35 (215) ctgaaa >>> tataat -10 (244)
sigma24(+):    241   Score   1.97     -35 (209) aaaaat >>> acaat -10 (234)
sigma28(+):    218   Score   1.97     -35 (186) taaataaa >>> cctgcaaa -10 (211)
sigma32(+):    212   Score   1.95     -35 (174) tcctttt >>> tactccaaag -10 (203)

   Total:      5 promoter(s) predicted



>TSS_598_D39V_1274211_-_62601_SigA
   Length of Query sequence:       300
sigma38(+):    250   Score   1.95     -35 (216) ttgaca >>> tagaat -10 (244)
sigma24(+):    230   Score   1.96     -35 (195) aaaatt >>> acaat -10 (223)
sigma32(+):    216   Score   1.94     -35 (182) ggaagaa >>> aaccgcattt -10 (211)
sigma70(+):    214   Score   1.96     -35 (172) ttgtat >>> taaacc -10 (205)
sigma28(+):    201   Score   1.94     -35 (165) tcaactct >>> gaagaaaa -10 (190)

   Total:      5 promoter(s) predicted



>TSS_599_D39V_1274289_-_2_None
   Length of Query sequence:       300
sigma70(+):    243   Score   1.91     -35 (207) tcgaaa >>> tattga -10 (236)
sigma38(+):    237   Score   1.92     -35 (202) cttact >>> aatgtt -10 (229)
sigma24(+):    218   Score   1.87     -35 (182) gcagat >>> tcgaa -10 (211)

   Total:      3 promoter(s) predicted



>TSS_600_D39V_1275053_-_4051_SigA
   Length of Query sequence:       300
sigma70(+):    250   Score   1.94     -35 (216) ttgaca >>> tataat -10 (244)
sigma38(+):    250   Score   1.95     -35 (216) ttgaca >>> tataat -10 (244)
sigma32(+):    248   Score   1.95     -35 (213) cacttga >>> taccatataa -10 (243)
sigma24(+):    217   Score   1.96     -35 (185) gctctt >>> tcgtt -10 (210)

   Total:      4 promoter(s) predicted



>TSS_601_D39V_1275151_+_146_CcpA
   Length of Query sequence:       300
sigma38(+):    250   Score   1.95     -35 (218) gcgtcc >>> tataat -10 (244)
sigma28(+):    226   Score   1.80     -35 (186) caagtgaa >>> tctaaaaa -10 (213)
sigma70(+):    220   Score   1.96     -35 (182) ttgtca >>> taaaaa -10 (213)
sigma24(+):    217   Score   1.95     -35 (185) tcaagt >>> tctaa -10 (210)

   Total:      4 promoter(s) predicted



>TSS_602_D39V_1277991_-_24_None
   Length of Query sequence:       300
sigma70(+):    250   Score   1.96     -35 (215) tttaac >>> tatact -10 (244)
sigma38(+):    250   Score   1.95     -35 (215) tttaac >>> tatact -10 (244)
sigma28(+):    248   Score   1.94     -35 (216) ttaacgtt >>> gatgctat -10 (241)
sigma24(+):    202   Score   1.96     -35 (165) tcaata >>> tctat -10 (194)

   Total:      4 promoter(s) predicted



>TSS_603_D39V_1281748_-_430_SigA
   Length of Query sequence:       300
sigma28(+):    241   Score   1.95     -35 (208) ttactctt >>> gctaaaat -10 (234)
sigma32(+):    238   Score   1.95     -35 (202) agcttgt >>> ccagctaaaa -10 (233)
sigma24(+):    230   Score   1.96     -35 (198) gaatag >>> tcaat -10 (223)
sigma38(+):    222   Score   1.95     -35 (186) ttggag >>> tactct -10 (214)
sigma70(+):    221   Score   1.94     -35 (186) ttggag >>> tactct -10 (214)

   Total:      5 promoter(s) predicted



>TSS_604_D39V_1287478_-_67_None
   Length of Query sequence:       300
sigma70(+):    250   Score   1.97     -35 (216) ttgatt >>> taaaat -10 (244)
sigma28(+):    247   Score   1.74     -35 (216) ttgatttt >>> tactataa -10 (241)
sigma38(+):    213   Score   1.95     -35 (178) tctaaa >>> aacaat -10 (205)
sigma24(+):    208   Score   1.98     -35 (174) aaagtc >>> tcaaa -10 (200)

   Total:      4 promoter(s) predicted



>TSS_605_D39V_1287942_+_0_None_LOWCONF
   Length of Query sequence:       300
sigma38(+):    250   Score   1.96     -35 (215) ctcaaa >>> tataat -10 (244)
sigma28(+):    228   Score   1.96     -35 (196) atatttaa >>> gctcaaag -10 (221)
sigma24(+):    227   Score   1.97     -35 (193) tcaata >>> tcaaa -10 (220)
sigma70(+):    220   Score   1.97     -35 (184) tagaaa >>> gaaaaa -10 (212)
sigma32(+):    206   Score   1.94     -35 (172) tactaga >>> atcaatattt -10 (201)

   Total:      5 promoter(s) predicted



>TSS_606_D39V_1291372_-_12_None
   Length of Query sequence:       300
sigma70(+):    250   Score   1.96     -35 (215) ttgctt >>> tataat -10 (243)
sigma38(+):    250   Score   1.96     -35 (215) ttgctt >>> tataat -10 (243)
sigma24(+):    244   Score   1.97     -35 (212) tcattg >>> tctgt -10 (237)
sigma32(+):    224   Score   1.94     -35 (183) atataaa >>> atatctatca -10 (214)
sigma28(+):    215   Score   1.87     -35 (183) atataaat >>> gataatat -10 (208)

   Total:      5 promoter(s) predicted



>TSS_607_D39V_1291405_+_curated_None
   Length of Query sequence:       300
sigma24(+):    243   Score   1.98     -35 (209) aaacta >>> acaga -10 (236)
sigma70(+):    224   Score   1.96     -35 (186) ttccaa >>> tattgt -10 (218)
sigma38(+):    212   Score   1.96     -35 (177) tagaca >>> tattaa -10 (204)
sigma32(+):    208   Score   1.95     -35 (172) cctttta >>> agccttatta -10 (203)
sigma28(+):    202   Score   1.96     -35 (169) atcccttt >>> tccaatta -10 (194)

   Total:      5 promoter(s) predicted



>TSS_608_D39V_1296045_-_4_SigA
   Length of Query sequence:       300
sigma70(+):    249   Score   1.96     -35 (210) ttgcaa >>> tataat -10 (243)
sigma38(+):    239   Score   1.95     -35 (201) ctgccg >>> tatatt -10 (231)
sigma28(+):    235   Score   1.95     -35 (202) tgccgctt >>> tctgatat -10 (228)
sigma24(+):    223   Score   1.94     -35 (191) gccttt >>> gcaat -10 (216)

   Total:      4 promoter(s) predicted



>TSS_609_D39V_1296266_+_7_None
   Length of Query sequence:       300
sigma24(+):    248   Score   1.97     -35 (215) taagtc >>> gcata -10 (241)
sigma28(+):    243   Score   1.97     -35 (209) aaaattta >>> ggtgaaga -10 (236)
sigma38(+):    239   Score   1.95     -35 (200) ttgaaa >>> tatggt -10 (231)
sigma70(+):    219   Score   1.96     -35 (183) tgggag >>> taaaaa -10 (211)

   Total:      4 promoter(s) predicted



>TSS_610_D39V_1300317_-_3_None
   Length of Query sequence:       300
sigma38(+):    229   Score   1.95     -35 (190) tagtaa >>> tatcat -10 (221)
sigma70(+):    228   Score   1.96     -35 (190) tagtaa >>> tatcat -10 (221)
sigma32(+):    221   Score   1.94     -35 (187) atatagt >>> caaggtatct -10 (216)
sigma24(+):    212   Score   1.97     -35 (177) caactt >>> tcata -10 (205)
sigma28(+):    203   Score   1.97     -35 (164) ttaattag >>> tctaatat -10 (190)

   Total:      5 promoter(s) predicted



>TSS_611_D39V_1302186_-_1141_None
   Length of Query sequence:       300
sigma38(+):    250   Score   1.94     -35 (215) ttggta >>> tagaat -10 (244)
sigma32(+):    236   Score   1.94     -35 (200) cttcgcc >>> ttcgccctta -10 (231)
sigma70(+):    208   Score   1.96     -35 (170) ttgcac >>> caaact -10 (201)
sigma24(+):    205   Score   1.97     -35 (172) gcaccc >>> tcaaa -10 (199)

   Total:      4 promoter(s) predicted



>TSS_612_D39V_1305617_-_0_None_LOWCONF
   Length of Query sequence:       300
sigma70(+):    250   Score   1.97     -35 (215) ttgtaa >>> taaaat -10 (243)
sigma28(+):    241   Score   1.97     -35 (207) ataatatc >>> tctaaaat -10 (233)
sigma24(+):    237   Score   1.98     -35 (205) gcataa >>> tctaa -10 (230)
sigma38(+):    209   Score   1.95     -35 (173) tttact >>> taaatt -10 (201)
sigma32(+):    201   Score   1.93     -35 (161) tgaaaga >>> atagctaaat -10 (190)

   Total:      5 promoter(s) predicted



>TSS_613_D39V_1308537_-_12_SigA
   Length of Query sequence:       300
sigma70(+):    250   Score   1.95     -35 (216) gtgaaa >>> tataat -10 (244)
sigma38(+):    250   Score   1.95     -35 (216) gtgaaa >>> tataat -10 (244)
sigma28(+):    247   Score   1.39     -35 (214) ttgtgaaa >>> tgtgatat -10 (241)
sigma24(+):    243   Score   1.96     -35 (210) tcaatt >>> tctgt -10 (236)

   Total:      4 promoter(s) predicted



>TSS_614_D39V_1308660_+_1247_None
   Length of Query sequence:       300
sigma38(+):    221   Score   1.96     -35 (187) ttttct >>> cataat -10 (213)
sigma70(+):    204   Score   1.96     -35 (166) ttgaat >>> tataaa -10 (197)
sigma24(+):    201   Score   1.98     -35 (168) gaattg >>> tctat -10 (194)

   Total:      3 promoter(s) predicted



>TSS_615_D39V_1309407_+_369_SigA
   Length of Query sequence:       300
sigma38(+):    250   Score   1.94     -35 (218) ttgcaa >>> tataat -10 (244)
sigma70(+):    206   Score   1.93     -35 (172) ttgcag >>> gattct -10 (199)
sigma24(+):    202   Score   0.23     -35 (168) ccattt >>> actga -10 (195)

   Total:      3 promoter(s) predicted



>TSS_616_D39V_1311112_-_324_None
   Length of Query sequence:       300
sigma70(+):    221   Score   1.92     -35 (180) gttatg >>> cataat -10 (213)
sigma38(+):    221   Score   1.91     -35 (180) gttatg >>> cataat -10 (213)
sigma32(+):    217   Score   1.92     -35 (181) ttatgag >>> caaggcataa -10 (212)

   Total:      3 promoter(s) predicted



>TSS_617_D39V_1311440_-_129_SigA
   Length of Query sequence:       300
sigma70(+):    250   Score   1.94     -35 (216) gttaca >>> tataat -10 (244)
sigma38(+):    250   Score   1.94     -35 (216) gttaca >>> tataat -10 (244)
sigma28(+):    226   Score   1.96     -35 (192) agcggaca >>> gctagtta -10 (219)
sigma32(+):    223   Score   1.92     -35 (187) agaagag >>> ttcgctagtt -10 (218)
sigma24(+):    221   Score   1.96     -35 (185) aaagaa >>> tcgct -10 (214)

   Total:      5 promoter(s) predicted



>TSS_618_D39V_1313018_-_69_CmbR
   Length of Query sequence:       300
sigma32(+):    238   Score   1.95     -35 (204) ccgtagc >>> gacggcagaa -10 (233)
sigma38(+):    227   Score   1.91     -35 (193) tctgta >>> taattt -10 (219)
sigma70(+):    226   Score   1.95     -35 (193) tctgta >>> taattt -10 (219)
sigma24(+):    210   Score   1.95     -35 (174) aactag >>> tctga -10 (203)
sigma28(+):    201   Score   1.94     -35 (166) gtatgata >>> gacaaagt -10 (193)

   Total:      5 promoter(s) predicted



>TSS_619_D39V_1313084_-_307_CmbR
   Length of Query sequence:       300
sigma70(+):    250   Score   1.96     -35 (210) tatata >>> taaact -10 (243)
sigma38(+):    249   Score   1.94     -35 (210) tatata >>> taaact -10 (243)
sigma28(+):    246   Score   1.97     -35 (214) taacttcc >>> tatgataa -10 (240)
sigma24(+):    238   Score   1.97     -35 (206) aaaata >>> tcaaa -10 (231)
sigma32(+):    232   Score   1.93     -35 (198) tgataga >>> ttccctgttt -10 (227)

   Total:      5 promoter(s) predicted



>TSS_620_D39V_1314554_-_394_None
   Length of Query sequence:       300
sigma38(+):    243   Score   1.96     -35 (208) tttaac >>> taaatt -10 (235)
sigma70(+):    209   Score   1.97     -35 (174) tagatt >>> caaagt -10 (202)
sigma24(+):    207   Score   1.97     -35 (176) gattat >>> acaaa -10 (200)
sigma32(+):    206   Score   1.94     -35 (171) aactaga >>> aaacacaaag -10 (201)
sigma28(+):    201   Score   1.87     -35 (169) ataactag >>> aacaaaaa -10 (194)

   Total:      5 promoter(s) predicted



>TSS_621_D39V_1314635_+_86_SigA
   Length of Query sequence:       300
sigma70(+):    250   Score   1.92     -35 (216) ttgact >>> tataat -10 (244)
sigma38(+):    250   Score   1.96     -35 (216) ttgact >>> tataat -10 (244)
sigma28(+):    220   Score   1.90     -35 (185) taatttaa >>> gcagttaa -10 (212)
sigma24(+):    216   Score   1.97     -35 (185) taattt >>> gcagt -10 (209)

   Total:      4 promoter(s) predicted



>TSS_622_D39V_1318792_-_1549_SigA
   Length of Query sequence:       300
sigma38(+):    250   Score   1.96     -35 (216) ttgtaa >>> tatact -10 (244)
sigma32(+):    235   Score   1.95     -35 (199) aaataat >>> aacgctaacg -10 (230)
sigma24(+):    235   Score   1.98     -35 (199) aaataa >>> gctaa -10 (228)
sigma70(+):    212   Score   1.96     -35 (177) ttattt >>> aataat -10 (205)
sigma28(+):    202   Score   1.97     -35 (166) taaatggg >>> gataaaaa -10 (192)

   Total:      5 promoter(s) predicted



>TSS_623_D39V_1318973_+_21_SigA
   Length of Query sequence:       300
sigma38(+):    250   Score   1.96     -35 (218) gtgaaa >>> tattat -10 (244)
sigma28(+):    249   Score   1.80     -35 (216) ttgtgaaa >>> tatggtat -10 (241)
sigma70(+):    247   Score   1.97     -35 (212) ttgttt >>> tatggt -10 (239)
sigma24(+):    237   Score   1.96     -35 (207) aaattt >>> tctaa -10 (230)

   Total:      4 promoter(s) predicted



>TSS_624_D39V_1326709_-_4181_None
   Length of Query sequence:       300
sigma38(+):    249   Score   1.93     -35 (216) tgtaca >>> tataat -10 (243)
sigma70(+):    230   Score   1.96     -35 (192) tttcta >>> tacatt -10 (223)
sigma28(+):    201   Score   1.95     -35 (162) atcgggtg >>> gatgatgt -10 (188)

   Total:      3 promoter(s) predicted



>TSS_625_D39V_1327625_-_46_None
   Length of Query sequence:       300
sigma70(+):    250   Score   1.96     -35 (214) gtacta >>> tataat -10 (244)
sigma38(+):    250   Score   1.96     -35 (214) gtacta >>> tataat -10 (244)
sigma24(+):    215   Score   1.97     -35 (181) gatatt >>> acaga -10 (208)

   Total:      3 promoter(s) predicted



>TSS_626_D39V_1329109_-_1041_SigA
   Length of Query sequence:       300
sigma24(+):    240   Score   1.96     -35 (205) aaattg >>> tcaaa -10 (233)
sigma38(+):    217   Score   1.90     -35 (181) ttgcta >>> caaatt -10 (209)
sigma70(+):    216   Score   1.94     -35 (181) ttgcta >>> caaatt -10 (209)

   Total:      3 promoter(s) predicted



>TSS_627_D39V_1329764_-_95_SigX
   Length of Query sequence:       300
sigma38(+):    250   Score   1.95     -35 (213) tagcaa >>> tataat -10 (244)
sigma32(+):    231   Score   1.95     -35 (195) agataga >>> aaacctagat -10 (226)
sigma24(+):    226   Score   1.97     -35 (190) taaata >>> gcaaa -10 (219)
sigma70(+):    218   Score   1.96     -35 (182) tttccg >>> tagaat -10 (211)
sigma28(+):    201   Score   1.97     -35 (165) taagctat >>> tccgaata -10 (191)

   Total:      5 promoter(s) predicted



>TSS_628_D39V_1329816_-_145_SigX
   Length of Query sequence:       300
sigma28(+):    250   Score   1.97     -35 (217) taagctat >>> tccgaata -10 (243)
sigma70(+):    229   Score   1.96     -35 (189) tatcca >>> taagct -10 (222)
sigma24(+):    223   Score   1.97     -35 (193) caacag >>> tcaaa -10 (216)
sigma38(+):    219   Score   1.94     -35 (179) tagacg >>> aaaatt -10 (211)
sigma32(+):    202   Score   1.93     -35 (167) ttataac >>> ctatccaaca -10 (197)

   Total:      5 promoter(s) predicted



>TSS_629_D39V_1329908_+_534_SigA
   Length of Query sequence:       300
sigma38(+):    250   Score   1.95     -35 (215) ttggat >>> tataat -10 (244)
sigma24(+):    239   Score   1.95     -35 (206) tcctct >>> tctat -10 (232)
sigma70(+):    209   Score   1.96     -35 (170) tcggaa >>> gaaatt -10 (202)
sigma28(+):    203   Score   1.95     -35 (169) ttcggaaa >>> gcttattt -10 (196)
sigma32(+):    201   Score   1.92     -35 (158) ctatcta >>> aaagctaata -10 (188)

   Total:      5 promoter(s) predicted



>TSS_630_D39V_1333592_-_4_None
   Length of Query sequence:       300
sigma70(+):    250   Score   1.92     -35 (211) ctggct >>> tatact -10 (244)
sigma28(+):    241   Score   1.93     -35 (207) ttaactgg >>> caggaaaa -10 (233)
sigma38(+):    209   Score   1.92     -35 (174) ttgaat >>> tacgat -10 (201)
sigma24(+):    204   Score   1.91     -35 (170) tctctt >>> tcgta -10 (197)

   Total:      4 promoter(s) predicted



>TSS_631_D39V_1334568_-_27_None
   Length of Query sequence:       300
sigma32(+):    243   Score   1.94     -35 (207) gtataat >>> aaaagcatta -10 (238)
sigma24(+):    237   Score   1.97     -35 (202) gaagag >>> tcaaa -10 (230)
sigma70(+):    234   Score   1.96     -35 (197) ttttcg >>> taaaat -10 (226)
sigma28(+):    232   Score   1.87     -35 (199) ttcgaaga >>> gactaaaa -10 (225)
sigma38(+):    221   Score   1.92     -35 (187) tttgaa >>> tataat -10 (213)

   Total:      5 promoter(s) predicted



>TSS_632_D39V_1336213_-_0_None_LOWCONF
   Length of Query sequence:       300
sigma70(+):    250   Score   1.97     -35 (217) ttgcaa >>> taaaat -10 (244)
sigma38(+):    250   Score   1.96     -35 (217) ttgcaa >>> taaaat -10 (244)
sigma28(+):    248   Score   1.95     -35 (214) cacttgca >>> tttgataa -10 (241)
sigma24(+):    206   Score   1.98     -35 (175) aaattt >>> tcaca -10 (199)

   Total:      4 promoter(s) predicted



>TSS_633_D39V_1337971_-_1053_CcpA
   Length of Query sequence:       300
sigma28(+):    242   Score   1.96     -35 (209) gaaatcag >>> ggtaaaaa -10 (235)
sigma38(+):    234   Score   1.95     -35 (193) tttaaa >>> taaata -10 (226)
sigma70(+):    233   Score   1.96     -35 (193) tttaaa >>> taaata -10 (226)
sigma24(+):    224   Score   1.96     -35 (195) taaaaa >>> tcagt -10 (217)

   Total:      4 promoter(s) predicted



>TSS_634_D39V_1338947_+_7_None
   Length of Query sequence:       300
sigma70(+):    250   Score   1.94     -35 (216) ttcaat >>> tatact -10 (244)
sigma38(+):    250   Score   1.93     -35 (215) cttcaa >>> tatact -10 (244)
sigma32(+):    209   Score   1.82     -35 (173) ttgtgat >>> gtcctcagtt -10 (204)

   Total:      3 promoter(s) predicted



>TSS_635_D39V_1341603_+_416_None
   Length of Query sequence:       300
sigma70(+):    250   Score   1.97     -35 (216) tttact >>> tataat -10 (244)
sigma38(+):    250   Score   1.95     -35 (216) tttact >>> tataat -10 (244)
sigma28(+):    238   Score   1.94     -35 (205) gcagataa >>> actaaaaa -10 (232)
sigma24(+):    211   Score   1.96     -35 (180) gacctg >>> tcgaa -10 (204)

   Total:      4 promoter(s) predicted



>TSS_636_D39V_1343442_+_6129_None
   Length of Query sequence:       300
sigma70(+):    250   Score   1.96     -35 (213) tctaag >>> catact -10 (244)
sigma38(+):    250   Score   1.94     -35 (213) tctaag >>> catact -10 (244)
sigma24(+):    214   Score   1.97     -35 (181) gaccaa >>> tcgta -10 (207)
sigma32(+):    207   Score   1.93     -35 (168) ctataaa >>> aacctcatct -10 (198)

   Total:      4 promoter(s) predicted



>TSS_637_D39V_1346242_-_400_SigA
   Length of Query sequence:       300
sigma38(+):    250   Score   1.96     -35 (216) ttggta >>> tataat -10 (244)
sigma70(+):    232   Score   1.95     -35 (194) tagaat >>> taatct -10 (225)

   Total:      2 promoter(s) predicted



>TSS_638_D39V_1348771_-_551_None
   Length of Query sequence:       300
sigma38(+):    250   Score   1.95     -35 (218) gttatt >>> tataat -10 (244)
sigma70(+):    233   Score   1.96     -35 (194) tagatg >>> tatttt -10 (225)
sigma32(+):    203   Score   1.94     -35 (163) cacaaaa >>> atatccaatt -10 (194)
sigma24(+):    203   Score   1.98     -35 (168) aaacaa >>> tccaa -10 (192)
sigma28(+):    202   Score   1.96     -35 (170) acaagtaa >>> tccaatta -10 (195)

   Total:      5 promoter(s) predicted



>TSS_639_D39V_1348873_+_523_CcpA
   Length of Query sequence:       300
sigma38(+):    226   Score   1.96     -35 (188) tttaaa >>> tatctt -10 (218)
sigma28(+):    211   Score   1.95     -35 (178) ataactct >>> gcttacat -10 (203)
sigma24(+):    207   Score   1.97     -35 (175) aaaata >>> gctta -10 (200)
sigma70(+):    202   Score   1.92     -35 (168) ttgaaa >>> taaagt -10 (195)

   Total:      4 promoter(s) predicted



>TSS_640_D39V_1356313_-_2623_SigA
   Length of Query sequence:       300
sigma38(+):    250   Score   1.96     -35 (216) ttgaca >>> tacact -10 (244)
sigma70(+):    238   Score   1.96     -35 (198) tccaat >>> taaatt -10 (231)
sigma24(+):    230   Score   1.98     -35 (199) ccaata >>> acaaa -10 (223)
sigma28(+):    213   Score   1.97     -35 (179) ataatttt >>> tccaatag -10 (205)

   Total:      4 promoter(s) predicted



>TSS_641_D39V_1357395_-_curated_None
   Length of Query sequence:       300
sigma38(+):    250   Score   1.95     -35 (211) ttgtag >>> tatact -10 (244)
sigma24(+):    243   Score   1.98     -35 (207) gctctt >>> tctgt -10 (236)
sigma28(+):    234   Score   1.92     -35 (202) tgaaagct >>> taagaaaa -10 (227)
sigma32(+):    227   Score   1.94     -35 (191) aatggaa >>> gtaggcataa -10 (222)
sigma70(+):    209   Score   1.90     -35 (175) gtgaaa >>> aataat -10 (202)

   Total:      5 promoter(s) predicted



>TSS_642_D39V_1360995_-_681_None
   Length of Query sequence:       300
sigma70(+):    250   Score   1.95     -35 (216) ttgctt >>> tataat -10 (244)
sigma38(+):    250   Score   1.94     -35 (216) ttgctt >>> tataat -10 (244)
sigma28(+):    249   Score   1.87     -35 (216) ttgctttt >>> taagatat -10 (241)
sigma24(+):    220   Score   1.90     -35 (189) aaaata >>> tcata -10 (213)

   Total:      4 promoter(s) predicted



>TSS_643_D39V_1363996_-_133_SigA
   Length of Query sequence:       300
sigma32(+):    249   Score   1.94     -35 (215) cacttga >>> tacgctataa -10 (244)
sigma38(+):    249   Score   1.90     -35 (218) ttgaaa >>> tataat -10 (245)
sigma70(+):    242   Score   1.91     -35 (202) tttctg >>> gacaat -10 (235)
sigma28(+):    217   Score   1.95     -35 (185) tagagaaa >>> tctgaagc -10 (211)
sigma24(+):    215   Score   1.88     -35 (180) gaaatt >>> tctga -10 (208)

   Total:      5 promoter(s) predicted



>TSS_644_D39V_1367143_-_216_SigA
   Length of Query sequence:       300
sigma38(+):    250   Score   1.93     -35 (218) ttttca >>> tataat -10 (244)
sigma70(+):    241   Score   1.92     -35 (204) ttccta >>> gaaaat -10 (234)
sigma24(+):    232   Score   1.78     -35 (197) aaaagt >>> tcata -10 (225)

   Total:      3 promoter(s) predicted



>TSS_645_D39V_1369505_-_6_MtaR
   Length of Query sequence:       300
sigma70(+):    250   Score   1.96     -35 (213) gaaaat >>> tacaat -10 (244)
sigma24(+):    250   Score   1.97     -35 (215) aaatga >>> acaat -10 (244)
sigma38(+):    250   Score   1.96     -35 (213) gaaaat >>> tacaat -10 (244)
sigma28(+):    231   Score   1.96     -35 (193) taactagc >>> gaaaatga -10 (220)
sigma32(+):    201   Score   1.93     -35 (165) aactccc >>> gaaactataa -10 (195)

   Total:      5 promoter(s) predicted



>TSS_646_D39V_1373483_-_36_SigA
   Length of Query sequence:       300
sigma32(+):    241   Score   1.94     -35 (205) tggaaaa >>> aaacccagag -10 (236)
sigma38(+):    233   Score   1.96     -35 (196) ttgatt >>> taaaca -10 (227)
sigma24(+):    231   Score   1.98     -35 (198) gatttt >>> actaa -10 (224)
sigma70(+):    210   Score   1.96     -35 (170) tttcaa >>> gatttt -10 (203)
sigma28(+):    201   Score   1.97     -35 (161) aaaattat >>> gaaaatga -10 (188)

   Total:      5 promoter(s) predicted



>TSS_647_D39V_1375321_-_468_SigA
   Length of Query sequence:       300
sigma38(+):    244   Score   1.95     -35 (209) cgtaaa >>> aaaagt -10 (236)
sigma70(+):    235   Score   1.96     -35 (201) ccgaaa >>> taacaa -10 (228)
sigma24(+):    219   Score   1.97     -35 (185) tacttt >>> tcgta -10 (212)

   Total:      3 promoter(s) predicted



>TSS_648_D39V_1375387_+_359_SigA
   Length of Query sequence:       300
sigma28(+):    250   Score   1.97     -35 (218) taaattta >>> tacaatag -10 (245)
sigma38(+):    249   Score   1.95     -35 (215) ttgtaa >>> tacaat -10 (243)
sigma70(+):    209   Score   1.96     -35 (171) taggaa >>> taaact -10 (202)
sigma24(+):    202   Score   1.98     -35 (167) taacta >>> tccat -10 (194)
sigma32(+):    201   Score   1.93     -35 (160) attttga >>> ctccttatct -10 (189)

   Total:      5 promoter(s) predicted



>TSS_649_D39V_1377071_-_4_SigA
   Length of Query sequence:       300
sigma38(+):    242   Score   1.96     -35 (201) tatatg >>> taaact -10 (234)
sigma24(+):    229   Score   1.97     -35 (197) aaacta >>> acata -10 (222)
sigma28(+):    223   Score   1.96     -35 (189) ttcggtat >>> accggtaa -10 (216)
sigma70(+):    208   Score   1.94     -35 (173) ttgact >>> taaact -10 (201)
sigma32(+):    203   Score   1.95     -35 (167) cattgtt >>> ttcggtataa -10 (198)

   Total:      5 promoter(s) predicted



>TSS_650_D39V_1377114_-_11000_SigA
   Length of Query sequence:       300
sigma70(+):    250   Score   1.94     -35 (216) ttgact >>> taaact -10 (244)
sigma38(+):    250   Score   1.95     -35 (216) ttgact >>> taaact -10 (244)
sigma32(+):    246   Score   1.95     -35 (210) cattgtt >>> ttcggtataa -10 (241)
sigma24(+):    213   Score   0.93     -35 (181) tactta >>> tctga -10 (206)

   Total:      4 promoter(s) predicted



>TSS_651_D39V_1379364_-_91_SigA
   Length of Query sequence:       300
sigma38(+):    249   Score   1.89     -35 (211) cttacc >>> aatgct -10 (241)
sigma28(+):    246   Score   1.87     -35 (209) ctcttacc >>> gcgaaaaa -10 (235)
sigma70(+):    241   Score   1.86     -35 (202) ttgact >>> gaaaaa -10 (235)
sigma24(+):    232   Score   1.97     -35 (198) tccttt >>> tcaaa -10 (225)

   Total:      4 promoter(s) predicted



>TSS_652_D39V_1380448_-_267_SigA
   Length of Query sequence:       300
sigma38(+):    250   Score   1.96     -35 (215) tttgta >>> tataat -10 (244)
sigma24(+):    248   Score   1.95     -35 (219) taatgt >>> gctat -10 (241)
sigma70(+):    237   Score   1.97     -35 (204) gtttta >>> taatat -10 (230)

   Total:      3 promoter(s) predicted



>TSS_653_D39V_1382287_-_985_None
   Length of Query sequence:       300
sigma38(+):    250   Score   1.95     -35 (218) ggggat >>> tataat -10 (244)
sigma28(+):    249   Score   1.97     -35 (216) taggggat >>> tatgatat -10 (241)
sigma24(+):    237   Score   1.94     -35 (202) aaactt >>> gccta -10 (230)
sigma70(+):    206   Score   1.98     -35 (169) ttttct >>> taaaaa -10 (197)

   Total:      4 promoter(s) predicted



>TSS_654_D39V_1382606_-_3_None
   Length of Query sequence:       300
sigma70(+):    245   Score   1.96     -35 (208) caggaa >>> taaagt -10 (238)
sigma32(+):    237   Score   1.85     -35 (202) gtgtaac >>> aaaaccaacg -10 (232)
sigma28(+):    233   Score   1.90     -35 (199) gtcgtgta >>> gctaaaaa -10 (226)
sigma38(+):    201   Score   1.88     -35 (161) tagccg >>> aatcct -10 (193)

   Total:      4 promoter(s) predicted



>TSS_655_D39V_1383337_-_3_None
   Length of Query sequence:       300
sigma28(+):    250   Score   1.89     -35 (216) accgtctt >>> gctgacat -10 (243)
sigma38(+):    239   Score   1.69     -35 (203) cttaaa >>> aaaaat -10 (231)
sigma24(+):    235   Score   1.79     -35 (205) taaaga >>> tcaaa -10 (228)
sigma70(+):    217   Score   1.90     -35 (180) ttgaag >>> taaaga -10 (210)

   Total:      4 promoter(s) predicted



>TSS_656_D39V_1383667_-_488_None
   Length of Query sequence:       300
sigma70(+):    250   Score   1.96     -35 (209) tttact >>> tataat -10 (242)
sigma38(+):    250   Score   1.88     -35 (209) tttact >>> tataat -10 (242)
sigma28(+):    230   Score   1.52     -35 (196) gaattcta >>> gcgtaaaa -10 (223)
sigma24(+):    227   Score   1.94     -35 (196) gaattc >>> gcgta -10 (220)

   Total:      4 promoter(s) predicted



>TSS_657_D39V_1385232_-_3_None
   Length of Query sequence:       300
sigma28(+):    224   Score   1.83     -35 (186) ttcatttt >>> gaaaataa -10 (213)
sigma70(+):    218   Score   1.92     -35 (185) gttcat >>> gaaaat -10 (211)
sigma24(+):    214   Score   1.76     -35 (179) gatcct >>> gcaga -10 (207)
sigma38(+):    201   Score   1.93     -35 (161) ctgact >>> catttt -10 (193)

   Total:      4 promoter(s) predicted



>TSS_658_D39V_1386019_-_2_SigA
   Length of Query sequence:       300
sigma28(+):    226   Score   1.94     -35 (192) aaaatgat >>> gcagatga -10 (219)
sigma24(+):    213   Score   1.89     -35 (178) aaactg >>> tctca -10 (206)
sigma70(+):    213   Score   1.91     -35 (174) ttggaa >>> tattct -10 (204)
sigma38(+):    212   Score   1.88     -35 (174) ttggaa >>> tattct -10 (204)

   Total:      4 promoter(s) predicted



>TSS_659_D39V_1387146_-_89_None
   Length of Query sequence:       300
sigma70(+):    250   Score   1.94     -35 (216) ttgtaa >>> taaaat -10 (244)
sigma38(+):    250   Score   1.94     -35 (216) ttgtaa >>> taaaat -10 (244)
sigma28(+):    219   Score   1.95     -35 (184) aagagatt >>> tcttatat -10 (211)

   Total:      3 promoter(s) predicted



>TSS_660_D39V_1387422_+_1055_None
   Length of Query sequence:       300
sigma70(+):    250   Score   1.92     -35 (215) ttgcaa >>> taatat -10 (243)
sigma38(+):    220   Score   1.95     -35 (181) tttaca >>> caaatt -10 (212)
sigma24(+):    211   Score   1.94     -35 (176) gaaatt >>> tctga -10 (205)
sigma28(+):    205   Score   1.97     -35 (172) ttccgaaa >>> tcaaataa -10 (198)

   Total:      4 promoter(s) predicted



>TSS_661_D39V_1395933_-_curated_None
   Length of Query sequence:       300
sigma70(+):    220   Score   1.96     -35 (180) tgcaaa >>> gaaaat -10 (213)
sigma28(+):    219   Score   1.97     -35 (186) aacagaat >>> tcagaaaa -10 (212)
sigma24(+):    216   Score   1.97     -35 (185) aaacag >>> tcaga -10 (209)
sigma38(+):    206   Score   1.96     -35 (168) gtggct >>> tatatt -10 (198)

   Total:      4 promoter(s) predicted



>TSS_662_D39V_1396107_+_curated_None
   Length of Query sequence:       300
sigma32(+):    249   Score   1.95     -35 (213) tttttat >>> aaagatataa -10 (244)
sigma28(+):    242   Score   1.97     -35 (208) taattttt >>> gacaaaaa -10 (235)
sigma24(+):    240   Score   1.98     -35 (208) taattt >>> acaaa -10 (233)
sigma70(+):    229   Score   1.96     -35 (192) gacaat >>> tatact -10 (222)
sigma38(+):    208   Score   1.96     -35 (170) tctaat >>> aatttt -10 (200)

   Total:      5 promoter(s) predicted



>TSS_663_D39V_1398387_-_258_None
   Length of Query sequence:       300
sigma70(+):    250   Score   1.96     -35 (212) tttctt >>> tacact -10 (244)
sigma38(+):    250   Score   1.94     -35 (216) ttggtt >>> tacact -10 (244)
sigma28(+):    239   Score   1.97     -35 (205) aaatgaat >>> gctaaaaa -10 (232)
sigma24(+):    236   Score   1.89     -35 (205) aaatga >>> gctaa -10 (229)

   Total:      4 promoter(s) predicted



>TSS_664_D39V_1398657_-_4607_None
   Length of Query sequence:       300
sigma70(+):    247   Score   1.96     -35 (209) tataaa >>> tatgtt -10 (240)
sigma38(+):    235   Score   1.94     -35 (194) ttgatt >>> tattta -10 (227)
sigma28(+):    220   Score   1.54     -35 (188) tgctcttt >>> gagtataa -10 (213)
sigma24(+):    202   Score   1.94     -35 (173) gctagt >>> tcttt -10 (195)

   Total:      4 promoter(s) predicted



>TSS_665_D39V_1400846_-_887_SigA
   Length of Query sequence:       300
sigma38(+):    250   Score   1.95     -35 (217) ttgcag >>> tataat -10 (244)
sigma32(+):    239   Score   1.93     -35 (204) tgaggga >>> atcggctttt -10 (234)
sigma24(+):    230   Score   1.75     -35 (199) acagtt >>> gcagt -10 (223)
sigma70(+):    210   Score   1.96     -35 (175) gtcatc >>> tacagt -10 (203)
sigma28(+):    202   Score   1.84     -35 (164) atagcaaa >>> tcggatgg -10 (189)

   Total:      5 promoter(s) predicted



>TSS_666_D39V_1404618_-_2260_SigA
   Length of Query sequence:       300
sigma38(+):    250   Score   1.96     -35 (217) ttgaaa >>> tataat -10 (244)
sigma32(+):    238   Score   1.94     -35 (204) cagtttt >>> gaccccaaaa -10 (233)
sigma24(+):    225   Score   1.96     -35 (189) aaaatt >>> tcttt -10 (218)
sigma70(+):    223   Score   1.96     -35 (187) gaaaaa >>> tactct -10 (216)
sigma28(+):    214   Score   1.74     -35 (176) tggttttc >>> tcaaataa -10 (201)

   Total:      5 promoter(s) predicted



>TSS_667_D39V_1404707_+_992_SigA
   Length of Query sequence:       300
sigma70(+):    250   Score   1.95     -35 (216) ttgaat >>> tataat -10 (244)
sigma32(+):    245   Score   1.95     -35 (209) gccttat >>> aaaaccagta -10 (240)
sigma38(+):    232   Score   1.93     -35 (191) tttcaa >>> aatttt -10 (224)
sigma24(+):    204   Score   1.46     -35 (173) taccaa >>> tcaaa -10 (197)

   Total:      4 promoter(s) predicted



>TSS_668_D39V_1411418_-_475_None
   Length of Query sequence:       300
sigma28(+):    250   Score   1.97     -35 (219) tgaaaata >>> tacaatag -10 (245)
sigma38(+):    249   Score   1.93     -35 (215) tagatg >>> tacaat -10 (243)
sigma70(+):    245   Score   1.97     -35 (207) tagaaa >>> tatggt -10 (238)
sigma24(+):    216   Score   1.97     -35 (185) gaaatt >>> tccta -10 (208)

   Total:      4 promoter(s) predicted



>TSS_669_D39V_1414495_-_382_None
   Length of Query sequence:       300
sigma70(+):    250   Score   1.96     -35 (216) gggaaa >>> tataat -10 (244)
sigma38(+):    250   Score   1.95     -35 (216) gggaaa >>> tataat -10 (244)
sigma28(+):    244   Score   1.97     -35 (208) ctaggata >>> gccagaaa -10 (234)
sigma24(+):    204   Score   1.97     -35 (168) tcagtt >>> tcaat -10 (197)

   Total:      4 promoter(s) predicted



>TSS_670_D39V_1414577_+_curated_None
   Length of Query sequence:       300
sigma70(+):    247   Score   1.96     -35 (212) gtccat >>> tatgat -10 (240)
sigma24(+):    224   Score   1.96     -35 (192) gcattt >>> tccat -10 (217)
sigma32(+):    215   Score   1.94     -35 (178) tatacca >>> ttccctatcc -10 (209)
sigma38(+):    206   Score   1.95     -35 (166) ctttcg >>> catttt -10 (198)

   Total:      4 promoter(s) predicted



>TSS_672_D39V_1418510_-_4_None
   Length of Query sequence:       300
sigma24(+):    250   Score   1.31     -35 (216) taatga >>> tcaaa -10 (243)
sigma32(+):    245   Score   1.77     -35 (211) cctttta >>> aacggccttc -10 (240)
sigma38(+):    208   Score   1.55     -35 (167) ttgtca >>> tatgaa -10 (200)
sigma70(+):    207   Score   1.91     -35 (167) ttgtca >>> tatgaa -10 (200)

   Total:      4 promoter(s) predicted



>TSS_673_D39V_1421376_-_1002_None
   Length of Query sequence:       300
sigma38(+):    250   Score   1.91     -35 (216) cagtct >>> taaaat -10 (244)
sigma28(+):    248   Score   1.96     -35 (214) accagtct >>> tttgataa -10 (241)
sigma24(+):    230   Score   1.95     -35 (201) taagct >>> tcttt -10 (223)
sigma32(+):    225   Score   1.94     -35 (189) ttttcta >>> caaaccagtc -10 (220)
sigma70(+):    206   Score   1.96     -35 (169) taggaa >>> tatttt -10 (199)

   Total:      5 promoter(s) predicted



>TSS_674_D39V_1421988_-_8_SigA
   Length of Query sequence:       300
sigma28(+):    221   Score   1.78     -35 (189) taatcatt >>> tacaaaaa -10 (214)
sigma24(+):    219   Score   1.93     -35 (189) taatca >>> acaaa -10 (212)
sigma70(+):    208   Score   1.96     -35 (173) tagtat >>> taagaa -10 (201)
sigma38(+):    202   Score   1.96     -35 (164) tttcct >>> taatca -10 (194)

   Total:      4 promoter(s) predicted



>TSS_675_D39V_1422049_-_13_SigA
   Length of Query sequence:       300
sigma70(+):    250   Score   1.94     -35 (214) ttgcta >>> tatact -10 (242)
sigma38(+):    245   Score   1.95     -35 (210) tttctt >>> tagtat -10 (239)
sigma24(+):    227   Score   1.95     -35 (196) tcatat >>> gctat -10 (220)
sigma28(+):    214   Score   1.95     -35 (175) atcagtct >>> tctcatat -10 (201)

   Total:      4 promoter(s) predicted



>TSS_676_D39V_1422799_-_3_None
   Length of Query sequence:       300
sigma28(+):    242   Score   1.94     -35 (208) acctgtct >>> tatgatgt -10 (235)
sigma70(+):    237   Score   1.96     -35 (203) tatgaa >>> tattat -10 (230)
sigma32(+):    230   Score   1.95     -35 (195) aaataca >>> taccctatct -10 (225)
sigma38(+):    229   Score   1.90     -35 (188) tataaa >>> taccct -10 (221)
sigma24(+):    210   Score   1.95     -35 (176) gaccat >>> acaat -10 (203)

   Total:      5 promoter(s) predicted



>TSS_677_D39V_1424830_-_0_SigA_LOWCONF
   Length of Query sequence:       300
sigma70(+):    250   Score   1.93     -35 (217) ttgcaa >>> tagaat -10 (245)
sigma28(+):    249   Score   1.80     -35 (217) ttgcaagc >>> tgtgatag -10 (242)
sigma38(+):    242   Score   1.90     -35 (208) gagtaa >>> tataat -10 (234)
sigma24(+):    234   Score   1.89     -35 (201) gaaatc >>> gctgt -10 (227)

   Total:      4 promoter(s) predicted



>TSS_678_D39V_1426597_-_37_SigA
   Length of Query sequence:       300
sigma38(+):    250   Score   1.96     -35 (216) ttgaaa >>> tataat -10 (244)
sigma24(+):    246   Score   1.98     -35 (213) taattg >>> gcagt -10 (239)
sigma70(+):    223   Score   1.96     -35 (185) tagact >>> tataat -10 (216)
sigma32(+):    220   Score   1.95     -35 (186) agactat >>> aaaactataa -10 (215)
sigma28(+):    201   Score   1.97     -35 (167) tacactag >>> gactataa -10 (194)

   Total:      5 promoter(s) predicted



>TSS_679_D39V_1427250_-_96_None
   Length of Query sequence:       300
sigma38(+):    250   Score   1.95     -35 (219) tttctt >>> tataat -10 (245)
sigma70(+):    247   Score   1.96     -35 (211) tttcct >>> tatgct -10 (240)
sigma28(+):    239   Score   1.97     -35 (205) ttaacttt >>> tcttaaaa -10 (232)
sigma24(+):    236   Score   1.97     -35 (206) taactt >>> tctta -10 (229)

   Total:      4 promoter(s) predicted



>TSS_680_D39V_1428087_-_102_SigA
   Length of Query sequence:       300
sigma28(+):    233   Score   1.97     -35 (200) caaataat >>> tcagataa -10 (227)
sigma24(+):    231   Score   1.98     -35 (201) aaataa >>> tcaga -10 (224)
sigma70(+):    224   Score   1.96     -35 (185) ttgatt >>> tagaat -10 (217)
sigma38(+):    205   Score   1.95     -35 (170) gtgact >>> tagttt -10 (197)

   Total:      4 promoter(s) predicted



>TSS_681_D39V_1428152_+_2_None
   Length of Query sequence:       300
sigma38(+):    250   Score   1.96     -35 (214) ctgaca >>> taaact -10 (244)
sigma70(+):    240   Score   1.96     -35 (208) tattat >>> tattat -10 (234)
sigma28(+):    233   Score   1.97     -35 (194) ataacaca >>> tctgacaa -10 (220)
sigma24(+):    233   Score   1.97     -35 (201) aaaatg >>> tctaa -10 (226)

   Total:      4 promoter(s) predicted



>TSS_682_D39V_1428166_-_2_None
   Length of Query sequence:       300
sigma70(+):    250   Score   1.96     -35 (218) gaggta >>> tatagt -10 (244)
sigma28(+):    243   Score   1.93     -35 (203) tgaattcg >>> aataataa -10 (230)
sigma38(+):    236   Score   1.92     -35 (202) ttgaat >>> aataat -10 (228)
sigma24(+):    219   Score   1.92     -35 (187) aaacta >>> tcgaa -10 (212)

   Total:      4 promoter(s) predicted



>TSS_683_D39V_1429725_-_177_SigA
   Length of Query sequence:       300
sigma24(+):    248   Score   1.91     -35 (218) gaaata >>> tctat -10 (241)
sigma38(+):    235   Score   1.93     -35 (201) ttggtc >>> tataaa -10 (227)
sigma70(+):    206   Score   1.92     -35 (171) gtgcaa >>> tatttt -10 (199)

   Total:      3 promoter(s) predicted



>TSS_684_D39V_1430076_-_8141_SigA
   Length of Query sequence:       300
sigma24(+):    237   Score   1.98     -35 (205) gaaaaa >>> tccca -10 (230)
sigma28(+):    235   Score   1.97     -35 (196) aaaaaatt >>> gttgacaa -10 (222)
sigma32(+):    233   Score   1.95     -35 (199) aaatttg >>> acaagcatcc -10 (228)
sigma38(+):    222   Score   1.94     -35 (187) gtgaaa >>> aaaagt -10 (214)
sigma70(+):    201   Score   1.92     -35 (168) tttctg >>> gaaaat -10 (194)

   Total:      5 promoter(s) predicted



>TSS_685_D39V_1431532_-_590_SigA
   Length of Query sequence:       300
sigma70(+):    250   Score   1.97     -35 (216) ttgaaa >>> tataat -10 (244)
sigma38(+):    250   Score   1.96     -35 (216) ttgaaa >>> tataat -10 (244)
sigma28(+):    218   Score   1.97     -35 (186) gcaagtca >>> tcagataa -10 (212)
sigma24(+):    202   Score   1.97     -35 (170) taaatt >>> tcaat -10 (195)

   Total:      4 promoter(s) predicted



>TSS_686_D39V_1431691_+_3_SigA
   Length of Query sequence:       300
sigma38(+):    242   Score   1.96     -35 (204) gttcct >>> tatttt -10 (234)
sigma28(+):    241   Score   1.87     -35 (206) tccttttc >>> gcctattt -10 (233)
sigma24(+):    217   Score   1.97     -35 (185) gaatat >>> tcctt -10 (210)
sigma70(+):    201   Score   1.96     -35 (163) cttaca >>> tatttt -10 (193)

   Total:      4 promoter(s) predicted



>TSS_687_D39V_1433494_-_0_None_LOWCONF
   Length of Query sequence:       300
sigma38(+):    229   Score   1.91     -35 (188) cttaca >>> tatctt -10 (221)
sigma24(+):    211   Score   1.90     -35 (182) aaaccg >>> tctgt -10 (204)
sigma28(+):    209   Score   1.96     -35 (173) gaaagtca >>> catgattt -10 (199)
sigma70(+):    204   Score   1.93     -35 (165) tcaaaa >>> catgat -10 (197)

   Total:      4 promoter(s) predicted



>TSS_688_D39V_1434825_-_curated_None
   Length of Query sequence:       300
sigma38(+):    243   Score   1.95     -35 (204) taggca >>> caagct -10 (235)
sigma70(+):    231   Score   1.96     -35 (191) tgaaaa >>> taattt -10 (224)
sigma28(+):    221   Score   1.97     -35 (187) aaaatgaa >>> ggcaaaaa -10 (213)
sigma24(+):    218   Score   1.98     -35 (186) aaaaat >>> gcaaa -10 (211)
sigma32(+):    217   Score   1.94     -35 (182) gacaaaa >>> ctaggcaaaa -10 (212)

   Total:      5 promoter(s) predicted



>TSS_689_D39V_1434948_+_1212_CcpA
   Length of Query sequence:       300
sigma70(+):    250   Score   1.96     -35 (215) gtgcaa >>> tagaat -10 (243)
sigma38(+):    250   Score   1.94     -35 (215) gtgcaa >>> tagaat -10 (243)
sigma24(+):    207   Score   1.96     -35 (176) gaaagc >>> tcttt -10 (200)

   Total:      3 promoter(s) predicted



>TSS_690_D39V_1436380_+_472_SigA
   Length of Query sequence:       300
sigma70(+):    250   Score   1.92     -35 (217) ctgtct >>> tataat -10 (244)
sigma38(+):    250   Score   1.95     -35 (217) ctgtct >>> tataat -10 (244)
sigma24(+):    240   Score   1.96     -35 (205) gaaaca >>> tcttt -10 (233)
sigma32(+):    221   Score   1.95     -35 (187) ggctgtt >>> aacaccaaat -10 (216)
sigma28(+):    202   Score   1.93     -35 (168) taactgac >>> gctgtttt -10 (195)

   Total:      5 promoter(s) predicted



>TSS_691_D39V_1438613_+_155_None
   Length of Query sequence:       300
sigma28(+):    250   Score   1.94     -35 (217) tgcatttt >>> gccaaaat -10 (244)
sigma38(+):    250   Score   1.95     -35 (216) ttgcat >>> caaaat -10 (244)
sigma24(+):    237   Score   1.85     -35 (205) accctt >>> tctca -10 (230)
sigma70(+):    231   Score   1.96     -35 (191) ttgtct >>> catttt -10 (224)

   Total:      4 promoter(s) predicted



>TSS_692_D39V_1440975_-_3_None
   Length of Query sequence:       300
sigma70(+):    250   Score   1.92     -35 (211) ctggct >>> tatact -10 (244)
sigma28(+):    241   Score   1.93     -35 (207) ttaactgg >>> caggaaaa -10 (233)
sigma38(+):    209   Score   1.91     -35 (174) ttgaat >>> tacgat -10 (201)
sigma24(+):    203   Score   1.87     -35 (170) tctctt >>> tcgta -10 (197)

   Total:      4 promoter(s) predicted



>TSS_693_D39V_1443479_-_60_None
   Length of Query sequence:       300
sigma70(+):    250   Score   1.92     -35 (215) ttgttt >>> taaaat -10 (243)
sigma38(+):    249   Score   1.95     -35 (215) ttgttt >>> taaaat -10 (243)
sigma28(+):    209   Score   1.92     -35 (176) atgagatt >>> tacaatat -10 (201)
sigma24(+):    206   Score   1.76     -35 (171) agagta >>> acaat -10 (199)
sigma32(+):    201   Score   1.95     -35 (165) tttcgaa >>> atacccatac -10 (196)

   Total:      5 promoter(s) predicted



>TSS_694_D39V_1446205_-_410_SigA
   Length of Query sequence:       300
sigma70(+):    250   Score   1.94     -35 (215) ttgtca >>> tataat -10 (243)
sigma38(+):    230   Score   1.94     -35 (192) ttgata >>> caaaat -10 (224)
sigma24(+):    229   Score   1.93     -35 (194) gatatc >>> tcaaa -10 (222)
sigma28(+):    201   Score   1.97     -35 (164) agaatgta >>> gccgatag -10 (190)
sigma32(+):    201   Score   1.91     -35 (161) aaaagaa >>> gccgatagat -10 (192)

   Total:      5 promoter(s) predicted



>TSS_695_D39V_1447486_+_247_None
   Length of Query sequence:       300
sigma28(+):    248   Score   1.94     -35 (213) tccttgtt >>> tcttatta -10 (240)
sigma70(+):    247   Score   1.96     -35 (208) cttact >>> tattac -10 (241)
sigma24(+):    244   Score   1.97     -35 (211) actcct >>> tctta -10 (237)
sigma38(+):    218   Score   1.94     -35 (181) cttctt >>> tacctt -10 (210)

   Total:      4 promoter(s) predicted



>TSS_696_D39V_1447718_-_185_None
   Length of Query sequence:       300
sigma70(+):    250   Score   1.97     -35 (216) tataat >>> taaact -10 (244)
sigma38(+):    250   Score   1.96     -35 (216) tataat >>> taaact -10 (244)
sigma28(+):    203   Score   1.97     -35 (164) caaagaaa >>> cctgattt -10 (190)
sigma24(+):    202   Score   1.98     -35 (168) gaaaaa >>> acaga -10 (196)

   Total:      4 promoter(s) predicted



>TSS_697_D39V_1449764_-_204_SigA
   Length of Query sequence:       300
sigma28(+):    250   Score   1.96     -35 (217) aaatgaca >>> aatggtaa -10 (244)
sigma38(+):    247   Score   1.92     -35 (213) tggcaa >>> aaaaat -10 (239)
sigma32(+):    239   Score   1.95     -35 (203) tagttta >>> ttccctgtca -10 (234)
sigma24(+):    226   Score   1.88     -35 (190) aaattt >>> gcaaa -10 (219)
sigma70(+):    220   Score   1.92     -35 (183) tttact >>> taggat -10 (213)

   Total:      5 promoter(s) predicted



>TSS_698_D39V_1452642_-_121_SigA
   Length of Query sequence:       300
sigma70(+):    250   Score   1.97     -35 (213) tacaag >>> tataat -10 (243)
sigma38(+):    249   Score   1.87     -35 (213) tacaag >>> tataat -10 (243)
sigma28(+):    241   Score   1.83     -35 (208) ttaggtac >>> gccgaaat -10 (233)
sigma24(+):    210   Score   1.91     -35 (177) gaaaga >>> gcagt -10 (203)

   Total:      4 promoter(s) predicted



>TSS_699_D39V_1455054_-_708_None
   Length of Query sequence:       300
sigma70(+):    249   Score   1.97     -35 (215) tagaat >>> tataat -10 (243)
sigma38(+):    249   Score   1.95     -35 (215) tagaat >>> tataat -10 (243)
sigma28(+):    248   Score   1.96     -35 (214) ttagaatt >>> aatgatat -10 (240)
sigma24(+):    208   Score   1.97     -35 (176) aaactt >>> gcata -10 (201)
sigma32(+):    207   Score   1.94     -35 (171) ctggcaa >>> agatgcatat -10 (202)

   Total:      5 promoter(s) predicted



>TSS_700_D39V_1455163_+_228_SigA
   Length of Query sequence:       300
sigma38(+):    247   Score   1.95     -35 (207) gggaaa >>> taaggt -10 (239)
sigma28(+):    242   Score   1.97     -35 (210) aaaagttt >>> tttgataa -10 (236)
sigma32(+):    205   Score   1.95     -35 (171) gaattct >>> atatgcatct -10 (200)
sigma70(+):    204   Score   1.96     -35 (164) tttaac >>> tatgca -10 (197)
sigma24(+):    201   Score   1.95     -35 (166) taacag >>> tccca -10 (189)

   Total:      5 promoter(s) predicted



>TSS_701_D39V_1457011_-_577_SigA
   Length of Query sequence:       300
sigma70(+):    250   Score   1.91     -35 (215) tttaca >>> tatact -10 (244)
sigma38(+):    250   Score   1.96     -35 (215) tttaca >>> tatact -10 (244)
sigma24(+):    224   Score   1.97     -35 (190) gcaagc >>> tcttt -10 (217)
sigma32(+):    207   Score   1.93     -35 (173) aagccga >>> agccccctag -10 (202)

   Total:      4 promoter(s) predicted



>TSS_702_D39V_1457929_-_0_SigA_LOWCONF
   Length of Query sequence:       300
sigma38(+):    249   Score   1.96     -35 (215) ttgaca >>> taaaat -10 (243)
sigma70(+):    234   Score   1.96     -35 (198) tatgag >>> gaaaat -10 (226)
sigma28(+):    231   Score   1.92     -35 (200) tgagagta >>> acagaaaa -10 (225)
sigma24(+):    229   Score   1.95     -35 (194) taacta >>> acaga -10 (222)
sigma32(+):    207   Score   1.94     -35 (173) atctctt >>> ataactatga -10 (202)

   Total:      5 promoter(s) predicted



>TSS_703_D39V_1458650_+_curated_None
   Length of Query sequence:       300
sigma24(+):    239   Score   1.52     -35 (203) aactgc >>> tctct -10 (232)
sigma32(+):    237   Score   1.92     -35 (203) aactgct >>> atacctctct -10 (232)
sigma70(+):    228   Score   1.91     -35 (193) ttgctg >>> catttt -10 (220)
sigma38(+):    222   Score   1.93     -35 (186) tgtcca >>> tagttt -10 (214)
sigma28(+):    217   Score   1.93     -35 (178) tccccact >>> tgcaataa -10 (204)

   Total:      5 promoter(s) predicted



>TSS_704_D39V_1458809_+_95_SigA
   Length of Query sequence:       300
sigma70(+):    250   Score   1.96     -35 (215) tttact >>> tataat -10 (244)
sigma38(+):    250   Score   1.96     -35 (215) tttact >>> tataat -10 (244)
sigma32(+):    219   Score   1.93     -35 (184) agtgaaa >>> gtcaacaaat -10 (215)
sigma24(+):    212   Score   1.98     -35 (178) gattct >>> tcttt -10 (205)
sigma28(+):    201   Score   1.91     -35 (166) aaaactaa >>> agtgaaaa -10 (191)

   Total:      5 promoter(s) predicted



>TSS_705_D39V_1459261_+_410_SigA
   Length of Query sequence:       300
sigma38(+):    249   Score   1.96     -35 (216) ttgaaa >>> tataat -10 (243)
sigma70(+):    221   Score   1.96     -35 (181) caaaaa >>> caaaat -10 (213)
sigma24(+):    215   Score   1.98     -35 (183) aaaaat >>> tcaca -10 (209)
sigma28(+):    201   Score   1.97     -35 (167) tcaagcat >>> aatgaaaa -10 (193)

   Total:      4 promoter(s) predicted



>TSS_706_D39V_1463517_-_29_None
   Length of Query sequence:       300
sigma28(+):    249   Score   1.75     -35 (216) accatcta >>> tctgttat -10 (242)
sigma38(+):    245   Score   1.94     -35 (210) tttcag >>> aaatct -10 (237)
sigma70(+):    242   Score   1.96     -35 (209) gtttca >>> aaaaat -10 (235)
sigma24(+):    205   Score   1.92     -35 (169) gcctgt >>> gctat -10 (198)

   Total:      4 promoter(s) predicted



>TSS_707_D39V_1463641_+_8_None
   Length of Query sequence:       300
sigma70(+):    244   Score   1.96     -35 (210) tatgct >>> gaaatt -10 (237)
sigma28(+):    235   Score   1.93     -35 (201) caaacagg >>> gctaattt -10 (227)
sigma32(+):    230   Score   1.95     -35 (196) cagtaca >>> ctagctaatt -10 (226)
sigma38(+):    212   Score   1.95     -35 (175) ttgaaa >>> tacaaa -10 (204)
sigma24(+):    211   Score   1.95     -35 (177) gaaata >>> acaaa -10 (204)

   Total:      5 promoter(s) predicted



>TSS_708_D39V_1465141_-_0_None_LOWCONF
   Length of Query sequence:       300
sigma70(+):    250   Score   1.94     -35 (216) tttttt >>> taaaat -10 (244)
sigma38(+):    247   Score   1.84     -35 (212) cctctt >>> tatgat -10 (239)
sigma32(+):    223   Score   1.92     -35 (188) tgaagga >>> tgccctcttt -10 (218)
sigma28(+):    210   Score   1.95     -35 (174) tgcagaga >>> gattaaga -10 (200)

   Total:      4 promoter(s) predicted



>TSS_709_D39V_1465278_-_11_None
   Length of Query sequence:       300
sigma70(+):    235   Score   1.90     -35 (200) ttgccc >>> catgat -10 (227)
sigma32(+):    215   Score   1.88     -35 (179) ccatgac >>> tgccctgtag -10 (210)
sigma38(+):    209   Score   1.90     -35 (170) cttcag >>> caaatt -10 (201)
sigma24(+):    205   Score   1.74     -35 (172) tcagtt >>> tccaa -10 (198)

   Total:      4 promoter(s) predicted



>TSS_710_D39V_1465677_-_286_SigA
   Length of Query sequence:       300
sigma70(+):    243   Score   1.94     -35 (208) gtggta >>> taaaaa -10 (236)
sigma24(+):    240   Score   1.76     -35 (204) aaaagt >>> actaa -10 (233)
sigma38(+):    238   Score   1.78     -35 (201) ttgaaa >>> tacaac -10 (230)
sigma28(+):    217   Score   1.95     -35 (181) atcgggag >>> gttgaaaa -10 (207)

   Total:      4 promoter(s) predicted



>TSS_711_D39V_1466573_-_210_None
   Length of Query sequence:       300
sigma38(+):    250   Score   1.96     -35 (214) tttctc >>> tatact -10 (244)
sigma70(+):    222   Score   1.96     -35 (186) tttatc >>> tagatt -10 (215)
sigma32(+):    219   Score   1.94     -35 (183) atcttta >>> aaagctagat -10 (214)
sigma24(+):    209   Score   1.98     -35 (179) taatat >>> tcaaa -10 (203)

   Total:      4 promoter(s) predicted



>TSS_712_D39V_1466638_+_201_None
   Length of Query sequence:       300
sigma70(+):    250   Score   1.96     -35 (218) gagaaa >>> tatact -10 (244)
sigma38(+):    250   Score   1.94     -35 (218) gagaaa >>> tatact -10 (244)
sigma28(+):    228   Score   1.76     -35 (196) ataacata >>> gctagaga -10 (221)
sigma32(+):    225   Score   1.91     -35 (190) ataagta >>> acagctagag -10 (220)
sigma24(+):    220   Score   1.97     -35 (187) gcaata >>> tcaca -10 (213)

   Total:      5 promoter(s) predicted



>TSS_713_D39V_1468241_+_curated_None
   Length of Query sequence:       300
sigma38(+):    212   Score   1.95     -35 (177) cttaag >>> tatttt -10 (204)
sigma70(+):    211   Score   1.96     -35 (177) cttaag >>> tatttt -10 (204)
sigma28(+):    208   Score   1.88     -35 (174) caacttaa >>> tctgctat -10 (201)
sigma24(+):    208   Score   1.97     -35 (174) caactt >>> gctat -10 (201)

   Total:      4 promoter(s) predicted



>TSS_714_D39V_1469696_-_725_None
   Length of Query sequence:       300
sigma70(+):    250   Score   1.97     -35 (217) ttgatt >>> tatact -10 (244)
sigma38(+):    250   Score   1.96     -35 (217) ttgatt >>> tatact -10 (244)
sigma28(+):    248   Score   1.95     -35 (214) ttcttgat >>> tgtgatat -10 (241)
sigma24(+):    243   Score   1.98     -35 (206) taactt >>> tctaa -10 (232)

   Total:      4 promoter(s) predicted



>TSS_715_D39V_1473163_-_100_None
   Length of Query sequence:       300
sigma70(+):    250   Score   1.97     -35 (217) tttcat >>> taaaat -10 (244)
sigma38(+):    250   Score   1.95     -35 (217) tttcat >>> taaaat -10 (244)
sigma28(+):    239   Score   1.38     -35 (206) tccaatct >>> tcttaaaa -10 (232)
sigma24(+):    217   Score   1.98     -35 (183) gaatta >>> tccaa -10 (210)

   Total:      4 promoter(s) predicted



>TSS_716_D39V_1473999_+_87_None
   Length of Query sequence:       300
sigma38(+):    250   Score   1.95     -35 (215) cttacc >>> tatact -10 (244)
sigma32(+):    243   Score   1.95     -35 (205) attttaa >>> ctccctaact -10 (234)
sigma24(+):    243   Score   1.97     -35 (209) taaatc >>> actgt -10 (236)
sigma70(+):    233   Score   1.96     -35 (196) tttaag >>> tattct -10 (226)

   Total:      4 promoter(s) predicted



>TSS_717_D39V_1476809_-_171_None
   Length of Query sequence:       300
sigma70(+):    250   Score   1.97     -35 (216) ttgcat >>> taagat -10 (244)
sigma38(+):    250   Score   1.96     -35 (216) ttgcat >>> taagat -10 (244)
sigma32(+):    201   Score   1.95     -35 (163) tcatgga >>> atagctaaaa -10 (192)
sigma28(+):    201   Score   1.96     -35 (168) gaaagatt >>> gctaaaaa -10 (193)
sigma24(+):    201   Score   1.95     -35 (168) gaaaga >>> gctaa -10 (190)

   Total:      5 promoter(s) predicted



>TSS_718_D39V_1477058_+_234_MntR
   Length of Query sequence:       300
sigma70(+):    250   Score   1.97     -35 (215) ttgact >>> tatatt -10 (243)
sigma38(+):    232   Score   1.96     -35 (193) tttaat >>> taattt -10 (226)
sigma24(+):    214   Score   1.98     -35 (182) tcagtt >>> tcaaa -10 (207)

   Total:      3 promoter(s) predicted



>TSS_719_D39V_1479706_+_372_None
   Length of Query sequence:       300
sigma24(+):    246   Score   1.83     -35 (210) aaatca >>> tcaga -10 (239)
sigma28(+):    239   Score   1.46     -35 (207) gtcaaatc >>> tctgactg -10 (232)
sigma38(+):    235   Score   1.88     -35 (201) tttccg >>> aattct -10 (227)
sigma70(+):    231   Score   1.96     -35 (191) tatgcc >>> gaaaat -10 (224)
sigma32(+):    209   Score   1.94     -35 (173) gtgagct >>> gcccacattt -10 (203)

   Total:      5 promoter(s) predicted



>TSS_720_D39V_1483738_-_3_SigA
   Length of Query sequence:       300
sigma38(+):    249   Score   1.90     -35 (214) ttgaag >>> tataat -10 (241)
sigma70(+):    248   Score   1.94     -35 (214) ttgaag >>> tataat -10 (241)
sigma28(+):    206   Score   1.97     -35 (174) aaaacagt >>> gcagatgg -10 (200)

   Total:      3 promoter(s) predicted



>TSS_721_D39V_1483876_-_40_SigA
   Length of Query sequence:       300
sigma38(+):    250   Score   1.96     -35 (216) tttcca >>> tataat -10 (244)
sigma70(+):    241   Score   1.96     -35 (202) gagaat >>> gaaaaa -10 (234)
sigma28(+):    240   Score   1.96     -35 (208) ataggcag >>> gttgaaaa -10 (233)
sigma24(+):    229   Score   1.97     -35 (196) ggattt >>> tccaa -10 (222)
sigma32(+):    226   Score   1.95     -35 (186) cttttaa >>> ataggcagtt -10 (217)

   Total:      5 promoter(s) predicted



>TSS_722_D39V_1486385_-_36_None
   Length of Query sequence:       300
sigma38(+):    238   Score   1.89     -35 (203) ttgtaa >>> taggct -10 (230)
sigma70(+):    203   Score   1.96     -35 (163) ttgaac >>> gaaaat -10 (196)

   Total:      2 promoter(s) predicted



>TSS_723_D39V_1487176_-_3730_None
   Length of Query sequence:       300
sigma70(+):    250   Score   1.96     -35 (211) ttgact >>> taaaat -10 (244)
sigma28(+):    239   Score   1.90     -35 (205) ttggtttt >>> tgtgaaaa -10 (232)
sigma38(+):    202   Score   1.92     -35 (168) tgtgat >>> aacagt -10 (194)
sigma24(+):    201   Score   1.93     -35 (162) aaacaa >>> tcaaa -10 (190)

   Total:      4 promoter(s) predicted



>TSS_724_D39V_1488117_-_curated_None
   Length of Query sequence:       300
sigma38(+):    250   Score   1.96     -35 (214) tttcat >>> tataat -10 (244)
sigma24(+):    227   Score   1.98     -35 (197) aaaagt >>> tcata -10 (220)
sigma70(+):    227   Score   1.98     -35 (194) ctgaaa >>> catatt -10 (222)
sigma28(+):    207   Score   1.95     -35 (173) ttatatag >>> tctgaaaa -10 (200)

   Total:      4 promoter(s) predicted



>TSS_725_D39V_1497383_-_489_None
   Length of Query sequence:       300
sigma70(+):    236   Score   1.96     -35 (203) taggaa >>> taaatt -10 (229)
sigma24(+):    230   Score   1.97     -35 (197) gaaatt >>> acgat -10 (223)
sigma28(+):    223   Score   1.97     -35 (184) aaaaaatg >>> taggaaaa -10 (210)
sigma38(+):    211   Score   1.95     -35 (173) tagaca >>> aaattt -10 (203)

   Total:      4 promoter(s) predicted



>TSS_726_D39V_1498264_-_274_None
   Length of Query sequence:       300
sigma38(+):    249   Score   1.88     -35 (212) ctaaat >>> tataat -10 (245)
sigma70(+):    236   Score   1.96     -35 (204) tcgtat >>> taacaa -10 (230)
sigma32(+):    228   Score   1.93     -35 (194) aagatga >>> aaatccattt -10 (223)
sigma24(+):    222   Score   1.95     -35 (193) gaagat >>> tctaa -10 (215)

   Total:      4 promoter(s) predicted



>TSS_727_D39V_1501453_-_119_None
   Length of Query sequence:       300
sigma28(+):    244   Score   1.96     -35 (211) tcaagttt >>> gcaaatat -10 (237)
sigma38(+):    243   Score   1.93     -35 (210) ttcaag >>> aaatat -10 (237)
sigma24(+):    240   Score   1.77     -35 (212) caagtt >>> gcaaa -10 (234)
sigma70(+):    231   Score   1.92     -35 (192) gtgatg >>> taaaaa -10 (224)

   Total:      4 promoter(s) predicted



>TSS_728_D39V_1504278_-_181_None
   Length of Query sequence:       300
sigma38(+):    249   Score   1.96     -35 (210) tttcca >>> tacaat -10 (243)
sigma24(+):    238   Score   1.97     -35 (205) tctctt >>> tcaaa -10 (231)
sigma32(+):    225   Score   1.94     -35 (189) aaatcga >>> ttccataatt -10 (220)
sigma70(+):    206   Score   1.96     -35 (172) ctgttt >>> gaaaaa -10 (199)
sigma28(+):    202   Score   1.96     -35 (162) aaacgcat >>> aacgaaaa -10 (189)

   Total:      5 promoter(s) predicted



>TSS_729_D39V_1504406_+_19_None
   Length of Query sequence:       300
sigma70(+):    243   Score   1.96     -35 (209) gttttt >>> tattat -10 (235)
sigma32(+):    237   Score   1.94     -35 (203) agatgcg >>> atccttatat -10 (232)
sigma24(+):    231   Score   1.79     -35 (197) aaacag >>> tctat -10 (224)
sigma38(+):    227   Score   1.95     -35 (193) tttaaa >>> tattta -10 (219)

   Total:      4 promoter(s) predicted



>TSS_730_D39V_1507197_-_curated_NanR
   Length of Query sequence:       300
sigma70(+):    250   Score   1.94     -35 (216) ttgaaa >>> tatact -10 (244)
sigma38(+):    245   Score   1.95     -35 (207) tataag >>> taaagt -10 (237)
sigma24(+):    201   Score   1.98     -35 (167) aaacgc >>> actaa -10 (194)

   Total:      3 promoter(s) predicted



>TSS_731_D39V_1513518_-_6_None
   Length of Query sequence:       300
sigma38(+):    250   Score   1.96     -35 (217) tataat >>> tatact -10 (244)
sigma24(+):    225   Score   1.96     -35 (189) gacttt >>> tcata -10 (218)
sigma32(+):    224   Score   1.95     -35 (190) actttct >>> tacatcatat -10 (219)
sigma70(+):    216   Score   1.94     -35 (181) tttaat >>> taggct -10 (209)

   Total:      4 promoter(s) predicted



>TSS_732_D39V_1514942_-_curated_CcpA
   Length of Query sequence:       300
sigma38(+):    250   Score   1.96     -35 (216) ttgaaa >>> tataat -10 (244)
sigma70(+):    221   Score   1.96     -35 (185) ttgaaa >>> caaact -10 (214)
sigma24(+):    219   Score   1.97     -35 (188) aaactg >>> acaaa -10 (212)
sigma32(+):    208   Score   1.95     -35 (172) acttggc >>> aaatctatta -10 (203)

   Total:      4 promoter(s) predicted



>TSS_733_D39V_1526639_-_3_SigA
   Length of Query sequence:       300
sigma70(+):    250   Score   1.97     -35 (216) ttgaaa >>> tataat -10 (244)
sigma38(+):    250   Score   1.96     -35 (216) ttgaaa >>> tataat -10 (244)
sigma32(+):    221   Score   1.94     -35 (187) gaaacta >>> tacactatat -10 (216)
sigma24(+):    220   Score   1.98     -35 (188) aaacta >>> actat -10 (214)

   Total:      4 promoter(s) predicted



>TSS_734_D39V_1528412_-_15_None
   Length of Query sequence:       300
sigma38(+):    247   Score   1.93     -35 (212) tttctt >>> tatgct -10 (239)
sigma24(+):    229   Score   1.98     -35 (193) cacttt >>> gcatt -10 (222)
sigma70(+):    216   Score   1.96     -35 (177) gtaaag >>> tatcct -10 (209)

   Total:      3 promoter(s) predicted



>TSS_735_D39V_1528643_-_504_None
   Length of Query sequence:       300
sigma70(+):    250   Score   1.92     -35 (212) cttaag >>> tatact -10 (244)
sigma38(+):    250   Score   1.89     -35 (212) cttaag >>> tatact -10 (244)
sigma32(+):    228   Score   1.89     -35 (194) agctttc >>> taagctagtt -10 (223)
sigma24(+):    212   Score   1.92     -35 (180) gaacat >>> tctaa -10 (205)

   Total:      4 promoter(s) predicted



>TSS_736_D39V_1536931_-_530_SigA
   Length of Query sequence:       300
sigma38(+):    250   Score   1.95     -35 (216) ttgaaa >>> taaaat -10 (244)
sigma28(+):    233   Score   1.96     -35 (199) aaaatggg >>> gaaaataa -10 (225)
sigma70(+):    229   Score   1.92     -35 (195) tttcaa >>> gaaaat -10 (223)
sigma24(+):    208   Score   1.97     -35 (176) aaacta >>> tcaaa -10 (201)

   Total:      4 promoter(s) predicted



>TSS_737_D39V_1540098_+_18_SigA
   Length of Query sequence:       300
sigma38(+):    250   Score   1.96     -35 (213) cccatg >>> tataat -10 (244)
sigma28(+):    232   Score   1.88     -35 (192) ttcttcaa >>> gcccatga -10 (219)
sigma24(+):    207   Score   1.76     -35 (171) aatcca >>> tcaaa -10 (200)
sigma70(+):    201   Score   1.96     -35 (160) tccaaa >>> taaatt -10 (193)
sigma32(+):    201   Score   1.90     -35 (163) aaatcaa >>> ttcggtaaat -10 (192)

   Total:      5 promoter(s) predicted



>TSS_738_D39V_1542093_-_30_SigA
   Length of Query sequence:       300
sigma38(+):    250   Score   1.86     -35 (211) ctggaa >>> tataat -10 (244)
sigma70(+):    217   Score   1.95     -35 (180) tcgcaa >>> tagaat -10 (210)
sigma24(+):    203   Score   1.51     -35 (172) tcatct >>> gcaaa -10 (196)
sigma32(+):    202   Score   1.92     -35 (168) cgattca >>> aaacgcaaat -10 (197)
sigma28(+):    201   Score   1.95     -35 (164) acaccgat >>> caagaaaa -10 (190)

   Total:      5 promoter(s) predicted



>TSS_739_D39V_1546741_-_46_SigA
   Length of Query sequence:       300
sigma70(+):    242   Score   1.96     -35 (207) gaagaa >>> taaaaa -10 (235)
sigma38(+):    224   Score   1.94     -35 (185) caaaaa >>> aattgt -10 (216)
sigma24(+):    211   Score   1.96     -35 (182) aaacaa >>> gcaaa -10 (204)
sigma28(+):    203   Score   1.97     -35 (163) ttaattaa >>> aacaaaaa -10 (190)

   Total:      4 promoter(s) predicted



>TSS_740_D39V_1546828_+_2075_SigA
   Length of Query sequence:       300
sigma70(+):    250   Score   1.92     -35 (216) ttgaca >>> tattat -10 (244)
sigma38(+):    250   Score   1.95     -35 (216) ttgaca >>> tattat -10 (244)
sigma28(+):    207   Score   1.95     -35 (173) ataccatt >>> tcccaaaa -10 (199)
sigma24(+):    203   Score   1.91     -35 (168) tcatta >>> tccca -10 (196)

   Total:      4 promoter(s) predicted



>TSS_741_D39V_1551231_-_954_SigA
   Length of Query sequence:       300
sigma28(+):    250   Score   1.83     -35 (218) gtaaaggc >>> gagtataa -10 (243)
sigma38(+):    250   Score   1.92     -35 (216) ttgtaa >>> tataat -10 (244)
sigma70(+):    247   Score   1.96     -35 (208) caaaaa >>> gagtat -10 (241)
sigma24(+):    239   Score   1.96     -35 (210) aaaaca >>> tcaaa -10 (232)
sigma32(+):    227   Score   1.91     -35 (187) caatagt >>> aaaaacattg -10 (218)

   Total:      5 promoter(s) predicted



>TSS_742_D39V_1551527_-_806_SigA
   Length of Query sequence:       300
sigma38(+):    247   Score   1.95     -35 (211) cggaag >>> tactgt -10 (239)
sigma70(+):    246   Score   1.96     -35 (210) gcggaa >>> tactgt -10 (239)
sigma32(+):    227   Score   1.95     -35 (193) aaataga >>> gaaggtataa -10 (222)
sigma24(+):    210   Score   1.95     -35 (178) acaatt >>> acagt -10 (203)
sigma28(+):    201   Score   1.97     -35 (168) tactcaaa >>> gattaaaa -10 (194)

   Total:      5 promoter(s) predicted



>TSS_743_D39V_1552495_+_498_None
   Length of Query sequence:       300
sigma70(+):    243   Score   1.96     -35 (209) gactca >>> taaaat -10 (236)
sigma28(+):    243   Score   1.76     -35 (209) gactcatt >>> tctaaaat -10 (236)
sigma32(+):    228   Score   1.95     -35 (195) tccttat >>> ttcccccgtt -10 (224)
sigma38(+):    220   Score   1.89     -35 (183) tttact >>> aagact -10 (212)
sigma24(+):    213   Score   1.98     -35 (179) gctatt >>> tcaaa -10 (205)

   Total:      5 promoter(s) predicted



>TSS_744_D39V_1553182_+_12_None
   Length of Query sequence:       300
sigma70(+):    249   Score   1.95     -35 (209) gtaaaa >>> gatttt -10 (242)
sigma38(+):    225   Score   1.95     -35 (187) tttctg >>> aaaaat -10 (217)
sigma24(+):    204   Score   1.91     -35 (169) gaccta >>> gcaaa -10 (197)

   Total:      3 promoter(s) predicted



>TSS_745_D39V_1554366_-_6_None
   Length of Query sequence:       300
sigma38(+):    249   Score   1.95     -35 (215) gagaca >>> tatgct -10 (241)
sigma24(+):    242   Score   1.98     -35 (209) aaaata >>> tcgaa -10 (234)
sigma70(+):    229   Score   1.97     -35 (190) tttaca >>> gacatt -10 (222)
sigma32(+):    228   Score   1.93     -35 (194) cagagga >>> agagacattt -10 (223)
sigma28(+):    217   Score   1.96     -35 (184) gtaagatt >>> tctaaaaa -10 (211)

   Total:      5 promoter(s) predicted



>TSS_746_D39V_1556437_-_149_SigA
   Length of Query sequence:       300
sigma70(+):    250   Score   1.92     -35 (216) ttgaca >>> taaaat -10 (243)
sigma38(+):    249   Score   1.95     -35 (216) ttgaca >>> taaaat -10 (243)
sigma24(+):    218   Score   1.97     -35 (184) taagtg >>> gcaaa -10 (211)
sigma28(+):    217   Score   1.97     -35 (184) taagtgga >>> tctgcaaa -10 (211)

   Total:      4 promoter(s) predicted



>TSS_747_D39V_1556730_+_285_None
   Length of Query sequence:       300
sigma24(+):    238   Score   1.95     -35 (202) taacat >>> tcgaa -10 (231)
sigma38(+):    231   Score   1.95     -35 (190) tttcct >>> catttt -10 (223)
sigma70(+):    230   Score   1.95     -35 (190) tttcct >>> catttt -10 (223)

   Total:      3 promoter(s) predicted



>TSS_748_D39V_1561671_-_808_None
   Length of Query sequence:       300
sigma70(+):    250   Score   1.92     -35 (212) ttttct >>> taaaat -10 (244)
sigma38(+):    250   Score   1.90     -35 (213) tttctc >>> taaaat -10 (244)
sigma28(+):    248   Score   1.49     -35 (214) ttctctct >>> tgtgataa -10 (241)
sigma24(+):    230   Score   1.94     -35 (200) gaatca >>> tcttt -10 (223)

   Total:      4 promoter(s) predicted



>TSS_749_D39V_1562477_-_56_None
   Length of Query sequence:       300
sigma38(+):    250   Score   1.92     -35 (218) tcaact >>> taaaat -10 (244)
sigma32(+):    236   Score   1.94     -35 (201) aaatcgt >>> ctagccaatt -10 (231)
sigma24(+):    236   Score   1.97     -35 (200) taaatc >>> gccaa -10 (229)
sigma28(+):    228   Score   1.97     -35 (189) agaggtaa >>> cctaaaaa -10 (215)
sigma70(+):    222   Score   1.97     -35 (184) gcaaca >>> taaaaa -10 (215)

   Total:      5 promoter(s) predicted



>TSS_750_D39V_1563998_-_316_None
   Length of Query sequence:       300
sigma24(+):    219   Score   1.78     -35 (187) aatctt >>> gcaaa -10 (212)
sigma28(+):    210   Score   1.95     -35 (178) tgagtaat >>> catgattt -10 (203)
sigma38(+):    209   Score   1.85     -35 (172) tcaaaa >>> catgat -10 (201)
sigma70(+):    208   Score   1.96     -35 (172) tcaaaa >>> catgat -10 (201)

   Total:      4 promoter(s) predicted



>TSS_751_D39V_1567019_-_133_SigA
   Length of Query sequence:       300
sigma70(+):    250   Score   1.92     -35 (216) ttgtca >>> tataat -10 (245)
sigma32(+):    240   Score   1.90     -35 (204) attaggt >>> ctaggcaaag -10 (235)
sigma38(+):    235   Score   1.92     -35 (197) tagaaa >>> aatact -10 (227)
sigma24(+):    230   Score   1.90     -35 (199) gaaata >>> tcaaa -10 (223)

   Total:      4 promoter(s) predicted



>TSS_752_D39V_1572584_-_1131_None
   Length of Query sequence:       300
sigma70(+):    250   Score   1.94     -35 (216) ttgaaa >>> tacact -10 (244)
sigma38(+):    250   Score   1.92     -35 (216) ttgaaa >>> tacact -10 (244)
sigma28(+):    227   Score   1.96     -35 (195) taaataaa >>> gttgaaaa -10 (222)
sigma24(+):    223   Score   1.61     -35 (187) gattat >>> gcagt -10 (216)

   Total:      4 promoter(s) predicted



>TSS_753_D39V_1574289_-_1085_None
   Length of Query sequence:       300
sigma38(+):    250   Score   1.95     -35 (218) gtgaaa >>> tagaat -10 (244)
sigma70(+):    232   Score   1.96     -35 (199) catatt >>> gaaaat -10 (225)
sigma28(+):    231   Score   1.96     -35 (197) aacatatt >>> tgtgaaaa -10 (224)
sigma24(+):    209   Score   1.98     -35 (175) aaatgt >>> acata -10 (202)
sigma32(+):    203   Score   1.95     -35 (168) tttttgc >>> ttccccaaaa -10 (198)

   Total:      5 promoter(s) predicted



>TSS_754_D39V_1574975_-_204_SigA
   Length of Query sequence:       300
sigma28(+):    237   Score   1.93     -35 (199) aaaatctt >>> gacaattt -10 (226)
sigma38(+):    234   Score   1.93     -35 (193) gaaaag >>> caattt -10 (226)
sigma24(+):    231   Score   1.89     -35 (198) gaaaat >>> acaat -10 (224)
sigma70(+):    204   Score   1.92     -35 (166) ttgatt >>> tagaaa -10 (196)

   Total:      4 promoter(s) predicted



>TSS_755_D39V_1582377_-_169_None
   Length of Query sequence:       300
sigma38(+):    250   Score   1.95     -35 (218) gttatt >>> tacaat -10 (244)
sigma70(+):    241   Score   1.92     -35 (206) cagact >>> taattt -10 (234)
sigma24(+):    208   Score   1.88     -35 (173) gaaata >>> tctca -10 (201)

   Total:      3 promoter(s) predicted



>TSS_756_D39V_1582988_-_172_SigA
   Length of Query sequence:       300
sigma28(+):    249   Score   1.97     -35 (216) agaatgag >>> tatggtat -10 (242)
sigma70(+):    242   Score   1.96     -35 (202) ttgaat >>> gaaaat -10 (235)
sigma38(+):    209   Score   1.96     -35 (171) tagaca >>> tatttt -10 (201)
sigma24(+):    205   Score   1.97     -35 (176) aaaatc >>> tctat -10 (198)

   Total:      4 promoter(s) predicted



>TSS_757_D39V_1583092_+_258_SigA
   Length of Query sequence:       300
sigma70(+):    250   Score   1.97     -35 (215) ttgatt >>> tataat -10 (243)
sigma24(+):    247   Score   1.96     -35 (217) gatttt >>> actat -10 (240)
sigma38(+):    239   Score   1.96     -35 (201) tagaca >>> tatcat -10 (231)
sigma28(+):    219   Score   1.96     -35 (186) taaatatt >>> acagaaaa -10 (211)
sigma32(+):    214   Score   1.94     -35 (179) ttctcca >>> atagacagaa -10 (209)

   Total:      5 promoter(s) predicted



>TSS_758_D39V_1585406_+_240_SigA
   Length of Query sequence:       300
sigma70(+):    250   Score   1.94     -35 (216) ttgcca >>> tataat -10 (244)
sigma38(+):    250   Score   1.94     -35 (216) ttgcca >>> tataat -10 (244)
sigma32(+):    232   Score   1.93     -35 (198) accacta >>> gccagcattc -10 (227)
sigma24(+):    219   Score   1.97     -35 (188) aaaaaa >>> acaga -10 (213)
sigma28(+):    218   Score   1.97     -35 (182) gacagtaa >>> actaaaaa -10 (208)

   Total:      5 promoter(s) predicted



>TSS_759_D39V_1585942_+_967_SigA
   Length of Query sequence:       300
sigma38(+):    250   Score   1.95     -35 (216) ttgaca >>> taaaat -10 (244)
sigma24(+):    236   Score   1.95     -35 (203) gcaatc >>> tcttt -10 (229)
sigma70(+):    220   Score   1.94     -35 (184) tttaaa >>> catttt -10 (213)

   Total:      3 promoter(s) predicted



>TSS_760_D39V_1588530_-_737_SigA
   Length of Query sequence:       300
sigma38(+):    249   Score   1.95     -35 (215) ttgaaa >>> tagact -10 (243)
sigma70(+):    241   Score   1.96     -35 (201) tccaat >>> tacttt -10 (234)
sigma24(+):    237   Score   1.98     -35 (207) caattt >>> tccta -10 (230)
sigma28(+):    203   Score   1.96     -35 (163) tagggatt >>> tatgattt -10 (190)

   Total:      4 promoter(s) predicted



>TSS_761_D39V_1595105_-_126_None
   Length of Query sequence:       300
sigma28(+):    247   Score   1.97     -35 (215) ttaggaca >>> tgtggtaa -10 (241)
sigma24(+):    231   Score   0.65     -35 (202) taatat >>> acata -10 (224)
sigma38(+):    215   Score   1.95     -35 (178) ttgata >>> taatat -10 (207)
sigma70(+):    214   Score   1.97     -35 (178) ttgata >>> taatat -10 (207)

   Total:      4 promoter(s) predicted



>TSS_762_D39V_1595109_+_57_None
   Length of Query sequence:       300
sigma70(+):    250   Score   1.96     -35 (213) tcgccc >>> taaaat -10 (243)
sigma28(+):    250   Score   1.92     -35 (216) ccccgatt >>> gctaaaat -10 (243)
sigma24(+):    247   Score   1.98     -35 (215) gccccg >>> gctaa -10 (240)
sigma38(+):    246   Score   1.88     -35 (208) tttaat >>> tatgct -10 (238)
sigma32(+):    226   Score   1.94     -35 (191) ctctttc >>> atcgccccga -10 (221)

   Total:      5 promoter(s) predicted



>TSS_763_D39V_1595134_-_104_None
   Length of Query sequence:       300
sigma28(+):    248   Score   1.96     -35 (214) caagggtt >>> tatggtat -10 (241)
sigma38(+):    244   Score   1.95     -35 (207) ttgata >>> taatat -10 (236)
sigma70(+):    243   Score   1.97     -35 (207) ttgata >>> taatat -10 (236)
sigma24(+):    214   Score   1.97     -35 (183) gaaatc >>> tcatt -10 (208)

   Total:      4 promoter(s) predicted



>TSS_764_D39V_1596020_-_0_SigA_LOWCONF
   Length of Query sequence:       300
sigma38(+):    250   Score   1.96     -35 (216) tttaca >>> tataat -10 (244)
sigma24(+):    230   Score   1.98     -35 (197) gaataa >>> acaat -10 (223)
sigma28(+):    213   Score   1.95     -35 (178) ggggcttt >>> aataataa -10 (205)
sigma70(+):    202   Score   1.96     -35 (164) tagaac >>> tataat -10 (195)

   Total:      4 promoter(s) predicted



>TSS_765_D39V_1596069_-_76_SigA
   Length of Query sequence:       300
sigma70(+):    250   Score   1.96     -35 (213) tagaac >>> tataat -10 (244)
sigma24(+):    241   Score   1.97     -35 (208) tccctt >>> gcttt -10 (234)
sigma28(+):    206   Score   1.97     -35 (173) tactcatt >>> tatgaata -10 (199)
sigma38(+):    205   Score   1.95     -35 (168) tttact >>> tatgaa -10 (197)
sigma32(+):    201   Score   1.95     -35 (165) gttttta >>> ataggtatga -10 (196)

   Total:      5 promoter(s) predicted



>TSS_766_D39V_1596713_-_21_SigA
   Length of Query sequence:       300
sigma70(+):    250   Score   1.94     -35 (216) ttgctg >>> tataat -10 (244)
sigma28(+):    250   Score   1.97     -35 (217) tgctgaat >>> aactataa -10 (243)
sigma32(+):    248   Score   1.95     -35 (213) atattgc >>> tgaactataa -10 (243)
sigma24(+):    229   Score   1.95     -35 (200) gacttg >>> gctga -10 (222)
sigma38(+):    224   Score   1.95     -35 (189) gtggaa >>> taatat -10 (216)

   Total:      5 promoter(s) predicted



>TSS_767_D39V_1596936_+_43_SigA
   Length of Query sequence:       300
sigma38(+):    250   Score   1.95     -35 (216) ttgaaa >>> tagaat -10 (244)
sigma32(+):    223   Score   1.95     -35 (188) atctcac >>> aaaaccattg -10 (218)
sigma24(+):    218   Score   1.97     -35 (182) gattct >>> acaaa -10 (211)
sigma70(+):    212   Score   1.96     -35 (172) tagtaa >>> gattat -10 (205)
sigma28(+):    211   Score   1.97     -35 (178) aaaagatt >>> cctgatta -10 (204)

   Total:      5 promoter(s) predicted



>TSS_768_D39V_1598326_+_0_None_LOWCONF
   Length of Query sequence:       300
sigma38(+):    250   Score   1.95     -35 (217) ttgatt >>> tatcat -10 (244)
sigma70(+):    211   Score   1.90     -35 (172) tttgcg >>> aaaaat -10 (204)
sigma24(+):    207   Score   1.96     -35 (177) gaaaaa >>> tcaaa -10 (200)

   Total:      3 promoter(s) predicted



>TSS_769_D39V_1598534_+_2_None
   Length of Query sequence:       300
sigma32(+):    231   Score   1.90     -35 (195) ggttcaa >>> ttcggcacca -10 (226)
sigma38(+):    215   Score   1.88     -35 (180) ctgctt >>> tacaaa -10 (207)
sigma70(+):    214   Score   1.86     -35 (180) ctgctt >>> tacaaa -10 (207)
sigma24(+):    209   Score   1.59     -35 (176) ccacct >>> tcaat -10 (202)

   Total:      4 promoter(s) predicted



>TSS_770_D39V_1603377_-_19_SigA
   Length of Query sequence:       300
sigma38(+):    250   Score   1.95     -35 (216) ttgaca >>> tataat -10 (244)
sigma28(+):    248   Score   1.97     -35 (216) ttgacaat >>> gctgttat -10 (241)
sigma24(+):    229   Score   1.95     -35 (200) aaaatt >>> acaat -10 (223)
sigma70(+):    212   Score   1.96     -35 (175) tttttg >>> aaaaat -10 (204)
sigma32(+):    204   Score   1.95     -35 (170) acatatt >>> aacaacaaaa -10 (199)

   Total:      5 promoter(s) predicted



>TSS_771_D39V_1603669_-_2_None
   Length of Query sequence:       300
sigma28(+):    248   Score   1.97     -35 (215) tgatggta >>> aatgatat -10 (241)
sigma38(+):    234   Score   1.96     -35 (195) ttgcaa >>> tatatt -10 (226)
sigma70(+):    229   Score   1.96     -35 (195) ttgcaa >>> gatggt -10 (221)
sigma24(+):    208   Score   1.96     -35 (174) gaagat >>> gcaat -10 (201)

   Total:      4 promoter(s) predicted



>TSS_772_D39V_1604430_-_342_None
   Length of Query sequence:       300
sigma32(+):    237   Score   1.95     -35 (202) tgattga >>> aaaagcattt -10 (232)
sigma70(+):    233   Score   1.96     -35 (194) gccaaa >>> taaaaa -10 (226)
sigma24(+):    229   Score   1.96     -35 (197) aaaaat >>> gctta -10 (222)
sigma38(+):    210   Score   1.95     -35 (171) ttcatg >>> aaaaat -10 (202)
sigma28(+):    208   Score   1.97     -35 (175) tgatggga >>> gccaaaaa -10 (201)

   Total:      5 promoter(s) predicted



>TSS_773_D39V_1606297_-_curated_None
   Length of Query sequence:       300
sigma70(+):    250   Score   1.96     -35 (213) tatcat >>> tataat -10 (244)
sigma38(+):    235   Score   1.96     -35 (198) taggaa >>> tatacc -10 (226)
sigma32(+):    220   Score   1.95     -35 (185) aaataaa >>> gtcgttatat -10 (215)
sigma24(+):    218   Score   1.96     -35 (184) gaaata >>> tcgtt -10 (211)
sigma28(+):    212   Score   1.96     -35 (180) atacgaaa >>> taggaaaa -10 (205)

   Total:      5 promoter(s) predicted



>TSS_774_D39V_1606494_+_33_None
   Length of Query sequence:       300
sigma70(+):    237   Score   1.97     -35 (201) ttcaag >>> taattt -10 (229)
sigma28(+):    228   Score   1.94     -35 (193) gaatcaaa >>> gattatat -10 (220)
sigma24(+):    218   Score   1.98     -35 (186) gaatac >>> tctaa -10 (211)
sigma38(+):    210   Score   1.95     -35 (172) tctatt >>> caaatt -10 (202)

   Total:      4 promoter(s) predicted



>TSS_775_D39V_1606580_+_61_SigA
   Length of Query sequence:       300
sigma70(+):    250   Score   1.97     -35 (216) ttgact >>> tataat -10 (244)
sigma24(+):    235   Score   1.98     -35 (201) taacaa >>> tctat -10 (228)
sigma38(+):    224   Score   1.96     -35 (183) tttaaa >>> aataat -10 (216)
sigma28(+):    216   Score   1.96     -35 (177) tgattttt >>> aataataa -10 (203)

   Total:      4 promoter(s) predicted



>TSS_776_D39V_1609575_-_62_None
   Length of Query sequence:       300
sigma38(+):    250   Score   1.91     -35 (216) ttcgta >>> tataat -10 (244)
sigma24(+):    223   Score   1.97     -35 (189) aaaata >>> tctat -10 (216)
sigma70(+):    216   Score   1.96     -35 (183) gagaaa >>> catact -10 (209)
sigma28(+):    201   Score   1.94     -35 (163) gaagctag >>> gagaaaaa -10 (190)

   Total:      4 promoter(s) predicted



>TSS_777_D39V_1609620_+_388_SigX
   Length of Query sequence:       300
sigma28(+):    249   Score   1.88     -35 (216) atactatt >>> tacgaata -10 (243)
sigma70(+):    241   Score   1.94     -35 (206) tttctc >>> catttt -10 (234)
sigma38(+):    228   Score   1.89     -35 (188) ctcacc >>> tatact -10 (220)
sigma32(+):    221   Score   1.94     -35 (186) tcctcac >>> ttctccatta -10 (216)

   Total:      4 promoter(s) predicted



>TSS_778_D39V_1612254_-_34_None
   Length of Query sequence:       300
sigma24(+):    236   Score   1.98     -35 (200) gaaaaa >>> tcttt -10 (229)
sigma38(+):    233   Score   1.96     -35 (195) tttaag >>> taattt -10 (225)
sigma28(+):    220   Score   1.97     -35 (187) cacagaac >>> gataatta -10 (213)
sigma70(+):    218   Score   1.97     -35 (183) ctgaca >>> gataat -10 (211)
sigma32(+):    202   Score   1.94     -35 (163) atataat >>> tgacacagaa -10 (193)

   Total:      5 promoter(s) predicted



>TSS_779_D39V_1619057_-_4_None
   Length of Query sequence:       300
sigma24(+):    250   Score   1.90     -35 (219) aaaata >>> acagt -10 (244)
sigma38(+):    246   Score   1.85     -35 (209) tagaag >>> aaaaat -10 (238)
sigma70(+):    228   Score   1.97     -35 (188) tagctg >>> taaaaa -10 (221)
sigma32(+):    218   Score   1.89     -35 (184) gacctag >>> ctacctagaa -10 (213)
sigma28(+):    212   Score   1.95     -35 (179) gcaaggac >>> gcagacta -10 (206)

   Total:      5 promoter(s) predicted



>TSS_780_D39V_1619341_-_5_None
   Length of Query sequence:       300
sigma70(+):    238   Score   1.96     -35 (200) tacgaa >>> gaaaat -10 (231)
sigma32(+):    221   Score   1.94     -35 (185) aaaaggc >>> aaagctagta -10 (216)
sigma38(+):    220   Score   1.93     -35 (179) caaaca >>> aaagct -10 (212)
sigma28(+):    209   Score   1.95     -35 (174) aaaagcaa >>> gactaata -10 (201)
sigma24(+):    205   Score   1.98     -35 (174) aaaagc >>> actaa -10 (199)

   Total:      5 promoter(s) predicted



>TSS_781_D39V_1619381_-_5_None
   Length of Query sequence:       300
sigma28(+):    249   Score   1.95     -35 (214) aaaagcaa >>> gactaata -10 (241)
sigma24(+):    245   Score   1.98     -35 (214) aaaagc >>> actaa -10 (239)
sigma38(+):    223   Score   1.94     -35 (185) gttcta >>> tactaa -10 (215)
sigma70(+):    222   Score   1.92     -35 (185) gttcta >>> tactaa -10 (215)
sigma32(+):    210   Score   1.95     -35 (169) gctttga >>> atctacagct -10 (199)

   Total:      5 promoter(s) predicted



>TSS_782_D39V_1619756_-_26398_SigA
   Length of Query sequence:       300
sigma38(+):    250   Score   1.92     -35 (216) ttgaca >>> taaaat -10 (244)
sigma70(+):    247   Score   1.96     -35 (215) cttgac >>> tattaa -10 (241)
sigma24(+):    214   Score   1.97     -35 (183) gaatga >>> tcgta -10 (207)
sigma28(+):    201   Score   1.95     -35 (164) ggaagaca >>> aatgatat -10 (191)

   Total:      4 promoter(s) predicted



>TSS_783_D39V_1620443_-_2_None
   Length of Query sequence:       300
sigma24(+):    241   Score   1.96     -35 (211) taataa >>> actta -10 (234)
sigma32(+):    238   Score   1.95     -35 (202) ctatgta >>> caagctactt -10 (233)
sigma28(+):    232   Score   1.96     -35 (193) tggagtag >>> aataataa -10 (219)
sigma38(+):    230   Score   1.95     -35 (192) ctggag >>> taattt -10 (222)
sigma70(+):    229   Score   1.96     -35 (192) ctggag >>> taattt -10 (222)

   Total:      5 promoter(s) predicted



>TSS_784_D39V_1621002_-_curated_None
   Length of Query sequence:       300
sigma38(+):    231   Score   1.96     -35 (193) cttaaa >>> taaaaa -10 (225)
sigma24(+):    223   Score   1.98     -35 (190) gatctt >>> tctct -10 (216)
sigma70(+):    212   Score   1.98     -35 (176) tttgtg >>> taattt -10 (204)

   Total:      3 promoter(s) predicted



>TSS_785_D39V_1622173_-_5_SigA
   Length of Query sequence:       300
sigma70(+):    250   Score   1.92     -35 (214) ttgttt >>> tataat -10 (244)
sigma38(+):    247   Score   1.95     -35 (214) ttgttt >>> tagtat -10 (241)
sigma32(+):    239   Score   1.94     -35 (203) agttgtc >>> gtagtcattg -10 (234)
sigma24(+):    233   Score   1.86     -35 (198) gaaata >>> tcagt -10 (226)

   Total:      4 promoter(s) predicted



>TSS_786_D39V_1626870_-_5_SigA
   Length of Query sequence:       300
sigma70(+):    250   Score   1.97     -35 (215) ttgaca >>> tataat -10 (244)
sigma38(+):    250   Score   1.96     -35 (215) ttgaca >>> tataat -10 (244)
sigma28(+):    231   Score   1.97     -35 (198) aaaatgtt >>> gacaaagg -10 (224)
sigma24(+):    229   Score   1.97     -35 (197) aaaaat >>> acaaa -10 (222)

   Total:      4 promoter(s) predicted



>TSS_787_D39V_1633260_-_2_SigA
   Length of Query sequence:       300
sigma70(+):    245   Score   1.96     -35 (208) gttatt >>> gaaaat -10 (237)
sigma24(+):    224   Score   1.96     -35 (188) aaattt >>> tcctt -10 (217)
sigma38(+):    223   Score   1.96     -35 (185) tataaa >>> tattcc -10 (215)

   Total:      3 promoter(s) predicted



>TSS_789_D39V_1636342_-_324_SigA
   Length of Query sequence:       300
sigma70(+):    250   Score   1.97     -35 (213) tttcac >>> tataat -10 (243)
sigma38(+):    249   Score   1.93     -35 (213) tttcac >>> tataat -10 (243)
sigma32(+):    229   Score   1.75     -35 (194) ccttcaa >>> caccgccttt -10 (225)
sigma24(+):    208   Score   1.88     -35 (172) tcattg >>> tcaaa -10 (201)

   Total:      4 promoter(s) predicted



>TSS_790_D39V_1641101_-_748_SigA
   Length of Query sequence:       300
sigma70(+):    250   Score   1.97     -35 (215) ttgaaa >>> tataat -10 (243)
sigma28(+):    250   Score   1.97     -35 (219) aaaattac >>> tataatta -10 (245)
sigma38(+):    249   Score   1.96     -35 (215) ttgaaa >>> tataat -10 (243)
sigma24(+):    205   Score   1.97     -35 (171) gatttt >>> tctat -10 (198)
sigma32(+):    205   Score   1.94     -35 (171) gatttta >>> agatctattt -10 (200)

   Total:      5 promoter(s) predicted



>TSS_791_D39V_1641182_+_528_None
   Length of Query sequence:       300
sigma38(+):    250   Score   1.96     -35 (218) gggaaa >>> tataat -10 (244)
sigma24(+):    239   Score   1.95     -35 (205) aaacca >>> tcttt -10 (232)
sigma32(+):    222   Score   1.93     -35 (183) aaacgaa >>> caaaccatac -10 (213)
sigma70(+):    208   Score   1.97     -35 (174) cttaat >>> taattt -10 (201)
sigma28(+):    204   Score   1.97     -35 (164) taaaatca >>> aacgaaag -10 (191)

   Total:      5 promoter(s) predicted



>TSS_792_D39V_1642795_+_447_None
   Length of Query sequence:       300
sigma70(+):    221   Score   1.96     -35 (180) ttgttc >>> caaaat -10 (213)
sigma24(+):    218   Score   1.98     -35 (186) gctttt >>> acaaa -10 (211)
sigma32(+):    214   Score   1.95     -35 (178) ttttgtt >>> aacactaaca -10 (209)
sigma38(+):    205   Score   1.95     -35 (170) tctctt >>> taaacc -10 (197)

   Total:      4 promoter(s) predicted



>TSS_793_D39V_1646480_-_81_None
   Length of Query sequence:       300
sigma70(+):    250   Score   1.96     -35 (211) tacaaa >>> tatact -10 (244)
sigma32(+):    239   Score   1.94     -35 (203) tgatgaa >>> gtacatatat -10 (234)
sigma24(+):    222   Score   1.98     -35 (187) gaaata >>> acaaa -10 (216)
sigma28(+):    215   Score   1.97     -35 (182) agaaggaa >>> agtgatga -10 (208)
sigma38(+):    204   Score   1.96     -35 (167) tttatg >>> tataaa -10 (196)

   Total:      5 promoter(s) predicted



>TSS_794_D39V_1647032_-_1012_None
   Length of Query sequence:       300
sigma70(+):    250   Score   1.94     -35 (216) ttgcac >>> tatcat -10 (244)
sigma24(+):    224   Score   1.83     -35 (188) gaattt >>> tcctt -10 (217)
sigma38(+):    202   Score   1.81     -35 (163) tttatg >>> aatttt -10 (194)

   Total:      3 promoter(s) predicted



>TSS_795_D39V_1649808_-_curated_GalR
   Length of Query sequence:       300
sigma38(+):    210   Score   1.96     -35 (172) tttctg >>> taaaat -10 (202)
sigma70(+):    209   Score   1.94     -35 (172) tttctg >>> taaaat -10 (202)
sigma28(+):    201   Score   1.93     -35 (164) atcatatt >>> actgatag -10 (191)

   Total:      3 promoter(s) predicted



>TSS_796_D39V_1649907_+_25_GalR
   Length of Query sequence:       300
sigma38(+):    250   Score   1.96     -35 (213) tatcag >>> tatact -10 (244)
sigma28(+):    248   Score   1.97     -35 (215) tcagtaaa >>> tatgatat -10 (241)
sigma70(+):    231   Score   1.97     -35 (192) tttact >>> taaaaa -10 (224)
sigma24(+):    226   Score   1.97     -35 (197) taaaat >>> tcagt -10 (219)
sigma32(+):    222   Score   1.95     -35 (188) ccttttt >>> taaactatca -10 (217)

   Total:      5 promoter(s) predicted



>TSS_797_D39V_1652418_-_28_SigA
   Length of Query sequence:       300
sigma24(+):    242   Score   1.95     -35 (208) aaaatg >>> tcaaa -10 (235)
sigma70(+):    219   Score   1.96     -35 (179) ttaatg >>> caaaat -10 (212)
sigma38(+):    218   Score   1.95     -35 (178) gttaat >>> tacaaa -10 (210)
sigma28(+):    210   Score   1.96     -35 (176) ttgttaat >>> ttcgatta -10 (202)

   Total:      4 promoter(s) predicted



>TSS_798_D39V_1653543_-_7_SczA
   Length of Query sequence:       300
sigma70(+):    250   Score   1.92     -35 (212) cttcta >>> gataat -10 (244)
sigma38(+):    229   Score   1.93     -35 (191) ctgaat >>> tatcct -10 (221)
sigma28(+):    203   Score   1.96     -35 (171) ttaaggca >>> actgaata -10 (197)

   Total:      3 promoter(s) predicted



>TSS_799_D39V_1660471_-_1673_SigA
   Length of Query sequence:       300
sigma38(+):    250   Score   1.95     -35 (216) ttgaca >>> tacaat -10 (244)
sigma28(+):    232   Score   1.62     -35 (200) ttctaaat >>> gacagtta -10 (225)
sigma70(+):    230   Score   1.96     -35 (196) ttattt >>> gacagt -10 (223)
sigma24(+):    212   Score   1.97     -35 (183) taatta >>> tctaa -10 (205)

   Total:      4 promoter(s) predicted



>TSS_800_D39V_1662520_-_138_None
   Length of Query sequence:       300
sigma28(+):    245   Score   1.90     -35 (205) ccaccttc >>> tcctataa -10 (232)
sigma24(+):    236   Score   1.98     -35 (200) gaaatc >>> tccta -10 (229)
sigma70(+):    229   Score   1.96     -35 (192) ctaact >>> tatcct -10 (222)
sigma32(+):    226   Score   1.95     -35 (190) tactaac >>> cccactatcc -10 (221)
sigma38(+):    206   Score   1.94     -35 (165) tttcta >>> taactt -10 (198)

   Total:      5 promoter(s) predicted



>TSS_801_D39V_1663678_-_2_None
   Length of Query sequence:       300
sigma38(+):    250   Score   1.91     -35 (214) cttcag >>> tagtat -10 (246)
sigma70(+):    249   Score   1.96     -35 (214) cttcag >>> gatagt -10 (244)
sigma24(+):    245   Score   1.90     -35 (209) taattc >>> tcttt -10 (238)
sigma32(+):    229   Score   1.95     -35 (195) atttttt >>> ttcagcagtt -10 (224)

   Total:      4 promoter(s) predicted



>TSS_802_D39V_1663984_+_29_SigA
   Length of Query sequence:       300
sigma38(+):    250   Score   1.96     -35 (215) ttgaca >>> tacatt -10 (243)
sigma70(+):    244   Score   1.96     -35 (211) tttatt >>> taatgt -10 (237)
sigma24(+):    229   Score   1.98     -35 (196) taaatt >>> acaga -10 (222)
sigma28(+):    220   Score   1.91     -35 (183) ttgttgta >>> tcagaaat -10 (210)

   Total:      4 promoter(s) predicted



>TSS_803_D39V_1673779_-_0_None_LOWCONF
   Length of Query sequence:       300
sigma70(+):    250   Score   1.93     -35 (217) ttgcat >>> tatgat -10 (244)
sigma24(+):    230   Score   1.90     -35 (201) ggatga >>> gcatt -10 (223)
sigma38(+):    204   Score   1.94     -35 (166) gttcca >>> tatggt -10 (196)

   Total:      3 promoter(s) predicted



>TSS_804_D39V_1674163_-_577_SigA
   Length of Query sequence:       300
sigma70(+):    250   Score   1.96     -35 (216) tggtca >>> tataat -10 (244)
sigma38(+):    224   Score   1.94     -35 (189) ttccat >>> caaact -10 (216)
sigma24(+):    221   Score   1.92     -35 (190) tccatc >>> acaaa -10 (214)
sigma28(+):    201   Score   1.78     -35 (163) aaaagcag >>> gctgtcta -10 (188)

   Total:      4 promoter(s) predicted



>TSS_805_D39V_1675959_-_8_None
   Length of Query sequence:       300
sigma70(+):    250   Score   1.93     -35 (217) ttgctc >>> tataat -10 (244)
sigma38(+):    250   Score   1.85     -35 (217) ttgctc >>> tataat -10 (244)
sigma24(+):    221   Score   0.81     -35 (192) agcaac >>> tccta -10 (214)

   Total:      3 promoter(s) predicted



>TSS_806_D39V_1678189_+_9_TreR
   Length of Query sequence:       300
sigma70(+):    250   Score   1.96     -35 (213) ttgtaa >>> taaaat -10 (244)
sigma28(+):    247   Score   1.96     -35 (216) taaatttt >>> tatggtaa -10 (241)
sigma38(+):    208   Score   1.95     -35 (168) taccaa >>> tataaa -10 (200)

   Total:      3 promoter(s) predicted



>TSS_807_D39V_1679230_+_4_None
   Length of Query sequence:       300
sigma38(+):    234   Score   1.95     -35 (198) gataca >>> caaact -10 (226)
sigma28(+):    233   Score   1.95     -35 (200) tacacaca >>> gccaaact -10 (226)
sigma70(+):    232   Score   1.96     -35 (200) tacaca >>> caaact -10 (226)
sigma32(+):    213   Score   1.94     -35 (178) ttttaga >>> atacacacaa -10 (208)
sigma24(+):    201   Score   1.97     -35 (167) taatat >>> tcaat -10 (194)

   Total:      5 promoter(s) predicted



>TSS_808_D39V_1686994_-_777_SigA
   Length of Query sequence:       300
sigma38(+):    249   Score   1.96     -35 (215) ttgatt >>> tataat -10 (243)
sigma70(+):    229   Score   1.96     -35 (194) ctaaat >>> gatttt -10 (222)
sigma24(+):    213   Score   1.95     -35 (184) gccaac >>> tctga -10 (206)
sigma28(+):    201   Score   1.97     -35 (165) aaaaaaat >>> gccaacaa -10 (191)

   Total:      4 promoter(s) predicted



>TSS_809_D39V_1688888_-_0_SigA_LOWCONF
   Length of Query sequence:       300
sigma28(+):    250   Score   1.97     -35 (218) tcaaattg >>> tacaatat -10 (245)
sigma38(+):    249   Score   1.95     -35 (216) tttcaa >>> tacaat -10 (243)
sigma24(+):    236   Score   1.11     -35 (201) aaacgt >>> gctaa -10 (229)
sigma70(+):    231   Score   1.94     -35 (196) ttggaa >>> caaatt -10 (224)

   Total:      4 promoter(s) predicted



>TSS_810_D39V_1696115_+_33_CcpA
   Length of Query sequence:       300
sigma70(+):    250   Score   1.96     -35 (214) tagaaa >>> taaaat -10 (243)
sigma38(+):    249   Score   1.95     -35 (214) tagaaa >>> taaaat -10 (243)
sigma28(+):    247   Score   1.89     -35 (215) agaaaaat >>> tatggtaa -10 (240)
sigma24(+):    212   Score   1.96     -35 (179) gattat >>> tcgct -10 (205)

   Total:      4 promoter(s) predicted



>TSS_811_D39V_1698864_-_50_None
   Length of Query sequence:       300
sigma24(+):    235   Score   0.82     -35 (203) gcacgc >>> tcggt -10 (228)
sigma28(+):    223   Score   1.88     -35 (188) tcaggtgg >>> cctgataa -10 (215)

   Total:      2 promoter(s) predicted



>TSS_812_D39V_1698973_-_20_None
   Length of Query sequence:       300
sigma24(+):    243   Score   1.78     -35 (208) gccttc >>> tcgat -10 (236)
sigma38(+):    212   Score   1.88     -35 (175) tttatg >>> aaaact -10 (204)
sigma70(+):    210   Score   1.91     -35 (175) tttatg >>> taaaac -10 (203)

   Total:      3 promoter(s) predicted



>TSS_813_D39V_1700068_-_3_None
   Length of Query sequence:       300
sigma24(+):    238   Score   1.60     -35 (204) gcaagt >>> tcagt -10 (232)
sigma38(+):    208   Score   1.92     -35 (174) tcgatt >>> taagat -10 (200)
sigma70(+):    207   Score   1.93     -35 (174) tcgatt >>> taagat -10 (200)

   Total:      3 promoter(s) predicted



>TSS_814_D39V_1700414_-_90_None
   Length of Query sequence:       300
sigma32(+):    250   Score   1.93     -35 (216) gaacggt >>> atagatattc -10 (245)
sigma38(+):    241   Score   1.81     -35 (207) tatgaa >>> taagtt -10 (233)
sigma24(+):    236   Score   1.98     -35 (204) gaatat >>> tctta -10 (229)
sigma70(+):    216   Score   1.96     -35 (178) ctcgag >>> gaatat -10 (209)
sigma28(+):    212   Score   1.95     -35 (180) cgaggact >>> actgagaa -10 (206)

   Total:      5 promoter(s) predicted



>TSS_815_D39V_1703496_-_44_None
   Length of Query sequence:       300
On chain+ promoters not found

   Total:      0 promoter(s) predicted



>TSS_816_D39V_1705275_-_25_SigA
   Length of Query sequence:       300
sigma38(+):    220   Score   1.94     -35 (183) gtgaaa >>> tatagt -10 (212)
sigma28(+):    215   Score   1.96     -35 (184) tgaaagtg >>> actaatat -10 (209)
sigma24(+):    213   Score   1.94     -35 (179) acaagt >>> actaa -10 (206)
sigma70(+):    211   Score   1.94     -35 (176) ttgaca >>> tatact -10 (204)

   Total:      4 promoter(s) predicted



>TSS_817_D39V_1705315_-_828_SigA
   Length of Query sequence:       300
sigma70(+):    250   Score   1.94     -35 (216) ttgaca >>> tatact -10 (244)
sigma38(+):    250   Score   1.92     -35 (216) ttgaca >>> tatact -10 (244)
sigma28(+):    228   Score   1.97     -35 (196) taaaaatc >>> gttgacaa -10 (222)
sigma24(+):    216   Score   1.96     -35 (187) aaaaaa >>> tcaaa -10 (209)

   Total:      4 promoter(s) predicted



>TSS_818_D39V_1705508_-_4373_SigA
   Length of Query sequence:       300
sigma70(+):    250   Score   1.91     -35 (216) ttgaca >>> tataat -10 (243)
sigma38(+):    249   Score   1.95     -35 (216) ttgaca >>> tataat -10 (243)
sigma24(+):    245   Score   1.92     -35 (209) aaagta >>> actgt -10 (238)
sigma28(+):    238   Score   1.97     -35 (198) aaaagttt >>> gacaaagt -10 (225)

   Total:      4 promoter(s) predicted



>TSS_819_D39V_1706907_-_90_None
   Length of Query sequence:       300
sigma70(+):    241   Score   1.96     -35 (208) tttcat >>> caaaat -10 (234)
sigma24(+):    239   Score   1.97     -35 (205) gatttt >>> tcaaa -10 (232)
sigma38(+):    232   Score   1.94     -35 (192) tttcaa >>> tattat -10 (224)
sigma32(+):    226   Score   1.94     -35 (190) cttttca >>> atagctctat -10 (221)

   Total:      4 promoter(s) predicted



>TSS_820_D39V_1706945_+_27_None
   Length of Query sequence:       300
sigma70(+):    250   Score   1.96     -35 (218) ctatct >>> tataat -10 (244)
sigma32(+):    228   Score   1.95     -35 (194) tgtttca >>> acccctatct -10 (223)
sigma38(+):    201   Score   1.95     -35 (162) ttccca >>> tatttt -10 (192)

   Total:      3 promoter(s) predicted



>TSS_821_D39V_1707776_+_4358_None
   Length of Query sequence:       300
sigma38(+):    250   Score   1.96     -35 (212) ttcaca >>> tacaat -10 (243)
sigma70(+):    239   Score   1.96     -35 (199) tttcca >>> taattt -10 (232)
sigma24(+):    212   Score   1.97     -35 (176) gctctt >>> tccaa -10 (205)

   Total:      3 promoter(s) predicted



>TSS_822_D39V_1708419_-_8_SigA
   Length of Query sequence:       300
sigma38(+):    250   Score   1.96     -35 (213) tttcta >>> tataat -10 (244)
sigma70(+):    232   Score   1.97     -35 (199) tttgca >>> taatgt -10 (225)
sigma28(+):    228   Score   1.95     -35 (195) gaattttg >>> tctagtaa -10 (222)
sigma24(+):    204   Score   1.97     -35 (170) tatcta >>> acgaa -10 (197)

   Total:      4 promoter(s) predicted



>TSS_823_D39V_1709069_-_curated_None
   Length of Query sequence:       300
sigma70(+):    250   Score   1.95     -35 (216) tttaat >>> taaaat -10 (244)
sigma38(+):    250   Score   1.93     -35 (216) tttaat >>> taaaat -10 (244)

   Total:      2 promoter(s) predicted



>TSS_824_D39V_1712375_-_420_SigA
   Length of Query sequence:       300
sigma70(+):    250   Score   1.94     -35 (217) ttgact >>> tacaat -10 (244)
sigma24(+):    250   Score   1.96     -35 (219) gactat >>> acaat -10 (244)
sigma38(+):    250   Score   1.94     -35 (217) ttgact >>> tacaat -10 (244)
sigma28(+):    233   Score   1.95     -35 (199) gaaagtca >>> gactattt -10 (226)

   Total:      4 promoter(s) predicted



>TSS_825_D39V_1712849_-_10_SigX
   Length of Query sequence:       300
sigma70(+):    250   Score   1.96     -35 (213) tagata >>> tataat -10 (244)
sigma28(+):    220   Score   1.94     -35 (189) taactttt >>> tacgaata -10 (214)
sigma38(+):    220   Score   1.94     -35 (183) tttctg >>> tacgaa -10 (212)
sigma24(+):    215   Score   1.74     -35 (180) aaattt >>> tccta -10 (208)

   Total:      4 promoter(s) predicted



>TSS_826_D39V_1712878_-_10218_SigX
   Length of Query sequence:       300
sigma28(+):    249   Score   1.94     -35 (218) taactttt >>> tacgaata -10 (243)
sigma38(+):    249   Score   1.94     -35 (212) tttctg >>> tacgaa -10 (241)
sigma24(+):    225   Score   1.79     -35 (189) aaattt >>> tctgt -10 (218)
sigma70(+):    218   Score   1.97     -35 (178) taaaaa >>> tacaaa -10 (211)

   Total:      4 promoter(s) predicted



>TSS_827_D39V_1714982_-_537_SigA
   Length of Query sequence:       300
sigma70(+):    250   Score   1.95     -35 (215) ttgtcc >>> taaaat -10 (243)
sigma38(+):    249   Score   1.93     -35 (215) ttgtcc >>> taaaat -10 (243)
sigma24(+):    222   Score   1.15     -35 (189) tacttg >>> tcatt -10 (215)
sigma32(+):    221   Score   1.93     -35 (185) tttttac >>> ttcctcattt -10 (216)

   Total:      4 promoter(s) predicted



>TSS_828_D39V_1716820_-_47_None
   Length of Query sequence:       300
sigma38(+):    250   Score   1.95     -35 (215) cttgta >>> tatagt -10 (244)
sigma70(+):    237   Score   1.94     -35 (202) ttgctt >>> taactt -10 (230)

   Total:      2 promoter(s) predicted



>TSS_829_D39V_1717798_-_41_SigA
   Length of Query sequence:       300
sigma70(+):    250   Score   1.95     -35 (215) ttgacg >>> tatact -10 (243)
sigma38(+):    249   Score   1.87     -35 (215) ttgacg >>> tatact -10 (243)
sigma24(+):    242   Score   1.96     -35 (206) aaagaa >>> tctta -10 (235)
sigma28(+):    205   Score   1.95     -35 (171) tcaattta >>> gcagaaga -10 (197)

   Total:      4 promoter(s) predicted



>TSS_830_D39V_1720614_-_4_None
   Length of Query sequence:       300
sigma70(+):    250   Score   1.91     -35 (211) tttctt >>> tattgt -10 (244)
sigma38(+):    250   Score   1.90     -35 (211) tttctt >>> tattgt -10 (244)
sigma24(+):    224   Score   1.74     -35 (188) aaacat >>> tctta -10 (217)
sigma28(+):    201   Score   1.76     -35 (164) tgcagcct >>> ggcggaaa -10 (190)

   Total:      4 promoter(s) predicted



>TSS_831_D39V_1721062_-_643_SigA
   Length of Query sequence:       300
sigma38(+):    250   Score   1.95     -35 (216) gtgaaa >>> tataat -10 (244)
sigma24(+):    234   Score   1.97     -35 (199) aaaatc >>> tcaaa -10 (227)
sigma70(+):    230   Score   1.97     -35 (191) ttgcta >>> gaaaat -10 (223)
sigma28(+):    228   Score   1.85     -35 (195) taataaaa >>> agtgaaaa -10 (222)
sigma32(+):    214   Score   1.94     -35 (179) tcctagc >>> aaatccattt -10 (209)

   Total:      5 promoter(s) predicted



>TSS_832_D39V_1724850_-_1974_None
   Length of Query sequence:       300
sigma70(+):    250   Score   1.96     -35 (211) tttact >>> tatact -10 (244)
sigma38(+):    250   Score   1.96     -35 (211) tttact >>> tatact -10 (244)
sigma24(+):    240   Score   1.95     -35 (205) ccagtt >>> tcaaa -10 (233)

   Total:      3 promoter(s) predicted



>TSS_833_D39V_1724947_+_153_None
   Length of Query sequence:       300
sigma24(+):    239   Score   1.98     -35 (205) taactt >>> acaaa -10 (232)
sigma70(+):    224   Score   1.96     -35 (188) tagtaa >>> tagact -10 (218)
sigma38(+):    218   Score   1.95     -35 (178) tatcaa >>> taactt -10 (210)
sigma28(+):    215   Score   1.97     -35 (181) caaagtat >>> gactataa -10 (207)

   Total:      4 promoter(s) predicted



>TSS_834_D39V_1731264_-_266_None
   Length of Query sequence:       300
sigma70(+):    250   Score   1.96     -35 (215) cagact >>> tataat -10 (245)
sigma28(+):    249   Score   1.80     -35 (216) agactttt >>> tatgatat -10 (242)
sigma38(+):    248   Score   1.94     -35 (210) tttaac >>> tatgat -10 (240)
sigma24(+):    239   Score   1.97     -35 (203) aaaata >>> tcttt -10 (232)

   Total:      4 promoter(s) predicted



>TSS_835_D39V_1732125_+_10_SigX
   Length of Query sequence:       300
sigma28(+):    249   Score   1.93     -35 (216) aagagttc >>> tacgaata -10 (242)
sigma38(+):    240   Score   1.93     -35 (203) tttaaa >>> cacact -10 (232)
sigma70(+):    217   Score   1.91     -35 (183) cttttg >>> taaact -10 (210)

   Total:      3 promoter(s) predicted



>TSS_836_D39V_1732760_-_39_SigA
   Length of Query sequence:       300
sigma38(+):    208   Score   1.96     -35 (171) ttgact >>> tatata -10 (200)
sigma70(+):    207   Score   1.96     -35 (171) ttgact >>> tatata -10 (200)
sigma32(+):    204   Score   1.95     -35 (168) gatttga >>> tccgctatat -10 (199)
sigma24(+):    204   Score   1.98     -35 (173) gactgt >>> gctat -10 (197)

   Total:      4 promoter(s) predicted



>TSS_837_D39V_1734268_-_2_None
   Length of Query sequence:       300
sigma70(+):    250   Score   1.94     -35 (216) tttatt >>> tataat -10 (244)
sigma38(+):    250   Score   1.82     -35 (216) tttatt >>> tataat -10 (244)
sigma24(+):    225   Score   0.84     -35 (193) gccttt >>> gcttt -10 (218)
sigma32(+):    212   Score   1.68     -35 (176) acattgc >>> taacctagtt -10 (207)

   Total:      4 promoter(s) predicted



>TSS_838_D39V_1734772_-_3_None
   Length of Query sequence:       300
sigma70(+):    233   Score   1.83     -35 (199) ttggac >>> gaattt -10 (226)
sigma24(+):    226   Score   1.80     -35 (194) aaatct >>> tcgaa -10 (219)
sigma38(+):    221   Score   1.93     -35 (184) ttggaa >>> cagact -10 (213)

   Total:      3 promoter(s) predicted



>TSS_839_D39V_1735554_-_324_SigX
   Length of Query sequence:       300
sigma70(+):    232   Score   1.96     -35 (198) tcaatc >>> gatttt -10 (225)
sigma28(+):    220   Score   1.97     -35 (186) caaataaa >>> taggaaaa -10 (212)
sigma24(+):    209   Score   1.94     -35 (174) taactt >>> tcaat -10 (202)
sigma38(+):    206   Score   1.88     -35 (168) gataat >>> aaaaat -10 (198)

   Total:      4 promoter(s) predicted



>TSS_840_D39V_1737604_-_1642_SigA
   Length of Query sequence:       300
sigma70(+):    250   Score   1.96     -35 (215) tagaca >>> tataat -10 (244)
sigma38(+):    250   Score   1.96     -35 (215) tagaca >>> tataat -10 (244)
sigma32(+):    228   Score   1.94     -35 (192) tgatgat >>> atagacacaa -10 (223)

   Total:      3 promoter(s) predicted



>TSS_841_D39V_1738327_-_248_SigA
   Length of Query sequence:       300
sigma24(+):    243   Score   1.98     -35 (213) gaaaca >>> tccta -10 (236)
sigma38(+):    228   Score   1.95     -35 (188) cttaaa >>> aacagt -10 (220)
sigma28(+):    219   Score   1.90     -35 (186) gtcttaaa >>> gaagatta -10 (212)
sigma70(+):    218   Score   1.96     -35 (177) ttgttt >>> gaagat -10 (210)
sigma32(+):    207   Score   1.95     -35 (171) tagtgtt >>> agagacattt -10 (202)

   Total:      5 promoter(s) predicted



>TSS_842_D39V_1739584_-_228_SigA
   Length of Query sequence:       300
sigma70(+):    250   Score   1.97     -35 (216) ttgcta >>> tataat -10 (244)
sigma38(+):    231   Score   1.96     -35 (199) ttattt >>> tatttt -10 (225)
sigma24(+):    229   Score   1.98     -35 (196) gaatta >>> gctat -10 (222)
sigma28(+):    201   Score   1.96     -35 (167) taactttt >>> taccataa -10 (194)

   Total:      4 promoter(s) predicted



>TSS_843_D39V_1739722_+_35_None
   Length of Query sequence:       300
sigma70(+):    250   Score   1.97     -35 (216) ttgact >>> tagaat -10 (244)
sigma38(+):    250   Score   1.96     -35 (216) ttgact >>> tagaat -10 (244)
sigma24(+):    245   Score   1.98     -35 (209) aaaata >>> tctgt -10 (238)
sigma28(+):    232   Score   1.97     -35 (198) aaaattac >>> gactaaat -10 (225)

   Total:      4 promoter(s) predicted



>TSS_844_D39V_1746991_+_2_None
   Length of Query sequence:       300
sigma24(+):    250   Score   1.32     -35 (216) tatgtt >>> actat -10 (244)
sigma38(+):    250   Score   1.96     -35 (216) tatgtt >>> tactat -10 (244)
sigma28(+):    224   Score   1.97     -35 (191) gtataaat >>> gatgatta -10 (217)
sigma70(+):    204   Score   1.96     -35 (164) taaaaa >>> tataaa -10 (197)
sigma32(+):    201   Score   1.94     -35 (158) atttgat >>> aaagatattt -10 (189)

   Total:      5 promoter(s) predicted



>TSS_845_D39V_1749122_+_11_SigA
   Length of Query sequence:       300
sigma28(+):    237   Score   1.95     -35 (205) ataccaaa >>> tatgattt -10 (230)
sigma32(+):    224   Score   1.94     -35 (188) gtataaa >>> aaacgtattg -10 (219)
sigma24(+):    218   Score   1.96     -35 (182) aaaatg >>> accaa -10 (211)
sigma38(+):    202   Score   1.96     -35 (161) tggaag >>> tataaa -10 (194)
sigma70(+):    201   Score   1.96     -35 (161) tggaag >>> tataaa -10 (194)

   Total:      5 promoter(s) predicted



>TSS_846_D39V_1752214_-_660_None
   Length of Query sequence:       300
sigma70(+):    250   Score   1.92     -35 (214) tttctc >>> taaaat -10 (245)
sigma38(+):    249   Score   1.82     -35 (216) tctcca >>> taaaat -10 (245)
sigma28(+):    242   Score   1.97     -35 (209) aaaacttt >>> cacgaaat -10 (235)
sigma32(+):    229   Score   1.94     -35 (194) tcattct >>> ttctccattt -10 (224)
sigma24(+):    203   Score   1.94     -35 (170) gaatga >>> tctca -10 (196)

   Total:      5 promoter(s) predicted



>TSS_847_D39V_1759868_-_855_SigA
   Length of Query sequence:       300
sigma70(+):    250   Score   1.91     -35 (216) ttgaaa >>> tataat -10 (244)
sigma38(+):    250   Score   1.95     -35 (216) ttgaaa >>> tataat -10 (244)
sigma28(+):    242   Score   1.97     -35 (208) gaaacccc >>> gctaaata -10 (235)
sigma32(+):    223   Score   1.94     -35 (188) aaattta >>> aaaccccttg -10 (218)
sigma24(+):    216   Score   1.94     -35 (187) aaaatt >>> actga -10 (209)

   Total:      5 promoter(s) predicted



>TSS_848_D39V_1760032_+_16_SigA
   Length of Query sequence:       300
sigma70(+):    250   Score   1.92     -35 (215) ttgact >>> tataat -10 (243)
sigma38(+):    249   Score   1.95     -35 (215) ttgact >>> tataat -10 (243)
sigma24(+):    237   Score   1.93     -35 (205) gaaaaa >>> tcatt -10 (230)
sigma28(+):    233   Score   1.97     -35 (199) aaaactga >>> actgaaaa -10 (225)
sigma32(+):    202   Score   1.94     -35 (164) acttggc >>> cacgctatgg -10 (193)

   Total:      5 promoter(s) predicted



>TSS_849_D39V_1761663_-_283_None
   Length of Query sequence:       300
sigma70(+):    240   Score   1.96     -35 (203) taagaa >>> taaatt -10 (233)
sigma38(+):    226   Score   1.94     -35 (188) tttgag >>> taatat -10 (218)
sigma28(+):    215   Score   1.97     -35 (179) ggaagtta >>> tacggtaa -10 (205)
sigma24(+):    210   Score   1.95     -35 (180) gaagtt >>> acggt -10 (203)

   Total:      4 promoter(s) predicted



>TSS_850_D39V_1764446_-_299_None
   Length of Query sequence:       300
sigma70(+):    250   Score   1.96     -35 (218) gcgcac >>> tataat -10 (244)
sigma38(+):    250   Score   1.95     -35 (215) ctagcg >>> tataat -10 (244)
sigma28(+):    245   Score   1.97     -35 (211) caaactag >>> gaagatgg -10 (238)
sigma24(+):    220   Score   1.96     -35 (191) taattt >>> tccaa -10 (213)
sigma32(+):    201   Score   1.95     -35 (165) cgattga >>> atccctaatt -10 (195)

   Total:      5 promoter(s) predicted



>TSS_851_D39V_1766542_-_524_None
   Length of Query sequence:       300
sigma38(+):    249   Score   1.95     -35 (210) tttctt >>> tataat -10 (243)
sigma70(+):    241   Score   1.92     -35 (205) tcggtt >>> tataat -10 (233)
sigma32(+):    207   Score   1.65     -35 (174) aaatatt >>> aaccgcaagg -10 (203)
sigma24(+):    202   Score   1.80     -35 (173) aaaata >>> tcgaa -10 (195)

   Total:      4 promoter(s) predicted



>TSS_852_D39V_1767622_-_1763_None
   Length of Query sequence:       300
sigma38(+):    250   Score   1.95     -35 (217) tttctt >>> tataat -10 (244)
sigma24(+):    225   Score   1.98     -35 (191) acactg >>> tcttt -10 (218)
sigma70(+):    217   Score   1.94     -35 (183) tttgag >>> taaatt -10 (210)

   Total:      3 promoter(s) predicted



>TSS_853_D39V_1768422_-_1633_CiaR
   Length of Query sequence:       300
sigma24(+):    229   Score   1.88     -35 (199) tatttt >>> gctaa -10 (223)
sigma70(+):    212   Score   1.94     -35 (176) ttgaat >>> tatttt -10 (204)
sigma32(+):    212   Score   1.93     -35 (173) agtttga >>> gccggtattt -10 (203)
sigma38(+):    212   Score   1.93     -35 (176) ttgaat >>> tatttt -10 (204)

   Total:      4 promoter(s) predicted



>TSS_854_D39V_1769190_-_161_SigA
   Length of Query sequence:       300
sigma38(+):    250   Score   1.93     -35 (212) ttgcat >>> tataat -10 (244)
sigma70(+):    243   Score   1.96     -35 (209) cttttg >>> gattgt -10 (236)
sigma32(+):    235   Score   1.92     -35 (199) tcattct >>> aaaccccttt -10 (230)
sigma24(+):    214   Score   1.81     -35 (183) acccta >>> tctaa -10 (207)

   Total:      4 promoter(s) predicted



>TSS_855_D39V_1769191_+_74_SigA
   Length of Query sequence:       300
sigma70(+):    250   Score   1.92     -35 (211) ttttta >>> tataat -10 (244)
sigma28(+):    250   Score   1.81     -35 (218) cacagaat >>> ggttataa -10 (243)
sigma38(+):    250   Score   1.89     -35 (213) tttacc >>> tataat -10 (244)
sigma32(+):    229   Score   1.92     -35 (194) gtgtaat >>> taccacagaa -10 (224)

   Total:      4 promoter(s) predicted



>TSS_856_D39V_1769551_+_616_None
   Length of Query sequence:       300
sigma38(+):    250   Score   1.94     -35 (216) ttgtat >>> tagaat -10 (244)
sigma70(+):    231   Score   1.96     -35 (192) tcgcaa >>> tatatt -10 (224)
sigma32(+):    217   Score   1.95     -35 (183) actttaa >>> gtctccagaa -10 (212)
sigma28(+):    214   Score   1.96     -35 (176) tactctga >>> gcaaatta -10 (201)
sigma24(+):    205   Score   1.98     -35 (172) tcccta >>> gcaaa -10 (198)

   Total:      5 promoter(s) predicted



>TSS_857_D39V_1771403_-_1476_SigA
   Length of Query sequence:       300
sigma38(+):    250   Score   1.96     -35 (217) ttgttt >>> tataat -10 (244)
sigma28(+):    224   Score   1.97     -35 (187) agattgct >>> ggcaaaaa -10 (214)
sigma70(+):    222   Score   1.96     -35 (186) cagatt >>> aaaaat -10 (215)
sigma32(+):    218   Score   1.94     -35 (184) aacagat >>> ataggcaaaa -10 (213)
sigma24(+):    207   Score   1.98     -35 (174) gaaatt >>> tctaa -10 (200)

   Total:      5 promoter(s) predicted



>TSS_858_D39V_1773840_-_138_PurR
   Length of Query sequence:       300
sigma38(+):    249   Score   1.95     -35 (208) gataag >>> tatggt -10 (241)
sigma70(+):    248   Score   1.96     -35 (208) gataag >>> tatggt -10 (241)
sigma24(+):    231   Score   1.97     -35 (197) gcattt >>> tcgtt -10 (223)
sigma28(+):    219   Score   1.97     -35 (185) taagaaaa >>> taggataa -10 (212)

   Total:      4 promoter(s) predicted



>TSS_859_D39V_1776166_-_31_SigX
   Length of Query sequence:       300
sigma28(+):    250   Score   1.95     -35 (217) taaaaaag >>> aacgaata -10 (243)
sigma24(+):    244   Score   1.80     -35 (213) tcttta >>> tctaa -10 (237)
sigma70(+):    229   Score   1.94     -35 (194) ttgaca >>> taaaaa -10 (222)
sigma38(+):    219   Score   1.82     -35 (180) gagcta >>> aatttt -10 (211)

   Total:      4 promoter(s) predicted



>TSS_860_D39V_1779169_-_352_SigA
   Length of Query sequence:       300
sigma38(+):    250   Score   1.95     -35 (214) ttccca >>> tacaat -10 (244)
sigma70(+):    230   Score   1.94     -35 (195) tttttt >>> caaaat -10 (223)
sigma24(+):    222   Score   1.94     -35 (186) gaaaga >>> tcatt -10 (215)
sigma28(+):    201   Score   1.95     -35 (163) ccaagact >>> gaggaaag -10 (190)

   Total:      4 promoter(s) predicted



>TSS_861_D39V_1782350_-_7_SigA
   Length of Query sequence:       300
sigma38(+):    250   Score   1.96     -35 (216) ttgata >>> tataat -10 (244)
sigma24(+):    215   Score   1.96     -35 (184) gaaata >>> acatt -10 (208)
sigma70(+):    204   Score   1.96     -35 (165) tataag >>> tagatt -10 (197)
sigma28(+):    201   Score   1.95     -35 (161) tagatata >>> tatgaaat -10 (188)

   Total:      4 promoter(s) predicted



>TSS_862_D39V_1784845_-_285_None
   Length of Query sequence:       300
sigma70(+):    250   Score   1.95     -35 (216) taggtg >>> tataat -10 (244)
sigma38(+):    250   Score   1.91     -35 (216) taggtg >>> tataat -10 (244)
sigma24(+):    240   Score   1.93     -35 (211) aaaatt >>> tcttt -10 (233)

   Total:      3 promoter(s) predicted



>TSS_863_D39V_1786259_-_14894_SigA
   Length of Query sequence:       300
sigma70(+):    250   Score   1.94     -35 (216) ttgaca >>> tagaat -10 (244)
sigma38(+):    250   Score   1.85     -35 (216) ttgaca >>> tagaat -10 (244)
sigma28(+):    233   Score   1.79     -35 (198) aacatttg >>> gacaaaag -10 (225)
sigma24(+):    230   Score   1.93     -35 (197) aaacat >>> acaaa -10 (223)
sigma32(+):    209   Score   1.80     -35 (175) ggcttgc >>> ggaaacattt -10 (204)

   Total:      5 promoter(s) predicted



>TSS_864_D39V_1787574_-_376_SigA
   Length of Query sequence:       300
sigma38(+):    250   Score   1.95     -35 (216) ttgtcg >>> tataat -10 (244)
sigma24(+):    238   Score   1.77     -35 (202) acattt >>> tcttt -10 (231)
sigma70(+):    225   Score   1.96     -35 (183) tctata >>> taaact -10 (216)
sigma32(+):    212   Score   1.94     -35 (176) tttttct >>> taacacattt -10 (207)
sigma28(+):    204   Score   1.92     -35 (167) ttagcaag >>> tacgaaac -10 (194)

   Total:      5 promoter(s) predicted



>TSS_865_D39V_1788033_-_12_None
   Length of Query sequence:       300
sigma28(+):    250   Score   1.97     -35 (217) ttaaactc >>> tatgataa -10 (242)
sigma32(+):    234   Score   1.94     -35 (198) ttcaaaa >>> aactctatat -10 (229)
sigma24(+):    234   Score   1.98     -35 (205) gaatat >>> tctat -10 (227)
sigma38(+):    231   Score   1.95     -35 (197) tttcaa >>> taaact -10 (223)
sigma70(+):    217   Score   1.96     -35 (178) gtaaag >>> gaatat -10 (210)

   Total:      5 promoter(s) predicted



>TSS_866_D39V_1788137_+_548_None
   Length of Query sequence:       300
sigma24(+):    250   Score   1.98     -35 (218) tacttc >>> acaat -10 (244)
sigma38(+):    237   Score   1.96     -35 (196) ttgaaa >>> tatagt -10 (229)
sigma70(+):    236   Score   1.96     -35 (196) ttgaaa >>> tatagt -10 (229)
sigma32(+):    201   Score   1.93     -35 (159) tcatata >>> agccctaata -10 (190)

   Total:      4 promoter(s) predicted



>TSS_867_D39V_1790062_-_692_SigA
   Length of Query sequence:       300
sigma38(+):    250   Score   1.95     -35 (214) tttact >>> tataat -10 (244)
sigma28(+):    226   Score   1.91     -35 (189) aaaacaag >>> catgattt -10 (216)
sigma70(+):    221   Score   1.96     -35 (187) gtaaaa >>> catgat -10 (214)
sigma32(+):    218   Score   1.89     -35 (183) gtatgta >>> ttaggcatga -10 (213)
sigma24(+):    213   Score   1.90     -35 (179) acccgt >>> tctta -10 (206)

   Total:      5 promoter(s) predicted



>TSS_868_D39V_1790074_+_332_None
   Length of Query sequence:       300
sigma70(+):    250   Score   1.92     -35 (218) ttccaa >>> tacaat -10 (244)
sigma38(+):    250   Score   1.89     -35 (218) ttccaa >>> tacaat -10 (244)
sigma32(+):    239   Score   1.92     -35 (205) gacttcc >>> ctcccctttt -10 (234)
sigma24(+):    221   Score   1.91     -35 (190) aaaaaa >>> tccat -10 (213)

   Total:      4 promoter(s) predicted



>TSS_869_D39V_1792441_-_442_SigA
   Length of Query sequence:       300
sigma38(+):    250   Score   1.95     -35 (216) ttgaaa >>> tagaat -10 (244)
sigma28(+):    241   Score   1.95     -35 (209) aaaacact >>> tacaatta -10 (234)
sigma70(+):    231   Score   1.96     -35 (192) tttcaa >>> gaaagt -10 (223)
sigma24(+):    216   Score   1.97     -35 (185) gaaatt >>> tcaaa -10 (209)

   Total:      4 promoter(s) predicted



>TSS_870_D39V_1794890_-_63_None
   Length of Query sequence:       300
sigma70(+):    250   Score   1.97     -35 (217) gtcata >>> tagaat -10 (243)
sigma38(+):    249   Score   1.89     -35 (217) gtcata >>> tagaat -10 (243)
sigma28(+):    242   Score   1.78     -35 (207) aaaacatt >>> cctgtaaa -10 (232)
sigma24(+):    229   Score   1.57     -35 (197) caactg >>> tcata -10 (222)
sigma32(+):    206   Score   1.92     -35 (172) ttgtttt >>> atcaacaact -10 (201)

   Total:      5 promoter(s) predicted



>TSS_871_D39V_1796461_-_10_SigA
   Length of Query sequence:       300
sigma70(+):    250   Score   1.96     -35 (215) ctgcct >>> tataat -10 (244)
sigma28(+):    243   Score   1.97     -35 (204) gacagaag >>> tctgattt -10 (230)
sigma24(+):    216   Score   1.95     -35 (183) acattt >>> acaga -10 (209)
sigma38(+):    206   Score   1.96     -35 (165) ttgaac >>> tatttt -10 (198)

   Total:      4 promoter(s) predicted



>TSS_872_D39V_1797653_-_22_None
   Length of Query sequence:       300
sigma38(+):    242   Score   1.92     -35 (208) tcgatt >>> taagat -10 (234)
sigma70(+):    241   Score   1.93     -35 (208) tcgatt >>> taagat -10 (234)
sigma24(+):    204   Score   1.94     -35 (175) tcacgt >>> gcgaa -10 (197)

   Total:      3 promoter(s) predicted



>TSS_873_D39V_1797965_-_93_None
   Length of Query sequence:       300
sigma32(+):    250   Score   1.93     -35 (216) gaacggt >>> atagatattc -10 (245)
sigma38(+):    241   Score   1.81     -35 (207) tatgaa >>> taagtt -10 (233)
sigma24(+):    236   Score   1.98     -35 (204) gaatat >>> tctta -10 (229)
sigma70(+):    216   Score   1.96     -35 (178) ctcgag >>> gaatat -10 (209)
sigma28(+):    212   Score   1.95     -35 (180) cgaggact >>> actgagaa -10 (206)

   Total:      5 promoter(s) predicted



>TSS_874_D39V_1801047_-_45_None
   Length of Query sequence:       300
On chain+ promoters not found

   Total:      0 promoter(s) predicted



>TSS_875_D39V_1802826_-_24_SigA
   Length of Query sequence:       300
sigma38(+):    220   Score   1.94     -35 (183) gtgaaa >>> tatagt -10 (212)
sigma28(+):    215   Score   1.96     -35 (184) tgaaagtg >>> actaatat -10 (209)
sigma24(+):    213   Score   1.96     -35 (179) acaagt >>> actaa -10 (206)
sigma70(+):    211   Score   1.94     -35 (176) ttgaca >>> tatact -10 (204)

   Total:      4 promoter(s) predicted



>TSS_876_D39V_1802866_-_828_SigA
   Length of Query sequence:       300
sigma70(+):    250   Score   1.94     -35 (216) ttgaca >>> tatact -10 (244)
sigma38(+):    250   Score   1.92     -35 (216) ttgaca >>> tatact -10 (244)
sigma28(+):    228   Score   1.97     -35 (196) taaaaatc >>> gttgacaa -10 (222)
sigma24(+):    216   Score   1.96     -35 (187) aaaaaa >>> tcaaa -10 (209)

   Total:      4 promoter(s) predicted



>TSS_877_D39V_1803059_-_5234_SigA
   Length of Query sequence:       300
sigma38(+):    250   Score   1.96     -35 (216) ttgaca >>> tataat -10 (243)
sigma24(+):    245   Score   1.98     -35 (209) aaagta >>> gctgt -10 (238)
sigma28(+):    238   Score   1.97     -35 (199) aaaattag >>> gacaaagt -10 (225)
sigma70(+):    232   Score   1.94     -35 (194) tgaaaa >>> caaagt -10 (225)

   Total:      4 promoter(s) predicted



>TSS_878_D39V_1803628_-_3112_SigA
   Length of Query sequence:       300
sigma70(+):    250   Score   1.96     -35 (212) tggaac >>> tagact -10 (243)
sigma38(+):    249   Score   1.93     -35 (212) tggaac >>> tagact -10 (243)
sigma28(+):    247   Score   1.97     -35 (213) ggaacaaa >>> tctgttag -10 (240)
sigma24(+):    227   Score   1.95     -35 (195) gaacag >>> acaaa -10 (220)

   Total:      4 promoter(s) predicted



>TSS_879_D39V_1804677_-_1389_SigA
   Length of Query sequence:       300
sigma38(+):    250   Score   1.92     -35 (216) ttgtca >>> tataat -10 (244)
sigma32(+):    217   Score   1.85     -35 (183) ggattcg >>> ttcgctaaga -10 (212)
sigma70(+):    208   Score   1.96     -35 (170) ctcaaa >>> caatct -10 (200)
sigma24(+):    205   Score   1.95     -35 (173) aaacaa >>> tcaat -10 (198)

   Total:      4 promoter(s) predicted



>TSS_880_D39V_1806913_-_186_SigA
   Length of Query sequence:       300
sigma28(+):    242   Score   1.97     -35 (209) taaattct >>> gatgaaga -10 (235)
sigma38(+):    238   Score   1.91     -35 (198) taggaa >>> tatgat -10 (230)
sigma24(+):    233   Score   1.96     -35 (201) gaaata >>> tccta -10 (226)
sigma70(+):    221   Score   1.96     -35 (188) cctatt >>> taaatt -10 (214)
sigma32(+):    203   Score   1.94     -35 (164) tacagat >>> agccctattt -10 (194)

   Total:      5 promoter(s) predicted



>TSS_881_D39V_1807000_+_172_None
   Length of Query sequence:       300
sigma70(+):    250   Score   1.96     -35 (211) tttcct >>> tacaat -10 (244)
sigma38(+):    250   Score   1.96     -35 (211) tttcct >>> tacaat -10 (244)
sigma28(+):    232   Score   1.96     -35 (199) agaattta >>> tccaaata -10 (225)
sigma24(+):    218   Score   1.97     -35 (183) tcatca >>> gctat -10 (211)
sigma32(+):    218   Score   1.94     -35 (183) tcatcat >>> ttagctattt -10 (213)

   Total:      5 promoter(s) predicted



>TSS_882_D39V_1809030_-_0_SigA_LOWCONF
   Length of Query sequence:       300
sigma24(+):    239   Score   1.98     -35 (203) acaatg >>> tcaaa -10 (232)
sigma38(+):    224   Score   1.95     -35 (190) ctcaca >>> catact -10 (216)
sigma32(+):    222   Score   1.95     -35 (188) aactcac >>> ggccatactt -10 (217)
sigma70(+):    208   Score   1.96     -35 (170) tttaca >>> tagaaa -10 (201)

   Total:      4 promoter(s) predicted



>TSS_883_D39V_1810350_-_2_None
   Length of Query sequence:       300
sigma38(+):    249   Score   1.76     -35 (211) cttacc >>> tattat -10 (243)
sigma32(+):    228   Score   1.87     -35 (194) tggtttc >>> accaacatta -10 (223)
sigma70(+):    228   Score   1.95     -35 (194) tggttt >>> caacat -10 (221)
sigma24(+):    210   Score   1.87     -35 (179) gacttt >>> tcaga -10 (203)

   Total:      4 promoter(s) predicted



>TSS_884_D39V_1810982_-_129_None
   Length of Query sequence:       300
sigma38(+):    250   Score   1.95     -35 (218) caaaaa >>> tataat -10 (244)
sigma28(+):    229   Score   1.93     -35 (198) tcaaatat >>> accaaaaa -10 (223)
sigma32(+):    227   Score   1.94     -35 (192) gcctctt >>> tgaaccaaaa -10 (222)
sigma70(+):    215   Score   1.96     -35 (182) tagttt >>> tatagt -10 (208)
sigma24(+):    209   Score   1.89     -35 (180) gatagt >>> tcaaa -10 (202)

   Total:      5 promoter(s) predicted



>TSS_885_D39V_1812143_+_8_None
   Length of Query sequence:       300
sigma38(+):    250   Score   1.94     -35 (211) ttgtca >>> tataat -10 (244)
sigma70(+):    238   Score   1.96     -35 (199) gtgtca >>> tatttt -10 (231)
sigma32(+):    228   Score   1.94     -35 (194) aacaagt >>> caagacaatt -10 (224)
sigma24(+):    213   Score   1.98     -35 (180) tcattt >>> tcaat -10 (206)
sigma28(+):    206   Score   1.97     -35 (172) tgaatacc >>> tctaacaa -10 (198)

   Total:      5 promoter(s) predicted



>TSS_886_D39V_1814090_-_2371_SigX
   Length of Query sequence:       300
sigma28(+):    249   Score   1.96     -35 (216) ttattttt >>> tacgaata -10 (242)
sigma24(+):    242   Score   1.98     -35 (210) aaaatt >>> tcatt -10 (235)
sigma38(+):    238   Score   1.96     -35 (204) tttaaa >>> tatttt -10 (230)
sigma70(+):    229   Score   1.98     -35 (190) ctgaat >>> tatttt -10 (222)

   Total:      4 promoter(s) predicted



>TSS_887_D39V_1815307_-_128_None
   Length of Query sequence:       300
sigma38(+):    250   Score   1.96     -35 (216) ttgcct >>> tatact -10 (244)
sigma32(+):    231   Score   1.95     -35 (195) ttgttga >>> tgcctcattt -10 (226)
sigma24(+):    213   Score   1.98     -35 (182) acattt >>> acata -10 (207)
sigma70(+):    201   Score   1.97     -35 (166) tttaaa >>> taaaaa -10 (194)

   Total:      4 promoter(s) predicted



>TSS_888_D39V_1815412_+_33_None
   Length of Query sequence:       300
sigma38(+):    250   Score   1.96     -35 (217) tagaca >>> tatact -10 (244)
sigma70(+):    240   Score   1.97     -35 (205) tttaaa >>> taaaat -10 (233)
sigma24(+):    232   Score   1.98     -35 (199) acaatt >>> acaaa -10 (224)
sigma32(+):    230   Score   1.94     -35 (195) atcaaca >>> ctagacaaat -10 (225)

   Total:      4 promoter(s) predicted



>TSS_889_D39V_1822387_-_29_SigA
   Length of Query sequence:       300
sigma38(+):    250   Score   1.95     -35 (216) tttaca >>> tataat -10 (244)
sigma70(+):    241   Score   1.96     -35 (204) tttatg >>> aataat -10 (234)
sigma28(+):    209   Score   1.97     -35 (175) acaagagt >>> tgtgaaat -10 (202)
sigma24(+):    202   Score   1.97     -35 (166) aaaagt >>> tcttt -10 (195)

   Total:      4 promoter(s) predicted



>TSS_890_D39V_1823847_-_2528_None
   Length of Query sequence:       300
sigma38(+):    222   Score   1.95     -35 (188) tttctt >>> tacaat -10 (214)
sigma70(+):    217   Score   1.96     -35 (182) ctggtt >>> taaggt -10 (209)
sigma28(+):    208   Score   1.97     -35 (176) taagctct >>> ccagaaaa -10 (202)
sigma24(+):    201   Score   1.93     -35 (165) aaatca >>> tctta -10 (194)

   Total:      4 promoter(s) predicted



>TSS_891_D39V_1825962_-_207_None
   Length of Query sequence:       300
sigma38(+):    250   Score   1.96     -35 (216) ttgcat >>> tataat -10 (244)
sigma28(+):    234   Score   1.97     -35 (200) ggaggtta >>> catgatac -10 (226)
sigma32(+):    221   Score   1.92     -35 (185) ataaaaa >>> atccgtatgt -10 (216)
sigma24(+):    206   Score   1.96     -35 (177) gctata >>> tcttt -10 (199)
sigma70(+):    203   Score   1.96     -35 (166) tttaaa >>> tattct -10 (197)

   Total:      5 promoter(s) predicted



>TSS_892_D39V_1828945_-_2_None
   Length of Query sequence:       300
sigma38(+):    250   Score   1.96     -35 (212) tagaaa >>> taaaat -10 (244)
sigma28(+):    248   Score   1.95     -35 (214) gaaatagc >>> tatggtaa -10 (241)
sigma70(+):    217   Score   1.97     -35 (182) ttggag >>> gatttt -10 (210)

   Total:      3 promoter(s) predicted



>TSS_893_D39V_1836666_-_2489_SigA
   Length of Query sequence:       300
sigma28(+):    226   Score   1.94     -35 (192) gaaattgt >>> tatgattg -10 (219)
sigma38(+):    225   Score   1.96     -35 (187) ctgatg >>> tatgat -10 (217)
sigma70(+):    224   Score   1.96     -35 (184) tttctg >>> tatgat -10 (217)
sigma24(+):    221   Score   1.96     -35 (192) gaaatt >>> gctat -10 (214)

   Total:      4 promoter(s) predicted



>TSS_894_D39V_1838009_-_191_SigA
   Length of Query sequence:       300
sigma38(+):    250   Score   1.95     -35 (217) ctgaaa >>> tataat -10 (245)
sigma28(+):    230   Score   1.97     -35 (197) tcaaaaat >>> actgaaat -10 (223)
sigma70(+):    211   Score   1.96     -35 (173) tttaat >>> aaaaat -10 (204)
sigma24(+):    208   Score   1.98     -35 (179) gaaatt >>> tcaaa -10 (201)

   Total:      4 promoter(s) predicted



>TSS_895_D39V_1838986_-_175_None
   Length of Query sequence:       300
sigma70(+):    250   Score   1.96     -35 (216) tggaaa >>> taagat -10 (244)
sigma38(+):    250   Score   1.94     -35 (216) tggaaa >>> taagat -10 (244)
sigma28(+):    228   Score   1.94     -35 (195) ggagtgat >>> gatggaaa -10 (221)
sigma24(+):    217   Score   1.89     -35 (185) gcctag >>> tctat -10 (210)

   Total:      4 promoter(s) predicted



>TSS_896_D39V_1843500_-_971_SigX
   Length of Query sequence:       300
sigma24(+):    247   Score   1.97     -35 (211) gctttt >>> gcgaa -10 (240)
sigma38(+):    241   Score   1.88     -35 (203) ttggag >>> aactct -10 (233)
sigma70(+):    207   Score   1.96     -35 (172) tatgaa >>> taactt -10 (200)

   Total:      3 promoter(s) predicted



>TSS_897_D39V_1843947_-_8488_SigA
   Length of Query sequence:       300
sigma28(+):    240   Score   1.87     -35 (208) atatttct >>> gcggaatt -10 (234)
sigma24(+):    224   Score   1.97     -35 (191) aaaatt >>> tcttt -10 (217)
sigma38(+):    220   Score   1.95     -35 (183) tttatc >>> catatt -10 (212)
sigma70(+):    208   Score   1.96     -35 (175) ctggat >>> taagaa -10 (201)

   Total:      4 promoter(s) predicted



>TSS_898_D39V_1845174_-_142_Rex
   Length of Query sequence:       300
sigma28(+):    250   Score   1.97     -35 (217) tgaagaaa >>> gcttacaa -10 (243)
sigma38(+):    250   Score   1.94     -35 (216) ttgaag >>> tacaat -10 (244)
sigma24(+):    235   Score   1.98     -35 (199) aaaatc >>> acaaa -10 (228)
sigma70(+):    207   Score   1.96     -35 (171) gtactt >>> taaaaa -10 (200)

   Total:      4 promoter(s) predicted



>TSS_899_D39V_1846496_-_224_SigA
   Length of Query sequence:       300
sigma38(+):    250   Score   1.95     -35 (216) tttaca >>> tataat -10 (244)
sigma70(+):    230   Score   1.96     -35 (192) tctcca >>> tacaaa -10 (223)
sigma24(+):    218   Score   1.98     -35 (186) aaaata >>> tctat -10 (211)
sigma28(+):    209   Score   1.97     -35 (174) tccagctc >>> tccaaaaa -10 (201)
sigma32(+):    205   Score   1.94     -35 (171) aaatcca >>> atctccaaaa -10 (200)

   Total:      5 promoter(s) predicted



>TSS_900_D39V_1848449_-_1258_None
   Length of Query sequence:       300
sigma38(+):    249   Score   1.95     -35 (217) taggat >>> tagaat -10 (245)
sigma24(+):    225   Score   1.97     -35 (195) aaaaaa >>> tctta -10 (218)
sigma70(+):    217   Score   1.96     -35 (183) tggaat >>> taagtt -10 (210)
sigma28(+):    206   Score   1.88     -35 (174) tttctaaa >>> tataaaaa -10 (199)

   Total:      4 promoter(s) predicted



>TSS_901_D39V_1849792_+_114_None
   Length of Query sequence:       300
sigma70(+):    250   Score   1.96     -35 (212) gtcacg >>> tataat -10 (244)
sigma38(+):    250   Score   1.95     -35 (212) gtcacg >>> tataat -10 (244)
sigma28(+):    249   Score   1.96     -35 (216) cgaactat >>> tatggtat -10 (241)
sigma24(+):    243   Score   1.96     -35 (207) gaactg >>> actat -10 (236)

   Total:      4 promoter(s) predicted



>TSS_902_D39V_1851334_-_52_None
   Length of Query sequence:       300
sigma70(+):    250   Score   1.96     -35 (212) tttaat >>> tatact -10 (243)
sigma38(+):    249   Score   1.96     -35 (212) tttaat >>> tatact -10 (243)
sigma32(+):    213   Score   1.95     -35 (178) cacttga >>> ctcgctaatc -10 (208)
sigma24(+):    213   Score   1.98     -35 (177) acactt >>> gctaa -10 (206)

   Total:      4 promoter(s) predicted



>TSS_903_D39V_1852230_-_8_None
   Length of Query sequence:       300
sigma24(+):    248   Score   1.96     -35 (218) gcaatc >>> tcaca -10 (242)
sigma32(+):    224   Score   1.93     -35 (185) ttattat >>> agcaacattc -10 (215)
sigma38(+):    210   Score   1.93     -35 (171) tggaaa >>> aataat -10 (202)
sigma70(+):    209   Score   1.96     -35 (171) tggaaa >>> taataa -10 (201)
sigma28(+):    207   Score   1.97     -35 (175) aaatggaa >>> tgtaataa -10 (201)

   Total:      5 promoter(s) predicted



>TSS_904_D39V_1853683_-_623_None
   Length of Query sequence:       300
sigma70(+):    250   Score   1.92     -35 (217) tttttt >>> tatcat -10 (244)
sigma24(+):    237   Score   1.96     -35 (205) gcccga >>> acatt -10 (230)
sigma32(+):    236   Score   1.94     -35 (200) aataggc >>> ttctacattt -10 (231)
sigma38(+):    211   Score   1.95     -35 (174) gttaca >>> taaata -10 (203)
sigma28(+):    206   Score   1.89     -35 (175) ttacaagg >>> tctgttaa -10 (200)

   Total:      5 promoter(s) predicted



>TSS_905_D39V_1857296_-_142_CodY
   Length of Query sequence:       300
sigma28(+):    238   Score   1.96     -35 (204) ctcttata >>> tctgaaaa -10 (231)
sigma38(+):    232   Score   1.95     -35 (196) tataat >>> aatttt -10 (224)
sigma70(+):    220   Score   1.96     -35 (181) gagaag >>> tataaa -10 (213)
sigma24(+):    216   Score   1.97     -35 (186) gaattg >>> tctta -10 (209)

   Total:      4 promoter(s) predicted



>TSS_906_D39V_1858662_-_158_None
   Length of Query sequence:       300
sigma70(+):    249   Score   1.95     -35 (215) ttcctt >>> tataat -10 (243)
sigma38(+):    249   Score   1.94     -35 (214) gttcct >>> tataat -10 (243)

   Total:      2 promoter(s) predicted



>TSS_907_D39V_1858860_-_12_None
   Length of Query sequence:       300
sigma24(+):    236   Score   1.76     -35 (203) gcctat >>> gccaa -10 (229)
sigma70(+):    218   Score   1.88     -35 (182) tgggtt >>> tatttt -10 (211)
sigma38(+):    217   Score   1.66     -35 (182) tgggtt >>> tatttt -10 (211)
sigma32(+):    208   Score   1.88     -35 (170) ctctggc >>> atccccatca -10 (199)

   Total:      4 promoter(s) predicted



>TSS_908_D39V_1859051_-_5_None
   Length of Query sequence:       300
sigma70(+):    245   Score   1.96     -35 (211) ggggtt >>> catttt -10 (238)
sigma32(+):    238   Score   1.90     -35 (204) gggttcg >>> ctccccttcc -10 (233)
sigma24(+):    227   Score   1.90     -35 (196) gctcct >>> tcgaa -10 (220)

   Total:      3 promoter(s) predicted



>TSS_909_D39V_1859890_-_94_None
   Length of Query sequence:       300
sigma32(+):    250   Score   1.93     -35 (216) gaacggt >>> atagatattc -10 (245)
sigma38(+):    241   Score   1.81     -35 (207) tatgaa >>> taagtt -10 (233)
sigma24(+):    236   Score   1.98     -35 (204) gaatat >>> tctta -10 (229)
sigma70(+):    216   Score   1.96     -35 (178) ctcgag >>> gaatat -10 (209)
sigma28(+):    212   Score   1.95     -35 (180) cgaggact >>> actgagaa -10 (206)

   Total:      5 promoter(s) predicted



>TSS_910_D39V_1862972_-_43_None
   Length of Query sequence:       300
On chain+ promoters not found

   Total:      0 promoter(s) predicted



>TSS_911_D39V_1864751_-_25_SigA
   Length of Query sequence:       300
sigma38(+):    220   Score   1.94     -35 (183) gtgaaa >>> tatagt -10 (212)
sigma28(+):    215   Score   1.96     -35 (184) tgaaagtg >>> actaatat -10 (209)
sigma24(+):    213   Score   1.94     -35 (179) acaagt >>> actaa -10 (206)
sigma70(+):    211   Score   1.94     -35 (176) ttgaca >>> tatact -10 (204)

   Total:      4 promoter(s) predicted



>TSS_912_D39V_1864791_-_816_SigA
   Length of Query sequence:       300
sigma70(+):    250   Score   1.94     -35 (216) ttgaca >>> tatact -10 (244)
sigma38(+):    250   Score   1.92     -35 (216) ttgaca >>> tatact -10 (244)
sigma28(+):    228   Score   1.97     -35 (196) taaaaatc >>> gttgacaa -10 (222)
sigma24(+):    216   Score   1.96     -35 (187) aaaaaa >>> tcaaa -10 (209)

   Total:      4 promoter(s) predicted



>TSS_913_D39V_1864984_-_4395_SigA
   Length of Query sequence:       300
sigma38(+):    250   Score   1.96     -35 (216) ttgaca >>> tataat -10 (243)
sigma28(+):    248   Score   1.97     -35 (216) ttgacaaa >>> gctgtata -10 (241)
sigma24(+):    245   Score   1.98     -35 (209) aaagta >>> gctgt -10 (238)
sigma32(+):    238   Score   1.94     -35 (200) aaattag >>> caaaacataa -10 (229)
sigma70(+):    216   Score   1.96     -35 (178) tataag >>> tagaaa -10 (209)

   Total:      5 promoter(s) predicted



>TSS_914_D39V_1865516_-_3_None
   Length of Query sequence:       300
sigma70(+):    250   Score   1.96     -35 (211) ctaaaa >>> tacaat -10 (243)
sigma28(+):    247   Score   1.97     -35 (213) aaaagaaa >>> gaggatac -10 (240)
sigma24(+):    234   Score   1.97     -35 (204) aaacat >>> tctaa -10 (227)
sigma38(+):    220   Score   1.90     -35 (179) gtgaaa >>> catgct -10 (212)
sigma32(+):    205   Score   1.94     -35 (171) gcttgga >>> ttcagcatat -10 (200)

   Total:      5 promoter(s) predicted



>TSS_915_D39V_1867032_-_406_SigA
   Length of Query sequence:       300
sigma70(+):    250   Score   1.94     -35 (216) ttggac >>> tataat -10 (244)
sigma38(+):    250   Score   1.89     -35 (216) ttggac >>> tataat -10 (244)
sigma28(+):    248   Score   1.95     -35 (216) ttggactc >>> tgtgatat -10 (241)
sigma32(+):    219   Score   1.93     -35 (185) ccactct >>> atccatagaa -10 (214)

   Total:      4 promoter(s) predicted



>TSS_916_D39V_1868491_-_519_SigA
   Length of Query sequence:       300
sigma38(+):    250   Score   1.94     -35 (216) ttgaaa >>> tatgat -10 (244)
sigma70(+):    230   Score   1.96     -35 (193) ttggag >>> gaaaaa -10 (223)
sigma24(+):    217   Score   1.92     -35 (188) aaaaat >>> acaaa -10 (210)
sigma32(+):    216   Score   1.95     -35 (181) ttctgat >>> ttcgacaaaa -10 (211)
sigma28(+):    205   Score   1.97     -35 (165) tacgcaaa >>> gataaaaa -10 (192)

   Total:      5 promoter(s) predicted



>TSS_917_D39V_1869356_-_2738_CmbR
   Length of Query sequence:       300
sigma38(+):    250   Score   1.94     -35 (216) tagacg >>> tatgat -10 (244)
sigma70(+):    233   Score   1.96     -35 (200) cttaaa >>> gaaagt -10 (226)
sigma24(+):    230   Score   1.98     -35 (198) gcctta >>> acgaa -10 (223)
sigma32(+):    220   Score   1.95     -35 (186) atgttta >>> aaaaacatat -10 (215)
sigma28(+):    214   Score   1.97     -35 (180) taaaaaat >>> ccttaaaa -10 (206)

   Total:      5 promoter(s) predicted



>TSS_918_D39V_1871302_+_2_None
   Length of Query sequence:       300
sigma70(+):    250   Score   1.91     -35 (215) tagcta >>> tatact -10 (244)
sigma38(+):    250   Score   1.96     -35 (215) tagcta >>> tatact -10 (244)
sigma28(+):    243   Score   1.91     -35 (209) cgcagtta >>> gcccaagt -10 (236)
sigma32(+):    204   Score   1.94     -35 (170) gaactgt >>> ctccttatat -10 (199)
sigma24(+):    202   Score   1.97     -35 (170) gaactg >>> tcctt -10 (195)

   Total:      5 promoter(s) predicted



>TSS_919_D39V_1873781_-_233_SigA
   Length of Query sequence:       300
sigma38(+):    250   Score   1.95     -35 (216) ttgaca >>> tagaat -10 (244)
sigma70(+):    230   Score   1.96     -35 (197) ctgtat >>> gacaat -10 (223)
sigma32(+):    209   Score   1.94     -35 (173) accaaga >>> agctgtatca -10 (204)
sigma24(+):    207   Score   1.97     -35 (171) aaacca >>> gctgt -10 (200)

   Total:      4 promoter(s) predicted



>TSS_920_D39V_1876709_-_2210_SigA
   Length of Query sequence:       300
sigma70(+):    250   Score   1.93     -35 (215) ttgacc >>> tatggt -10 (243)
sigma38(+):    249   Score   1.89     -35 (215) ttgacc >>> tatggt -10 (243)
sigma28(+):    247   Score   1.61     -35 (215) ttgaccaa >>> aatgatat -10 (240)
sigma24(+):    215   Score   1.88     -35 (184) aacctt >>> gcgaa -10 (208)

   Total:      4 promoter(s) predicted



>TSS_921_D39V_1876941_-_1584_SigA
   Length of Query sequence:       300
sigma38(+):    250   Score   1.96     -35 (217) ttgaaa >>> tataat -10 (244)
sigma70(+):    221   Score   1.96     -35 (182) ttttat >>> aaaaat -10 (214)
sigma28(+):    218   Score   1.95     -35 (186) atcacaat >>> gaagaaaa -10 (211)
sigma24(+):    202   Score   1.92     -35 (169) gacttt >>> tcaca -10 (191)

   Total:      4 promoter(s) predicted



>TSS_922_D39V_1877017_+_140_ArgR
   Length of Query sequence:       300
sigma38(+):    242   Score   1.96     -35 (204) tttcaa >>> taaaat -10 (234)
sigma70(+):    241   Score   1.96     -35 (204) tttcaa >>> taaaat -10 (234)
sigma24(+):    232   Score   1.97     -35 (201) agattt >>> tcttt -10 (225)
sigma28(+):    201   Score   1.96     -35 (168) atatttat >>> accaaaaa -10 (194)

   Total:      4 promoter(s) predicted



>TSS_923_D39V_1880144_+_393_None
   Length of Query sequence:       300
sigma70(+):    250   Score   1.96     -35 (218) taggat >>> tataat -10 (244)
sigma38(+):    250   Score   1.96     -35 (218) taggat >>> tataat -10 (244)
sigma24(+):    203   Score   1.88     -35 (170) gaccag >>> gcaaa -10 (196)
sigma28(+):    201   Score   1.62     -35 (164) gcatttga >>> cttgataa -10 (191)

   Total:      4 promoter(s) predicted



>TSS_924_D39V_1882318_+_curated_None
   Length of Query sequence:       300
sigma70(+):    250   Score   1.96     -35 (216) gataaa >>> tagact -10 (244)
sigma28(+):    241   Score   1.97     -35 (207) tgaatcag >>> tacaaaga -10 (233)
sigma38(+):    231   Score   1.96     -35 (190) tttaca >>> taaacc -10 (223)
sigma24(+):    206   Score   1.97     -35 (170) aaagtg >>> acaat -10 (199)

   Total:      4 promoter(s) predicted



>TSS_925_D39V_1887682_+_423_None
   Length of Query sequence:       300
sigma28(+):    249   Score   1.92     -35 (215) aagtgcaa >>> tatgatag -10 (242)
sigma70(+):    247   Score   1.96     -35 (208) gtaatg >>> tatgat -10 (240)
sigma24(+):    230   Score   1.81     -35 (197) accata >>> gcaaa -10 (223)
sigma32(+):    215   Score   1.94     -35 (180) tctttgt >>> taccccagta -10 (210)
sigma38(+):    201   Score   1.94     -35 (162) tttatc >>> tatttt -10 (193)

   Total:      5 promoter(s) predicted



>TSS_926_D39V_1892843_-_153_SigA
   Length of Query sequence:       300
sigma38(+):    249   Score   1.94     -35 (214) tttcaa >>> tagaat -10 (243)
sigma24(+):    216   Score   1.78     -35 (184) aaaaat >>> acaaa -10 (209)
sigma28(+):    215   Score   1.97     -35 (182) taaaaaat >>> acagacaa -10 (208)
sigma70(+):    208   Score   1.96     -35 (172) ctcaca >>> taaaaa -10 (201)
sigma32(+):    205   Score   1.95     -35 (170) atctcac >>> atacctaaaa -10 (200)

   Total:      5 promoter(s) predicted



>TSS_927_D39V_1893007_-_17405_None
   Length of Query sequence:       300
sigma38(+):    250   Score   1.95     -35 (217) tttctt >>> tatact -10 (244)
sigma28(+):    241   Score   1.97     -35 (207) taaaaagt >>> tctaaaag -10 (233)
sigma24(+):    230   Score   1.98     -35 (198) gaaagt >>> tctta -10 (223)
sigma70(+):    210   Score   1.95     -35 (177) ttgtct >>> gaaagt -10 (203)

   Total:      4 promoter(s) predicted



>TSS_928_D39V_1893960_-_1198_SigA
   Length of Query sequence:       300
sigma70(+):    250   Score   1.94     -35 (216) ttgcca >>> tacaat -10 (244)
sigma38(+):    250   Score   1.93     -35 (216) ttgcca >>> tacaat -10 (244)
sigma24(+):    219   Score   1.79     -35 (184) taattc >>> tcaat -10 (212)

   Total:      3 promoter(s) predicted



>TSS_929_D39V_1896503_-_74_SigA
   Length of Query sequence:       300
sigma38(+):    250   Score   1.95     -35 (218) ttgaaa >>> tataat -10 (244)
sigma70(+):    233   Score   1.96     -35 (197) gggaag >>> gaaaat -10 (225)
sigma28(+):    203   Score   1.95     -35 (169) caaacttg >>> gcagaata -10 (196)
sigma24(+):    201   Score   1.92     -35 (170) aaactt >>> gcaga -10 (193)

   Total:      4 promoter(s) predicted



>TSS_930_D39V_1896601_+_63_None
   Length of Query sequence:       300
sigma32(+):    217   Score   1.94     -35 (183) tcaataa >>> ttccctattc -10 (212)
sigma24(+):    215   Score   1.92     -35 (183) tcaata >>> tccct -10 (208)
sigma38(+):    209   Score   1.95     -35 (174) gggaaa >>> cacttt -10 (201)
sigma70(+):    201   Score   1.96     -35 (162) tatacc >>> taaaat -10 (192)

   Total:      4 promoter(s) predicted



>TSS_931_D39V_1900324_-_1643_None
   Length of Query sequence:       300
sigma38(+):    250   Score   1.96     -35 (216) ttgctt >>> tataat -10 (244)
sigma24(+):    246   Score   1.98     -35 (212) gaaatt >>> gctat -10 (239)
sigma70(+):    218   Score   1.96     -35 (179) tagaaa >>> tagaat -10 (211)
sigma28(+):    214   Score   1.96     -35 (179) tagaaata >>> tccaattt -10 (204)
sigma32(+):    208   Score   1.94     -35 (172) gattcag >>> ttctccaatt -10 (203)

   Total:      5 promoter(s) predicted



>TSS_932_D39V_1900461_+_27_None
   Length of Query sequence:       300
sigma38(+):    250   Score   1.96     -35 (216) ttgctt >>> tacact -10 (244)
sigma70(+):    223   Score   1.97     -35 (187) ctgaat >>> taaagt -10 (216)
sigma24(+):    205   Score   1.98     -35 (169) gaatta >>> tccca -10 (198)

   Total:      3 promoter(s) predicted



>TSS_933_D39V_1902053_-_curated_None
   Length of Query sequence:       300
sigma70(+):    250   Score   1.96     -35 (211) tttatt >>> tatact -10 (244)
sigma38(+):    240   Score   1.96     -35 (202) tttctc >>> tacatt -10 (232)
sigma28(+):    235   Score   1.94     -35 (203) ttctcctt >>> tctgctta -10 (228)
sigma24(+):    235   Score   1.92     -35 (199) gctttt >>> gctta -10 (228)

   Total:      4 promoter(s) predicted



>TSS_934_D39V_1902081_+_curated_None
   Length of Query sequence:       300
sigma38(+):    250   Score   1.96     -35 (216) ttgact >>> taaaat -10 (244)
sigma32(+):    245   Score   1.94     -35 (206) gcatatt >>> aacagtatat -10 (236)
sigma24(+):    240   Score   1.98     -35 (206) gcatat >>> acagt -10 (232)
sigma28(+):    232   Score   1.96     -35 (200) ataatagc >>> gactataa -10 (225)
sigma70(+):    208   Score   1.97     -35 (172) tttata >>> taacat -10 (201)

   Total:      5 promoter(s) predicted



>TSS_935_D39V_1907590_-_38_SigA
   Length of Query sequence:       300
sigma38(+):    249   Score   1.96     -35 (215) ttgcaa >>> tatact -10 (243)
sigma28(+):    238   Score   1.97     -35 (206) taaaaacg >>> gcttgaaa -10 (232)
sigma24(+):    228   Score   1.98     -35 (196) aaaagt >>> gcaat -10 (221)
sigma70(+):    202   Score   1.96     -35 (163) ctaaaa >>> taatca -10 (194)

   Total:      4 promoter(s) predicted



>TSS_936_D39V_1907665_-_24_None
   Length of Query sequence:       300
sigma70(+):    250   Score   1.97     -35 (215) tagata >>> taaaat -10 (244)
sigma28(+):    250   Score   1.92     -35 (218) atagtttt >>> gctaaaat -10 (244)
sigma38(+):    250   Score   1.94     -35 (215) tagata >>> taaaat -10 (244)
sigma24(+):    212   Score   1.97     -35 (176) tacttt >>> tcaaa -10 (205)

   Total:      4 promoter(s) predicted



>TSS_937_D39V_1907921_-_curated_None
   Length of Query sequence:       300
sigma24(+):    250   Score   1.78     -35 (217) aaaatt >>> gcata -10 (245)
sigma70(+):    240   Score   1.97     -35 (202) ttgtaa >>> taagct -10 (230)
sigma38(+):    229   Score   1.95     -35 (189) ttgcaa >>> aaaaat -10 (221)

   Total:      3 promoter(s) predicted



>TSS_938_D39V_1908013_+_134_SigA
   Length of Query sequence:       300
sigma38(+):    250   Score   1.96     -35 (216) ttgcaa >>> tatact -10 (244)
sigma28(+):    218   Score   1.97     -35 (184) taaaaatt >>> tacaaaaa -10 (211)
sigma24(+):    216   Score   1.98     -35 (186) aaaatt >>> acaaa -10 (209)
sigma70(+):    207   Score   1.96     -35 (170) tatcaa >>> taaaat -10 (200)

   Total:      4 promoter(s) predicted



>TSS_939_D39V_1911817_+_46_SigA
   Length of Query sequence:       300
sigma70(+):    250   Score   1.94     -35 (215) ttgaaa >>> tataat -10 (243)
sigma28(+):    250   Score   1.66     -35 (220) ataaagcg >>> tataataa -10 (245)
sigma38(+):    249   Score   1.95     -35 (215) ttgaaa >>> tataat -10 (243)
sigma32(+):    245   Score   1.92     -35 (211) agacttg >>> ttctctatat -10 (240)
sigma24(+):    218   Score   1.97     -35 (183) tatcct >>> tccta -10 (211)

   Total:      5 promoter(s) predicted



>TSS_940_D39V_1916639_-_384_SigA
   Length of Query sequence:       300
sigma28(+):    249   Score   1.96     -35 (214) tcatgaag >>> tatggtaa -10 (241)
sigma70(+):    246   Score   1.94     -35 (212) tttcat >>> tatggt -10 (239)
sigma24(+):    214   Score   1.87     -35 (179) gacttt >>> tctga -10 (207)
sigma38(+):    208   Score   1.95     -35 (171) tttcac >>> caaact -10 (200)

   Total:      4 promoter(s) predicted



>TSS_941_D39V_1917209_-_2141_None
   Length of Query sequence:       300
sigma70(+):    250   Score   1.96     -35 (212) tagtcg >>> tataat -10 (244)
sigma38(+):    250   Score   1.96     -35 (215) tcggct >>> tataat -10 (244)
sigma24(+):    242   Score   1.89     -35 (207) taattt >>> tctca -10 (235)
sigma28(+):    239   Score   1.95     -35 (206) ataattta >>> gatgattc -10 (232)

   Total:      4 promoter(s) predicted



>TSS_942_D39V_1919364_-_3_SigA
   Length of Query sequence:       300
sigma38(+):    250   Score   1.96     -35 (216) ttgtca >>> tacaat -10 (244)
sigma70(+):    238   Score   1.94     -35 (203) ttgaca >>> gaaaaa -10 (231)
sigma24(+):    231   Score   1.98     -35 (196) aaactt >>> tcaaa -10 (223)
sigma32(+):    220   Score   1.92     -35 (184) gacaaaa >>> acaactatat -10 (215)
sigma28(+):    219   Score   1.92     -35 (187) aaaaatca >>> gacaacta -10 (212)

   Total:      5 promoter(s) predicted



>TSS_943_D39V_1919649_-_8_None
   Length of Query sequence:       300
sigma28(+):    250   Score   1.95     -35 (216) aaaactag >>> aatgaaaa -10 (243)
sigma24(+):    245   Score   1.92     -35 (214) gaaaaa >>> tcaat -10 (238)
sigma38(+):    242   Score   1.72     -35 (203) cagaaa >>> tatact -10 (234)
sigma70(+):    233   Score   1.94     -35 (199) ttctca >>> taggat -10 (226)
sigma32(+):    202   Score   1.83     -35 (167) tgcaagt >>> tcagccaaaa -10 (197)

   Total:      5 promoter(s) predicted



>TSS_944_D39V_1920972_-_575_None
   Length of Query sequence:       300
sigma70(+):    250   Score   1.96     -35 (218) ttttaa >>> taaaat -10 (244)
sigma38(+):    250   Score   1.96     -35 (211) cttact >>> taaaat -10 (244)
sigma28(+):    249   Score   1.70     -35 (215) ctgtttta >>> tgtggtaa -10 (241)
sigma32(+):    237   Score   1.95     -35 (203) atttttt >>> atccctttat -10 (232)
sigma24(+):    221   Score   1.98     -35 (188) gatatc >>> tctta -10 (214)

   Total:      5 promoter(s) predicted



>TSS_945_D39V_1922314_-_2_None
   Length of Query sequence:       300
sigma70(+):    250   Score   1.96     -35 (216) tcgttt >>> tatact -10 (244)
sigma38(+):    250   Score   1.95     -35 (218) gtttcg >>> tatact -10 (244)
sigma24(+):    248   Score   1.97     -35 (213) gaatcg >>> gctat -10 (241)
sigma28(+):    203   Score   1.96     -35 (164) aaaagttc >>> gctcattt -10 (190)

   Total:      4 promoter(s) predicted



>TSS_946_D39V_1923340_-_35_None
   Length of Query sequence:       300
sigma28(+):    241   Score   1.97     -35 (208) gcaagttt >>> tctgaaaa -10 (234)
sigma24(+):    238   Score   1.93     -35 (208) gcaagt >>> tctga -10 (231)
sigma38(+):    235   Score   1.95     -35 (197) ctgaca >>> aatttt -10 (227)
sigma70(+):    202   Score   1.92     -35 (167) gtgata >>> cataat -10 (195)

   Total:      4 promoter(s) predicted



>TSS_947_D39V_1923414_+_815_None
   Length of Query sequence:       300
sigma70(+):    241   Score   1.94     -35 (205) ttcatc >>> cagaat -10 (234)
sigma38(+):    234   Score   1.95     -35 (195) tttcag >>> caaatt -10 (226)
sigma28(+):    233   Score   1.86     -35 (201) aaaattca >>> gccaaatt -10 (226)
sigma24(+):    220   Score   1.97     -35 (188) tcatat >>> tcaaa -10 (213)

   Total:      4 promoter(s) predicted



>TSS_948_D39V_1925716_-_422_SigA
   Length of Query sequence:       300
sigma38(+):    245   Score   1.95     -35 (211) ttttat >>> taaatt -10 (237)
sigma24(+):    228   Score   1.90     -35 (199) aaaatt >>> tctgt -10 (221)
sigma70(+):    226   Score   1.96     -35 (193) tttctg >>> tattct -10 (219)
sigma28(+):    209   Score   1.97     -35 (175) ttcacatg >>> tctgaaaa -10 (202)

   Total:      4 promoter(s) predicted



>TSS_949_D39V_1931559_+_61_SigA
   Length of Query sequence:       300
sigma70(+):    250   Score   1.97     -35 (217) ttgact >>> tatcat -10 (244)
sigma38(+):    250   Score   1.95     -35 (217) ttgact >>> tatcat -10 (244)
sigma24(+):    241   Score   1.97     -35 (207) caactt >>> acaaa -10 (234)
sigma28(+):    202   Score   1.94     -35 (164) tttaaaag >>> gctgaaag -10 (189)

   Total:      4 promoter(s) predicted



>TSS_950_D39V_1932890_+_12723_None
   Length of Query sequence:       300
sigma38(+):    250   Score   1.95     -35 (216) tttact >>> tatcct -10 (244)
sigma70(+):    242   Score   1.96     -35 (204) ttgtca >>> aaaaat -10 (234)
sigma24(+):    235   Score   1.97     -35 (205) tgtcaa >>> acaaa -10 (228)

   Total:      3 promoter(s) predicted



>TSS_951_D39V_1935947_-_56_None
   Length of Query sequence:       300
sigma70(+):    250   Score   1.97     -35 (217) ttgact >>> tatact -10 (244)
sigma38(+):    250   Score   1.96     -35 (217) ttgact >>> tatact -10 (244)
sigma28(+):    249   Score   1.84     -35 (214) tccttgac >>> aatgatat -10 (241)
sigma24(+):    231   Score   1.97     -35 (198) taaagt >>> actta -10 (224)

   Total:      4 promoter(s) predicted



>TSS_952_D39V_1944731_-_11_None
   Length of Query sequence:       300
sigma32(+):    246   Score   1.94     -35 (211) gtgtatg >>> aaagctatat -10 (241)
sigma24(+):    234   Score   1.97     -35 (200) gactat >>> tctgt -10 (227)
sigma28(+):    220   Score   1.97     -35 (180) taactatt >>> gactatca -10 (207)
sigma70(+):    215   Score   1.96     -35 (180) taacta >>> tatcat -10 (208)
sigma38(+):    207   Score   1.95     -35 (172) tttaaa >>> aaaaat -10 (199)

   Total:      5 promoter(s) predicted



>TSS_953_D39V_1944851_+_curated_None
   Length of Query sequence:       300
sigma28(+):    250   Score   1.51     -35 (218) ttctaaag >>> tctgatat -10 (243)
sigma38(+):    250   Score   1.94     -35 (217) tttcta >>> tataat -10 (246)
sigma32(+):    239   Score   1.95     -35 (203) tctttaa >>> ggccctcttt -10 (234)
sigma24(+):    230   Score   1.96     -35 (194) aaatag >>> tctaa -10 (223)
sigma70(+):    212   Score   1.90     -35 (178) tagtca >>> tatctt -10 (206)

   Total:      5 promoter(s) predicted



>TSS_954_D39V_1948974_-_7_SigA
   Length of Query sequence:       300
sigma70(+):    250   Score   1.97     -35 (216) ttgacc >>> tatagt -10 (244)
sigma38(+):    250   Score   1.95     -35 (216) ttgacc >>> tatagt -10 (244)
sigma32(+):    232   Score   1.93     -35 (196) aggaaga >>> gaccctcttt -10 (227)
sigma24(+):    222   Score   1.95     -35 (191) tattta >>> tctta -10 (215)
sigma28(+):    202   Score   1.97     -35 (166) tacaaatt >>> tctgagta -10 (192)

   Total:      5 promoter(s) predicted



>TSS_955_D39V_1949385_+_179_SigA
   Length of Query sequence:       300
sigma28(+):    226   Score   1.94     -35 (192) ttattttc >>> gccattga -10 (219)
sigma32(+):    223   Score   1.95     -35 (189) atattat >>> atagccattg -10 (218)
sigma38(+):    218   Score   1.96     -35 (178) tatcat >>> aattat -10 (210)
sigma24(+):    209   Score   1.98     -35 (175) aaatat >>> tccga -10 (202)
sigma70(+):    202   Score   1.96     -35 (167) gttgtg >>> tattat -10 (195)

   Total:      5 promoter(s) predicted



>TSS_956_D39V_1952941_+_curated_CcpA
   Length of Query sequence:       300
sigma24(+):    250   Score   1.98     -35 (219) gaaatt >>> acaat -10 (245)
sigma38(+):    237   Score   1.92     -35 (201) tatctt >>> tattct -10 (229)
sigma70(+):    231   Score   1.96     -35 (194) tttcta >>> gaaatt -10 (224)

   Total:      3 promoter(s) predicted



>TSS_957_D39V_1957234_-_25_None
   Length of Query sequence:       300
sigma28(+):    250   Score   1.94     -35 (216) gaaataat >>> ttcgaaaa -10 (243)
sigma24(+):    248   Score   1.76     -35 (216) gaaata >>> tcgaa -10 (241)
sigma38(+):    231   Score   1.77     -35 (193) ttgtca >>> aataat -10 (223)
sigma70(+):    230   Score   1.91     -35 (193) ttgtca >>> aataat -10 (223)

   Total:      4 promoter(s) predicted



>TSS_958_D39V_1958186_-_730_SigA
   Length of Query sequence:       300
sigma70(+):    250   Score   1.96     -35 (217) ggcaca >>> tataat -10 (245)
sigma24(+):    249   Score   1.96     -35 (213) aaacgg >>> gctat -10 (242)
sigma32(+):    228   Score   1.93     -35 (193) ttcagga >>> aacggcacag -10 (223)
sigma38(+):    223   Score   1.95     -35 (186) ttgaca >>> taaaaa -10 (215)
sigma28(+):    220   Score   1.92     -35 (186) ttgacatt >>> gcagtaaa -10 (213)

   Total:      5 promoter(s) predicted



>TSS_959_D39V_1972004_-_21_SigA
   Length of Query sequence:       300
sigma28(+):    250   Score   1.97     -35 (217) tgaaaaaa >>> gattataa -10 (243)
sigma70(+):    233   Score   1.96     -35 (196) ttcaag >>> aaaaat -10 (225)
sigma24(+):    220   Score   1.98     -35 (188) gaacat >>> tcaca -10 (213)
sigma38(+):    202   Score   1.96     -35 (164) tttatg >>> aacatt -10 (194)

   Total:      4 promoter(s) predicted



>TSS_960_D39V_1972131_+_29_SigA
   Length of Query sequence:       300
sigma38(+):    250   Score   1.96     -35 (217) ttcaaa >>> tataat -10 (244)
sigma28(+):    242   Score   1.97     -35 (208) taaaaata >>> tccaattt -10 (234)
sigma70(+):    231   Score   1.96     -35 (192) gttaac >>> caaatt -10 (224)
sigma24(+):    216   Score   1.97     -35 (180) taatgt >>> tcata -10 (209)
sigma32(+):    208   Score   1.95     -35 (172) tacttga >>> taacccaata -10 (203)

   Total:      5 promoter(s) predicted



>TSS_961_D39V_1973311_+_1640_None
   Length of Query sequence:       300
sigma38(+):    250   Score   1.96     -35 (216) ttgatg >>> tatact -10 (244)
sigma70(+):    243   Score   1.96     -35 (210) gtgacc >>> tattgt -10 (236)
sigma24(+):    234   Score   1.97     -35 (203) gaatta >>> tctaa -10 (227)
sigma28(+):    232   Score   1.97     -35 (199) tcaagaat >>> gatgatct -10 (225)
sigma32(+):    202   Score   1.95     -35 (166) attttaa >>> gaccctatat -10 (197)

   Total:      5 promoter(s) predicted



>TSS_962_D39V_1973570_-_50_None
   Length of Query sequence:       300
sigma28(+):    250   Score   1.97     -35 (217) tgaactat >>> gctaaaat -10 (244)
sigma24(+):    248   Score   1.94     -35 (218) gaacta >>> gctaa -10 (241)
sigma38(+):    235   Score   1.95     -35 (197) catcaa >>> tattgt -10 (227)
sigma32(+):    215   Score   1.93     -35 (181) cacacta >>> aacctcactt -10 (210)
sigma70(+):    206   Score   1.96     -35 (173) tagtat >>> gatcat -10 (199)

   Total:      5 promoter(s) predicted



>TSS_963_D39V_1973654_+_254_None
   Length of Query sequence:       300
sigma38(+):    250   Score   1.96     -35 (216) ttgatg >>> tatact -10 (244)
sigma70(+):    244   Score   1.96     -35 (204) tattaa >>> tagtgt -10 (236)
sigma24(+):    234   Score   1.98     -35 (200) caagta >>> tctaa -10 (227)
sigma28(+):    232   Score   1.97     -35 (199) tcaagtat >>> gatgatct -10 (225)
sigma32(+):    201   Score   1.94     -35 (167) taactac >>> atctacaata -10 (196)

   Total:      5 promoter(s) predicted



>TSS_964_D39V_1973728_-_22_SigA
   Length of Query sequence:       300
sigma70(+):    250   Score   1.97     -35 (214) gataat >>> tataat -10 (243)
sigma38(+):    249   Score   1.95     -35 (214) gataat >>> tataat -10 (243)
sigma28(+):    216   Score   1.95     -35 (182) ttaccatc >>> gacgaaat -10 (209)
sigma24(+):    210   Score   1.96     -35 (176) tacttc >>> gcaga -10 (203)
sigma32(+):    203   Score   1.95     -35 (167) cagtcgg >>> ctagccattt -10 (198)

   Total:      5 promoter(s) predicted



>TSS_965_D39V_1973913_-_30_SigA
   Length of Query sequence:       300
sigma24(+):    240   Score   1.98     -35 (210) aaactc >>> actta -10 (233)
sigma70(+):    220   Score   1.96     -35 (180) cagaac >>> taaaac -10 (213)
sigma38(+):    212   Score   1.94     -35 (177) tttcag >>> aaaaat -10 (204)

   Total:      3 promoter(s) predicted



>TSS_966_D39V_1977584_-_508_SigA
   Length of Query sequence:       300
sigma70(+):    250   Score   1.95     -35 (217) ttgact >>> tataat -10 (244)
sigma38(+):    250   Score   1.95     -35 (217) ttgact >>> tataat -10 (244)
sigma28(+):    248   Score   1.94     -35 (214) ttcttgac >>> tgtgatat -10 (241)

   Total:      3 promoter(s) predicted



>TSS_967_D39V_1982193_-_77_SigA
   Length of Query sequence:       300
sigma70(+):    245   Score   1.96     -35 (209) taaaca >>> taaagt -10 (237)
sigma38(+):    224   Score   1.95     -35 (185) ctgaaa >>> aacaat -10 (216)
sigma24(+):    223   Score   1.97     -35 (187) gaaatc >>> acaat -10 (216)
sigma28(+):    218   Score   1.96     -35 (186) tgaaatct >>> tacggtaa -10 (211)

   Total:      4 promoter(s) predicted



>TSS_968_D39V_1982932_+_3_SigA
   Length of Query sequence:       300
sigma38(+):    241   Score   1.96     -35 (203) tttccg >>> tacaaa -10 (233)
sigma32(+):    234   Score   1.94     -35 (200) aactttc >>> aactccgtta -10 (229)
sigma24(+):    234   Score   1.96     -35 (199) taactt >>> tccgt -10 (227)
sigma70(+):    211   Score   1.96     -35 (175) tatgct >>> taactt -10 (204)
sigma28(+):    207   Score   1.89     -35 (174) gtatgctg >>> cccagtaa -10 (201)

   Total:      5 promoter(s) predicted



>TSS_969_D39V_1983667_-_19_None
   Length of Query sequence:       300
sigma24(+):    250   Score   1.96     -35 (215) tcactt >>> gctaa -10 (244)
sigma38(+):    245   Score   1.95     -35 (204) tgtaaa >>> tatttt -10 (237)
sigma70(+):    244   Score   1.96     -35 (205) gtaaaa >>> tatttt -10 (237)
sigma32(+):    225   Score   1.94     -35 (190) tttttgt >>> aacctcactt -10 (220)
sigma28(+):    202   Score   1.97     -35 (163) taaaatta >>> ggcaatag -10 (189)

   Total:      5 promoter(s) predicted



>TSS_970_D39V_1991724_-_40_CcpA
   Length of Query sequence:       300
sigma70(+):    250   Score   1.96     -35 (210) ttgata >>> tatact -10 (243)
sigma38(+):    244   Score   1.95     -35 (210) ttgata >>> tatttt -10 (236)
sigma24(+):    238   Score   1.96     -35 (205) aaaagt >>> gcttt -10 (231)
sigma28(+):    223   Score   1.91     -35 (190) tttttaaa >>> gttgataa -10 (216)
sigma32(+):    201   Score   1.94     -35 (158) tttttgt >>> ctcctcacat -10 (188)

   Total:      5 promoter(s) predicted



>TSS_971_D39V_1993288_-_84_None
   Length of Query sequence:       300
sigma38(+):    247   Score   1.90     -35 (208) cagatt >>> tatgct -10 (239)
sigma70(+):    225   Score   1.96     -35 (185) cagcat >>> tatttt -10 (218)
sigma24(+):    218   Score   1.97     -35 (187) gcatga >>> acaga -10 (211)
sigma28(+):    202   Score   1.97     -35 (169) taatggac >>> catgaaaa -10 (195)
sigma32(+):    201   Score   1.94     -35 (162) ttcagga >>> atcagcatga -10 (192)

   Total:      5 promoter(s) predicted



>TSS_972_D39V_1993432_+_435_None
   Length of Query sequence:       300
sigma70(+):    250   Score   1.96     -35 (214) ctcccc >>> taaaat -10 (243)
sigma24(+):    237   Score   1.95     -35 (204) aaacac >>> gcatt -10 (230)
sigma32(+):    228   Score   1.93     -35 (192) ctgaaaa >>> ctcccccttt -10 (223)
sigma28(+):    205   Score   1.85     -35 (172) tgatttcc >>> cctgaaaa -10 (198)
sigma38(+):    201   Score   1.95     -35 (164) tttcat >>> tatcct -10 (193)

   Total:      5 promoter(s) predicted



>TSS_973_D39V_1998234_-_159_None
   Length of Query sequence:       300
sigma38(+):    250   Score   1.95     -35 (213) ttcata >>> tattct -10 (244)
sigma24(+):    225   Score   1.96     -35 (190) gacaga >>> tcata -10 (218)
sigma32(+):    201   Score   1.95     -35 (165) gtatgga >>> gtagacagat -10 (196)
sigma70(+):    201   Score   1.95     -35 (164) ggtatg >>> tagaca -10 (193)

   Total:      4 promoter(s) predicted



>TSS_974_D39V_2003846_-_660_SigA
   Length of Query sequence:       300
sigma38(+):    250   Score   1.95     -35 (217) tttaaa >>> tataat -10 (244)
sigma70(+):    240   Score   1.92     -35 (204) gcgccc >>> gaaaat -10 (233)
sigma32(+):    217   Score   1.95     -35 (182) tggtgaa >>> agcgcccttt -10 (212)
sigma24(+):    205   Score   1.80     -35 (170) aaaata >>> tcctt -10 (198)
sigma28(+):    203   Score   1.82     -35 (165) gtagaaaa >>> ggtgaaga -10 (190)

   Total:      5 promoter(s) predicted



>TSS_975_D39V_2006885_-_6486_SigA
   Length of Query sequence:       300
sigma70(+):    250   Score   1.94     -35 (216) ttgaca >>> tatcat -10 (244)
sigma38(+):    250   Score   1.94     -35 (216) ttgaca >>> tatcat -10 (244)
sigma32(+):    248   Score   1.93     -35 (213) tccttga >>> tgcgctatca -10 (243)
sigma24(+):    218   Score   1.62     -35 (183) gaaatt >>> gcagt -10 (211)

   Total:      4 promoter(s) predicted



>TSS_976_D39V_2008356_-_166_SigX
   Length of Query sequence:       300
sigma24(+):    246   Score   1.98     -35 (210) aaattt >>> tccga -10 (239)
sigma38(+):    232   Score   1.96     -35 (196) ttgact >>> cacttt -10 (224)
sigma28(+):    213   Score   1.97     -35 (178) agaatttg >>> gactaaag -10 (205)
sigma70(+):    213   Score   1.96     -35 (174) gaaaag >>> taaagt -10 (206)

   Total:      4 promoter(s) predicted



>TSS_977_D39V_2008698_-_19_None
   Length of Query sequence:       300
sigma70(+):    250   Score   1.92     -35 (215) gtggaa >>> tacaat -10 (244)
sigma24(+):    250   Score   1.97     -35 (218) gaattg >>> acaat -10 (244)
sigma38(+):    250   Score   1.86     -35 (215) gtggaa >>> tacaat -10 (244)
sigma32(+):    205   Score   1.78     -35 (169) ggtggaa >>> aaccgtagtg -10 (200)
sigma28(+):    202   Score   1.93     -35 (165) ataaggtg >>> gagaaaaa -10 (192)

   Total:      5 promoter(s) predicted



>TSS_978_D39V_2009054_-_40_None
   Length of Query sequence:       300
sigma70(+):    250   Score   1.88     -35 (215) ctggaa >>> tagact -10 (244)
sigma38(+):    232   Score   1.91     -35 (196) cgtaaa >>> aaatct -10 (224)
sigma28(+):    220   Score   1.70     -35 (186) ttctcgtt >>> gctcaaga -10 (212)
sigma24(+):    206   Score   1.85     -35 (170) ggatta >>> tcgta -10 (199)

   Total:      4 promoter(s) predicted



>TSS_979_D39V_2012502_-_646_None
   Length of Query sequence:       300
sigma70(+):    250   Score   1.97     -35 (215) tcgctt >>> tataat -10 (243)
sigma38(+):    249   Score   1.96     -35 (215) tcgctt >>> tataat -10 (243)
sigma24(+):    226   Score   1.92     -35 (197) gattac >>> tcgct -10 (219)
sigma28(+):    209   Score   1.95     -35 (174) ttcttata >>> actgatta -10 (201)

   Total:      4 promoter(s) predicted



>TSS_980_D39V_2013209_-_2215_SigA
   Length of Query sequence:       300
sigma70(+):    250   Score   1.97     -35 (216) ttgcaa >>> tataat -10 (244)
sigma32(+):    248   Score   1.95     -35 (213) aatttgc >>> agcgttataa -10 (243)
sigma38(+):    233   Score   1.96     -35 (196) ttgtaa >>> aaaaat -10 (225)
sigma24(+):    229   Score   1.98     -35 (199) taagat >>> gcaaa -10 (222)
sigma28(+):    216   Score   1.97     -35 (183) aaaacatt >>> gatgagga -10 (209)

   Total:      5 promoter(s) predicted



>TSS_981_D39V_2015211_-_594_SigX
   Length of Query sequence:       300
sigma24(+):    248   Score   1.97     -35 (212) aaaatc >>> acgaa -10 (241)
sigma38(+):    242   Score   1.95     -35 (208) ctaaaa >>> tagttt -10 (234)
sigma70(+):    233   Score   1.97     -35 (198) tttaat >>> taaagt -10 (226)
sigma28(+):    218   Score   1.96     -35 (186) taaattcc >>> tactaaaa -10 (213)

   Total:      4 promoter(s) predicted



>TSS_982_D39V_2015267_+_437_None
   Length of Query sequence:       300
sigma24(+):    250   Score   1.98     -35 (218) gcactt >>> acaat -10 (244)
sigma28(+):    241   Score   1.94     -35 (208) gtaaaaac >>> gatgattt -10 (233)
sigma70(+):    238   Score   1.96     -35 (201) tttatt >>> gatgat -10 (231)
sigma38(+):    232   Score   1.95     -35 (191) ttcata >>> cacttt -10 (224)

   Total:      4 promoter(s) predicted



>TSS_983_D39V_2016164_+_714_SigA
   Length of Query sequence:       300
sigma32(+):    248   Score   1.94     -35 (213) tatttta >>> agcgttatac -10 (243)
sigma70(+):    232   Score   1.96     -35 (193) tcgctt >>> tacaaa -10 (223)
sigma38(+):    224   Score   1.91     -35 (189) cctatc >>> tatatt -10 (216)
sigma24(+):    220   Score   1.97     -35 (184) gaaatc >>> tctat -10 (213)

   Total:      4 promoter(s) predicted



>TSS_984_D39V_2020685_-_0_SigA_LOWCONF
   Length of Query sequence:       300
sigma38(+):    250   Score   1.96     -35 (215) ttgaaa >>> taaaat -10 (243)
sigma28(+):    227   Score   1.96     -35 (194) taaaaatt >>> gcttgaaa -10 (220)
sigma24(+):    216   Score   1.98     -35 (183) acaatc >>> tcaaa -10 (209)
sigma70(+):    214   Score   1.97     -35 (180) gtgaca >>> tatcaa -10 (208)
sigma32(+):    201   Score   1.95     -35 (164) cttttca >>> atccctatta -10 (195)

   Total:      5 promoter(s) predicted



>TSS_985_D39V_2021071_-_3_None
   Length of Query sequence:       300
sigma24(+):    246   Score   1.73     -35 (214) gaatgt >>> acatt -10 (239)
sigma32(+):    245   Score   1.83     -35 (210) tggagaa >>> aaaaacattg -10 (240)
sigma70(+):    224   Score   1.92     -35 (186) tacaaa >>> gagaat -10 (217)

   Total:      3 promoter(s) predicted



>TSS_986_D39V_2022007_-_1874_None
   Length of Query sequence:       300
sigma38(+):    250   Score   1.96     -35 (213) gtaata >>> tatact -10 (244)
sigma70(+):    215   Score   1.97     -35 (180) tctata >>> taacaa -10 (208)
sigma24(+):    203   Score   1.98     -35 (171) aaaata >>> acata -10 (196)
sigma28(+):    202   Score   1.96     -35 (168) tgaaaaat >>> aacgacat -10 (195)
sigma32(+):    202   Score   1.94     -35 (167) ttgaaaa >>> aacgacatat -10 (197)

   Total:      5 promoter(s) predicted



>TSS_987_D39V_2027722_-_6_None
   Length of Query sequence:       300
sigma38(+):    242   Score   1.87     -35 (204) ctgaag >>> tatttt -10 (234)
sigma70(+):    235   Score   1.94     -35 (201) tttctg >>> catcat -10 (229)
sigma32(+):    233   Score   1.95     -35 (199) agtttct >>> atcgacatca -10 (228)
sigma28(+):    223   Score   1.96     -35 (190) taagcgag >>> gcggattg -10 (216)

   Total:      4 promoter(s) predicted



>TSS_988_D39V_2029848_-_0_None_LOWCONF
   Length of Query sequence:       300
sigma70(+):    250   Score   1.96     -35 (218) gaaaat >>> tataat -10 (244)
sigma28(+):    248   Score   1.97     -35 (214) acaagaaa >>> cgtgatat -10 (241)
sigma38(+):    211   Score   1.95     -35 (173) gagaaa >>> aaaagt -10 (203)
sigma24(+):    207   Score   1.97     -35 (175) gaaatg >>> tcaaa -10 (200)

   Total:      4 promoter(s) predicted



>TSS_989_D39V_2029972_+_89_None
   Length of Query sequence:       300
sigma70(+):    250   Score   1.96     -35 (215) ctcact >>> tataat -10 (244)
sigma38(+):    250   Score   1.95     -35 (215) ctcact >>> tataat -10 (244)
sigma32(+):    229   Score   1.95     -35 (193) gcttaca >>> ctcactattt -10 (224)
sigma24(+):    217   Score   1.92     -35 (181) gaaata >>> gctgt -10 (210)
sigma28(+):    208   Score   1.87     -35 (173) acactttt >>> gcttacat -10 (200)

   Total:      5 promoter(s) predicted



>TSS_990_D39V_2033031_-_939_SigA
   Length of Query sequence:       300
sigma70(+):    250   Score   1.96     -35 (217) ttgaca >>> tatgat -10 (244)
sigma38(+):    250   Score   1.96     -35 (217) ttgaca >>> tatgat -10 (244)
sigma24(+):    231   Score   1.94     -35 (199) tattta >>> acaaa -10 (224)
sigma32(+):    218   Score   1.94     -35 (184) gaaaaga >>> acccctgtaa -10 (213)
sigma28(+):    201   Score   1.97     -35 (161) gaaactat >>> gaagaaaa -10 (188)

   Total:      5 promoter(s) predicted



>TSS_991_D39V_2034182_-_1191_None
   Length of Query sequence:       300
sigma38(+):    250   Score   1.96     -35 (218) gttatt >>> tataat -10 (244)
sigma70(+):    240   Score   1.97     -35 (205) ttgata >>> taaaaa -10 (233)
sigma28(+):    217   Score   1.97     -35 (185) aaaagcaa >>> tttgataa -10 (211)
sigma24(+):    205   Score   1.96     -35 (176) aaatct >>> gctga -10 (198)

   Total:      4 promoter(s) predicted



>TSS_992_D39V_2034343_+_516_None
   Length of Query sequence:       300
sigma38(+):    242   Score   1.96     -35 (201) ttgaca >>> tatttt -10 (234)
sigma70(+):    230   Score   1.96     -35 (190) tttaca >>> gaatat -10 (223)
sigma28(+):    217   Score   1.95     -35 (184) atataatt >>> gacaaata -10 (210)
sigma24(+):    206   Score   1.98     -35 (170) aaagga >>> acaaa -10 (199)
sigma32(+):    205   Score   1.94     -35 (169) taaagga >>> ttacacaaaa -10 (200)

   Total:      5 promoter(s) predicted



>TSS_993_D39V_2040336_+_6_PipR
   Length of Query sequence:       300
sigma38(+):    242   Score   1.95     -35 (204) tttctc >>> taaaat -10 (234)
sigma28(+):    241   Score   1.95     -35 (208) tccttttt >>> tctaaaat -10 (234)
sigma32(+):    238   Score   1.94     -35 (197) aacttag >>> aaacatattg -10 (226)
sigma24(+):    229   Score   1.97     -35 (196) aaactt >>> acata -10 (223)
sigma70(+):    228   Score   1.97     -35 (193) tttaaa >>> taaaca -10 (221)

   Total:      5 promoter(s) predicted



>TSS_994_D39V_2041164_-_288_SigA
   Length of Query sequence:       300
sigma38(+):    250   Score   1.95     -35 (217) ttgaca >>> tataat -10 (244)
sigma24(+):    218   Score   1.98     -35 (183) aaaaga >>> tcaaa -10 (211)
sigma28(+):    210   Score   1.97     -35 (177) aaaattaa >>> gagaaaaa -10 (203)
sigma32(+):    203   Score   1.94     -35 (163) agattaa >>> aaagatattt -10 (193)
sigma70(+):    201   Score   1.97     -35 (166) ttaaaa >>> tatttt -10 (194)

   Total:      5 promoter(s) predicted



>TSS_995_D39V_2041283_-_3_None
   Length of Query sequence:       300
sigma70(+):    244   Score   1.85     -35 (208) taggca >>> gaaaaa -10 (237)
sigma28(+):    244   Score   1.94     -35 (211) gcaatatc >>> tcgaaaaa -10 (237)
sigma24(+):    241   Score   1.96     -35 (211) gcaata >>> tcgaa -10 (234)
sigma32(+):    221   Score   1.94     -35 (186) cacaagt >>> ataggcaata -10 (216)
sigma38(+):    215   Score   1.94     -35 (175) tttatt >>> taaata -10 (207)

   Total:      5 promoter(s) predicted



>TSS_996_D39V_2043461_-_0_SigA_LOWCONF
   Length of Query sequence:       300
sigma70(+):    250   Score   1.96     -35 (211) ttttat >>> tataat -10 (243)
sigma28(+):    235   Score   1.96     -35 (203) tgagagaa >>> aacgaaat -10 (228)
sigma24(+):    227   Score   1.98     -35 (191) aaaaat >>> tctaa -10 (220)
sigma38(+):    204   Score   1.95     -35 (166) cttaaa >>> aaaaat -10 (196)

   Total:      4 promoter(s) predicted



>TSS_997_D39V_2043661_-_1233_None
   Length of Query sequence:       300
sigma38(+):    250   Score   1.95     -35 (216) ttgact >>> tagaat -10 (244)
sigma70(+):    241   Score   1.96     -35 (203) cataaa >>> gaattt -10 (234)
sigma28(+):    214   Score   1.84     -35 (180) cgattcag >>> taccataa -10 (207)
sigma32(+):    213   Score   1.94     -35 (173) gctttta >>> tcccctacca -10 (204)
sigma24(+):    212   Score   0.95     -35 (181) gattca >>> accat -10 (205)

   Total:      5 promoter(s) predicted



>TSS_998_D39V_2044180_-_406_DnaA
   Length of Query sequence:       300
sigma38(+):    233   Score   1.96     -35 (199) tttatt >>> aaaaat -10 (227)
sigma28(+):    220   Score   1.97     -35 (187) tgaaatct >>> tgtgaata -10 (213)
sigma70(+):    213   Score   1.97     -35 (178) tttctt >>> tatttt -10 (206)
sigma24(+):    203   Score   1.98     -35 (167) gaaatt >>> tctat -10 (196)
sigma32(+):    203   Score   1.95     -35 (168) aaattgt >>> aaatctattt -10 (198)

   Total:      5 promoter(s) predicted



>TSS_999_D39V_2044320_+_7_CiaR
   Length of Query sequence:       300
sigma38(+):    233   Score   1.96     -35 (192) tttcaa >>> aaaact -10 (225)
sigma70(+):    231   Score   1.96     -35 (192) tttcaa >>> taaaac -10 (224)
sigma32(+):    219   Score   1.94     -35 (183) aaatcac >>> atccacagtt -10 (214)
sigma24(+):    205   Score   1.98     -35 (173) tcaatt >>> tcaaa -10 (198)

   Total:      4 promoter(s) predicted



>TSS_1001_D39V_2045602_+_116_None
   Length of Query sequence:       300
sigma38(+):    231   Score   1.95     -35 (194) ttgaca >>> tacata -10 (223)
sigma24(+):    230   Score   1.98     -35 (196) gacatc >>> acata -10 (223)
sigma70(+):    218   Score   1.94     -35 (183) tagaat >>> taaaga -10 (211)

   Total:      3 promoter(s) predicted



>NEG_SPV_1552_CP027540.1_1575577_-
   Length of Query sequence:       300
sigma32(+):    242   Score   1.79     -35 (207) agaacgt >>> tgccctattt -10 (237)
sigma24(+):    214   Score   1.92     -35 (181) caacat >>> tctta -10 (207)
sigma70(+):    208   Score   1.97     -35 (174) cctccg >>> caagat -10 (201)

   Total:      3 promoter(s) predicted



>NEG_SPV_0287_CP027540.1_287881_+
   Length of Query sequence:       300
sigma70(+):    247   Score   1.96     -35 (208) gagaaa >>> taaagt -10 (240)
sigma32(+):    242   Score   1.93     -35 (206) cagagaa >>> atccatataa -10 (237)
sigma24(+):    240   Score   1.94     -35 (211) aaaact >>> tccat -10 (233)
sigma38(+):    209   Score   1.88     -35 (174) cttcaa >>> tacaat -10 (201)

   Total:      4 promoter(s) predicted



>NEG_SPV_0063_CP027540.1_62717_-
   Length of Query sequence:       300
sigma28(+):    241   Score   1.94     -35 (207) agagcaag >>> taccaaaa -10 (234)
sigma70(+):    216   Score   1.02     -35 (176) ctgaat >>> gaatct -10 (204)
sigma32(+):    215   Score   1.91     -35 (181) tacttcg >>> atctgcagag -10 (210)
sigma24(+):    201   Score   0.32     -35 (165) aaatgc >>> gctga -10 (194)

   Total:      4 promoter(s) predicted



>NEG_SPV_1877_CP027540.1_1856916_-
   Length of Query sequence:       300
sigma24(+):    247   Score   1.96     -35 (213) gcacca >>> gcaat -10 (240)
sigma70(+):    236   Score   1.92     -35 (196) ttgata >>> gaaatt -10 (229)
sigma32(+):    226   Score   1.94     -35 (192) aaatttg >>> tgcaccatta -10 (221)
sigma38(+):    204   Score   1.93     -35 (170) tatcaa >>> caaatt -10 (196)

   Total:      4 promoter(s) predicted



>NEG_SPV_0663_CP027540.1_683098_+
   Length of Query sequence:       300
sigma24(+):    239   Score   1.85     -35 (205) aaacgc >>> tcata -10 (232)
sigma28(+):    234   Score   1.95     -35 (196) ttaacact >>> gatgaatt -10 (223)
sigma32(+):    212   Score   1.92     -35 (178) atttggc >>> aacactaaaa -10 (207)
sigma38(+):    211   Score   1.92     -35 (171) cagccg >>> aacact -10 (203)
sigma70(+):    201   Score   1.94     -35 (165) ttgatg >>> gatttt -10 (193)

   Total:      5 promoter(s) predicted



>NEG_SPV_0577_CP027540.1_602544_+
   Length of Query sequence:       300
sigma70(+):    245   Score   1.96     -35 (205) tttatc >>> cactat -10 (238)
sigma32(+):    245   Score   1.92     -35 (211) aagtgtg >>> ttcactatgc -10 (240)
sigma24(+):    243   Score   1.91     -35 (209) tcaagt >>> tcact -10 (236)
sigma38(+):    233   Score   1.95     -35 (197) gttact >>> taaaat -10 (225)
sigma28(+):    231   Score   1.96     -35 (199) tactgatt >>> gataaaat -10 (225)

   Total:      5 promoter(s) predicted



>NEG_SPV_0540_CP027540.1_554736_-
   Length of Query sequence:       300
sigma38(+):    236   Score   1.58     -35 (201) ttgacc >>> aacaca -10 (228)
sigma32(+):    234   Score   1.84     -35 (198) ctcttga >>> aacaacacaa -10 (229)
sigma70(+):    229   Score   1.91     -35 (191) ttgact >>> taaaac -10 (222)
sigma28(+):    226   Score   1.95     -35 (192) tgacttct >>> gctggtaa -10 (219)
sigma24(+):    208   Score   1.94     -35 (174) gcaaca >>> tctct -10 (201)

   Total:      5 promoter(s) predicted



>NEG_SPV_0344_CP027540.1_349204_+
   Length of Query sequence:       300
sigma28(+):    231   Score   1.80     -35 (199) ggaagact >>> gctggaag -10 (224)
sigma38(+):    212   Score   1.87     -35 (178) catcat >>> aagact -10 (206)
sigma70(+):    203   Score   1.93     -35 (168) ctgcct >>> gatcat -10 (196)

   Total:      3 promoter(s) predicted



>NEG_SPV_1866_CP027540.1_1845400_-
   Length of Query sequence:       300
sigma32(+):    245   Score   1.86     -35 (210) tggtcga >>> atccgcatga -10 (240)
sigma24(+):    224   Score   1.15     -35 (191) aaagat >>> tcgaa -10 (217)
sigma70(+):    206   Score   1.81     -35 (167) ttggca >>> gatggt -10 (199)

   Total:      3 promoter(s) predicted



>NEG_SPV_0267_CP027540.1_266723_+
   Length of Query sequence:       300
sigma32(+):    239   Score   1.86     -35 (205) gtctagt >>> ataaccatgt -10 (234)
sigma38(+):    236   Score   1.94     -35 (198) ttgatt >>> taataa -10 (228)
sigma24(+):    232   Score   1.72     -35 (200) gatttg >>> gctaa -10 (225)
sigma70(+):    222   Score   1.92     -35 (183) ttgcag >>> tagtat -10 (213)

   Total:      4 promoter(s) predicted



>NEG_SPV_1664_CP027540.1_1676690_-
   Length of Query sequence:       300
sigma24(+):    248   Score   1.88     -35 (216) taactg >>> tcggt -10 (241)
sigma38(+):    218   Score   1.94     -35 (177) gttcag >>> tatttt -10 (210)
sigma70(+):    217   Score   1.96     -35 (177) gttcag >>> tatttt -10 (210)
sigma32(+):    202   Score   1.90     -35 (168) ggatgac >>> gcaggcatgt -10 (197)

   Total:      4 promoter(s) predicted



>NEG_SPV_1876_CP027540.1_1855365_-
   Length of Query sequence:       300
sigma70(+):    236   Score   1.96     -35 (198) gaggcg >>> taagtt -10 (228)
sigma38(+):    230   Score   1.87     -35 (192) gtgact >>> tactat -10 (222)
sigma24(+):    206   Score   1.72     -35 (176) gaagtt >>> actga -10 (199)
sigma28(+):    203   Score   1.92     -35 (164) gaaagacc >>> gcctatca -10 (190)

   Total:      4 promoter(s) predicted



>NEG_SPV_1336_CP027540.1_1352364_-
   Length of Query sequence:       300
sigma70(+):    214   Score   1.94     -35 (179) ttggtt >>> tatttt -10 (207)
sigma32(+):    211   Score   1.89     -35 (177) gtttggt >>> tcctctattt -10 (206)
sigma38(+):    204   Score   1.92     -35 (165) cttcag >>> tataat -10 (196)

   Total:      3 promoter(s) predicted



>NEG_SPV_0244_CP027540.1_235533_+
   Length of Query sequence:       300
sigma38(+):    246   Score   1.95     -35 (211) tttaca >>> tatttt -10 (238)
sigma70(+):    245   Score   1.94     -35 (211) tttaca >>> tatttt -10 (238)
sigma32(+):    213   Score   1.95     -35 (178) tagttga >>> ttccatatgg -10 (208)

   Total:      3 promoter(s) predicted



>NEG_SPV_1440_CP027540.1_1458266_-
   Length of Query sequence:       300
sigma24(+):    231   Score   1.92     -35 (199) taatca >>> acaga -10 (224)
sigma32(+):    230   Score   1.87     -35 (195) tatttaa >>> gaacacagac -10 (225)
sigma38(+):    230   Score   1.95     -35 (189) ttgaac >>> aacaca -10 (222)
sigma70(+):    211   Score   1.90     -35 (178) tagcaa >>> taatca -10 (204)

   Total:      4 promoter(s) predicted



>NEG_SPV_0902_CP027540.1_1048552_+
   Length of Query sequence:       300
sigma24(+):    233   Score   1.87     -35 (200) gacaag >>> tcaaa -10 (226)
sigma38(+):    225   Score   1.79     -35 (189) gtgcca >>> aacatt -10 (217)
sigma70(+):    224   Score   1.87     -35 (189) gtgcca >>> gaacat -10 (216)

   Total:      3 promoter(s) predicted



>NEG_SPV_0080_CP027540.1_80825_+
   Length of Query sequence:       300
sigma24(+):    246   Score   1.97     -35 (216) aaaaat >>> tcaat -10 (239)
sigma32(+):    242   Score   1.95     -35 (206) agttgct >>> atcaacatca -10 (237)
sigma70(+):    237   Score   1.96     -35 (195) ttgact >>> tagaca -10 (228)
sigma38(+):    223   Score   1.95     -35 (190) ctgact >>> tactaa -10 (217)

   Total:      4 promoter(s) predicted



>NEG_SPV_0072_CP027540.1_73385_+
   Length of Query sequence:       300
sigma28(+):    250   Score   1.71     -35 (218) caaggata >>> gccagttt -10 (245)
sigma32(+):    249   Score   1.80     -35 (214) ccgtcaa >>> ccagccagtt -10 (244)
sigma70(+):    241   Score   1.90     -35 (205) ttcatc >>> gaaagt -10 (234)
sigma24(+):    239   Score   1.59     -35 (206) tcatct >>> tcgaa -10 (231)
sigma38(+):    216   Score   1.56     -35 (177) ctggca >>> tattca -10 (208)

   Total:      5 promoter(s) predicted



>NEG_SPV_0251_CP027540.1_248087_+
   Length of Query sequence:       300
On chain+ promoters not found

   Total:      0 promoter(s) predicted



>NEG_SPV_0532_CP027540.1_544955_+
   Length of Query sequence:       300
sigma38(+):    233   Score   1.87     -35 (195) tttcaa >>> tattat -10 (225)
sigma70(+):    232   Score   1.92     -35 (195) tttcaa >>> tattat -10 (225)
sigma24(+):    207   Score   1.93     -35 (177) gcattt >>> tcaaa -10 (201)
sigma28(+):    201   Score   1.97     -35 (168) tcaggaac >>> gctgtcta -10 (194)

   Total:      4 promoter(s) predicted



>NEG_SPV_0561_CP027540.1_578720_+
   Length of Query sequence:       300
sigma38(+):    241   Score   1.84     -35 (200) ctcaca >>> tatcat -10 (233)
sigma70(+):    239   Score   1.97     -35 (200) ctcaca >>> tatcat -10 (233)
sigma24(+):    212   Score   1.97     -35 (176) caagtt >>> tcaca -10 (205)
sigma28(+):    203   Score   1.95     -35 (168) taacgccc >>> accaatga -10 (193)
sigma32(+):    201   Score   1.95     -35 (161) accttct >>> atcaccaatg -10 (192)

   Total:      5 promoter(s) predicted



>NEG_SPV_1213_CP027540.1_1243279_-
   Length of Query sequence:       300
sigma38(+):    241   Score   1.90     -35 (200) gttcca >>> taccct -10 (233)
sigma28(+):    236   Score   1.94     -35 (202) tccagaca >>> actggtta -10 (229)
sigma70(+):    231   Score   1.97     -35 (194) cagata >>> catact -10 (224)
sigma32(+):    228   Score   1.86     -35 (192) ctcagat >>> tcctccatac -10 (223)
sigma24(+):    204   Score   1.81     -35 (172) gatttc >>> tcaga -10 (197)

   Total:      5 promoter(s) predicted



>NEG_SPV_1472_CP027540.1_1488732_-
   Length of Query sequence:       300
sigma24(+):    249   Score   1.01     -35 (215) gcacaa >>> tcgta -10 (242)
sigma70(+):    245   Score   1.85     -35 (208) tggaca >>> gaagct -10 (238)
sigma28(+):    227   Score   1.90     -35 (195) tcatggac >>> gcacaaaa -10 (222)

   Total:      3 promoter(s) predicted



>NEG_SPV_0065_CP027540.1_66054_+
   Length of Query sequence:       300
sigma70(+):    250   Score   1.91     -35 (214) ttgaac >>> catgat -10 (242)
sigma28(+):    249   Score   1.87     -35 (215) tgaacaat >>> tctcatga -10 (241)
sigma24(+):    245   Score   1.88     -35 (216) gaacaa >>> tctca -10 (238)
sigma38(+):    230   Score   1.79     -35 (190) ttgcca >>> aacaat -10 (222)

   Total:      4 promoter(s) predicted



>NEG_SPV_1376_CP027540.1_1390782_-
   Length of Query sequence:       300
sigma38(+):    240   Score   1.56     -35 (204) ctgtaa >>> catagt -10 (232)
sigma70(+):    239   Score   1.85     -35 (204) ctgtaa >>> catagt -10 (232)
sigma32(+):    238   Score   1.59     -35 (202) aactgta >>> ggccatagta -10 (233)
sigma28(+):    227   Score   1.96     -35 (193) tccagaag >>> ccaggtaa -10 (219)

   Total:      4 promoter(s) predicted



>NEG_SPV_0488_CP027540.1_495767_+
   Length of Query sequence:       300
sigma32(+):    228   Score   1.85     -35 (192) ccgtcag >>> aacgacagag -10 (223)

   Total:      1 promoter(s) predicted



>NEG_SPV_1789_CP027540.1_1785298_-
   Length of Query sequence:       300
sigma32(+):    245   Score   1.79     -35 (209) ggaagca >>> caagccattg -10 (240)
sigma24(+):    224   Score   1.92     -35 (190) aaacta >>> gcaga -10 (217)
sigma28(+):    213   Score   1.97     -35 (179) tgaaaatg >>> gaagatgt -10 (205)
sigma70(+):    210   Score   1.90     -35 (174) gagatt >>> gaagat -10 (203)
sigma38(+):    202   Score   1.90     -35 (168) ctcaaa >>> aaaact -10 (194)

   Total:      5 promoter(s) predicted



>NEG_SPV_1587_CP027540.1_1605746_-
   Length of Query sequence:       300
sigma70(+):    245   Score   1.92     -35 (210) ttcaaa >>> gacatt -10 (238)
sigma24(+):    222   Score   1.92     -35 (191) gaagtc >>> tcaaa -10 (215)
sigma32(+):    217   Score   1.94     -35 (181) atttcaa >>> acccctgttc -10 (212)
sigma38(+):    202   Score   1.75     -35 (159) tcaata >>> caattt -10 (190)

   Total:      4 promoter(s) predicted



>NEG_SPV_1758_CP027540.1_1753479_-
   Length of Query sequence:       300
sigma24(+):    250   Score   1.64     -35 (218) gacgtt >>> tccgt -10 (244)
sigma70(+):    247   Score   1.91     -35 (212) ttggtc >>> tatcat -10 (240)
sigma32(+):    244   Score   1.77     -35 (210) gtttggt >>> gacgttatca -10 (239)

   Total:      3 promoter(s) predicted



>NEG_SPV_1335_CP027540.1_1351382_-
   Length of Query sequence:       300
sigma24(+):    249   Score   1.51     -35 (215) gaagac >>> tcata -10 (242)
sigma28(+):    232   Score   1.95     -35 (199) ggaagctc >>> gacgcaga -10 (225)
sigma32(+):    231   Score   1.81     -35 (195) acttgga >>> agacgcagag -10 (226)
sigma38(+):    224   Score   1.59     -35 (183) gagata >>> tacaga -10 (216)
sigma70(+):    201   Score   1.81     -35 (165) gtgtct >>> taccat -10 (192)

   Total:      5 promoter(s) predicted



>NEG_SPV_0911_CP027540.1_1041925_-
   Length of Query sequence:       300
sigma38(+):    244   Score   1.93     -35 (203) tttcag >>> taagat -10 (236)
sigma24(+):    239   Score   1.94     -35 (210) taatct >>> tccta -10 (232)
sigma70(+):    223   Score   1.94     -35 (189) tttttt >>> taatct -10 (215)

   Total:      3 promoter(s) predicted



>NEG_SPV_0535_CP027540.1_548675_+
   Length of Query sequence:       300
sigma28(+):    250   Score   1.80     -35 (217) tagattca >>> gatgaaaa -10 (243)
sigma70(+):    236   Score   1.95     -35 (202) gtggac >>> catttt -10 (228)
sigma32(+):    223   Score   1.90     -35 (187) ttgagat >>> ggaactatta -10 (218)
sigma38(+):    222   Score   1.95     -35 (186) cttgag >>> aactat -10 (216)
sigma24(+):    205   Score   1.96     -35 (176) aaacaa >>> tcaat -10 (198)

   Total:      5 promoter(s) predicted



>NEG_SPV_1080_CP027540.1_1111704_-
   Length of Query sequence:       300
sigma24(+):    250   Score   1.98     -35 (216) gcaagg >>> tcaaa -10 (243)
sigma32(+):    227   Score   1.95     -35 (188) cgcagat >>> caccccagca -10 (218)
sigma38(+):    213   Score   1.94     -35 (178) cttata >>> tatact -10 (205)
sigma28(+):    203   Score   1.96     -35 (170) tgatgaag >>> gcagataa -10 (196)
sigma70(+):    203   Score   1.94     -35 (169) ttgatg >>> gataaa -10 (197)

   Total:      5 promoter(s) predicted



>NEG_SPV_1436_CP027540.1_1454047_-
   Length of Query sequence:       300
sigma24(+):    249   Score   0.21     -35 (217) gcaggt >>> actga -10 (242)
sigma32(+):    208   Score   1.86     -35 (174) tgctctg >>> ggcaccatca -10 (203)

   Total:      2 promoter(s) predicted



>NEG_SPV_0671_CP027540.1_691107_+
   Length of Query sequence:       300
sigma38(+):    220   Score   1.66     -35 (185) gtgatt >>> taagat -10 (212)
sigma70(+):    219   Score   1.86     -35 (185) gtgatt >>> taagat -10 (212)
sigma24(+):    201   Score   1.89     -35 (169) gaccgt >>> tctat -10 (195)

   Total:      3 promoter(s) predicted



>NEG_SPV_2041_CP027540.1_2019360_-
   Length of Query sequence:       300
sigma24(+):    236   Score   1.91     -35 (200) gaattg >>> tcatt -10 (229)
sigma32(+):    235   Score   1.91     -35 (201) aattggt >>> aaagtcattg -10 (230)
sigma38(+):    233   Score   1.91     -35 (198) ttgaat >>> taaagt -10 (225)
sigma28(+):    232   Score   1.90     -35 (199) tgaattgg >>> gctaaagt -10 (225)
sigma70(+):    232   Score   1.94     -35 (198) ttgaat >>> taaagt -10 (225)

   Total:      5 promoter(s) predicted



>NEG_SPV_0013_CP027540.1_13043_+
   Length of Query sequence:       300
sigma32(+):    249   Score   1.74     -35 (213) tcgtgaa >>> cacgctaaga -10 (244)
sigma28(+):    249   Score   1.93     -35 (216) tgaagcaa >>> cacgctaa -10 (242)
sigma70(+):    240   Score   1.92     -35 (205) gttaaa >>> gaaagt -10 (233)
sigma38(+):    234   Score   1.92     -35 (200) ctgatg >>> caatct -10 (226)

   Total:      4 promoter(s) predicted



>NEG_SPV_1931_CP027540.1_1902197_+
   Length of Query sequence:       300
sigma32(+):    245   Score   1.95     -35 (209) gtattac >>> tgctctatta -10 (240)
sigma24(+):    233   Score   1.94     -35 (204) gcaagg >>> tcaaa -10 (226)
sigma70(+):    232   Score   1.96     -35 (191) ttagag >>> taatca -10 (224)
sigma38(+):    226   Score   1.87     -35 (185) ctccat >>> tacagt -10 (218)

   Total:      4 promoter(s) predicted



>NEG_SPV_2030_CP027540.1_2009681_-
   Length of Query sequence:       300
sigma38(+):    250   Score   1.93     -35 (213) ttgtct >>> aattct -10 (242)
sigma24(+):    227   Score   1.49     -35 (192) gattta >>> tctta -10 (220)
sigma70(+):    212   Score   1.93     -35 (178) ttgata >>> gaatat -10 (205)

   Total:      3 promoter(s) predicted



>NEG_SPV_0397_CP027540.1_398676_-
   Length of Query sequence:       300
sigma24(+):    239   Score   1.76     -35 (207) gccgta >>> tcagt -10 (232)
sigma70(+):    235   Score   1.91     -35 (200) gtgaag >>> tacttt -10 (228)
sigma38(+):    224   Score   1.85     -35 (189) ttggtg >>> tatcat -10 (216)
sigma32(+):    218   Score   1.80     -35 (184) aggtttt >>> agcgccgtat -10 (213)

   Total:      4 promoter(s) predicted



>NEG_SPV_1752_CP027540.1_1745786_+
   Length of Query sequence:       300
sigma24(+):    239   Score   1.97     -35 (207) gcatta >>> tcatt -10 (232)
sigma38(+):    236   Score   1.96     -35 (198) tttgta >>> tacaat -10 (228)
sigma70(+):    235   Score   1.96     -35 (199) ttgtaa >>> tacaat -10 (228)
sigma32(+):    217   Score   1.95     -35 (181) agctagg >>> aacagcatta -10 (212)

   Total:      4 promoter(s) predicted



>NEG_SPV_0901_CP027540.1_1049832_-
   Length of Query sequence:       300
sigma24(+):    243   Score   1.85     -35 (211) ccaagt >>> gcagt -10 (236)
sigma32(+):    233   Score   1.84     -35 (199) ctcttct >>> tgctccagtt -10 (228)
sigma38(+):    221   Score   1.81     -35 (182) ttccta >>> tatcca -10 (213)
sigma70(+):    201   Score   1.91     -35 (165) tattca >>> taaggt -10 (191)

   Total:      4 promoter(s) predicted



>NEG_SPV_0828_CP027540.1_846275_+
   Length of Query sequence:       300
sigma24(+):    220   Score   1.09     -35 (188) gcagct >>> gcagt -10 (213)
sigma70(+):    215   Score   1.89     -35 (182) gttaag >>> gaaatt -10 (208)
sigma28(+):    205   Score   1.92     -35 (172) tcatgatt >>> gctattga -10 (198)
sigma32(+):    202   Score   1.87     -35 (166) ccctggt >>> gcagctattg -10 (197)

   Total:      4 promoter(s) predicted



>NEG_SPV_0669_CP027540.1_690011_+
   Length of Query sequence:       300
sigma38(+):    250   Score   1.94     -35 (211) cttata >>> caatat -10 (242)
sigma28(+):    246   Score   1.96     -35 (215) taacccag >>> gaccaata -10 (241)
sigma32(+):    222   Score   1.93     -35 (186) aaattgt >>> ttccttataa -10 (217)
sigma70(+):    211   Score   1.92     -35 (171) ctcaag >>> taaact -10 (204)
sigma24(+):    203   Score   1.89     -35 (172) tcaaga >>> tctta -10 (196)

   Total:      5 promoter(s) predicted



>NEG_SPV_0383_CP027540.1_387493_+
   Length of Query sequence:       300
sigma70(+):    202   Score   1.87     -35 (167) ttgctg >>> tactct -10 (195)
sigma38(+):    201   Score   1.27     -35 (167) ttgctg >>> tactct -10 (195)

   Total:      2 promoter(s) predicted



>NEG_SPV_0525_CP027540.1_536799_+
   Length of Query sequence:       300
sigma38(+):    249   Score   1.69     -35 (213) tttcta >>> taagca -10 (243)
sigma24(+):    225   Score   1.74     -35 (194) tcagtt >>> tctaa -10 (219)
sigma70(+):    211   Score   1.91     -35 (173) cagcag >>> tatgaa -10 (204)
sigma32(+):    201   Score   1.87     -35 (166) gacccat >>> aaacccatca -10 (196)

   Total:      4 promoter(s) predicted



>NEG_SPV_1938_CP027540.1_1912676_+
   Length of Query sequence:       300
sigma38(+):    222   Score   1.69     -35 (183) ctgatg >>> aatcct -10 (214)
sigma70(+):    218   Score   1.83     -35 (183) ctgatg >>> cagaat -10 (211)
sigma32(+):    208   Score   1.81     -35 (174) tagttct >>> gacgccttct -10 (203)
sigma24(+):    202   Score   1.86     -35 (170) ggatta >>> tcaga -10 (195)

   Total:      4 promoter(s) predicted



>NEG_SPV_0820_CP027540.1_838338_+
   Length of Query sequence:       300
sigma28(+):    245   Score   1.89     -35 (205) caaagata >>> gcaaatat -10 (232)
sigma38(+):    241   Score   1.64     -35 (203) ctcaaa >>> aatatt -10 (233)
sigma24(+):    236   Score   1.89     -35 (200) gaactc >>> gcaaa -10 (229)
sigma32(+):    235   Score   1.84     -35 (201) aactcaa >>> ctccgcaaat -10 (230)
sigma70(+):    223   Score   1.96     -35 (186) tagtac >>> taaaaa -10 (216)

   Total:      5 promoter(s) predicted



>NEG_SPV_0267_CP027540.1_266343_+
   Length of Query sequence:       300
sigma38(+):    250   Score   1.90     -35 (211) ttgatt >>> taaaat -10 (242)
sigma70(+):    249   Score   1.92     -35 (211) ttgatt >>> taaaat -10 (242)
sigma32(+):    205   Score   1.81     -35 (167) ggcaaga >>> gtcttcatct -10 (196)

   Total:      3 promoter(s) predicted



>NEG_SPV_0250_CP027540.1_246090_-
   Length of Query sequence:       300
sigma24(+):    233   Score   1.81     -35 (200) aaagta >>> tcgaa -10 (226)
sigma32(+):    229   Score   1.84     -35 (193) ccctgac >>> gtcgctctcg -10 (224)
sigma38(+):    212   Score   1.93     -35 (177) tctacg >>> caaagt -10 (204)
sigma70(+):    211   Score   1.91     -35 (174) ttgtct >>> caaagt -10 (204)

   Total:      4 promoter(s) predicted



>NEG_SPV_1012_CP027540.1_938211_-
   Length of Query sequence:       300
sigma24(+):    222   Score   1.92     -35 (186) gaacat >>> tctga -10 (215)
sigma28(+):    203   Score   1.93     -35 (163) aaagttct >>> gatgaaca -10 (190)

   Total:      2 promoter(s) predicted



>NEG_SPV_0254_CP027540.1_253600_+
   Length of Query sequence:       300
sigma38(+):    214   Score   1.78     -35 (179) tttatc >>> tagttt -10 (206)
sigma70(+):    213   Score   1.82     -35 (179) tttatc >>> tagttt -10 (206)
sigma32(+):    210   Score   1.81     -35 (176) agattta >>> gtccgtagtt -10 (205)
sigma24(+):    208   Score   1.81     -35 (172) gaagag >>> tccgt -10 (201)

   Total:      4 promoter(s) predicted



>NEG_SPV_0885_CP027540.1_896529_+
   Length of Query sequence:       300
sigma38(+):    244   Score   1.85     -35 (210) ggtgct >>> tatact -10 (236)
sigma70(+):    243   Score   1.58     -35 (205) gcaatg >>> tatact -10 (236)

   Total:      2 promoter(s) predicted



>NEG_SPV_0844_CP027540.1_859097_+
   Length of Query sequence:       300
sigma38(+):    246   Score   1.74     -35 (212) ttgccc >>> taggtt -10 (238)
sigma70(+):    245   Score   1.91     -35 (212) ttgccc >>> taggtt -10 (238)
sigma32(+):    227   Score   1.90     -35 (191) gtctagg >>> tgccctatct -10 (222)

   Total:      3 promoter(s) predicted



>NEG_SPV_1474_CP027540.1_1491652_-
   Length of Query sequence:       300
sigma28(+):    246   Score   1.97     -35 (207) acaagctc >>> gccgataa -10 (233)
sigma70(+):    244   Score   1.88     -35 (205) ttacaa >>> taaaga -10 (236)
sigma38(+):    221   Score   1.64     -35 (185) ctcaag >>> caagct -10 (213)

   Total:      3 promoter(s) predicted



>NEG_SPV_0635_CP027540.1_655752_+
   Length of Query sequence:       300
sigma28(+):    246   Score   1.85     -35 (207) ctcagatt >>> gaagaaag -10 (233)
sigma38(+):    243   Score   1.85     -35 (203) ttggct >>> aaagct -10 (235)
sigma70(+):    224   Score   1.88     -35 (186) ttggct >>> gattgt -10 (216)

   Total:      3 promoter(s) predicted



>NEG_SPV_2032_CP027540.1_2012096_-
   Length of Query sequence:       300
sigma28(+):    250   Score   1.97     -35 (218) tgaattga >>> gaagatgg -10 (244)
sigma38(+):    226   Score   1.94     -35 (187) ctggag >>> tatgct -10 (218)
sigma70(+):    225   Score   1.88     -35 (187) ctggag >>> tatgct -10 (218)
sigma32(+):    222   Score   1.95     -35 (187) ctggaga >>> atccctatgc -10 (217)

   Total:      4 promoter(s) predicted



>NEG_SPV_0108_CP027540.1_108195_+
   Length of Query sequence:       300
sigma38(+):    215   Score   1.90     -35 (178) ctgatt >>> tacaat -10 (207)
sigma70(+):    214   Score   1.92     -35 (178) ctgatt >>> tacaat -10 (207)
sigma24(+):    204   Score   1.82     -35 (168) aaattt >>> acggt -10 (197)
sigma28(+):    201   Score   1.96     -35 (165) tcaaaatt >>> gatgatga -10 (191)

   Total:      4 promoter(s) predicted



>NEG_SPV_1841_CP027540.1_1827392_-
   Length of Query sequence:       300
sigma70(+):    224   Score   1.89     -35 (189) ttgatg >>> gatgat -10 (217)
sigma28(+):    223   Score   1.97     -35 (190) tgatgtag >>> aatgatga -10 (216)
sigma38(+):    218   Score   1.95     -35 (180) ttgcac >>> tactaa -10 (210)
sigma24(+):    217   Score   1.97     -35 (182) gcacaa >>> actaa -10 (210)

   Total:      4 promoter(s) predicted



>NEG_SPV_1103_CP027540.1_1134382_-
   Length of Query sequence:       300
sigma70(+):    237   Score   1.92     -35 (199) ttggag >>> tatgat -10 (229)
sigma38(+):    237   Score   1.90     -35 (199) ttggag >>> tatgat -10 (229)
sigma24(+):    216   Score   1.89     -35 (183) gatcag >>> acaat -10 (209)
sigma28(+):    214   Score   1.85     -35 (181) tggatcag >>> ggagacaa -10 (208)

   Total:      4 promoter(s) predicted



>NEG_SPV_1305_CP027540.1_1324837_-
   Length of Query sequence:       300
sigma70(+):    230   Score   1.94     -35 (194) tatgag >>> gaaatt -10 (223)
sigma24(+):    223   Score   1.95     -35 (187) gcctga >>> tcatt -10 (216)
sigma38(+):    222   Score   1.87     -35 (181) tatcca >>> tattca -10 (214)

   Total:      3 promoter(s) predicted



>NEG_SPV_0320_CP027540.1_319823_+
   Length of Query sequence:       300
sigma70(+):    249   Score   1.96     -35 (210) gaccaa >>> gagaat -10 (242)
sigma28(+):    247   Score   1.79     -35 (212) ccaagaat >>> tccgagag -10 (239)
sigma24(+):    243   Score   1.72     -35 (210) gaccaa >>> tccga -10 (236)
sigma38(+):    201   Score   1.79     -35 (163) caggct >>> caaatt -10 (193)

   Total:      4 promoter(s) predicted



>NEG_SPV_1015_CP027540.1_934190_-
   Length of Query sequence:       300
sigma38(+):    235   Score   1.88     -35 (201) tttgaa >>> aatttt -10 (227)
sigma70(+):    231   Score   1.90     -35 (193) cttgag >>> gagaat -10 (224)
sigma28(+):    227   Score   1.88     -35 (195) tgagcgtt >>> gcctgaga -10 (222)
sigma32(+):    225   Score   1.83     -35 (191) atcttga >>> ctccgcctga -10 (220)

   Total:      4 promoter(s) predicted



>NEG_SPV_0222_CP027540.1_213282_+
   Length of Query sequence:       300
sigma70(+):    229   Score   1.89     -35 (191) ttaatg >>> gataat -10 (222)
sigma32(+):    217   Score   1.82     -35 (181) gtttatc >>> atccgcatgg -10 (212)
sigma24(+):    201   Score   1.28     -35 (161) gaatga >>> tctga -10 (190)

   Total:      3 promoter(s) predicted



>NEG_SPV_1352_CP027540.1_1367416_-
   Length of Query sequence:       300
sigma32(+):    236   Score   1.82     -35 (202) aactcaa >>> gaccacatca -10 (231)

   Total:      1 promoter(s) predicted



>NEG_SPV_0715_CP027540.1_730436_-
   Length of Query sequence:       300
sigma24(+):    247   Score   1.84     -35 (211) acctac >>> tctat -10 (240)
sigma70(+):    232   Score   1.97     -35 (198) tcgtca >>> tacaat -10 (225)
sigma32(+):    211   Score   1.92     -35 (177) agctgac >>> ctcgtcatcg -10 (206)
sigma38(+):    206   Score   1.81     -35 (171) cggaca >>> tattct -10 (198)
sigma28(+):    201   Score   1.91     -35 (162) tacctatt >>> gacgaata -10 (188)

   Total:      5 promoter(s) predicted



>NEG_SPV_1528_CP027540.1_1550576_-
   Length of Query sequence:       300
sigma28(+):    229   Score   1.82     -35 (198) ggagcaac >>> tctgacca -10 (223)
sigma70(+):    217   Score   1.90     -35 (180) tttcag >>> cattat -10 (211)
sigma38(+):    217   Score   1.92     -35 (180) tttcag >>> cattat -10 (211)
sigma32(+):    215   Score   1.92     -35 (179) ttttcag >>> gcaaccatta -10 (210)
sigma24(+):    207   Score   0.76     -35 (175) tcattt >>> gcgga -10 (200)

   Total:      5 promoter(s) predicted



>NEG_SPV_1504_CP027540.1_1525631_-
   Length of Query sequence:       300
sigma70(+):    232   Score   1.96     -35 (192) taagca >>> tactat -10 (225)
sigma24(+):    221   Score   1.93     -35 (186) gaaaga >>> tccaa -10 (214)
sigma28(+):    201   Score   1.97     -35 (168) taagcaag >>> aaagataa -10 (194)

   Total:      3 promoter(s) predicted



>NEG_SPV_2265_CP027540.1_901967_+
   Length of Query sequence:       300
sigma24(+):    246   Score   1.60     -35 (214) tatcta >>> gctaa -10 (240)
sigma32(+):    235   Score   1.91     -35 (199) aaaagga >>> aaccgcgtga -10 (230)
sigma70(+):    230   Score   1.96     -35 (194) gaggca >>> tacaac -10 (223)
sigma38(+):    201   Score   1.61     -35 (164) tcgaca >>> aatact -10 (193)

   Total:      4 promoter(s) predicted



>NEG_SPV_1403_CP027540.1_1423478_-
   Length of Query sequence:       300
sigma28(+):    240   Score   1.97     -35 (205) tcaagtca >>> gctcatca -10 (232)
sigma38(+):    235   Score   1.89     -35 (194) ttggtt >>> tatgct -10 (227)
sigma70(+):    234   Score   1.91     -35 (194) ttggtt >>> tatgct -10 (227)
sigma24(+):    221   Score   1.96     -35 (187) acaaga >>> tcaga -10 (214)

   Total:      4 promoter(s) predicted



>NEG_SPV_0461_CP027540.1_473237_+
   Length of Query sequence:       300
sigma32(+):    212   Score   1.24     -35 (178) cgactat >>> aacctcaact -10 (207)
sigma38(+):    202   Score   1.53     -35 (163) ttgaac >>> tacaat -10 (194)
sigma70(+):    201   Score   1.91     -35 (163) ttgaac >>> tacaat -10 (194)
sigma24(+):    201   Score   1.75     -35 (165) gaacgt >>> acaat -10 (194)

   Total:      4 promoter(s) predicted



>NEG_SPV_1759_CP027540.1_1758099_-
   Length of Query sequence:       300
sigma38(+):    210   Score   1.69     -35 (172) tctttg >>> cacagt -10 (198)
sigma24(+):    203   Score   1.48     -35 (168) gaattc >>> tcaca -10 (196)

   Total:      2 promoter(s) predicted



>NEG_SPV_0176_CP027540.1_181420_+
   Length of Query sequence:       300
sigma24(+):    225   Score   1.91     -35 (189) aaatcg >>> tcaaa -10 (218)
sigma70(+):    221   Score   1.92     -35 (181) gttcag >>> cattct -10 (214)
sigma32(+):    215   Score   1.82     -35 (179) gggttca >>> atcaacagca -10 (210)

   Total:      3 promoter(s) predicted



>NEG_SPV_0112_CP027540.1_113180_-
   Length of Query sequence:       300
sigma70(+):    241   Score   1.92     -35 (208) gcgatc >>> aaaaat -10 (234)
sigma38(+):    231   Score   1.91     -35 (190) gttcca >>> caattt -10 (223)
sigma24(+):    228   Score   1.94     -35 (193) ccatta >>> tcaat -10 (221)

   Total:      3 promoter(s) predicted



>NEG_SPV_1620_CP027540.1_1635852_-
   Length of Query sequence:       300
sigma24(+):    230   Score   1.67     -35 (194) gacgtg >>> tcaat -10 (223)

   Total:      1 promoter(s) predicted



>NEG_SPV_0558_CP027540.1_570784_+
   Length of Query sequence:       300
sigma70(+):    223   Score   1.91     -35 (186) ttgaaa >>> catgat -10 (216)
sigma28(+):    222   Score   1.97     -35 (189) aaagggca >>> acccatga -10 (215)
sigma32(+):    220   Score   1.91     -35 (184) gattgaa >>> caacccatga -10 (215)
sigma38(+):    212   Score   1.93     -35 (177) tttcat >>> aaaagt -10 (204)

   Total:      4 promoter(s) predicted



>NEG_SPV_1965_CP027540.1_1934781_-
   Length of Query sequence:       300
sigma28(+):    239   Score   1.97     -35 (206) tgcggatg >>> gaagaaat -10 (232)
sigma70(+):    230   Score   1.96     -35 (190) tcggta >>> taaact -10 (223)
sigma38(+):    207   Score   1.95     -35 (168) ttgaat >>> tacttt -10 (199)
sigma32(+):    203   Score   1.94     -35 (169) tgaatga >>> atcggtactt -10 (198)
sigma24(+):    201   Score   1.97     -35 (165) gaattg >>> tcggt -10 (194)

   Total:      5 promoter(s) predicted



>NEG_SPV_0705_CP027540.1_720397_+
   Length of Query sequence:       300
sigma24(+):    230   Score   1.72     -35 (197) tatcgg >>> tcaga -10 (223)
sigma70(+):    218   Score   1.91     -35 (180) ttgcca >>> tactct -10 (209)
sigma38(+):    217   Score   1.92     -35 (180) ttgcca >>> tactct -10 (209)

   Total:      3 promoter(s) predicted



>NEG_SPV_0230_CP027540.1_219075_+
   Length of Query sequence:       300
sigma70(+):    246   Score   1.96     -35 (209) caaaaa >>> caaatt -10 (239)
sigma24(+):    244   Score   1.93     -35 (210) aaaaaa >>> acaaa -10 (237)
sigma28(+):    238   Score   1.97     -35 (204) gcaagcaa >>> tacgattg -10 (230)
sigma38(+):    236   Score   1.95     -35 (202) ttgcaa >>> tacgat -10 (228)

   Total:      4 promoter(s) predicted



>NEG_SPV_0561_CP027540.1_578890_+
   Length of Query sequence:       300
sigma70(+):    214   Score   1.91     -35 (175) tttcat >>> tattat -10 (204)
sigma32(+):    202   Score   1.92     -35 (168) tcatcgg >>> atcgttatcg -10 (197)
sigma38(+):    201   Score   1.95     -35 (166) cttcat >>> tatcgt -10 (192)

   Total:      3 promoter(s) predicted



>NEG_SPV_0264_CP027540.1_262981_-
   Length of Query sequence:       300
sigma70(+):    247   Score   1.89     -35 (208) ttggac >>> tatcat -10 (240)
sigma24(+):    232   Score   1.90     -35 (200) gcaact >>> tcaaa -10 (225)
sigma32(+):    225   Score   1.76     -35 (190) cggtcag >>> gactccagat -10 (220)

   Total:      3 promoter(s) predicted



>NEG_SPV_1010_CP027540.1_939009_+
   Length of Query sequence:       300
sigma38(+):    231   Score   1.95     -35 (192) gtcaag >>> catatt -10 (223)
sigma24(+):    220   Score   1.95     -35 (184) aactga >>> tctga -10 (213)
sigma32(+):    211   Score   1.94     -35 (175) agcaaaa >>> gccaccatag -10 (206)
sigma28(+):    202   Score   1.94     -35 (167) ttaaaaga >>> actgatag -10 (192)
sigma70(+):    201   Score   1.96     -35 (160) tttcta >>> gatagt -10 (193)

   Total:      5 promoter(s) predicted



>NEG_SPV_0670_CP027540.1_690478_+
   Length of Query sequence:       300
sigma28(+):    241   Score   1.93     -35 (208) ttatctat >>> gcggaaaa -10 (233)
sigma38(+):    232   Score   1.87     -35 (196) tttcca >>> caaatt -10 (224)
sigma70(+):    205   Score   1.91     -35 (167) ctcaat >>> gatttt -10 (198)
sigma24(+):    201   Score   1.92     -35 (169) caatgt >>> tctga -10 (194)

   Total:      4 promoter(s) predicted



>NEG_SPV_1091_CP027540.1_1121866_+
   Length of Query sequence:       300
sigma32(+):    231   Score   1.91     -35 (197) ttatcgt >>> tcccatatat -10 (226)
sigma38(+):    211   Score   1.87     -35 (175) ttgatg >>> tatcgt -10 (203)
sigma70(+):    210   Score   1.94     -35 (175) ttgatg >>> tatcgt -10 (203)

   Total:      3 promoter(s) predicted



>NEG_SPV_1544_CP027540.1_1567522_-
   Length of Query sequence:       300
sigma24(+):    230   Score   1.78     -35 (200) gaaagc >>> acaaa -10 (223)
sigma32(+):    202   Score   1.90     -35 (167) gaatacg >>> aaagccatct -10 (197)

   Total:      2 promoter(s) predicted



>NEG_SPV_1028_CP027540.1_910397_+
   Length of Query sequence:       300
sigma28(+):    232   Score   1.93     -35 (198) tgaagaag >>> aacaaaaa -10 (225)
sigma24(+):    230   Score   1.82     -35 (199) gaagaa >>> acaaa -10 (223)
sigma38(+):    223   Score   0.88     -35 (181) ggtaaa >>> aattgt -10 (214)

   Total:      3 promoter(s) predicted



>NEG_SPV_0404_CP027540.1_405742_+
   Length of Query sequence:       300
sigma32(+):    247   Score   1.92     -35 (211) tgaagca >>> aaagccagtc -10 (242)
sigma24(+):    233   Score   1.96     -35 (203) gaaaat >>> tccaa -10 (226)
sigma38(+):    218   Score   1.92     -35 (177) cttgag >>> aaatct -10 (210)
sigma70(+):    215   Score   1.92     -35 (177) cttgag >>> gaaaat -10 (208)
sigma28(+):    214   Score   1.96     -35 (181) agccgaat >>> caagaaaa -10 (207)

   Total:      5 promoter(s) predicted



>NEG_SPV_1018_CP027540.1_921865_-
   Length of Query sequence:       300
sigma28(+):    231   Score   1.96     -35 (197) acaagtat >>> gcagatgg -10 (224)
sigma24(+):    228   Score   1.95     -35 (195) gaacaa >>> gcaga -10 (221)
sigma32(+):    224   Score   1.89     -35 (188) aaattga >>> agatccagca -10 (219)
sigma70(+):    201   Score   1.75     -35 (161) tttacc >>> aaaaat -10 (191)
sigma38(+):    201   Score   1.88     -35 (161) tttacc >>> aaaaat -10 (191)

   Total:      5 promoter(s) predicted



>NEG_SPV_0871_CP027540.1_886031_-
   Length of Query sequence:       300
sigma24(+):    240   Score   1.92     -35 (209) aaaatt >>> tcgaa -10 (233)
sigma38(+):    221   Score   1.91     -35 (185) cacaat >>> taaaat -10 (213)
sigma28(+):    217   Score   1.96     -35 (183) aacacaat >>> atcgataa -10 (210)
sigma32(+):    217   Score   1.89     -35 (183) aacacaa >>> atcgataaaa -10 (212)
sigma70(+):    208   Score   1.95     -35 (175) tcgtca >>> catttt -10 (201)

   Total:      5 promoter(s) predicted



>NEG_SPV_0512_CP027540.1_523936_+
   Length of Query sequence:       300
sigma32(+):    240   Score   1.72     -35 (204) tgctttc >>> atctgcacca -10 (235)
sigma70(+):    231   Score   1.91     -35 (195) tcaata >>> gaaaat -10 (223)
sigma28(+):    229   Score   1.70     -35 (195) tcaataca >>> gatgaaaa -10 (222)
sigma38(+):    225   Score   1.61     -35 (185) gtccaa >>> tatgat -10 (217)

   Total:      4 promoter(s) predicted



>NEG_SPV_1644_CP027540.1_1659345_-
   Length of Query sequence:       300
sigma38(+):    241   Score   1.94     -35 (201) taaaaa >>> cacttt -10 (233)
sigma24(+):    238   Score   1.95     -35 (204) aaacta >>> tcact -10 (231)
sigma70(+):    232   Score   1.94     -35 (197) cttata >>> tatagt -10 (225)
sigma32(+):    217   Score   1.93     -35 (183) acaagga >>> aaaactatgt -10 (212)

   Total:      4 promoter(s) predicted



>NEG_SPV_0642_CP027540.1_662597_-
   Length of Query sequence:       300
sigma24(+):    246   Score   1.80     -35 (213) gccatt >>> tcact -10 (239)
sigma32(+):    219   Score   1.59     -35 (185) tggactt >>> ctcctcatgc -10 (214)
sigma38(+):    214   Score   1.76     -35 (176) ttgacg >>> caatct -10 (206)
sigma70(+):    213   Score   1.90     -35 (176) ttgacg >>> caatct -10 (206)

   Total:      4 promoter(s) predicted



>NEG_SPV_1758_CP027540.1_1754119_-
   Length of Query sequence:       300
sigma38(+):    233   Score   1.91     -35 (198) ttgaca >>> aatact -10 (225)
sigma70(+):    230   Score   0.51     -35 (197) cttgac >>> taaata -10 (223)
sigma24(+):    227   Score   1.85     -35 (194) caactt >>> gctaa -10 (220)

   Total:      3 promoter(s) predicted



>NEG_SPV_1676_CP027540.1_1692005_-
   Length of Query sequence:       300
sigma32(+):    249   Score   1.51     -35 (215) gaatgcc >>> ttctccaaac -10 (244)
sigma38(+):    238   Score   1.65     -35 (201) cttcca >>> catatt -10 (230)
sigma70(+):    237   Score   1.90     -35 (202) ttccag >>> catatt -10 (230)

   Total:      3 promoter(s) predicted



>NEG_SPV_1584_CP027540.1_1601444_-
   Length of Query sequence:       300
sigma32(+):    231   Score   1.95     -35 (197) tttttta >>> tgctccagtt -10 (226)
sigma70(+):    214   Score   1.87     -35 (181) gcgaaa >>> taaagt -10 (207)
sigma38(+):    201   Score   1.94     -35 (164) ttgatt >>> aaatat -10 (195)

   Total:      3 promoter(s) predicted



>NEG_SPV_0183_CP027540.1_186874_+
   Length of Query sequence:       300
sigma28(+):    226   Score   1.94     -35 (192) agaaggaa >>> gatgaaca -10 (218)
sigma70(+):    214   Score   1.88     -35 (175) tttctt >>> gaagct -10 (207)

   Total:      2 promoter(s) predicted



>NEG_SPV_1486_CP027540.1_1503273_-
   Length of Query sequence:       300
sigma38(+):    231   Score   1.91     -35 (197) tggcaa >>> tacaat -10 (223)
sigma70(+):    230   Score   1.94     -35 (197) tggcaa >>> tacaat -10 (223)
sigma24(+):    210   Score   1.64     -35 (177) gaaatc >>> gcaat -10 (203)
sigma28(+):    202   Score   1.94     -35 (171) gtaaaaga >>> gataaata -10 (196)

   Total:      4 promoter(s) predicted



>NEG_SPV_1542_CP027540.1_1565691_-
   Length of Query sequence:       300
sigma38(+):    244   Score   1.67     -35 (207) tagacc >>> aacatt -10 (236)
sigma70(+):    235   Score   1.89     -35 (198) ttgctg >>> tatcaa -10 (228)
sigma32(+):    230   Score   1.90     -35 (195) atgttgc >>> aacgctatat -10 (225)

   Total:      3 promoter(s) predicted



>NEG_SPV_0425_CP027540.1_427889_+
   Length of Query sequence:       300
sigma24(+):    230   Score   1.96     -35 (199) gaagat >>> gctat -10 (223)
sigma32(+):    230   Score   1.95     -35 (194) gatttga >>> acagctatct -10 (225)
sigma28(+):    205   Score   1.93     -35 (171) acatgact >>> tacgattt -10 (198)
sigma38(+):    204   Score   1.95     -35 (168) cagaca >>> tacgat -10 (196)
sigma70(+):    203   Score   1.96     -35 (168) cagaca >>> tacgat -10 (196)

   Total:      5 promoter(s) predicted



>NEG_SPV_1302_CP027540.1_1320751_+
   Length of Query sequence:       300
sigma28(+):    250   Score   1.68     -35 (218) ttatgatt >>> tactatga -10 (245)
sigma24(+):    246   Score   1.79     -35 (213) gcctgt >>> tcata -10 (239)
sigma38(+):    232   Score   1.92     -35 (193) gttcat >>> tatgat -10 (224)
sigma70(+):    231   Score   1.91     -35 (193) gttcat >>> tatgat -10 (224)
sigma32(+):    209   Score   1.78     -35 (175) gaatggc >>> tcatccattt -10 (204)

   Total:      5 promoter(s) predicted



>NEG_SPV_1840_CP027540.1_1826159_-
   Length of Query sequence:       300
sigma70(+):    235   Score   1.89     -35 (196) tatccc >>> taactt -10 (228)
sigma24(+):    231   Score   1.95     -35 (200) ccagtt >>> tctaa -10 (225)
sigma38(+):    206   Score   1.85     -35 (171) cagaaa >>> cattat -10 (198)
sigma32(+):    202   Score   1.91     -35 (168) tggcaga >>> aaagtcatta -10 (197)

   Total:      4 promoter(s) predicted



>NEG_SPV_0577_CP027540.1_602434_+
   Length of Query sequence:       300
sigma28(+):    217   Score   1.92     -35 (184) gaaaaact >>> tataataa -10 (209)
sigma38(+):    215   Score   1.92     -35 (181) ttggaa >>> tataat -10 (207)
sigma70(+):    214   Score   1.94     -35 (181) ttggaa >>> tataat -10 (207)
sigma24(+):    211   Score   1.96     -35 (177) aaactt >>> tctat -10 (204)

   Total:      4 promoter(s) predicted



>NEG_SPV_0404_CP027540.1_406722_+
   Length of Query sequence:       300
sigma32(+):    246   Score   1.89     -35 (210) ggatgtt >>> gtagatattt -10 (241)
sigma28(+):    236   Score   1.92     -35 (203) tcactgag >>> gctaattg -10 (229)
sigma70(+):    234   Score   1.91     -35 (194) ttgaag >>> tatgct -10 (224)
sigma38(+):    232   Score   1.95     -35 (194) ttgaag >>> tatgct -10 (224)
sigma24(+):    214   Score   1.32     -35 (178) accttg >>> tcact -10 (207)

   Total:      5 promoter(s) predicted



>NEG_SPV_1105_CP027540.1_1138753_-
   Length of Query sequence:       300
sigma32(+):    245   Score   1.92     -35 (210) aggtcaa >>> ttcgttatca -10 (240)
sigma24(+):    224   Score   1.16     -35 (188) acccat >>> tcaat -10 (217)

   Total:      2 promoter(s) predicted



>NEG_SPV_1012_CP027540.1_937591_-
   Length of Query sequence:       300
sigma28(+):    244   Score   1.94     -35 (205) taaagaag >>> gctgttgt -10 (231)
sigma38(+):    231   Score   1.92     -35 (195) tcgaaa >>> tacact -10 (223)
sigma70(+):    230   Score   1.94     -35 (195) tcgaaa >>> tacact -10 (223)
sigma24(+):    215   Score   1.93     -35 (180) aaactt >>> gctaa -10 (207)
sigma32(+):    202   Score   1.86     -35 (166) cggtact >>> gaagctatcg -10 (197)

   Total:      5 promoter(s) predicted



>NEG_SPV_0653_CP027540.1_671970_+
   Length of Query sequence:       300
sigma28(+):    250   Score   1.88     -35 (217) gaatggtc >>> gccaatac -10 (244)

   Total:      1 promoter(s) predicted



>NEG_SPV_1553_CP027540.1_1576684_-
   Length of Query sequence:       300
sigma28(+):    235   Score   1.79     -35 (197) aaaagatt >>> ggtaatat -10 (224)
sigma70(+):    231   Score   1.97     -35 (195) gcaaaa >>> taatat -10 (224)
sigma38(+):    223   Score   1.76     -35 (185) cttcag >>> tataga -10 (215)
sigma24(+):    206   Score   1.75     -35 (174) gaagag >>> gcaaa -10 (199)
sigma32(+):    201   Score   1.87     -35 (165) gattgcg >>> tcagccaagc -10 (196)

   Total:      5 promoter(s) predicted



>NEG_SPV_1708_CP027540.1_1709542_+
   Length of Query sequence:       300
sigma24(+):    231   Score   1.87     -35 (197) acattg >>> gctat -10 (224)
sigma32(+):    221   Score   1.83     -35 (182) aacagct >>> tacaacatct -10 (212)
sigma38(+):    216   Score   1.88     -35 (175) ttggct >>> tacaac -10 (208)
sigma70(+):    210   Score   1.94     -35 (175) ttggct >>> cattgt -10 (203)

   Total:      4 promoter(s) predicted



>NEG_SPV_1365_CP027540.1_1379998_-
   Length of Query sequence:       300
sigma32(+):    236   Score   1.94     -35 (200) aggtgga >>> tccaccctat -10 (231)
sigma38(+):    220   Score   1.88     -35 (182) ctcaca >>> tatgat -10 (212)
sigma70(+):    219   Score   1.91     -35 (182) ctcaca >>> tatgat -10 (212)

   Total:      3 promoter(s) predicted



>NEG_SPV_0533_CP027540.1_546744_+
   Length of Query sequence:       300
sigma28(+):    212   Score   1.83     -35 (179) taaaaagg >>> gcttacga -10 (205)

   Total:      1 promoter(s) predicted



>NEG_SPV_1678_CP027540.1_1694176_-
   Length of Query sequence:       300
sigma70(+):    245   Score   1.88     -35 (211) gtggcc >>> gaaatt -10 (237)
sigma38(+):    237   Score   1.71     -35 (202) tagaaa >>> aatgat -10 (229)
sigma24(+):    233   Score   0.04     -35 (204) gaaaca >>> gcaat -10 (226)
sigma32(+):    208   Score   1.81     -35 (173) gaatcat >>> gacaccatta -10 (203)

   Total:      4 promoter(s) predicted



>NEG_SPV_0788_CP027540.1_805600_+
   Length of Query sequence:       300
sigma70(+):    210   Score   1.89     -35 (177) tatttt >>> cataat -10 (203)
sigma38(+):    210   Score   1.72     -35 (172) gaggat >>> cataat -10 (203)
sigma24(+):    208   Score   1.89     -35 (175) gatatt >>> gcata -10 (201)
sigma32(+):    207   Score   1.91     -35 (173) aggatat >>> tacggcataa -10 (202)

   Total:      4 promoter(s) predicted



>NEG_SPV_1956_CP027540.1_1924618_-
   Length of Query sequence:       300
sigma70(+):    225   Score   1.03     -35 (185) tctacg >>> tatgaa -10 (218)
sigma24(+):    213   Score   1.40     -35 (181) gacctc >>> tccct -10 (207)

   Total:      2 promoter(s) predicted



>NEG_SPV_1971_CP027540.1_1941705_-
   Length of Query sequence:       300
sigma28(+):    228   Score   1.77     -35 (195) agaacacc >>> taccaaaa -10 (221)
sigma24(+):    226   Score   1.85     -35 (190) gaacaa >>> accaa -10 (219)
sigma32(+):    211   Score   1.79     -35 (175) caattgc >>> aacaccgtga -10 (206)

   Total:      3 promoter(s) predicted



>NEG_SPV_0142_CP027540.1_147955_+
   Length of Query sequence:       300
sigma70(+):    250   Score   1.96     -35 (215) gttata >>> taaaaa -10 (244)
sigma24(+):    240   Score   1.91     -35 (207) tatggt >>> actaa -10 (233)
sigma38(+):    239   Score   1.95     -35 (201) tagtag >>> aaaact -10 (231)
sigma32(+):    203   Score   1.92     -35 (164) aagtaat >>> tcccatatgt -10 (194)
sigma28(+):    202   Score   1.95     -35 (166) gtaatata >>> tcccatat -10 (192)

   Total:      5 promoter(s) predicted



>NEG_SPV_0558_CP027540.1_572284_+
   Length of Query sequence:       300
sigma70(+):    243   Score   1.94     -35 (209) gcgact >>> tactgt -10 (237)
sigma24(+):    225   Score   1.89     -35 (194) tcagga >>> tccaa -10 (218)
sigma32(+):    225   Score   1.93     -35 (189) atatgtc >>> gactccaatc -10 (220)
sigma38(+):    215   Score   1.93     -35 (180) cttatg >>> tagtat -10 (207)

   Total:      4 promoter(s) predicted



>NEG_SPV_0080_CP027540.1_81245_+
   Length of Query sequence:       300
sigma32(+):    248   Score   1.92     -35 (212) caaagac >>> gacaacatcg -10 (243)
sigma28(+):    248   Score   1.96     -35 (215) agacggta >>> gacaacat -10 (241)
sigma24(+):    207   Score   1.60     -35 (178) aaactt >>> tcaat -10 (200)
sigma38(+):    204   Score   1.73     -35 (163) gagcaa >>> tacagt -10 (196)
sigma70(+):    203   Score   1.89     -35 (163) gagcaa >>> tacagt -10 (196)

   Total:      5 promoter(s) predicted



>NEG_SPV_2028_CP027540.1_2007548_-
   Length of Query sequence:       300
sigma28(+):    238   Score   1.95     -35 (204) atcagata >>> ggctataa -10 (231)
sigma24(+):    216   Score   1.95     -35 (187) ggagaa >>> tcaga -10 (209)
sigma70(+):    212   Score   1.96     -35 (172) ttacta >>> tatgat -10 (205)
sigma38(+):    208   Score   1.92     -35 (172) ttacta >>> cattat -10 (202)

   Total:      4 promoter(s) predicted



>NEG_SPV_0774_CP027540.1_787656_+
   Length of Query sequence:       300
On chain+ promoters not found

   Total:      0 promoter(s) predicted



>NEG_SPV_0957_CP027540.1_992489_-
   Length of Query sequence:       300
sigma70(+):    237   Score   1.91     -35 (201) gtgcaa >>> taactt -10 (229)
sigma38(+):    237   Score   1.32     -35 (201) gtgcaa >>> taactt -10 (229)
sigma32(+):    221   Score   1.80     -35 (185) aattggt >>> atcgtcagca -10 (216)
sigma24(+):    214   Score   1.84     -35 (183) gaaatt >>> gcaaa -10 (207)
sigma28(+):    209   Score   1.92     -35 (170) gaaagcat >>> ggtgatat -10 (196)

   Total:      5 promoter(s) predicted



>NEG_SPV_0645_CP027540.1_665544_-
   Length of Query sequence:       300
sigma38(+):    239   Score   1.76     -35 (202) gggaaa >>> taaaaa -10 (231)
sigma70(+):    207   Score   1.97     -35 (168) gagaag >>> gaaaat -10 (200)

   Total:      2 promoter(s) predicted



>NEG_SPV_0169_CP027540.1_173684_-
   Length of Query sequence:       300
sigma24(+):    246   Score   1.91     -35 (211) tatgtt >>> tcaat -10 (239)
sigma70(+):    238   Score   1.96     -35 (199) cagcat >>> tatgca -10 (231)
sigma28(+):    233   Score   1.80     -35 (200) agcatgta >>> tatgaaat -10 (226)
sigma32(+):    220   Score   1.94     -35 (185) gaaagta >>> taccctatgt -10 (215)
sigma38(+):    219   Score   1.95     -35 (183) tagaaa >>> taccct -10 (211)

   Total:      5 promoter(s) predicted



>NEG_SPV_0513_CP027540.1_526215_+
   Length of Query sequence:       300
sigma24(+):    249   Score   1.81     -35 (216) gaaatt >>> tcggt -10 (242)
sigma28(+):    203   Score   1.86     -35 (170) aaagggag >>> gcccatgc -10 (196)

   Total:      2 promoter(s) predicted



>NEG_SPV_1382_CP027540.1_1401099_-
   Length of Query sequence:       300
sigma24(+):    238   Score   1.12     -35 (202) accgtt >>> tcagt -10 (231)
sigma32(+):    237   Score   1.87     -35 (203) ccgtttt >>> aacgtcagtt -10 (232)
sigma70(+):    223   Score   1.94     -35 (186) ttggaa >>> tacgat -10 (214)
sigma38(+):    222   Score   1.92     -35 (186) ttggaa >>> tacgat -10 (214)

   Total:      4 promoter(s) predicted



>NEG_SPV_1796_CP027540.1_1790401_+
   Length of Query sequence:       300
sigma70(+):    243   Score   1.88     -35 (206) ctccaa >>> catcat -10 (236)
sigma24(+):    239   Score   1.93     -35 (209) caacac >>> tctca -10 (232)
sigma32(+):    231   Score   1.80     -35 (196) accttcc >>> ggccccctcg -10 (226)

   Total:      3 promoter(s) predicted



>NEG_SPV_0774_CP027540.1_786636_+
   Length of Query sequence:       300
sigma70(+):    248   Score   1.89     -35 (208) cagaaa >>> taaatt -10 (241)
sigma24(+):    239   Score   1.59     -35 (204) gaacca >>> gctga -10 (232)
sigma38(+):    238   Score   1.85     -35 (201) gtggaa >>> caagct -10 (230)
sigma32(+):    217   Score   1.75     -35 (181) ctattcc >>> ggaaccagaa -10 (212)
sigma28(+):    206   Score   1.94     -35 (169) aaaatctt >>> gaagaaaa -10 (196)

   Total:      5 promoter(s) predicted



>NEG_SPV_0517_CP027540.1_529806_+
   Length of Query sequence:       300
sigma70(+):    245   Score   1.89     -35 (207) ttggat >>> cattct -10 (238)
sigma24(+):    229   Score   1.90     -35 (194) acacca >>> tcaga -10 (222)
sigma28(+):    220   Score   1.91     -35 (181) tcaaggaa >>> gatgattt -10 (207)
sigma38(+):    206   Score   1.87     -35 (171) ttgaag >>> tacacc -10 (198)
sigma32(+):    204   Score   1.85     -35 (168) gacttga >>> gtctacacca -10 (199)

   Total:      5 promoter(s) predicted



>NEG_SPV_1607_CP027540.1_1622741_-
   Length of Query sequence:       300
sigma24(+):    238   Score   1.96     -35 (205) gcagtt >>> tcaga -10 (231)
sigma38(+):    208   Score   1.95     -35 (167) tttatt >>> aacaat -10 (200)
sigma32(+):    201   Score   1.94     -35 (161) gctttat >>> tgcgacaaca -10 (192)

   Total:      3 promoter(s) predicted



>NEG_SPV_1200_CP027540.1_1229700_-
   Length of Query sequence:       300
sigma38(+):    229   Score   1.93     -35 (190) cagacg >>> taaaca -10 (221)
sigma24(+):    225   Score   1.97     -35 (195) gaaagt >>> tctaa -10 (218)
sigma70(+):    207   Score   1.96     -35 (174) ttatca >>> gaaagt -10 (200)
sigma28(+):    206   Score   1.89     -35 (174) ttatcagt >>> gacgaaag -10 (199)

   Total:      4 promoter(s) predicted



>NEG_SPV_0973_CP027540.1_976684_-
   Length of Query sequence:       300
sigma38(+):    245   Score   1.94     -35 (210) ttgctt >>> taattt -10 (237)
sigma70(+):    244   Score   1.94     -35 (210) ttgctt >>> taattt -10 (237)
sigma32(+):    235   Score   1.94     -35 (201) gcgatat >>> aaccttattg -10 (230)
sigma24(+):    229   Score   1.82     -35 (194) gaaatt >>> tctca -10 (221)

   Total:      4 promoter(s) predicted



>NEG_SPV_1569_CP027540.1_1588096_-
   Length of Query sequence:       300
sigma70(+):    227   Score   1.90     -35 (189) ttggct >>> tagtct -10 (220)
sigma38(+):    226   Score   1.77     -35 (189) ttggct >>> tagtct -10 (220)

   Total:      2 promoter(s) predicted



>NEG_SPV_1101_CP027540.1_1132953_-
   Length of Query sequence:       300
sigma28(+):    236   Score   1.84     -35 (203) tcgaggaa >>> gctgatta -10 (229)
sigma70(+):    208   Score   1.90     -35 (170) ttgcta >>> gaattt -10 (201)
sigma38(+):    208   Score   1.80     -35 (170) ttgcta >>> aatttt -10 (202)

   Total:      3 promoter(s) predicted



>NEG_SPV_0351_CP027540.1_356203_+
   Length of Query sequence:       300
sigma32(+):    222   Score   1.91     -35 (187) aagagtt >>> tccgccatgc -10 (217)
sigma38(+):    216   Score   1.84     -35 (179) tatcct >>> tacgct -10 (208)
sigma70(+):    215   Score   1.85     -35 (179) tatcct >>> tacgct -10 (208)
sigma24(+):    210   Score   1.70     -35 (179) tatcct >>> gcaat -10 (203)

   Total:      4 promoter(s) predicted



>NEG_SPV_0635_CP027540.1_656222_+
   Length of Query sequence:       300
sigma70(+):    218   Score   1.82     -35 (182) ttctca >>> tatcgt -10 (211)
sigma32(+):    202   Score   1.80     -35 (168) tccttgg >>> acacccactg -10 (197)

   Total:      2 promoter(s) predicted



>NEG_SPV_0344_CP027540.1_349324_+
   Length of Query sequence:       300
sigma24(+):    240   Score   1.79     -35 (208) acactg >>> tccaa -10 (233)
sigma70(+):    235   Score   1.88     -35 (201) ttgatc >>> gaaagt -10 (228)
sigma38(+):    220   Score   1.85     -35 (181) cttccg >>> aacact -10 (212)

   Total:      3 promoter(s) predicted



>NEG_SPV_0578_CP027540.1_605514_+
   Length of Query sequence:       300
sigma24(+):    206   Score   1.58     -35 (171) aaaatg >>> accaa -10 (200)

   Total:      1 promoter(s) predicted



>NEG_SPV_1900_CP027540.1_1870496_-
   Length of Query sequence:       300
sigma70(+):    229   Score   1.86     -35 (193) gagcat >>> gattgt -10 (222)
sigma32(+):    223   Score   1.87     -35 (187) ggatgag >>> aaagccgtga -10 (218)
sigma24(+):    209   Score   1.72     -35 (175) caacgc >>> tctca -10 (202)
sigma28(+):    202   Score   1.84     -35 (168) ggaagctc >>> gatgagag -10 (195)

   Total:      4 promoter(s) predicted



>NEG_SPV_1376_CP027540.1_1390942_-
   Length of Query sequence:       300
sigma28(+):    239   Score   1.95     -35 (206) agaagcaa >>> gacggcga -10 (232)
sigma70(+):    233   Score   1.83     -35 (198) gttaac >>> taaaga -10 (226)
sigma24(+):    221   Score   1.87     -35 (188) gaacgg >>> gcaaa -10 (214)
sigma32(+):    203   Score   1.83     -35 (167) acgtgac >>> aacggcaaag -10 (198)

   Total:      4 promoter(s) predicted



>NEG_SPV_1318_CP027540.1_1335281_-
   Length of Query sequence:       300
sigma38(+):    247   Score   1.60     -35 (211) gttact >>> taaaca -10 (239)
sigma24(+):    241   Score   1.56     -35 (205) gcagtt >>> tccgt -10 (234)
sigma70(+):    205   Score   1.91     -35 (170) tcgaaa >>> gaaact -10 (198)

   Total:      3 promoter(s) predicted



>NEG_SPV_0628_CP027540.1_650500_+
   Length of Query sequence:       300
sigma70(+):    245   Score   1.74     -35 (212) ctggtc >>> gaaagt -10 (238)
sigma32(+):    236   Score   1.92     -35 (202) ggaggga >>> agctctatcg -10 (231)
sigma24(+):    206   Score   1.90     -35 (175) ggatga >>> tcaga -10 (199)

   Total:      3 promoter(s) predicted



>NEG_SPV_1903_CP027540.1_1874750_-
   Length of Query sequence:       300
sigma32(+):    243   Score   1.76     -35 (209) tcgtgaa >>> acatccagcg -10 (238)
sigma38(+):    208   Score   0.74     -35 (168) gagaag >>> aatatt -10 (199)
sigma28(+):    202   Score   1.75     -35 (169) agaagtca >>> tacgaaat -10 (196)

   Total:      3 promoter(s) predicted



>NEG_SPV_1424_CP027540.1_1442789_-
   Length of Query sequence:       300
sigma32(+):    249   Score   1.88     -35 (215) tggtggg >>> atcggtaaca -10 (244)
sigma28(+):    248   Score   1.93     -35 (209) gcaatatg >>> tctcaaaa -10 (235)
sigma24(+):    241   Score   1.86     -35 (209) gcaata >>> tcaaa -10 (234)
sigma70(+):    227   Score   1.92     -35 (189) tttctt >>> tatggt -10 (218)
sigma38(+):    211   Score   1.91     -35 (176) tttcag >>> taaaca -10 (203)

   Total:      5 promoter(s) predicted



>NEG_SPV_2297_CP027540.1_1064048_-
   Length of Query sequence:       300
sigma70(+):    246   Score   1.96     -35 (206) ctcacg >>> taagaa -10 (239)
sigma24(+):    211   Score   1.67     -35 (178) gaagat >>> tcgtt -10 (204)
sigma38(+):    211   Score   1.86     -35 (176) ttgaag >>> tatcgt -10 (203)

   Total:      3 promoter(s) predicted



>NEG_SPV_1417_CP027540.1_1438152_+
   Length of Query sequence:       300
sigma38(+):    225   Score   1.82     -35 (184) tccacg >>> caatct -10 (217)
sigma24(+):    221   Score   1.92     -35 (191) gcctat >>> gccaa -10 (214)
sigma70(+):    206   Score   1.94     -35 (172) ttggtt >>> tatcct -10 (199)

   Total:      3 promoter(s) predicted



>NEG_SPV_0961_CP027540.1_988675_-
   Length of Query sequence:       300
sigma32(+):    242   Score   1.88     -35 (207) tcaagta >>> tcctgcatga -10 (237)
sigma38(+):    215   Score   1.93     -35 (174) ttgcta >>> tatggt -10 (207)
sigma70(+):    214   Score   1.92     -35 (174) ttgcta >>> tatggt -10 (207)
sigma28(+):    201   Score   1.86     -35 (165) tccattat >>> gatgttga -10 (191)

   Total:      4 promoter(s) predicted



>NEG_SPV_2265_CP027540.1_902437_+
   Length of Query sequence:       300
sigma28(+):    215   Score   1.96     -35 (182) agaagaat >>> tcagaaga -10 (208)

   Total:      1 promoter(s) predicted



>NEG_SPV_0533_CP027540.1_546354_+
   Length of Query sequence:       300
sigma24(+):    249   Score   1.58     -35 (216) acaggt >>> tcaat -10 (242)
sigma32(+):    245   Score   1.94     -35 (209) tcttgag >>> gaacctatca -10 (240)
sigma70(+):    219   Score   1.91     -35 (182) tcgctt >>> tattct -10 (211)
sigma38(+):    219   Score   1.86     -35 (182) tcgctt >>> tattct -10 (211)

   Total:      4 promoter(s) predicted



>NEG_SPV_0342_CP027540.1_346858_+
   Length of Query sequence:       300
sigma28(+):    234   Score   1.95     -35 (199) ttgagaaa >>> gatggtgt -10 (226)
sigma38(+):    225   Score   1.86     -35 (185) tgtcaa >>> tattgt -10 (217)
sigma70(+):    224   Score   1.91     -35 (186) gtcaat >>> tattgt -10 (217)
sigma32(+):    217   Score   1.81     -35 (182) agatgtc >>> gaaaccagct -10 (212)

   Total:      4 promoter(s) predicted



>NEG_SPV_1218_CP027540.1_1251485_-
   Length of Query sequence:       300
sigma24(+):    246   Score   1.96     -35 (210) gaatac >>> acgaa -10 (239)
sigma70(+):    236   Score   1.97     -35 (196) ttgcca >>> caagat -10 (229)
sigma28(+):    202   Score   1.92     -35 (169) taaagcag >>> tacgatat -10 (196)

   Total:      3 promoter(s) predicted



>NEG_SPV_1191_CP027540.1_1218504_-
   Length of Query sequence:       300
sigma70(+):    238   Score   1.97     -35 (204) tccatt >>> tatcat -10 (231)
sigma38(+):    229   Score   1.93     -35 (189) ttgctg >>> tataca -10 (221)
sigma32(+):    215   Score   1.93     -35 (179) gggagat >>> caatccattt -10 (210)
sigma24(+):    211   Score   0.12     -35 (182) agatat >>> gcaat -10 (204)
sigma28(+):    205   Score   1.73     -35 (172) ttagctcg >>> gctggatg -10 (198)

   Total:      5 promoter(s) predicted



>NEG_SPV_0249_CP027540.1_242851_+
   Length of Query sequence:       300
sigma70(+):    250   Score   1.83     -35 (210) tgaaag >>> gaaatt -10 (243)
sigma38(+):    226   Score   1.71     -35 (187) tttccc >>> aagact -10 (218)
sigma24(+):    204   Score   1.86     -35 (171) gctctt >>> tctgt -10 (197)

   Total:      3 promoter(s) predicted



>NEG_SPV_1925_CP027540.1_1895364_-
   Length of Query sequence:       300
sigma24(+):    242   Score   1.87     -35 (210) gaagct >>> actat -10 (236)
sigma28(+):    241   Score   1.96     -35 (209) agaagctc >>> tatgacta -10 (235)
sigma70(+):    222   Score   1.94     -35 (188) tttata >>> gaagct -10 (215)
sigma38(+):    203   Score   1.85     -35 (165) gttaca >>> tatact -10 (195)

   Total:      4 promoter(s) predicted



>NEG_SPV_0119_CP027540.1_121959_+
   Length of Query sequence:       300
sigma38(+):    244   Score   1.94     -35 (208) cttaca >>> tatttt -10 (236)
sigma32(+):    240   Score   1.95     -35 (206) accttac >>> atagctattt -10 (235)
sigma70(+):    231   Score   1.96     -35 (194) gtgaat >>> catatt -10 (224)
sigma24(+):    229   Score   1.95     -35 (196) gaatac >>> tcata -10 (222)
sigma28(+):    212   Score   1.97     -35 (180) agaatact >>> tacaaaaa -10 (206)

   Total:      5 promoter(s) predicted



>NEG_SPV_0287_CP027540.1_285671_+
   Length of Query sequence:       300
sigma38(+):    205   Score   1.71     -35 (168) cggaag >>> aaagct -10 (198)
sigma24(+):    202   Score   1.56     -35 (170) gaagca >>> gcaaa -10 (195)

   Total:      2 promoter(s) predicted



>NEG_SPV_0375_CP027540.1_380606_-
   Length of Query sequence:       300
sigma32(+):    220   Score   1.87     -35 (184) caatcta >>> tccgtcattc -10 (215)
sigma24(+):    204   Score   1.96     -35 (174) aaagat >>> tcact -10 (197)

   Total:      2 promoter(s) predicted



>NEG_SPV_1525_CP027540.1_1547578_+
   Length of Query sequence:       300
sigma38(+):    248   Score   1.84     -35 (210) ctgata >>> aattgt -10 (240)
sigma70(+):    245   Score   1.94     -35 (210) ctgata >>> gaaatt -10 (238)
sigma28(+):    244   Score   1.86     -35 (211) tgatatcg >>> gatgaaat -10 (237)
sigma32(+):    231   Score   1.93     -35 (197) acccact >>> cgagccaatc -10 (226)

   Total:      4 promoter(s) predicted



>NEG_SPV_0397_CP027540.1_399106_-
   Length of Query sequence:       300
sigma70(+):    243   Score   1.83     -35 (205) ttggac >>> gaaaat -10 (236)
sigma38(+):    235   Score   0.56     -35 (196) tagacc >>> tactgt -10 (226)

   Total:      2 promoter(s) predicted



>NEG_SPV_1999_CP027540.1_1976420_-
   Length of Query sequence:       300
sigma28(+):    245   Score   1.95     -35 (208) gcaaggct >>> acccatga -10 (235)
sigma32(+):    240   Score   1.88     -35 (204) catggca >>> ttacccatga -10 (235)
sigma38(+):    240   Score   1.76     -35 (206) tggcaa >>> taccca -10 (232)
sigma70(+):    210   Score   1.91     -35 (172) tttacg >>> catcat -10 (203)
sigma24(+):    206   Score   1.66     -35 (177) gaactc >>> gccca -10 (199)

   Total:      5 promoter(s) predicted



>NEG_SPV_1671_CP027540.1_1685471_-
   Length of Query sequence:       300
sigma24(+):    243   Score   1.89     -35 (209) gaaaat >>> acaaa -10 (236)
sigma32(+):    242   Score   1.92     -35 (206) gttgaaa >>> ttcaacaaat -10 (237)
sigma38(+):    239   Score   1.93     -35 (201) ttggtg >>> tattca -10 (231)
sigma70(+):    201   Score   1.97     -35 (163) tcgtat >>> tagaaa -10 (194)

   Total:      4 promoter(s) predicted



>NEG_SPV_0902_CP027540.1_1048862_+
   Length of Query sequence:       300
sigma28(+):    234   Score   1.93     -35 (195) tgaggaca >>> acagatat -10 (221)
sigma24(+):    220   Score   0.92     -35 (184) aacctc >>> tcgta -10 (213)

   Total:      2 promoter(s) predicted



>NEG_SPV_1460_CP027540.1_1476121_-
   Length of Query sequence:       300
sigma24(+):    237   Score   1.93     -35 (205) gaattg >>> gcagt -10 (230)
sigma32(+):    236   Score   1.88     -35 (200) gacttga >>> tgcggcagtg -10 (231)
sigma28(+):    229   Score   1.96     -35 (196) aaaagact >>> gccgagtt -10 (222)
sigma70(+):    203   Score   1.91     -35 (167) ctgatg >>> tagaaa -10 (196)

   Total:      4 promoter(s) predicted



>NEG_SPV_0163_CP027540.1_167841_-
   Length of Query sequence:       300
sigma38(+):    246   Score   1.78     -35 (208) ttgatt >>> taaact -10 (238)
sigma70(+):    245   Score   1.91     -35 (208) ttgatt >>> taaact -10 (238)
sigma24(+):    241   Score   1.88     -35 (205) gcattg >>> tctta -10 (234)
sigma32(+):    215   Score   1.88     -35 (179) agcagaa >>> tacagcattg -10 (210)

   Total:      4 promoter(s) predicted



>NEG_SPV_1004_CP027540.1_948334_-
   Length of Query sequence:       300
sigma28(+):    249   Score   1.95     -35 (216) tggagaag >>> gcagactt -10 (242)
sigma38(+):    249   Score   1.85     -35 (215) ttggag >>> cagact -10 (241)
sigma24(+):    245   Score   1.89     -35 (211) gcaatt >>> gcaga -10 (239)
sigma32(+):    220   Score   1.88     -35 (186) agaagta >>> agcagcaatt -10 (216)

   Total:      4 promoter(s) predicted



>NEG_SPV_1007_CP027540.1_942680_-
   Length of Query sequence:       300
sigma24(+):    248   Score   0.83     -35 (216) gaaggg >>> gctat -10 (241)
sigma38(+):    247   Score   1.93     -35 (211) ttggag >>> tatgct -10 (239)
sigma70(+):    246   Score   1.93     -35 (211) ttggag >>> tatgct -10 (239)

   Total:      3 promoter(s) predicted



>NEG_SPV_1460_CP027540.1_1475441_-
   Length of Query sequence:       300
sigma28(+):    243   Score   1.94     -35 (211) taagtgga >>> gactataa -10 (237)
sigma38(+):    241   Score   1.90     -35 (205) ttggag >>> tagact -10 (233)
sigma70(+):    240   Score   1.93     -35 (205) ttggag >>> tagact -10 (233)
sigma24(+):    210   Score   1.68     -35 (176) gccttt >>> gcaca -10 (203)

   Total:      4 promoter(s) predicted



>NEG_SPV_1122_CP027540.1_1154132_-
   Length of Query sequence:       300
sigma32(+):    238   Score   1.83     -35 (204) gactgga >>> aaagccaata -10 (233)
sigma24(+):    232   Score   1.89     -35 (198) gaacag >>> tccta -10 (224)
sigma38(+):    231   Score   1.68     -35 (195) ttggaa >>> tatcct -10 (223)
sigma70(+):    230   Score   1.93     -35 (195) ttggaa >>> tatcct -10 (223)

   Total:      4 promoter(s) predicted



>NEG_SPV_1278_CP027540.1_1305068_-
   Length of Query sequence:       300
sigma28(+):    250   Score   1.89     -35 (216) ctatggaa >>> actgatat -10 (243)
sigma24(+):    247   Score   1.89     -35 (211) gatttc >>> actga -10 (240)
sigma70(+):    214   Score   1.96     -35 (177) cagatt >>> taaatt -10 (207)
sigma38(+):    202   Score   1.95     -35 (165) ctgaat >>> caattt -10 (194)

   Total:      4 promoter(s) predicted



>NEG_SPV_0592_CP027540.1_616984_-
   Length of Query sequence:       300
sigma24(+):    228   Score   1.87     -35 (194) aaacta >>> tccct -10 (221)
sigma70(+):    214   Score   1.92     -35 (181) ctgtaa >>> gattct -10 (207)
sigma38(+):    206   Score   1.94     -35 (168) tagatg >>> aaaact -10 (198)
sigma32(+):    201   Score   1.95     -35 (165) ttttaga >>> acccgcaaaa -10 (196)

   Total:      4 promoter(s) predicted



>NEG_SPV_1357_CP027540.1_1371667_-
   Length of Query sequence:       300
sigma70(+):    240   Score   1.94     -35 (205) ctgata >>> gatagt -10 (233)
sigma38(+):    222   Score   1.81     -35 (181) cagcca >>> tattca -10 (214)
sigma24(+):    215   Score   1.65     -35 (186) aaacgt >>> gctga -10 (208)
sigma28(+):    207   Score   1.94     -35 (173) acaagatc >>> tatgagaa -10 (199)

   Total:      4 promoter(s) predicted



>NEG_SPV_0040_CP027540.1_34811_-
   Length of Query sequence:       300
sigma24(+):    248   Score   1.95     -35 (215) tacttt >>> tcact -10 (241)
sigma32(+):    247   Score   1.93     -35 (211) cctttac >>> ctcctcacta -10 (242)
sigma70(+):    232   Score   1.94     -35 (197) ttccca >>> tatcct -10 (225)
sigma38(+):    221   Score   1.55     -35 (185) ctgaaa >>> tatcct -10 (213)
sigma28(+):    201   Score   1.88     -35 (165) aaaacaag >>> actgaaaa -10 (191)

   Total:      5 promoter(s) predicted



>NEG_SPV_1671_CP027540.1_1685211_-
   Length of Query sequence:       300
sigma24(+):    227   Score   1.95     -35 (198) aaatta >>> gccaa -10 (220)
sigma70(+):    222   Score   1.94     -35 (183) ttgaaa >>> gaagct -10 (215)
sigma38(+):    210   Score   1.95     -35 (172) ttcaag >>> taaatt -10 (202)
sigma28(+):    206   Score   1.97     -35 (173) tcaagttg >>> tacgataa -10 (199)

   Total:      4 promoter(s) predicted



>NEG_SPV_1821_CP027540.1_1805527_-
   Length of Query sequence:       300
sigma24(+):    246   Score   1.28     -35 (214) aaccat >>> gctat -10 (240)
sigma38(+):    242   Score   1.93     -35 (208) ttggat >>> tatgat -10 (234)
sigma70(+):    231   Score   1.94     -35 (196) ttgaat >>> taccat -10 (224)
sigma32(+):    226   Score   1.92     -35 (192) ggctttg >>> ataaccatac -10 (221)

   Total:      4 promoter(s) predicted



>NEG_SPV_0297_CP027540.1_296804_+
   Length of Query sequence:       300
sigma70(+):    241   Score   1.91     -35 (200) ttgctc >>> tacact -10 (233)
sigma38(+):    241   Score   1.88     -35 (200) ttgctc >>> tacact -10 (233)
sigma32(+):    237   Score   1.93     -35 (197) aggttgc >>> agccctattt -10 (228)

   Total:      3 promoter(s) predicted



>NEG_SPV_1672_CP027540.1_1688097_-
   Length of Query sequence:       300
sigma24(+):    243   Score   1.94     -35 (211) gcaatt >>> actat -10 (236)
sigma28(+):    242   Score   1.95     -35 (208) ggagcaat >>> tacgacta -10 (235)
sigma38(+):    211   Score   1.94     -35 (173) ctcaaa >>> tattat -10 (203)
sigma70(+):    209   Score   1.92     -35 (173) ctcaaa >>> tattat -10 (203)

   Total:      4 promoter(s) predicted



>NEG_SPV_1309_CP027540.1_1327827_-
   Length of Query sequence:       300
sigma32(+):    243   Score   1.94     -35 (209) agcatct >>> ttcagcatca -10 (238)
sigma24(+):    233   Score   1.94     -35 (201) aaaaat >>> acaga -10 (226)
sigma28(+):    233   Score   1.96     -35 (202) aaaatgaa >>> gacagaaa -10 (228)
sigma38(+):    228   Score   1.83     -35 (191) ctggaa >>> tatttt -10 (220)
sigma70(+):    212   Score   1.94     -35 (177) gtggat >>> taaaaa -10 (205)

   Total:      5 promoter(s) predicted



>NEG_SPV_1911_CP027540.1_1883677_+
   Length of Query sequence:       300
sigma38(+):    216   Score   1.93     -35 (178) tatccg >>> tattct -10 (208)
sigma70(+):    211   Score   1.92     -35 (174) ctgcta >>> tattat -10 (205)
sigma32(+):    209   Score   1.87     -35 (175) tgctatc >>> aaacgtatta -10 (204)

   Total:      3 promoter(s) predicted



>NEG_SPV_0641_CP027540.1_661960_+
   Length of Query sequence:       300
sigma28(+):    249   Score   1.67     -35 (217) tgaacccg >>> tccagtga -10 (242)
sigma32(+):    234   Score   1.80     -35 (199) cgatgtc >>> acccgcaaat -10 (229)
sigma38(+):    222   Score   1.92     -35 (186) ttgaaa >>> aacatt -10 (214)
sigma70(+):    220   Score   1.94     -35 (186) ttgaaa >>> gaacat -10 (213)
sigma24(+):    205   Score   1.89     -35 (176) gaactt >>> tctat -10 (198)

   Total:      5 promoter(s) predicted



>NEG_SPV_1956_CP027540.1_1924988_-
   Length of Query sequence:       300
sigma24(+):    236   Score   1.02     -35 (205) taatac >>> tcgaa -10 (229)
sigma38(+):    221   Score   1.08     -35 (186) gtggtg >>> taccat -10 (213)
sigma70(+):    209   Score   1.87     -35 (171) ctggcc >>> tatact -10 (202)

   Total:      3 promoter(s) predicted



>NEG_SPV_1559_CP027540.1_1580300_-
   Length of Query sequence:       300
sigma24(+):    244   Score   1.89     -35 (209) aaatca >>> tccaa -10 (238)
sigma38(+):    242   Score   1.95     -35 (204) ttggaa >>> tattat -10 (234)
sigma70(+):    239   Score   1.91     -35 (204) ttggaa >>> tattat -10 (234)

   Total:      3 promoter(s) predicted



>NEG_SPV_0828_CP027540.1_846175_+
   Length of Query sequence:       300
sigma24(+):    248   Score   0.03     -35 (218) gcaaag >>> tctga -10 (241)
sigma38(+):    232   Score   1.87     -35 (195) ttgatt >>> caaagt -10 (224)
sigma70(+):    231   Score   1.90     -35 (195) ttgatt >>> caaagt -10 (224)

   Total:      3 promoter(s) predicted



>NEG_SPV_0287_CP027540.1_288171_+
   Length of Query sequence:       300
sigma38(+):    222   Score   1.95     -35 (182) taagca >>> tatgct -10 (214)
sigma70(+):    221   Score   1.97     -35 (182) taagca >>> tatgct -10 (214)
sigma24(+):    216   Score   1.92     -35 (187) aaaatg >>> gctat -10 (209)

   Total:      3 promoter(s) predicted



>NEG_SPV_0717_CP027540.1_732353_-
   Length of Query sequence:       300
sigma70(+):    240   Score   1.90     -35 (202) ttgaca >>> tagctt -10 (233)
sigma32(+):    234   Score   1.77     -35 (199) cgtttga >>> cgcaccgtta -10 (229)
sigma24(+):    202   Score   1.91     -35 (168) gcacat >>> acgat -10 (195)

   Total:      3 promoter(s) predicted



>NEG_SPV_1047_CP027540.1_1077511_-
   Length of Query sequence:       300
sigma70(+):    222   Score   1.90     -35 (187) tttgtg >>> tattgt -10 (215)
sigma38(+):    208   Score   1.65     -35 (173) ttgcct >>> tattca -10 (200)

   Total:      2 promoter(s) predicted



>NEG_SPV_0390_CP027540.1_393791_+
   Length of Query sequence:       300
sigma24(+):    247   Score   1.68     -35 (212) gaccgt >>> tctat -10 (240)
sigma70(+):    242   Score   1.89     -35 (204) ctgtcg >>> gaaaat -10 (235)

   Total:      2 promoter(s) predicted



>NEG_SPV_1092_CP027540.1_1123027_-
   Length of Query sequence:       300
sigma38(+):    241   Score   1.90     -35 (203) ttggcc >>> tatatt -10 (233)
sigma70(+):    240   Score   1.92     -35 (203) ttggcc >>> tatatt -10 (233)
sigma32(+):    237   Score   1.94     -35 (201) aattggc >>> ggcgctatat -10 (232)
sigma24(+):    237   Score   1.93     -35 (207) ccacta >>> gctat -10 (230)
sigma28(+):    221   Score   1.84     -35 (187) ttgtcggc >>> gccactag -10 (213)

   Total:      5 promoter(s) predicted



>NEG_SPV_0006_CP027540.1_6185_+
   Length of Query sequence:       300
sigma70(+):    249   Score   1.96     -35 (210) gtgatg >>> taaatt -10 (240)
sigma24(+):    242   Score   1.94     -35 (206) tcaagt >>> tcaat -10 (235)
sigma38(+):    239   Score   1.95     -35 (204) tttcaa >>> aaaact -10 (231)
sigma32(+):    234   Score   1.95     -35 (199) atatatt >>> agctccaaaa -10 (229)
sigma28(+):    227   Score   1.92     -35 (194) tccaaata >>> gatggtaa -10 (219)

   Total:      5 promoter(s) predicted



>NEG_SPV_1823_CP027540.1_1808222_-
   Length of Query sequence:       300
sigma70(+):    249   Score   1.80     -35 (210) ctgcaa >>> cagaat -10 (242)
sigma24(+):    233   Score   1.50     -35 (201) caactg >>> tcggt -10 (226)
sigma32(+):    229   Score   1.72     -35 (193) tcctaac >>> aaagctatcg -10 (224)

   Total:      3 promoter(s) predicted



>NEG_SPV_1801_CP027540.1_1795377_-
   Length of Query sequence:       300
sigma70(+):    221   Score   1.91     -35 (186) ctgcag >>> taaata -10 (212)
sigma38(+):    220   Score   1.90     -35 (186) ctgcag >>> taaata -10 (212)
sigma24(+):    215   Score   1.89     -35 (179) gaacac >>> tctta -10 (208)
sigma32(+):    209   Score   1.93     -35 (169) tgaggaa >>> gaccgcattt -10 (200)

   Total:      4 promoter(s) predicted



>NEG_SPV_0631_CP027540.1_652337_+
   Length of Query sequence:       300
sigma28(+):    205   Score   1.92     -35 (166) tgaaaaaa >>> accgctaa -10 (192)
sigma32(+):    203   Score   1.77     -35 (163) tcctgaa >>> accgctaaaa -10 (194)
sigma70(+):    202   Score   1.90     -35 (165) ctgaaa >>> taaaac -10 (195)

   Total:      3 promoter(s) predicted



>NEG_SPV_1202_CP027540.1_1232417_-
   Length of Query sequence:       300
sigma28(+):    250   Score   1.96     -35 (214) taaatgtc >>> taagaaaa -10 (240)
sigma70(+):    248   Score   1.91     -35 (213) ttaaat >>> gaaaat -10 (241)
sigma38(+):    225   Score   1.81     -35 (186) gagaca >>> tattaa -10 (216)
sigma24(+):    212   Score   1.92     -35 (176) gaacag >>> tctat -10 (205)
sigma32(+):    212   Score   1.93     -35 (178) acagtgt >>> gactctatta -10 (207)

   Total:      5 promoter(s) predicted



>NEG_SPV_1934_CP027540.1_1908955_+
   Length of Query sequence:       300
sigma24(+):    228   Score   1.93     -35 (192) aacgat >>> tcaaa -10 (221)
sigma70(+):    227   Score   1.92     -35 (187) gtaaaa >>> tatcaa -10 (220)
sigma32(+):    217   Score   1.94     -35 (182) tgaaggt >>> gacaacagct -10 (212)
sigma28(+):    205   Score   1.97     -35 (173) ttcatacg >>> aacgatga -10 (199)
sigma38(+):    201   Score   1.85     -35 (165) gaggct >>> taaaaa -10 (193)

   Total:      5 promoter(s) predicted



>NEG_SPV_0442_CP027540.1_445179_+
   Length of Query sequence:       300
sigma28(+):    250   Score   1.94     -35 (217) tgccgctc >>> tctgatgt -10 (243)
sigma24(+):    247   Score   1.44     -35 (218) gccgct >>> tctga -10 (240)
sigma70(+):    203   Score   1.91     -35 (168) ttcaag >>> gatgct -10 (196)

   Total:      3 promoter(s) predicted



>NEG_SPV_1216_CP027540.1_1247595_-
   Length of Query sequence:       300
sigma32(+):    217   Score   1.11     -35 (183) tgaattc >>> ttacccactt -10 (212)
sigma38(+):    217   Score   1.81     -35 (182) ttgaat >>> taccca -10 (209)
sigma24(+):    203   Score   1.89     -35 (174) taacga >>> tcgct -10 (196)

   Total:      3 promoter(s) predicted



>NEG_SPV_0280_CP027540.1_277919_+
   Length of Query sequence:       300
sigma32(+):    250   Score   1.92     -35 (215) actttgc >>> gtcaacaatg -10 (246)
sigma24(+):    241   Score   1.96     -35 (210) acatta >>> gctaa -10 (234)
sigma70(+):    223   Score   1.91     -35 (188) tttcca >>> tacatt -10 (214)
sigma38(+):    222   Score   1.92     -35 (188) tttcca >>> tacatt -10 (214)

   Total:      4 promoter(s) predicted



>NEG_SPV_1519_CP027540.1_1542604_-
   Length of Query sequence:       300
sigma24(+):    232   Score   0.16     -35 (200) gccatg >>> tcaga -10 (225)
sigma70(+):    223   Score   1.83     -35 (189) ctgtca >>> tattga -10 (216)

   Total:      2 promoter(s) predicted



>NEG_SPV_0735_CP027540.1_748091_+
   Length of Query sequence:       300
sigma70(+):    239   Score   1.96     -35 (207) gagaaa >>> gaaact -10 (233)
sigma38(+):    224   Score   0.90     -35 (189) gtcgtt >>> aaaagt -10 (215)
sigma24(+):    213   Score   1.87     -35 (181) gcaagc >>> tcatt -10 (206)
sigma28(+):    208   Score   1.95     -35 (176) tgcgggca >>> catgaaat -10 (202)

   Total:      4 promoter(s) predicted



>NEG_SPV_1549_CP027540.1_1573683_-
   Length of Query sequence:       300
sigma24(+):    212   Score   1.89     -35 (180) gcaatt >>> acaaa -10 (205)
sigma32(+):    211   Score   1.90     -35 (176) aagagca >>> aaagacaaaa -10 (206)
sigma28(+):    208   Score   1.97     -35 (174) tgaagagc >>> gtcgaaag -10 (200)

   Total:      3 promoter(s) predicted



>NEG_SPV_1216_CP027540.1_1247575_-
   Length of Query sequence:       300
sigma32(+):    241   Score   1.77     -35 (207) ctgagga >>> aacagcaagt -10 (237)
sigma24(+):    217   Score   1.89     -35 (187) ccactt >>> gctga -10 (210)
sigma38(+):    201   Score   0.95     -35 (162) ttgaat >>> taccca -10 (189)

   Total:      3 promoter(s) predicted



>NEG_SPV_1486_CP027540.1_1503053_-
   Length of Query sequence:       300
sigma32(+):    249   Score   1.85     -35 (213) agttgac >>> aacggtaacc -10 (244)
sigma28(+):    248   Score   1.95     -35 (216) tgacgcct >>> aacggtaa -10 (242)
sigma24(+):    237   Score   1.67     -35 (202) gaaaac >>> tcctt -10 (231)
sigma38(+):    203   Score   1.70     -35 (162) caggtg >>> taaaca -10 (195)
sigma70(+):    202   Score   1.81     -35 (167) gcggtt >>> taaaca -10 (195)

   Total:      5 promoter(s) predicted



>NEG_SPV_0488_CP027540.1_495857_+
   Length of Query sequence:       300
sigma70(+):    239   Score   1.90     -35 (205) tagata >>> taccat -10 (232)
sigma32(+):    223   Score   1.85     -35 (187) gtcaagt >>> tacgccagaa -10 (218)

   Total:      2 promoter(s) predicted



>NEG_SPV_0375_CP027540.1_380596_-
   Length of Query sequence:       300
sigma32(+):    210   Score   1.87     -35 (174) caatcta >>> tccgtcattc -10 (205)
sigma24(+):    207   Score   1.95     -35 (175) aatcta >>> tccgt -10 (200)

   Total:      2 promoter(s) predicted



>NEG_SPV_1018_CP027540.1_926755_-
   Length of Query sequence:       300
sigma24(+):    227   Score   1.72     -35 (197) aaaatc >>> accaa -10 (220)
sigma28(+):    222   Score   1.96     -35 (188) taaattct >>> gcggaatt -10 (215)
sigma70(+):    201   Score   1.92     -35 (167) cttatt >>> taaatt -10 (193)
sigma38(+):    201   Score   1.94     -35 (167) cttatt >>> taaatt -10 (193)

   Total:      4 promoter(s) predicted



>NEG_SPV_1935_CP027540.1_1910117_+
   Length of Query sequence:       300
sigma32(+):    247   Score   1.88     -35 (212) tgatgca >>> tcccatacat -10 (242)
sigma38(+):    208   Score   1.94     -35 (171) ttggaa >>> taagat -10 (200)
sigma70(+):    206   Score   1.91     -35 (171) ttggaa >>> taagat -10 (200)
sigma24(+):    204   Score   1.94     -35 (174) gaaaac >>> actaa -10 (197)

   Total:      4 promoter(s) predicted



>NEG_SPV_0403_CP027540.1_403754_+
   Length of Query sequence:       300
sigma32(+):    241   Score   1.82     -35 (206) tgctaaa >>> aacaccagac -10 (236)
sigma70(+):    236   Score   1.89     -35 (198) ttggaa >>> taaaac -10 (229)
sigma24(+):    233   Score   1.91     -35 (201) gaaggt >>> gctaa -10 (226)
sigma28(+):    225   Score   1.89     -35 (187) tgcgcgca >>> gctaaaac -10 (214)

   Total:      4 promoter(s) predicted



>NEG_SPV_1318_CP027540.1_1335811_-
   Length of Query sequence:       300
sigma38(+):    247   Score   1.52     -35 (211) tcgacg >>> tacgtt -10 (239)
sigma70(+):    246   Score   1.91     -35 (211) tcgacg >>> tacgtt -10 (239)
sigma24(+):    217   Score   1.88     -35 (184) aaactg >>> tcaca -10 (210)
sigma32(+):    207   Score   1.71     -35 (172) acgttga >>> aacgtcacta -10 (202)
sigma28(+):    203   Score   1.85     -35 (167) tgcgcacg >>> actgaaaa -10 (193)

   Total:      5 promoter(s) predicted



>NEG_SPV_1973_CP027540.1_1946102_+
   Length of Query sequence:       300
sigma38(+):    249   Score   1.83     -35 (209) cttata >>> aatgct -10 (241)
sigma70(+):    223   Score   1.90     -35 (190) tttcac >>> tatagt -10 (216)
sigma32(+):    220   Score   1.18     -35 (186) aaacttt >>> ctccttatag -10 (215)
sigma24(+):    214   Score   1.85     -35 (185) gaaact >>> tctct -10 (207)

   Total:      4 promoter(s) predicted



>NEG_SPV_1287_CP027540.1_1310193_-
   Length of Query sequence:       300
sigma38(+):    219   Score   1.89     -35 (179) tagcca >>> tatctt -10 (211)
sigma70(+):    218   Score   1.90     -35 (179) tagcca >>> tatctt -10 (211)
sigma32(+):    215   Score   1.77     -35 (181) gccacat >>> gacggtatct -10 (210)

   Total:      3 promoter(s) predicted



>NEG_SPV_0001_CP027540.1_760_+
   Length of Query sequence:       300
sigma70(+):    250   Score   1.92     -35 (211) tcaacg >>> taaaaa -10 (243)
sigma38(+):    234   Score   1.89     -35 (198) cttgag >>> cacttt -10 (226)
sigma32(+):    227   Score   1.93     -35 (191) tcgagat >>> aacgacatca -10 (222)
sigma24(+):    218   Score   1.91     -35 (185) aaatgt >>> gccat -10 (211)

   Total:      4 promoter(s) predicted



>NEG_SPV_1465_CP027540.1_1481692_-
   Length of Query sequence:       300
sigma70(+):    250   Score   1.77     -35 (214) gccttg >>> tattat -10 (242)
sigma32(+):    237   Score   1.79     -35 (203) ggatttt >>> taccgtagta -10 (232)
sigma38(+):    236   Score   1.70     -35 (196) catgca >>> taccgt -10 (228)

   Total:      3 promoter(s) predicted



>NEG_SPV_0788_CP027540.1_805430_+
   Length of Query sequence:       300
sigma70(+):    240   Score   1.90     -35 (201) cttaag >>> gaagat -10 (233)
sigma32(+):    226   Score   1.89     -35 (191) cattcgt >>> gcaaccagtc -10 (221)

   Total:      2 promoter(s) predicted



>NEG_SPV_1177_CP027540.1_1206996_-
   Length of Query sequence:       300
sigma32(+):    248   Score   1.94     -35 (212) gtatact >>> atacacatga -10 (243)
sigma24(+):    233   Score   1.96     -35 (200) taataa >>> tcaat -10 (226)
sigma70(+):    210   Score   1.96     -35 (171) gagaag >>> gataat -10 (203)
sigma28(+):    210   Score   1.97     -35 (175) agaatttt >>> catgataa -10 (202)
sigma38(+):    208   Score   1.95     -35 (171) gagaag >>> catgat -10 (200)

   Total:      5 promoter(s) predicted



>NEG_SPV_0053_CP027540.1_51313_+
   Length of Query sequence:       300
sigma24(+):    236   Score   1.41     -35 (203) gacccg >>> gccaa -10 (229)
sigma32(+):    216   Score   1.81     -35 (180) tgtttct >>> agacccgtca -10 (211)
sigma70(+):    209   Score   1.86     -35 (174) tatcca >>> tatcca -10 (202)

   Total:      3 promoter(s) predicted



>NEG_SPV_0289_CP027540.1_290058_-
   Length of Query sequence:       300
sigma70(+):    249   Score   1.81     -35 (216) tggtaa >>> taaaca -10 (242)
sigma32(+):    244   Score   1.83     -35 (210) ccgtaat >>> gtcgacctaa -10 (239)
sigma24(+):    204   Score   1.66     -35 (170) gcatat >>> accga -10 (197)

   Total:      3 promoter(s) predicted



>NEG_SPV_1030_CP027540.1_906849_+
   Length of Query sequence:       300
sigma32(+):    244   Score   1.72     -35 (209) acgtgga >>> ttctccagtc -10 (239)
sigma24(+):    216   Score   1.23     -35 (186) taatac >>> tcaga -10 (209)
sigma70(+):    201   Score   0.98     -35 (163) tttact >>> taatac -10 (191)

   Total:      3 promoter(s) predicted



>NEG_SPV_2032_CP027540.1_2011636_-
   Length of Query sequence:       300
sigma32(+):    225   Score   1.95     -35 (185) gctttca >>> agagacagtt -10 (216)
sigma70(+):    221   Score   1.93     -35 (187) tttcag >>> gacagt -10 (215)
sigma24(+):    210   Score   1.92     -35 (182) gatgct >>> tcgaa -10 (204)

   Total:      3 promoter(s) predicted



>NEG_SPV_0760_CP027540.1_771239_+
   Length of Query sequence:       300
sigma70(+):    237   Score   1.94     -35 (202) tttata >>> catgct -10 (229)
sigma38(+):    237   Score   1.94     -35 (202) tttata >>> catgct -10 (229)
sigma32(+):    204   Score   1.94     -35 (170) tacctat >>> ctcgttataa -10 (199)
sigma24(+):    201   Score   1.86     -35 (170) taccta >>> tcgtt -10 (195)

   Total:      4 promoter(s) predicted



>NEG_SPV_0569_CP027540.1_591897_+
   Length of Query sequence:       300
sigma38(+):    242   Score   1.88     -35 (203) caggag >>> tattat -10 (234)
sigma32(+):    238   Score   1.90     -35 (204) aggagtc >>> acaactatta -10 (233)
sigma24(+):    238   Score   0.21     -35 (202) gcagga >>> actat -10 (231)
sigma70(+):    212   Score   1.87     -35 (174) tctaca >>> tatgca -10 (204)

   Total:      4 promoter(s) predicted



>NEG_SPV_0148_CP027540.1_153599_+
   Length of Query sequence:       300
sigma24(+):    236   Score   1.88     -35 (207) gcaaga >>> acaaa -10 (229)
sigma38(+):    214   Score   1.59     -35 (179) ttttcg >>> tagatt -10 (206)
sigma70(+):    213   Score   1.91     -35 (179) ttttcg >>> tagatt -10 (206)

   Total:      3 promoter(s) predicted



>NEG_SPV_0573_CP027540.1_595518_+
   Length of Query sequence:       300
sigma24(+):    250   Score   1.92     -35 (218) gatata >>> tcttt -10 (244)
sigma70(+):    232   Score   1.94     -35 (198) ttgaat >>> tatagc -10 (225)
sigma32(+):    217   Score   1.88     -35 (181) ccgttac >>> tccggtatct -10 (212)
sigma38(+):    206   Score   1.88     -35 (172) tttctc >>> taaatt -10 (198)

   Total:      4 promoter(s) predicted



>NEG_SPV_1382_CP027540.1_1401329_-
   Length of Query sequence:       300
sigma32(+):    222   Score   1.59     -35 (187) caatcca >>> agccttattg -10 (217)
sigma70(+):    211   Score   1.93     -35 (176) tttgtg >>> caagat -10 (204)
sigma38(+):    205   Score   1.70     -35 (171) cagact >>> caaatt -10 (197)

   Total:      3 promoter(s) predicted



>NEG_SPV_0222_CP027540.1_213222_+
   Length of Query sequence:       300
sigma38(+):    250   Score   1.31     -35 (209) ttgtca >>> cattgt -10 (242)
sigma70(+):    249   Score   1.88     -35 (209) ttgtca >>> cattgt -10 (242)
sigma32(+):    246   Score   1.86     -35 (211) gtcagcc >>> ggaaccattg -10 (241)
sigma24(+):    237   Score   1.12     -35 (202) gccctt >>> actat -10 (230)
sigma28(+):    201   Score   1.73     -35 (161) aaatgatt >>> gaagatca -10 (188)

   Total:      5 promoter(s) predicted



>NEG_SPV_0240_CP027540.1_231197_+
   Length of Query sequence:       300
sigma28(+):    233   Score   1.95     -35 (194) gaaagagg >>> tacaaaga -10 (220)
sigma38(+):    226   Score   1.94     -35 (189) ttgatg >>> tacaaa -10 (218)
sigma70(+):    225   Score   1.89     -35 (189) ttgatg >>> tacaaa -10 (218)
sigma24(+):    225   Score   1.57     -35 (194) gaaaga >>> acaaa -10 (218)

   Total:      4 promoter(s) predicted



>NEG_SPV_1847_CP027540.1_1832495_-
   Length of Query sequence:       300
sigma28(+):    245   Score   1.85     -35 (211) tgctcatc >>> tccgattc -10 (237)
sigma70(+):    238   Score   1.92     -35 (199) ttacaa >>> taaaaa -10 (229)
sigma38(+):    213   Score   1.88     -35 (178) ttggtt >>> tacaat -10 (205)

   Total:      3 promoter(s) predicted



>NEG_SPV_1170_CP027540.1_1199596_-
   Length of Query sequence:       300
sigma28(+):    239   Score   1.97     -35 (206) tccagttt >>> gatggtaa -10 (232)
sigma32(+):    217   Score   1.95     -35 (181) aagtagt >>> agatccagtt -10 (212)
sigma24(+):    211   Score   1.98     -35 (180) aaagta >>> tcaga -10 (205)
sigma38(+):    208   Score   1.95     -35 (174) tttgat >>> tatatt -10 (200)
sigma70(+):    207   Score   1.97     -35 (174) tttgat >>> tatatt -10 (200)

   Total:      5 promoter(s) predicted



>NEG_SPV_2057_CP027540.1_2035145_+
   Length of Query sequence:       300
sigma28(+):    241   Score   1.97     -35 (207) tgatggtg >>> gataatat -10 (233)
sigma38(+):    241   Score   1.94     -35 (206) ttgatg >>> taatat -10 (233)
sigma70(+):    240   Score   1.94     -35 (206) ttgatg >>> taatat -10 (233)
sigma32(+):    228   Score   1.81     -35 (194) taactgt >>> gaaactatct -10 (223)
sigma24(+):    203   Score   1.56     -35 (172) gatctc >>> tctaa -10 (196)

   Total:      5 promoter(s) predicted



>NEG_SPV_0176_CP027540.1_180970_+
   Length of Query sequence:       300
sigma70(+):    248   Score   1.77     -35 (208) ttggtt >>> tatcct -10 (241)
sigma38(+):    247   Score   1.50     -35 (211) gttcca >>> tatcct -10 (241)
sigma32(+):    213   Score   1.79     -35 (179) aagtcag >>> caacccagat -10 (208)

   Total:      3 promoter(s) predicted



>NEG_SPV_1933_CP027540.1_1906288_-
   Length of Query sequence:       300
sigma38(+):    243   Score   0.95     -35 (206) ttggca >>> tacaca -10 (235)
sigma70(+):    242   Score   1.82     -35 (206) ttggca >>> tacaca -10 (235)
sigma24(+):    232   Score   1.65     -35 (202) acactt >>> tcagt -10 (225)

   Total:      3 promoter(s) predicted



>NEG_SPV_1298_CP027540.1_1317492_-
   Length of Query sequence:       300
sigma28(+):    250   Score   1.91     -35 (218) tagccgtg >>> gcccaaat -10 (244)
sigma38(+):    238   Score   1.79     -35 (202) ttgtct >>> aattct -10 (232)
sigma70(+):    237   Score   1.94     -35 (202) ttgtct >>> gaaatt -10 (230)
sigma24(+):    222   Score   1.84     -35 (192) gcaatt >>> acaaa -10 (215)

   Total:      4 promoter(s) predicted



>NEG_SPV_1945_CP027540.1_1917999_-
   Length of Query sequence:       300
sigma28(+):    241   Score   1.95     -35 (201) tgaactat >>> gatgaagg -10 (228)
sigma24(+):    226   Score   1.98     -35 (190) aaagga >>> tctta -10 (219)
sigma38(+):    223   Score   1.93     -35 (182) gctaca >>> taaatt -10 (215)
sigma70(+):    222   Score   1.96     -35 (182) gctaca >>> taaatt -10 (215)
sigma32(+):    202   Score   1.95     -35 (162) agtttga >>> tacaccaaag -10 (193)

   Total:      5 promoter(s) predicted



>NEG_SPV_0322_CP027540.1_321810_+
   Length of Query sequence:       300
sigma70(+):    242   Score   1.96     -35 (201) ttgatt >>> taaaga -10 (234)
sigma28(+):    215   Score   1.97     -35 (181) tacctgat >>> gttgatta -10 (207)
sigma38(+):    205   Score   1.95     -35 (169) ttccag >>> tataat -10 (197)
sigma32(+):    201   Score   1.94     -35 (166) gtattcc >>> atacctataa -10 (196)

   Total:      4 promoter(s) predicted



>NEG_SPV_0326_CP027540.1_326799_+
   Length of Query sequence:       300
sigma24(+):    247   Score   1.49     -35 (215) ggtttg >>> tcgca -10 (240)
sigma32(+):    240   Score   1.94     -35 (201) ttattga >>> atccccgtat -10 (231)
sigma38(+):    212   Score   1.93     -35 (173) gagatg >>> tattat -10 (204)
sigma70(+):    211   Score   1.96     -35 (173) gagatg >>> tattat -10 (204)

   Total:      4 promoter(s) predicted



>NEG_SPV_1617_CP027540.1_1631983_-
   Length of Query sequence:       300
sigma24(+):    248   Score   1.98     -35 (215) taacag >>> tcaaa -10 (241)
sigma70(+):    247   Score   1.94     -35 (212) tagtaa >>> tatcaa -10 (240)
sigma32(+):    244   Score   1.95     -35 (209) aattagt >>> cacactatca -10 (239)
sigma38(+):    243   Score   1.95     -35 (206) gggaat >>> cacact -10 (235)
sigma28(+):    206   Score   1.97     -35 (173) aaaattcc >>> agtgataa -10 (200)

   Total:      5 promoter(s) predicted



>NEG_SPV_1135_CP027540.1_1169299_-
   Length of Query sequence:       300
sigma38(+):    240   Score   1.92     -35 (202) gctaaa >>> aacagt -10 (232)
sigma28(+):    237   Score   1.97     -35 (204) taaattcc >>> gcccaaca -10 (230)
sigma70(+):    226   Score   1.94     -35 (187) ttgtat >>> taaaaa -10 (218)
sigma32(+):    213   Score   1.93     -35 (178) cgcttgg >>> aaagctaaat -10 (208)
sigma24(+):    203   Score   1.88     -35 (168) acatat >>> tcgga -10 (196)

   Total:      5 promoter(s) predicted



>NEG_SPV_1350_CP027540.1_1363630_-
   Length of Query sequence:       300
sigma28(+):    250   Score   1.82     -35 (219) agacttga >>> tctgctaa -10 (245)
sigma70(+):    237   Score   1.90     -35 (203) gtgaag >>> gaaaaa -10 (230)
sigma38(+):    231   Score   1.86     -35 (196) gtggcg >>> cagact -10 (223)
sigma24(+):    201   Score   1.93     -35 (169) aaaaaa >>> gcgga -10 (194)
sigma32(+):    201   Score   1.90     -35 (161) taggggt >>> agagctatgc -10 (191)

   Total:      5 promoter(s) predicted



>NEG_SPV_0412_CP027540.1_412745_-
   Length of Query sequence:       300
sigma38(+):    233   Score   1.82     -35 (198) ttgaac >>> aacttt -10 (225)
sigma24(+):    221   Score   1.62     -35 (189) acatct >>> tctgt -10 (214)
sigma70(+):    209   Score   1.91     -35 (169) ttgtca >>> tattga -10 (201)
sigma32(+):    205   Score   1.79     -35 (169) ttgtcat >>> atctgtattg -10 (200)

   Total:      4 promoter(s) predicted



>NEG_SPV_0635_CP027540.1_656452_+
   Length of Query sequence:       300
sigma38(+):    249   Score   1.89     -35 (217) ttgcaa >>> aatgct -10 (243)
sigma70(+):    235   Score   1.97     -35 (200) tcaaag >>> gatatt -10 (228)
sigma24(+):    202   Score   1.90     -35 (169) acagtt >>> acaat -10 (195)
sigma28(+):    201   Score   1.96     -35 (164) ctaagaca >>> gctgttga -10 (191)

   Total:      4 promoter(s) predicted



>NEG_SPV_1274_CP027540.1_1301643_-
   Length of Query sequence:       300
sigma28(+):    249   Score   1.84     -35 (216) tgcggtta >>> gctgactt -10 (242)
sigma32(+):    217   Score   1.81     -35 (183) tgatgaa >>> tgagccatgg -10 (212)
sigma38(+):    203   Score   0.97     -35 (169) tttgaa >>> cagact -10 (195)

   Total:      3 promoter(s) predicted



>NEG_SPV_1482_CP027540.1_1498352_-
   Length of Query sequence:       300
sigma38(+):    231   Score   1.82     -35 (190) caagaa >>> aatttt -10 (223)
sigma28(+):    228   Score   1.97     -35 (189) tcaagaaa >>> gctgacct -10 (215)
sigma24(+):    226   Score   1.88     -35 (193) gaaaat >>> tcaat -10 (220)
sigma70(+):    206   Score   1.91     -35 (172) cttctc >>> gaaaat -10 (198)

   Total:      4 promoter(s) predicted



>NEG_SPV_0900_CP027540.1_1050913_-
   Length of Query sequence:       300
sigma24(+):    211   Score   1.82     -35 (179) aaacaa >>> tcgaa -10 (204)
sigma32(+):    206   Score   1.78     -35 (171) ttatatc >>> ggctccaatc -10 (201)

   Total:      2 promoter(s) predicted



>NEG_SPV_0515_CP027540.1_528050_+
   Length of Query sequence:       300
sigma32(+):    226   Score   1.83     -35 (191) gcatatt >>> gtcgacagag -10 (221)
sigma38(+):    203   Score   1.17     -35 (170) gggacc >>> catatt -10 (197)
sigma24(+):    202   Score   1.64     -35 (172) gacctg >>> gcata -10 (195)

   Total:      3 promoter(s) predicted



>NEG_SPV_1318_CP027540.1_1335701_-
   Length of Query sequence:       300
sigma24(+):    227   Score   1.75     -35 (194) gaccaa >>> gcaca -10 (220)
sigma38(+):    218   Score   1.87     -35 (182) cttcaa >>> caaact -10 (210)
sigma70(+):    217   Score   1.91     -35 (182) cttcaa >>> caaact -10 (210)
sigma32(+):    214   Score   1.63     -35 (180) agcttca >>> tgccacaaac -10 (209)

   Total:      4 promoter(s) predicted



>NEG_SPV_1925_CP027540.1_1894694_-
   Length of Query sequence:       300
sigma70(+):    241   Score   1.91     -35 (205) taccaa >>> taataa -10 (234)
sigma32(+):    238   Score   1.78     -35 (202) gcatacc >>> ttagctaata -10 (233)
sigma38(+):    203   Score   1.88     -35 (164) ttgcca >>> cacagt -10 (195)

   Total:      3 promoter(s) predicted



>NEG_SPV_1841_CP027540.1_1827652_-
   Length of Query sequence:       300
sigma28(+):    238   Score   1.95     -35 (205) gaaggagc >>> gctaacag -10 (232)
sigma38(+):    211   Score   1.95     -35 (173) ttttag >>> aatttt -10 (203)
sigma70(+):    208   Score   1.91     -35 (172) ttttta >>> gaaatt -10 (201)
sigma24(+):    204   Score   1.94     -35 (170) tatttt >>> gcgga -10 (197)

   Total:      4 promoter(s) predicted



>NEG_SPV_1713_CP027540.1_1713825_-
   Length of Query sequence:       300
sigma70(+):    241   Score   1.83     -35 (203) gtgcca >>> catttt -10 (233)

   Total:      1 promoter(s) predicted



>NEG_SPV_0494_CP027540.1_501237_+
   Length of Query sequence:       300
sigma70(+):    245   Score   1.91     -35 (212) ttgacg >>> gacaat -10 (238)
sigma28(+):    207   Score   1.96     -35 (174) ggaacatt >>> cctcatga -10 (200)
sigma32(+):    206   Score   1.92     -35 (170) atttgga >>> atcctcatga -10 (200)
sigma38(+):    203   Score   1.82     -35 (162) ttaaca >>> tatcct -10 (195)

   Total:      4 promoter(s) predicted



>NEG_SPV_1781_CP027540.1_1777842_-
   Length of Query sequence:       300
sigma38(+):    217   Score   1.91     -35 (180) catcca >>> caaaat -10 (209)
sigma24(+):    213   Score   1.21     -35 (179) gcatcc >>> tccaa -10 (206)
sigma70(+):    201   Score   1.93     -35 (166) ttggag >>> cattgt -10 (194)

   Total:      3 promoter(s) predicted



>NEG_SPV_0768_CP027540.1_779879_+
   Length of Query sequence:       300
sigma32(+):    250   Score   1.93     -35 (217) tcatagg >>> ttacctattt -10 (246)
sigma24(+):    227   Score   1.79     -35 (197) tacttt >>> tcata -10 (221)
sigma70(+):    210   Score   1.91     -35 (171) ttgctt >>> tacttt -10 (202)
sigma38(+):    210   Score   1.95     -35 (175) ttggta >>> tacttt -10 (202)

   Total:      4 promoter(s) predicted



>NEG_SPV_0961_CP027540.1_988135_-
   Length of Query sequence:       300
sigma38(+):    239   Score   1.89     -35 (205) tttgaa >>> taaaat -10 (231)
sigma70(+):    238   Score   1.91     -35 (205) tttgaa >>> taaaat -10 (231)
sigma24(+):    230   Score   1.63     -35 (195) gaaatc >>> tcagt -10 (223)
sigma32(+):    212   Score   1.78     -35 (178) acctgtc >>> atccttattt -10 (207)

   Total:      4 promoter(s) predicted



>NEG_SPV_1649_CP027540.1_1664495_+
   Length of Query sequence:       300
sigma32(+):    244   Score   1.82     -35 (210) tggtggc >>> gtcaccatga -10 (239)
sigma24(+):    228   Score   1.91     -35 (194) aaactg >>> gctaa -10 (221)
sigma70(+):    203   Score   1.88     -35 (163) gagttt >>> gaaaaa -10 (196)

   Total:      3 promoter(s) predicted



>NEG_SPV_1587_CP027540.1_1605736_-
   Length of Query sequence:       300
sigma38(+):    245   Score   1.95     -35 (209) ttggaa >>> tacttt -10 (237)
sigma70(+):    244   Score   1.94     -35 (209) ttggaa >>> tacttt -10 (237)
sigma24(+):    212   Score   1.92     -35 (181) gaagtc >>> tcaaa -10 (205)
sigma32(+):    207   Score   1.94     -35 (171) atttcaa >>> acccctgttc -10 (202)

   Total:      4 promoter(s) predicted



>NEG_SPV_1018_CP027540.1_926105_-
   Length of Query sequence:       300
sigma70(+):    245   Score   1.87     -35 (212) ttgaac >>> tatcgt -10 (238)
sigma38(+):    238   Score   1.92     -35 (199) tttatc >>> aactct -10 (230)
sigma24(+):    227   Score   1.97     -35 (194) gaagtt >>> acaaa -10 (220)
sigma28(+):    204   Score   1.97     -35 (171) taaataca >>> gatgaagt -10 (198)
sigma32(+):    201   Score   1.93     -35 (163) gactggg >>> atccacagga -10 (192)

   Total:      5 promoter(s) predicted



>NEG_SPV_1062_CP027540.1_1088619_-
   Length of Query sequence:       300
sigma70(+):    250   Score   1.90     -35 (214) gggact >>> tatttt -10 (243)
sigma28(+):    236   Score   1.94     -35 (204) taagtatg >>> gatgatgt -10 (230)
sigma38(+):    205   Score   1.86     -35 (166) gttgag >>> tactat -10 (197)

   Total:      3 promoter(s) predicted



>NEG_SPV_1240_CP027540.1_1270757_-
   Length of Query sequence:       300
sigma24(+):    243   Score   1.87     -35 (208) aaactg >>> tccat -10 (236)
sigma32(+):    243   Score   1.93     -35 (209) aactggc >>> atctccattg -10 (238)
sigma28(+):    229   Score   1.83     -35 (194) atatcgat >>> gctggttt -10 (221)
sigma38(+):    209   Score   1.72     -35 (167) gtcatt >>> aaatat -10 (197)
sigma70(+):    201   Score   1.96     -35 (167) gtcatt >>> gaaaat -10 (195)

   Total:      5 promoter(s) predicted



>NEG_SPV_1086_CP027540.1_1116761_-
   Length of Query sequence:       300
sigma38(+):    241   Score   1.75     -35 (204) tatcag >>> tatcca -10 (233)
sigma24(+):    240   Score   1.92     -35 (209) gaatgg >>> tccaa -10 (234)
sigma70(+):    240   Score   1.90     -35 (204) tatcag >>> tatcca -10 (233)
sigma32(+):    237   Score   1.93     -35 (201) gcatatc >>> accgttatcc -10 (232)

   Total:      4 promoter(s) predicted



>NEG_SPV_0311_CP027540.1_311312_+
   Length of Query sequence:       300
sigma24(+):    245   Score   1.83     -35 (209) aatcct >>> actat -10 (238)
sigma70(+):    240   Score   1.90     -35 (204) gtgaaa >>> gagact -10 (233)
sigma38(+):    222   Score   1.05     -35 (187) ctggtt >>> aatcct -10 (214)

   Total:      3 promoter(s) predicted



>NEG_SPV_0579_CP027540.1_607683_+
   Length of Query sequence:       300
sigma24(+):    248   Score   1.97     -35 (218) taattc >>> tcaaa -10 (241)
sigma32(+):    242   Score   1.92     -35 (206) ggcaaaa >>> ttccacatgt -10 (237)
sigma38(+):    239   Score   1.93     -35 (199) taggaa >>> tattcc -10 (231)
sigma70(+):    228   Score   1.94     -35 (193) ctgctt >>> tataat -10 (221)
sigma28(+):    206   Score   1.73     -35 (172) atagcaat >>> gctgcttt -10 (199)

   Total:      5 promoter(s) predicted



>NEG_SPV_0546_CP027540.1_558909_+
   Length of Query sequence:       300
sigma70(+):    248   Score   1.96     -35 (212) cagtct >>> tatctt -10 (239)
sigma38(+):    235   Score   1.95     -35 (195) tggacg >>> aatttt -10 (227)
sigma24(+):    202   Score   1.97     -35 (168) taatcc >>> gcatt -10 (195)
sigma32(+):    201   Score   1.94     -35 (165) gcttaat >>> gaccgcattg -10 (196)

   Total:      4 promoter(s) predicted



>NEG_SPV_0165_CP027540.1_169187_+
   Length of Query sequence:       300
sigma24(+):    241   Score   1.85     -35 (211) gaccct >>> tcaat -10 (234)
sigma28(+):    238   Score   1.72     -35 (203) tccatatc >>> gcggatgt -10 (230)
sigma32(+):    226   Score   1.89     -35 (191) ctgtcat >>> acccttatct -10 (221)

   Total:      3 promoter(s) predicted



>NEG_SPV_0822_CP027540.1_841272_+
   Length of Query sequence:       300
sigma38(+):    213   Score   1.93     -35 (179) ttgaca >>> tatact -10 (205)
sigma70(+):    212   Score   1.92     -35 (179) ttgaca >>> tatact -10 (205)
sigma32(+):    209   Score   1.88     -35 (173) gttttct >>> gtctctatac -10 (204)

   Total:      3 promoter(s) predicted



>NEG_SPV_0057_CP027540.1_54834_+
   Length of Query sequence:       300
sigma28(+):    250   Score   1.91     -35 (217) agaggcta >>> gcagaata -10 (243)
sigma24(+):    213   Score   1.93     -35 (181) aaactt >>> gccat -10 (206)
sigma38(+):    203   Score   1.79     -35 (164) ttgatc >>> tatcct -10 (195)
sigma70(+):    202   Score   1.91     -35 (164) ttgatc >>> tatcct -10 (195)

   Total:      4 promoter(s) predicted



>NEG_SPV_1436_CP027540.1_1452787_-
   Length of Query sequence:       300
sigma32(+):    241   Score   1.86     -35 (206) gtctggt >>> ctagccacag -10 (236)
sigma24(+):    223   Score   0.57     -35 (193) agtcct >>> tcagt -10 (216)
sigma70(+):    214   Score   1.92     -35 (179) ttcact >>> gattgt -10 (207)

   Total:      3 promoter(s) predicted



>NEG_SPV_1357_CP027540.1_1372577_-
   Length of Query sequence:       300
sigma38(+):    239   Score   1.92     -35 (199) ctggaa >>> tatact -10 (231)
sigma70(+):    238   Score   1.92     -35 (199) ctggaa >>> tatact -10 (231)
sigma24(+):    234   Score   1.90     -35 (202) gaacgt >>> gctta -10 (227)
sigma28(+):    201   Score   1.95     -35 (167) tgacctac >>> gaccaaga -10 (194)

   Total:      4 promoter(s) predicted



>NEG_SPV_0558_CP027540.1_573684_+
   Length of Query sequence:       300
sigma38(+):    247   Score   1.94     -35 (210) tttaaa >>> taccca -10 (239)
sigma70(+):    239   Score   1.96     -35 (200) tttcta >>> taaaga -10 (232)
sigma24(+):    213   Score   1.98     -35 (177) gaaccg >>> tctat -10 (206)
sigma32(+):    207   Score   1.95     -35 (172) aatttga >>> gtcaatattt -10 (202)
sigma28(+):    203   Score   1.87     -35 (166) gaggtcaa >>> gcggaagg -10 (193)

   Total:      5 promoter(s) predicted



>NEG_SPV_1436_CP027540.1_1452967_-
   Length of Query sequence:       300
sigma32(+):    232   Score   1.82     -35 (198) tgcttcg >>> gccctcatgg -10 (227)

   Total:      1 promoter(s) predicted



>NEG_SPV_0535_CP027540.1_548385_+
   Length of Query sequence:       300
sigma70(+):    215   Score   1.94     -35 (180) ttgcca >>> tatgct -10 (208)
sigma24(+):    211   Score   1.94     -35 (175) gaattt >>> tccta -10 (204)
sigma38(+):    206   Score   1.95     -35 (172) cttgaa >>> tattaa -10 (198)

   Total:      3 promoter(s) predicted



>NEG_SPV_0024_CP027540.1_22622_+
   Length of Query sequence:       300
sigma38(+):    238   Score   1.94     -35 (197) ctgaaa >>> tatggt -10 (230)
sigma70(+):    237   Score   1.92     -35 (197) ctgaaa >>> tatggt -10 (230)

   Total:      2 promoter(s) predicted



>NEG_SPV_0183_CP027540.1_186344_+
   Length of Query sequence:       300
sigma32(+):    211   Score   1.88     -35 (175) gcattaa >>> agacgcagac -10 (206)
sigma28(+):    211   Score   1.93     -35 (179) taatgggc >>> gacgcaga -10 (205)
sigma24(+):    206   Score   1.86     -35 (175) gcatta >>> gcaga -10 (199)
sigma70(+):    204   Score   1.47     -35 (167) ccgaat >>> tatagc -10 (196)

   Total:      4 promoter(s) predicted



>NEG_SPV_1765_CP027540.1_1765173_-
   Length of Query sequence:       300
sigma38(+):    250   Score   1.93     -35 (216) ttgaat >>> aattct -10 (242)
sigma24(+):    242   Score   1.87     -35 (212) gatgtt >>> tcaat -10 (235)
sigma70(+):    230   Score   1.91     -35 (191) gagact >>> gaattt -10 (223)

   Total:      3 promoter(s) predicted



>NEG_SPV_1534_CP027540.1_1557331_+
   Length of Query sequence:       300
sigma38(+):    240   Score   1.94     -35 (205) cttcct >>> caaaat -10 (232)
sigma28(+):    239   Score   1.92     -35 (206) ttcctttg >>> gccaaaat -10 (232)
sigma32(+):    227   Score   1.95     -35 (191) gtataag >>> gaccctaaaa -10 (222)
sigma24(+):    218   Score   1.94     -35 (185) aaatat >>> tcctt -10 (211)
sigma70(+):    206   Score   1.93     -35 (171) gataat >>> taagat -10 (199)

   Total:      5 promoter(s) predicted



>NEG_SPV_0151_CP027540.1_156329_+
   Length of Query sequence:       300
sigma24(+):    240   Score   1.91     -35 (207) aaacaa >>> gcaaa -10 (233)
sigma38(+):    235   Score   1.87     -35 (197) ctgccg >>> tacaga -10 (227)
sigma70(+):    225   Score   1.94     -35 (191) ttgacg >>> tacctt -10 (218)

   Total:      3 promoter(s) predicted



>NEG_SPV_0558_CP027540.1_572144_+
   Length of Query sequence:       300
sigma38(+):    250   Score   1.92     -35 (217) tccaca >>> tagatt -10 (244)
sigma28(+):    244   Score   1.94     -35 (211) gcaggatc >>> gccaagaa -10 (238)
sigma32(+):    234   Score   1.93     -35 (195) agatatc >>> atccacatct -10 (225)
sigma24(+):    214   Score   1.95     -35 (181) gaactc >>> tcgtt -10 (207)
sigma70(+):    210   Score   1.96     -35 (173) cagaca >>> tatcat -10 (203)

   Total:      5 promoter(s) predicted



>NEG_SPV_0173_CP027540.1_177183_-
   Length of Query sequence:       300
sigma32(+):    249   Score   1.95     -35 (213) tttttat >>> gcagacattt -10 (244)
sigma28(+):    249   Score   1.96     -35 (216) ttatggtc >>> gcagacat -10 (242)
sigma24(+):    246   Score   1.90     -35 (210) gacttt >>> gcaga -10 (239)
sigma38(+):    237   Score   1.94     -35 (200) taggaa >>> aatcct -10 (229)
sigma70(+):    207   Score   1.96     -35 (168) tacaac >>> taaatt -10 (200)

   Total:      5 promoter(s) predicted



>NEG_SPV_0080_CP027540.1_80345_+
   Length of Query sequence:       300
sigma38(+):    240   Score   1.73     -35 (204) gagcta >>> aactgt -10 (232)
sigma24(+):    228   Score   1.97     -35 (195) aaaaat >>> tctta -10 (221)
sigma28(+):    220   Score   1.96     -35 (186) gaagctca >>> gctaacag -10 (213)
sigma32(+):    211   Score   1.94     -35 (176) aaaagat >>> aaatccagag -10 (206)
sigma70(+):    207   Score   1.94     -35 (172) ttgaaa >>> aaaaat -10 (200)

   Total:      5 promoter(s) predicted



>NEG_SPV_0805_CP027540.1_823167_+
   Length of Query sequence:       300
sigma28(+):    249   Score   1.96     -35 (216) gccagttt >>> ggttataa -10 (243)
sigma32(+):    227   Score   1.94     -35 (192) aagaaga >>> tgagccagtt -10 (222)
sigma70(+):    217   Score   1.97     -35 (178) gcaaaa >>> caaact -10 (210)
sigma24(+):    215   Score   1.95     -35 (180) aaaatg >>> acaaa -10 (208)
sigma38(+):    208   Score   1.94     -35 (171) tttcag >>> aagact -10 (200)

   Total:      5 promoter(s) predicted



>NEG_SPV_0179_CP027540.1_184331_+
   Length of Query sequence:       300
sigma24(+):    248   Score   1.94     -35 (214) aaacta >>> tcaaa -10 (241)
sigma32(+):    227   Score   1.87     -35 (192) ggcaggt >>> aaaactattg -10 (222)
sigma38(+):    226   Score   1.94     -35 (190) ttggca >>> aaaact -10 (218)
sigma70(+):    213   Score   1.91     -35 (176) ttgaag >>> caaact -10 (206)

   Total:      4 promoter(s) predicted



>NEG_SPV_1230_CP027540.1_1262204_-
   Length of Query sequence:       300
sigma38(+):    237   Score   1.69     -35 (196) tttcag >>> taactt -10 (229)
sigma70(+):    236   Score   1.89     -35 (196) tttcag >>> taactt -10 (229)

   Total:      2 promoter(s) predicted



>NEG_SPV_0562_CP027540.1_586360_+
   Length of Query sequence:       300
sigma32(+):    221   Score   1.76     -35 (187) aagtggt >>> gaccgcatcg -10 (216)
sigma24(+):    211   Score   1.81     -35 (177) aaactc >>> tccga -10 (204)

   Total:      2 promoter(s) predicted



>NEG_SPV_0671_CP027540.1_691477_+
   Length of Query sequence:       300
sigma24(+):    236   Score   1.88     -35 (204) gaacgc >>> gcaga -10 (229)
sigma32(+):    219   Score   1.83     -35 (184) ctcagct >>> aacgccagca -10 (214)
sigma38(+):    214   Score   1.22     -35 (173) tatgaa >>> tacgaa -10 (206)

   Total:      3 promoter(s) predicted



>NEG_SPV_1642_CP027540.1_1657099_-
   Length of Query sequence:       300
sigma32(+):    245   Score   1.49     -35 (211) agatgac >>> caccttatca -10 (240)
sigma38(+):    235   Score   1.90     -35 (196) tttaca >>> aactct -10 (227)
sigma28(+):    223   Score   1.93     -35 (190) ttatgatt >>> gaagatga -10 (216)
sigma70(+):    203   Score   1.89     -35 (167) tcgact >>> tatgat -10 (196)

   Total:      4 promoter(s) predicted



>NEG_SPV_1170_CP027540.1_1198846_-
   Length of Query sequence:       300
sigma38(+):    249   Score   1.96     -35 (208) ttaaaa >>> aaaagt -10 (241)
sigma28(+):    245   Score   1.97     -35 (211) aaaacttc >>> actgaaaa -10 (238)
sigma70(+):    234   Score   1.96     -35 (201) ttcaca >>> tattta -10 (227)
sigma24(+):    212   Score   1.98     -35 (180) aaacta >>> tcaca -10 (206)
sigma32(+):    201   Score   1.94     -35 (157) gtctaca >>> aaaactattg -10 (188)

   Total:      5 promoter(s) predicted



>NEG_SPV_0523_CP027540.1_534415_+
   Length of Query sequence:       300
sigma70(+):    250   Score   0.50     -35 (214) tctcta >>> tatctt -10 (244)
sigma32(+):    233   Score   1.88     -35 (199) aagtggg >>> atcggcctca -10 (228)
sigma38(+):    219   Score   1.68     -35 (179) gatcaa >>> aattct -10 (211)
sigma24(+):    202   Score   1.80     -35 (172) gccttt >>> tcgca -10 (195)

   Total:      4 promoter(s) predicted



>NEG_SPV_1318_CP027540.1_1335621_-
   Length of Query sequence:       300
sigma28(+):    224   Score   1.95     -35 (190) caaagttg >>> gacgaaga -10 (216)
sigma24(+):    221   Score   1.85     -35 (187) gaacaa >>> acgaa -10 (214)
sigma38(+):    203   Score   1.84     -35 (164) gttaaa >>> caaagt -10 (195)
sigma70(+):    202   Score   1.82     -35 (164) gttaaa >>> caaagt -10 (195)

   Total:      4 promoter(s) predicted



>NEG_SPV_0335_CP027540.1_336168_+
   Length of Query sequence:       300
sigma24(+):    237   Score   1.90     -35 (205) acacga >>> tcaaa -10 (230)
sigma70(+):    230   Score   1.94     -35 (195) gtgact >>> taaggt -10 (223)
sigma38(+):    219   Score   1.93     -35 (181) ttgatg >>> cacgat -10 (211)
sigma28(+):    201   Score   1.72     -35 (165) gaaacagg >>> gatgatag -10 (190)

   Total:      4 promoter(s) predicted



>NEG_SPV_1827_CP027540.1_1812311_+
   Length of Query sequence:       300
sigma38(+):    226   Score   1.93     -35 (188) tctaca >>> aaccct -10 (218)
sigma32(+):    205   Score   1.91     -35 (166) acacgca >>> ctctacatga -10 (196)
sigma70(+):    204   Score   1.81     -35 (171) caccca >>> catgat -10 (197)

   Total:      3 promoter(s) predicted



>NEG_SPV_1386_CP027540.1_1407958_-
   Length of Query sequence:       300
sigma70(+):    217   Score   1.90     -35 (182) ttaatg >>> gaatat -10 (210)
sigma38(+):    206   Score   1.70     -35 (165) caagaa >>> tatttt -10 (197)
sigma28(+):    201   Score   1.97     -35 (168) gaaagaga >>> ggcggtat -10 (194)
sigma32(+):    201   Score   1.90     -35 (167) agaaaga >>> ggcggtattt -10 (196)

   Total:      4 promoter(s) predicted



>NEG_SPV_1399_CP027540.1_1419764_-
   Length of Query sequence:       300
sigma38(+):    244   Score   1.82     -35 (205) gtgaaa >>> aacaat -10 (236)
sigma24(+):    228   Score   1.86     -35 (192) aaacaa >>> tcgga -10 (221)
sigma32(+):    224   Score   1.80     -35 (188) tgtcaaa >>> aaagtcatcg -10 (219)
sigma70(+):    219   Score   1.82     -35 (183) gaaatt >>> gaaaaa -10 (212)

   Total:      4 promoter(s) predicted



>NEG_SPV_1131_CP027540.1_1163947_-
   Length of Query sequence:       300
sigma70(+):    235   Score   1.85     -35 (198) ttgact >>> tatcgt -10 (228)
sigma24(+):    222   Score   1.47     -35 (190) gaacgt >>> accaa -10 (215)
sigma28(+):    202   Score   1.94     -35 (163) tgagccat >>> gatgttat -10 (189)
sigma38(+):    201   Score   1.87     -35 (161) tttgag >>> tatgaa -10 (192)

   Total:      4 promoter(s) predicted



>NEG_SPV_0577_CP027540.1_600064_+
   Length of Query sequence:       300
sigma24(+):    207   Score   1.81     -35 (178) gacaaa >>> tcaaa -10 (200)
sigma28(+):    202   Score   1.94     -35 (168) tcaaccat >>> gctgagga -10 (194)

   Total:      2 promoter(s) predicted



>NEG_SPV_1986_CP027540.1_1960728_-
   Length of Query sequence:       300
sigma24(+):    228   Score   1.90     -35 (196) taccta >>> tcgat -10 (221)
sigma70(+):    212   Score   1.92     -35 (178) ttgatg >>> tatcaa -10 (205)
sigma32(+):    209   Score   1.85     -35 (175) ggcttga >>> ttacctatca -10 (204)
sigma38(+):    201   Score   1.58     -35 (166) cttgca >>> gacact -10 (192)

   Total:      4 promoter(s) predicted



>NEG_SPV_1131_CP027540.1_1164347_-
   Length of Query sequence:       300
sigma38(+):    236   Score   1.91     -35 (202) tttcag >>> aactct -10 (228)
sigma28(+):    227   Score   1.96     -35 (188) caaactta >>> gaccgtaa -10 (214)
sigma24(+):    215   Score   1.86     -35 (181) aaacag >>> tcaga -10 (208)
sigma70(+):    201   Score   1.91     -35 (165) gattta >>> caaact -10 (193)
sigma32(+):    201   Score   1.92     -35 (163) aagattt >>> acagccaaac -10 (192)

   Total:      5 promoter(s) predicted



>NEG_SPV_2034_CP027540.1_2013493_-
   Length of Query sequence:       300
sigma32(+):    250   Score   1.92     -35 (217) gagtatc >>> tcccctaagt -10 (246)
sigma38(+):    236   Score   1.92     -35 (202) ttgaaa >>> caattt -10 (228)
sigma28(+):    224   Score   1.96     -35 (191) taagtgag >>> tacaaaga -10 (218)
sigma70(+):    217   Score   1.92     -35 (183) ttcatt >>> gaaaaa -10 (209)

   Total:      4 promoter(s) predicted



>NEG_SPV_0947_CP027540.1_1006354_-
   Length of Query sequence:       300
sigma38(+):    220   Score   1.96     -35 (184) cttatt >>> taataa -10 (212)
sigma24(+):    211   Score   1.97     -35 (179) taatac >>> tctca -10 (204)
sigma70(+):    201   Score   1.96     -35 (165) tatatt >>> tatttt -10 (191)

   Total:      3 promoter(s) predicted



>NEG_SPV_0458_CP027540.1_468529_+
   Length of Query sequence:       300
sigma32(+):    216   Score   1.64     -35 (182) agcctat >>> aaccgcaaaa -10 (211)
sigma28(+):    203   Score   1.79     -35 (163) tgaatttt >>> gcctatca -10 (190)

   Total:      2 promoter(s) predicted



>NEG_SPV_0253_CP027540.1_250025_+
   Length of Query sequence:       300
sigma28(+):    241   Score   1.92     -35 (208) tgaagaaa >>> tctgacga -10 (234)
sigma32(+):    204   Score   1.76     -35 (168) acatccc >>> taacccagat -10 (199)
sigma70(+):    201   Score   1.89     -35 (165) ttgaca >>> tattaa -10 (192)
sigma38(+):    201   Score   1.57     -35 (165) ttgaca >>> tattaa -10 (192)

   Total:      4 promoter(s) predicted



>NEG_SPV_0254_CP027540.1_253880_+
   Length of Query sequence:       300
sigma38(+):    237   Score   1.87     -35 (202) tttatg >>> tattgt -10 (229)
sigma70(+):    236   Score   1.91     -35 (202) tttatg >>> tattgt -10 (229)
sigma28(+):    229   Score   1.90     -35 (196) ttgagatt >>> gctgccag -10 (222)

   Total:      3 promoter(s) predicted



>NEG_SPV_1614_CP027540.1_1629759_-
   Length of Query sequence:       300
sigma38(+):    238   Score   1.96     -35 (201) tctaca >>> aatttt -10 (230)
sigma70(+):    226   Score   1.97     -35 (192) tttaaa >>> caaaat -10 (219)
sigma24(+):    224   Score   1.98     -35 (188) aaattt >>> tcaaa -10 (217)
sigma28(+):    218   Score   1.96     -35 (186) tgaaattt >>> acagatta -10 (211)
sigma32(+):    214   Score   1.95     -35 (179) gaattgt >>> atctacagat -10 (209)

   Total:      5 promoter(s) predicted



>NEG_SPV_1039_CP027540.1_1068964_-
   Length of Query sequence:       300
sigma70(+):    248   Score   1.97     -35 (208) cagaag >>> tatgtt -10 (241)
sigma38(+):    243   Score   1.16     -35 (208) cagaag >>> tacaga -10 (235)
sigma24(+):    229   Score   1.89     -35 (197) gaaagt >>> tctga -10 (222)
sigma28(+):    214   Score   1.96     -35 (175) tcaaggaa >>> gaagaaag -10 (201)

   Total:      4 promoter(s) predicted



>NEG_SPV_0867_CP027540.1_882460_+
   Length of Query sequence:       300
sigma32(+):    250   Score   1.94     -35 (216) agctctc >>> tgcgccaaat -10 (246)
sigma24(+):    213   Score   1.85     -35 (179) aaaata >>> gctat -10 (206)
sigma28(+):    211   Score   1.92     -35 (179) aaaatatt >>> gacggcta -10 (205)
sigma70(+):    202   Score   1.96     -35 (168) catgca >>> gaaatt -10 (195)
sigma38(+):    201   Score   1.77     -35 (157) cttatg >>> tattct -10 (188)

   Total:      5 promoter(s) predicted



>NEG_SPV_0897_CP027540.1_1053036_+
   Length of Query sequence:       300
sigma32(+):    227   Score   1.95     -35 (193) gttttta >>> taacccaatt -10 (222)
sigma24(+):    218   Score   1.97     -35 (187) agactt >>> tcttt -10 (211)
sigma70(+):    210   Score   1.88     -35 (171) tttcta >>> taactt -10 (203)
sigma38(+):    203   Score   1.95     -35 (162) ttgctc >>> tagact -10 (191)
sigma28(+):    201   Score   1.86     -35 (163) tgctcgcc >>> tctgttag -10 (188)

   Total:      5 promoter(s) predicted



>NEG_SPV_0940_CP027540.1_1014510_-
   Length of Query sequence:       300
sigma38(+):    234   Score   1.87     -35 (197) gtgatt >>> cacgct -10 (226)
sigma28(+):    203   Score   1.96     -35 (169) gaaattat >>> tctgatgt -10 (195)
sigma24(+):    203   Score   1.36     -35 (169) gaaatt >>> tctga -10 (192)
sigma70(+):    202   Score   1.94     -35 (167) ttgaaa >>> gatgtt -10 (196)

   Total:      4 promoter(s) predicted



>NEG_SPV_1120_CP027540.1_1151055_-
   Length of Query sequence:       300
sigma24(+):    239   Score   1.70     -35 (204) gaacca >>> tctat -10 (232)
sigma70(+):    230   Score   1.91     -35 (194) tttaaa >>> catgct -10 (223)
sigma38(+):    223   Score   1.78     -35 (183) ttgatg >>> aacaat -10 (215)

   Total:      3 promoter(s) predicted



>NEG_SPV_1840_CP027540.1_1826089_-
   Length of Query sequence:       300
sigma32(+):    239   Score   1.88     -35 (204) agatcgc >>> ccatccattt -10 (234)
sigma38(+):    230   Score   1.89     -35 (189) ttggaa >>> tacgat -10 (222)
sigma24(+):    224   Score   1.95     -35 (192) gaaaat >>> gcaat -10 (217)
sigma70(+):    204   Score   1.96     -35 (164) cttcta >>> gaaaat -10 (197)

   Total:      4 promoter(s) predicted



>NEG_SPV_0138_CP027540.1_143929_+
   Length of Query sequence:       300
sigma70(+):    244   Score   1.96     -35 (208) tctgag >>> gagaat -10 (237)
sigma28(+):    243   Score   1.97     -35 (210) tgagtatt >>> ggtgagaa -10 (236)
sigma38(+):    236   Score   1.93     -35 (195) tttact >>> tatata -10 (228)
sigma24(+):    211   Score   1.96     -35 (181) gcttgt >>> tcaat -10 (204)

   Total:      4 promoter(s) predicted



>NEG_SPV_1654_CP027540.1_1668577_-
   Length of Query sequence:       300
sigma70(+):    243   Score   1.82     -35 (206) ttgccc >>> taccct -10 (235)
sigma38(+):    243   Score   1.70     -35 (206) ttgccc >>> taccct -10 (235)
sigma28(+):    223   Score   1.91     -35 (189) agacggtt >>> cccaatgt -10 (216)
sigma24(+):    202   Score   1.66     -35 (168) taacag >>> acggt -10 (195)

   Total:      4 promoter(s) predicted



>NEG_SPV_1600_CP027540.1_1616209_-
   Length of Query sequence:       300
sigma32(+):    229   Score   1.81     -35 (194) tgattca >>> aaacacagct -10 (224)
sigma38(+):    229   Score   0.37     -35 (193) ctgatt >>> aacaca -10 (221)
sigma70(+):    224   Score   1.78     -35 (189) tccact >>> tagaaa -10 (217)
sigma24(+):    211   Score   1.90     -35 (177) gaactt >>> tccaa -10 (205)

   Total:      4 promoter(s) predicted



>NEG_SPV_1580_CP027540.1_1597460_+
   Length of Query sequence:       300
sigma28(+):    247   Score   1.67     -35 (215) tacatcac >>> gatggaga -10 (240)
sigma70(+):    232   Score   1.95     -35 (192) tggaaa >>> cactat -10 (225)
sigma32(+):    224   Score   1.75     -35 (189) tcatgga >>> gaagctacat -10 (219)
sigma24(+):    216   Score   1.87     -35 (185) gacatc >>> tcaga -10 (209)

   Total:      4 promoter(s) predicted



>NEG_SPV_0258_CP027540.1_256992_+
   Length of Query sequence:       300
sigma24(+):    247   Score   1.79     -35 (211) ggactt >>> tccca -10 (240)
sigma70(+):    240   Score   1.90     -35 (206) ctgctg >>> gaaagt -10 (233)

   Total:      2 promoter(s) predicted



>NEG_SPV_0156_CP027540.1_160868_+
   Length of Query sequence:       300
sigma70(+):    249   Score   1.96     -35 (211) tataca >>> tatttt -10 (243)
sigma38(+):    226   Score   1.89     -35 (191) ttgccc >>> tacagt -10 (218)
sigma28(+):    215   Score   1.94     -35 (176) tgaatgtc >>> cctgatct -10 (202)

   Total:      3 promoter(s) predicted



>NEG_SPV_0954_CP027540.1_995719_-
   Length of Query sequence:       300
sigma28(+):    244   Score   1.91     -35 (210) aagacaat >>> gtcgaaga -10 (237)
sigma32(+):    236   Score   1.90     -35 (202) aagtagc >>> aaacacaggt -10 (231)
sigma24(+):    229   Score   1.88     -35 (200) tcaagt >>> tcaaa -10 (222)
sigma70(+):    224   Score   1.86     -35 (186) tcggag >>> gacaat -10 (217)
sigma38(+):    210   Score   1.45     -35 (176) gtgaaa >>> tactca -10 (202)

   Total:      5 promoter(s) predicted



>NEG_SPV_1839_CP027540.1_1824509_-
   Length of Query sequence:       300
sigma70(+):    211   Score   1.89     -35 (176) gtggaa >>> gactat -10 (204)
sigma24(+):    207   Score   1.65     -35 (178) ggaact >>> tctga -10 (200)

   Total:      2 promoter(s) predicted



>NEG_SPV_0824_CP027540.1_843547_+
   Length of Query sequence:       300
sigma24(+):    246   Score   1.72     -35 (216) gctctt >>> tccaa -10 (239)
sigma70(+):    220   Score   1.92     -35 (184) ttgtct >>> gacagt -10 (213)

   Total:      2 promoter(s) predicted



>NEG_SPV_2017_CP027540.1_1997220_-
   Length of Query sequence:       300
sigma38(+):    240   Score   1.90     -35 (201) ttaaaa >>> aatgtt -10 (232)
sigma70(+):    214   Score   1.92     -35 (178) cttaaa >>> taaaac -10 (207)
sigma24(+):    209   Score   1.98     -35 (176) gcctta >>> gcaat -10 (201)
sigma32(+):    208   Score   1.93     -35 (172) tgtcgcc >>> agcgcaatta -10 (203)

   Total:      4 promoter(s) predicted



>NEG_SPV_0285_CP027540.1_284057_+
   Length of Query sequence:       300
sigma38(+):    249   Score   1.91     -35 (210) ttgatt >>> tatgta -10 (241)
sigma70(+):    240   Score   1.84     -35 (207) gtgttg >>> tagatt -10 (233)
sigma24(+):    202   Score   1.93     -35 (170) gcaatc >>> tctga -10 (195)

   Total:      3 promoter(s) predicted



>NEG_SPV_0581_CP027540.1_609564_+
   Length of Query sequence:       300
sigma70(+):    249   Score   1.89     -35 (216) ttgcag >>> catttt -10 (242)
sigma28(+):    234   Score   1.80     -35 (202) tgcagtat >>> gatgatga -10 (228)
sigma24(+):    229   Score   1.85     -35 (194) caacgc >>> gcaga -10 (222)
sigma32(+):    209   Score   1.81     -35 (175) tgctggt >>> aacgctatgc -10 (204)

   Total:      4 promoter(s) predicted



>NEG_SPV_0460_CP027540.1_471254_+
   Length of Query sequence:       300
sigma32(+):    250   Score   1.79     -35 (216) ggtttga >>> gaccgcatga -10 (246)
sigma24(+):    218   Score   1.94     -35 (186) gaacaa >>> tcgaa -10 (211)
sigma38(+):    207   Score   1.29     -35 (172) ttggaa >>> tattgt -10 (199)
sigma70(+):    201   Score   1.97     -35 (162) gccaaa >>> caaact -10 (194)

   Total:      4 promoter(s) predicted



>NEG_SPV_0458_CP027540.1_468269_+
   Length of Query sequence:       300
sigma28(+):    247   Score   1.88     -35 (213) tgcaggag >>> actgaaga -10 (239)
sigma70(+):    241   Score   1.81     -35 (208) cttctt >>> gaaact -10 (234)
sigma24(+):    237   Score   1.84     -35 (205) gaactt >>> gctga -10 (230)

   Total:      3 promoter(s) predicted



>NEG_SPV_1305_CP027540.1_1324917_-
   Length of Query sequence:       300
sigma28(+):    231   Score   1.88     -35 (198) tcaagaag >>> tatgatat -10 (224)
sigma70(+):    229   Score   1.91     -35 (191) cttaca >>> tatgat -10 (222)
sigma32(+):    222   Score   1.81     -35 (186) ggcttct >>> gactctatct -10 (217)
sigma38(+):    206   Score   1.52     -35 (167) cctatg >>> tacatt -10 (198)
sigma24(+):    201   Score   1.90     -35 (165) taccta >>> tctta -10 (194)

   Total:      5 promoter(s) predicted



>NEG_SPV_1080_CP027540.1_1110924_-
   Length of Query sequence:       300
sigma70(+):    246   Score   1.94     -35 (211) ttgatt >>> gatatt -10 (239)
sigma38(+):    233   Score   1.93     -35 (192) tttacg >>> cacaat -10 (225)
sigma28(+):    217   Score   1.96     -35 (185) ccaagact >>> tcggacat -10 (211)

   Total:      3 promoter(s) predicted



>NEG_SPV_0345_CP027540.1_350491_+
   Length of Query sequence:       300
sigma24(+):    247   Score   1.87     -35 (211) aaaatg >>> gcaat -10 (240)
sigma28(+):    247   Score   1.97     -35 (212) aaatggtg >>> gatggcaa -10 (239)
sigma70(+):    223   Score   1.96     -35 (184) gaggca >>> taaaaa -10 (214)
sigma38(+):    211   Score   1.88     -35 (170) ttggaa >>> tactta -10 (203)
sigma32(+):    202   Score   1.88     -35 (161) ggcaaca >>> cgaggcaaat -10 (192)

   Total:      5 promoter(s) predicted



>NEG_SPV_0902_CP027540.1_1048492_+
   Length of Query sequence:       300
sigma32(+):    234   Score   1.65     -35 (199) aaacggt >>> acaggcagag -10 (229)
sigma38(+):    223   Score   1.77     -35 (189) gtgctt >>> tagact -10 (215)
sigma70(+):    222   Score   1.89     -35 (189) gtgctt >>> tagact -10 (215)
sigma24(+):    211   Score   1.84     -35 (176) gaattt >>> acggt -10 (205)

   Total:      4 promoter(s) predicted



>NEG_SPV_0444_CP027540.1_453039_+
   Length of Query sequence:       300
sigma24(+):    239   Score   1.88     -35 (205) aaacag >>> tcaaa -10 (232)
sigma38(+):    233   Score   1.91     -35 (196) ctgata >>> tacact -10 (225)
sigma70(+):    232   Score   1.91     -35 (196) ctgata >>> tacact -10 (225)
sigma28(+):    216   Score   1.93     -35 (178) acaagtca >>> gatagtaa -10 (205)
sigma32(+):    201   Score   1.78     -35 (161) tgcttta >>> gtcagcagtc -10 (191)

   Total:      5 promoter(s) predicted



>NEG_SPV_0671_CP027540.1_691567_+
   Length of Query sequence:       300
sigma24(+):    243   Score   1.95     -35 (209) gaaatt >>> tcgaa -10 (236)
sigma38(+):    240   Score   1.74     -35 (202) gtcaaa >>> tattat -10 (232)
sigma70(+):    238   Score   1.92     -35 (202) gtcaaa >>> tattat -10 (232)
sigma32(+):    213   Score   1.93     -35 (179) aactcgt >>> ctcgtcaaaa -10 (208)

   Total:      4 promoter(s) predicted



>NEG_SPV_1107_CP027540.1_1139889_-
   Length of Query sequence:       300
sigma24(+):    242   Score   1.73     -35 (210) gcatga >>> tcttt -10 (235)
sigma32(+):    240   Score   1.60     -35 (205) tgctagc >>> ttccctcttt -10 (235)
sigma38(+):    224   Score   0.75     -35 (183) ttgcca >>> catgat -10 (216)
sigma70(+):    220   Score   1.83     -35 (183) ttgcca >>> tagcat -10 (213)

   Total:      4 promoter(s) predicted



>NEG_SPV_0584_CP027540.1_612069_+
   Length of Query sequence:       300
sigma70(+):    250   Score   1.92     -35 (211) gtgaaa >>> taagat -10 (244)
sigma32(+):    235   Score   1.86     -35 (199) ctgagga >>> gcaagcatta -10 (230)
sigma38(+):    227   Score   1.79     -35 (190) ctgcca >>> aaaact -10 (219)
sigma28(+):    212   Score   1.94     -35 (179) taccctca >>> tctgagga -10 (205)
sigma24(+):    209   Score   1.86     -35 (173) gccata >>> tctga -10 (202)

   Total:      5 promoter(s) predicted



>NEG_SPV_0193_CP027540.1_196551_+
   Length of Query sequence:       300
sigma38(+):    246   Score   1.63     -35 (206) cctaag >>> aacgtt -10 (238)
sigma24(+):    239   Score   1.03     -35 (203) gctcct >>> tcaaa -10 (232)
sigma32(+):    205   Score   1.78     -35 (169) acctgct >>> aaagctaaca -10 (200)

   Total:      3 promoter(s) predicted



>NEG_SPV_1072_CP027540.1_1098980_-
   Length of Query sequence:       300
sigma28(+):    237   Score   1.96     -35 (201) taactttg >>> gatgaaat -10 (227)
sigma32(+):    225   Score   1.87     -35 (189) ttcagct >>> aaagctattg -10 (220)
sigma38(+):    224   Score   1.93     -35 (184) tataat >>> aaagct -10 (216)
sigma70(+):    213   Score   1.92     -35 (173) ttgcta >>> taactt -10 (206)
sigma24(+):    210   Score   1.97     -35 (180) gaacta >>> actaa -10 (203)

   Total:      5 promoter(s) predicted



>NEG_SPV_2035_CP027540.1_2014512_-
   Length of Query sequence:       300
sigma38(+):    248   Score   1.84     -35 (211) gtggat >>> tatgtt -10 (240)
sigma70(+):    219   Score   1.93     -35 (184) ttttat >>> gatagt -10 (212)
sigma24(+):    215   Score   1.60     -35 (180) gaagtt >>> gctga -10 (208)

   Total:      3 promoter(s) predicted



>NEG_SPV_1351_CP027540.1_1364725_-
   Length of Query sequence:       300
sigma70(+):    226   Score   1.90     -35 (188) ttgcca >>> tatcaa -10 (219)
sigma24(+):    219   Score   1.86     -35 (184) gaaatt >>> tcagt -10 (212)
sigma32(+):    204   Score   1.69     -35 (168) gcaagaa >>> gccagcagag -10 (199)

   Total:      3 promoter(s) predicted



>NEG_SPV_0254_CP027540.1_255170_+
   Length of Query sequence:       300
sigma38(+):    247   Score   1.87     -35 (210) ttccct >>> tacgtt -10 (239)
sigma28(+):    232   Score   1.83     -35 (199) ttaagtac >>> gcccatgc -10 (226)
sigma24(+):    230   Score   1.65     -35 (195) aaaatt >>> gccca -10 (223)
sigma32(+):    224   Score   1.77     -35 (188) ctgtggg >>> ttccctaagg -10 (219)
sigma70(+):    206   Score   1.91     -35 (173) gtggta >>> gaaaat -10 (199)

   Total:      5 promoter(s) predicted



>NEG_SPV_0129_CP027540.1_133018_+
   Length of Query sequence:       300
sigma38(+):    250   Score   1.29     -35 (213) catcaa >>> tattgt -10 (244)
sigma28(+):    248   Score   1.86     -35 (215) tcaagaat >>> gctgttat -10 (241)
sigma70(+):    234   Score   1.86     -35 (201) cgtaca >>> tatgct -10 (227)
sigma32(+):    222   Score   1.85     -35 (188) ggctgtc >>> ccacccatca -10 (217)
sigma24(+):    211   Score   1.70     -35 (177) gaagat >>> gcgta -10 (204)

   Total:      5 promoter(s) predicted



>NEG_SPV_1597_CP027540.1_1613528_-
   Length of Query sequence:       300
sigma70(+):    249   Score   1.88     -35 (213) ttctct >>> tatcct -10 (242)
sigma32(+):    227   Score   1.79     -35 (191) ccatggt >>> ttctctatct -10 (222)
sigma28(+):    203   Score   1.72     -35 (169) tcatggat >>> gcccatgg -10 (196)

   Total:      3 promoter(s) predicted



>NEG_SPV_1326_CP027540.1_1341885_+
   Length of Query sequence:       300
sigma28(+):    234   Score   1.81     -35 (200) taacggtt >>> ggtgaaga -10 (226)
sigma32(+):    205   Score   1.54     -35 (169) tggtcac >>> tgctccattt -10 (200)

   Total:      2 promoter(s) predicted



>NEG_SPV_0049_CP027540.1_43311_+
   Length of Query sequence:       300
sigma70(+):    240   Score   1.90     -35 (200) gtcaag >>> caatct -10 (233)
sigma24(+):    238   Score   1.83     -35 (209) agatta >>> tcaat -10 (231)
sigma38(+):    226   Score   1.91     -35 (188) tttacg >>> tagtct -10 (218)
sigma32(+):    206   Score   1.89     -35 (172) aagatga >>> cgacccaagt -10 (201)

   Total:      4 promoter(s) predicted



>NEG_SPV_0250_CP027540.1_246770_-
   Length of Query sequence:       300
sigma28(+):    223   Score   1.81     -35 (189) caactatg >>> tctggtac -10 (216)
sigma38(+):    215   Score   1.64     -35 (174) ctaccg >>> aaatct -10 (207)
sigma24(+):    202   Score   1.93     -35 (168) caacta >>> actat -10 (195)

   Total:      3 promoter(s) predicted



>NEG_SPV_1922_CP027540.1_1891072_-
   Length of Query sequence:       300
sigma24(+):    230   Score   0.58     -35 (195) gaacaa >>> actga -10 (223)
sigma28(+):    201   Score   1.88     -35 (168) caaacaag >>> cctgttga -10 (194)

   Total:      2 promoter(s) predicted



>NEG_SPV_0562_CP027540.1_584230_+
   Length of Query sequence:       300
sigma70(+):    247   Score   1.92     -35 (207) gttaat >>> taacaa -10 (240)
sigma24(+):    241   Score   1.64     -35 (209) taatgg >>> tcaat -10 (234)
sigma38(+):    240   Score   1.71     -35 (201) tttaca >>> tactca -10 (232)

   Total:      3 promoter(s) predicted



>NEG_SPV_0414_CP027540.1_414778_+
   Length of Query sequence:       300
sigma38(+):    250   Score   0.37     -35 (215) ttgaaa >>> taataa -10 (246)
sigma24(+):    237   Score   1.72     -35 (206) gatcag >>> tcgtt -10 (230)
sigma32(+):    211   Score   1.91     -35 (176) tggccgc >>> agcgctaggg -10 (206)
sigma28(+):    202   Score   1.95     -35 (165) tgcatgcc >>> actgattt -10 (192)
sigma70(+):    201   Score   1.90     -35 (164) ttgcat >>> gatttt -10 (193)

   Total:      5 promoter(s) predicted



>NEG_SPV_0948_CP027540.1_1005160_-
   Length of Query sequence:       300
sigma38(+):    249   Score   1.95     -35 (215) ttcgag >>> aacatt -10 (241)
sigma32(+):    247   Score   1.95     -35 (211) ccctttc >>> tgcaacatta -10 (242)
sigma70(+):    232   Score   1.96     -35 (196) ttgatg >>> gaaaat -10 (225)
sigma28(+):    201   Score   1.97     -35 (165) aaaactaa >>> gctcatat -10 (191)
sigma24(+):    201   Score   1.89     -35 (166) aaacta >>> tcata -10 (190)

   Total:      5 promoter(s) predicted



>NEG_SPV_1170_CP027540.1_1199136_-
   Length of Query sequence:       300
sigma28(+):    250   Score   1.97     -35 (217) cgaagttg >>> tctgatgc -10 (243)
sigma24(+):    247   Score   1.96     -35 (214) gaacga >>> tctga -10 (240)
sigma38(+):    240   Score   1.95     -35 (204) ttggaa >>> caaatt -10 (232)
sigma70(+):    202   Score   1.96     -35 (161) tctcaa >>> tatcaa -10 (193)

   Total:      4 promoter(s) predicted



>NEG_SPV_1158_CP027540.1_1187570_+
   Length of Query sequence:       300
sigma38(+):    244   Score   1.82     -35 (209) ttgaaa >>> aaatct -10 (236)
sigma24(+):    240   Score   1.90     -35 (211) gaaatt >>> acaaa -10 (233)
sigma28(+):    234   Score   1.95     -35 (200) caagggat >>> tcggattt -10 (226)
sigma70(+):    207   Score   1.96     -35 (172) cggact >>> taaacc -10 (200)
sigma32(+):    202   Score   1.86     -35 (163) atataaa >>> ccacccaact -10 (193)

   Total:      5 promoter(s) predicted



>NEG_SPV_0523_CP027540.1_533775_+
   Length of Query sequence:       300
sigma28(+):    249   Score   1.92     -35 (214) aaacgttt >>> gatgatta -10 (241)
sigma24(+):    222   Score   1.37     -35 (192) gaatct >>> gccaa -10 (215)
sigma70(+):    204   Score   1.89     -35 (170) ttgaaa >>> gaatct -10 (197)

   Total:      3 promoter(s) predicted



>NEG_SPV_0957_CP027540.1_992329_-
   Length of Query sequence:       300
sigma70(+):    244   Score   1.93     -35 (209) tttctt >>> gattgt -10 (237)
sigma32(+):    236   Score   1.93     -35 (201) agattga >>> agctcccttg -10 (232)
sigma38(+):    230   Score   1.84     -35 (191) ctgcag >>> aaaaat -10 (222)
sigma24(+):    210   Score   1.94     -35 (176) gaaaac >>> tcaga -10 (203)
sigma28(+):    202   Score   1.95     -35 (163) tcagtaca >>> ggtgaaaa -10 (189)

   Total:      5 promoter(s) predicted



>NEG_SPV_0151_CP027540.1_156019_+
   Length of Query sequence:       300
sigma38(+):    239   Score   1.90     -35 (199) cggaaa >>> tactta -10 (231)
sigma24(+):    238   Score   1.95     -35 (206) gacctt >>> actta -10 (231)
sigma70(+):    236   Score   1.90     -35 (199) cggaaa >>> gatact -10 (229)
sigma28(+):    209   Score   1.94     -35 (177) tgaataac >>> aacggaaa -10 (204)

   Total:      4 promoter(s) predicted



>NEG_SPV_0409_CP027540.1_410386_+
   Length of Query sequence:       300
sigma32(+):    229   Score   1.83     -35 (196) acattac >>> tcccacaacg -10 (225)
sigma38(+):    213   Score   1.94     -35 (176) ttgatt >>> tacttt -10 (205)
sigma70(+):    203   Score   1.93     -35 (162) tggaag >>> tatcaa -10 (195)
sigma24(+):    203   Score   1.84     -35 (173) gccttg >>> tcaaa -10 (196)
sigma28(+):    202   Score   1.96     -35 (166) agagcgtg >>> gatggtat -10 (192)

   Total:      5 promoter(s) predicted



>NEG_SPV_1015_CP027540.1_934760_-
   Length of Query sequence:       300
sigma32(+):    247   Score   1.80     -35 (213) gcctgct >>> aaactcatga -10 (242)
sigma38(+):    214   Score   1.83     -35 (174) cgtaaa >>> taaata -10 (206)
sigma70(+):    212   Score   1.86     -35 (175) gtaaaa >>> taaata -10 (206)
sigma28(+):    210   Score   1.92     -35 (176) taaaattt >>> gcttctaa -10 (203)
sigma24(+):    210   Score   1.94     -35 (177) aaaatt >>> tctaa -10 (203)

   Total:      5 promoter(s) predicted



>NEG_SPV_0005_CP027540.1_4425_+
   Length of Query sequence:       300
sigma38(+):    250   Score   1.95     -35 (215) ttgaca >>> tatttt -10 (242)
sigma70(+):    249   Score   1.94     -35 (215) ttgaca >>> tatttt -10 (242)
sigma32(+):    246   Score   1.94     -35 (212) agtttga >>> atcggtattt -10 (241)
sigma28(+):    244   Score   1.74     -35 (206) tgagtaag >>> gattatat -10 (233)

   Total:      4 promoter(s) predicted



>NEG_SPV_0995_CP027540.1_959957_+
   Length of Query sequence:       300
sigma24(+):    250   Score   1.84     -35 (216) tacttt >>> actat -10 (243)
sigma70(+):    249   Score   1.92     -35 (214) gttact >>> tactat -10 (243)
sigma28(+):    217   Score   1.77     -35 (183) taaggcga >>> tcggaaga -10 (210)
sigma38(+):    206   Score   1.89     -35 (170) ctgacc >>> aatgat -10 (198)

   Total:      4 promoter(s) predicted



>NEG_SPV_0635_CP027540.1_656642_+
   Length of Query sequence:       300
sigma24(+):    234   Score   1.86     -35 (198) gaaatc >>> gcaaa -10 (227)
sigma70(+):    218   Score   1.95     -35 (181) cagaag >>> taaact -10 (211)
sigma32(+):    213   Score   1.67     -35 (179) gccagaa >>> aaatccataa -10 (208)

   Total:      3 promoter(s) predicted



>NEG_SPV_1986_CP027540.1_1960008_-
   Length of Query sequence:       300
sigma24(+):    246   Score   1.84     -35 (211) gaagta >>> acaga -10 (239)
sigma28(+):    239   Score   1.80     -35 (205) gaaagtga >>> gcttgaaa -10 (232)
sigma38(+):    235   Score   1.51     -35 (199) ttggat >>> tatgct -10 (227)
sigma70(+):    234   Score   1.91     -35 (199) ttggat >>> tatgct -10 (227)

   Total:      4 promoter(s) predicted



>NEG_SPV_1987_CP027540.1_1961791_-
   Length of Query sequence:       300
sigma38(+):    230   Score   1.95     -35 (190) tagaat >>> taagtt -10 (222)
sigma24(+):    223   Score   1.88     -35 (192) gaatta >>> tccgt -10 (216)
sigma32(+):    218   Score   1.95     -35 (178) agctagt >>> atcagcagct -10 (209)
sigma70(+):    208   Score   1.96     -35 (174) gctaag >>> taaaat -10 (201)

   Total:      4 promoter(s) predicted



>NEG_SPV_1096_CP027540.1_1125765_-
   Length of Query sequence:       300
sigma28(+):    218   Score   1.94     -35 (185) taatgata >>> gcggaaga -10 (212)
sigma24(+):    210   Score   1.72     -35 (180) gaacgt >>> tccaa -10 (203)
sigma38(+):    203   Score   1.84     -35 (162) ttggtc >>> aatgat -10 (191)
sigma70(+):    201   Score   1.89     -35 (166) tcgata >>> gatatt -10 (194)

   Total:      4 promoter(s) predicted



>NEG_SPV_0700_CP027540.1_712794_+
   Length of Query sequence:       300
sigma24(+):    227   Score   1.86     -35 (195) gccatt >>> tccca -10 (220)
sigma38(+):    210   Score   1.77     -35 (176) ttgtct >>> catttt -10 (202)
sigma70(+):    209   Score   1.91     -35 (176) ttgtct >>> catttt -10 (202)
sigma32(+):    206   Score   1.92     -35 (171) aggtctt >>> agagccattt -10 (201)

   Total:      4 promoter(s) predicted



>NEG_SPV_0901_CP027540.1_1050352_-
   Length of Query sequence:       300
sigma38(+):    239   Score   1.35     -35 (203) gttcct >>> tactaa -10 (231)
sigma70(+):    238   Score   1.83     -35 (204) ttcctt >>> tactaa -10 (231)
sigma24(+):    216   Score   1.75     -35 (183) aaaaga >>> tcctt -10 (209)

   Total:      3 promoter(s) predicted



>NEG_SPV_1749_CP027540.1_1742435_+
   Length of Query sequence:       300
sigma24(+):    245   Score   1.65     -35 (216) gaatat >>> actat -10 (238)
sigma70(+):    228   Score   1.96     -35 (189) gtaatg >>> gaatat -10 (221)
sigma38(+):    204   Score   1.95     -35 (164) tctaaa >>> aatgat -10 (196)
sigma28(+):    202   Score   1.95     -35 (170) tggtgtct >>> ggtaatga -10 (195)

   Total:      4 promoter(s) predicted



>NEG_SPV_1841_CP027540.1_1828402_-
   Length of Query sequence:       300
sigma24(+):    249   Score   1.92     -35 (219) gacctt >>> tcaca -10 (242)
sigma32(+):    220   Score   1.91     -35 (186) tcgttat >>> aacaatatca -10 (215)
sigma38(+):    219   Score   1.95     -35 (180) tagcat >>> aacaat -10 (211)
sigma70(+):    209   Score   1.93     -35 (175) ttgaat >>> taactt -10 (202)

   Total:      4 promoter(s) predicted



>NEG_SPV_1985_CP027540.1_1958601_-
   Length of Query sequence:       300
sigma38(+):    246   Score   1.84     -35 (212) tttaat >>> tatgtt -10 (238)
sigma70(+):    245   Score   1.85     -35 (212) tttaat >>> tatgtt -10 (238)

   Total:      2 promoter(s) predicted



>NEG_SPV_1359_CP027540.1_1376016_+
   Length of Query sequence:       300
sigma28(+):    240   Score   1.95     -35 (207) ttcagcta >>> gctggaga -10 (233)
sigma38(+):    232   Score   1.90     -35 (198) ctttag >>> taaact -10 (224)
sigma70(+):    231   Score   1.90     -35 (198) ctttag >>> taaact -10 (224)
sigma24(+):    201   Score   0.39     -35 (166) caattt >>> tccaa -10 (194)

   Total:      4 promoter(s) predicted



>NEG_SPV_1621_CP027540.1_1637167_-
   Length of Query sequence:       300
sigma70(+):    238   Score   1.66     -35 (199) gatgag >>> gaaaat -10 (231)
sigma28(+):    237   Score   1.92     -35 (203) agaggacc >>> caagaaaa -10 (230)
sigma32(+):    229   Score   1.89     -35 (194) taatcga >>> agccccttca -10 (224)

   Total:      3 promoter(s) predicted



>NEG_SPV_1797_CP027540.1_1791635_-
   Length of Query sequence:       300
sigma38(+):    210   Score   1.93     -35 (174) ccgcta >>> taaggt -10 (202)
sigma70(+):    209   Score   1.93     -35 (174) ccgcta >>> taaggt -10 (202)
sigma24(+):    201   Score   1.19     -35 (171) ggtccg >>> tcaat -10 (194)

   Total:      3 promoter(s) predicted



>NEG_SPV_1171_CP027540.1_1200906_-
   Length of Query sequence:       300
sigma38(+):    246   Score   1.92     -35 (206) ttgtca >>> tattat -10 (238)
sigma70(+):    245   Score   1.84     -35 (206) ttgtca >>> tattat -10 (238)
sigma28(+):    208   Score   1.94     -35 (169) aaaatctg >>> tctggtag -10 (195)
sigma24(+):    208   Score   1.20     -35 (176) gacttc >>> gccaa -10 (202)

   Total:      4 promoter(s) predicted



>NEG_SPV_0380_CP027540.1_385489_+
   Length of Query sequence:       300
sigma24(+):    225   Score   1.42     -35 (192) tcattt >>> gcaca -10 (218)
sigma32(+):    224   Score   1.63     -35 (188) agattca >>> ggacgcacag -10 (219)
sigma28(+):    214   Score   1.72     -35 (180) gaaagtgc >>> gaagatgg -10 (207)
sigma70(+):    212   Score   1.96     -35 (174) gatcaa >>> gaagat -10 (205)
sigma38(+):    206   Score   1.85     -35 (169) tttcag >>> catttt -10 (198)

   Total:      5 promoter(s) predicted



>NEG_SPV_0457_CP027540.1_467366_+
   Length of Query sequence:       300
sigma70(+):    203   Score   1.94     -35 (169) ttgata >>> gattct -10 (197)
sigma24(+):    201   Score   1.83     -35 (166) gaattg >>> tcgat -10 (194)

   Total:      2 promoter(s) predicted



>NEG_SPV_0724_CP027540.1_739861_+
   Length of Query sequence:       300
sigma70(+):    246   Score   1.87     -35 (207) tagtca >>> gactat -10 (239)
sigma32(+):    236   Score   1.66     -35 (200) agtcaaa >>> tacactattg -10 (231)
sigma38(+):    235   Score   1.85     -35 (201) gtcaaa >>> tacact -10 (227)
sigma24(+):    212   Score   1.94     -35 (178) aaccat >>> tcaaa -10 (206)
sigma28(+):    201   Score   1.92     -35 (162) taacggtg >>> catgacat -10 (188)

   Total:      5 promoter(s) predicted



>NEG_SPV_0532_CP027540.1_543725_+
   Length of Query sequence:       300
sigma32(+):    246   Score   1.88     -35 (212) aagtgga >>> gtcgctattg -10 (241)

   Total:      1 promoter(s) predicted



>NEG_SPV_0150_CP027540.1_155325_+
   Length of Query sequence:       300
sigma24(+):    213   Score   1.91     -35 (180) gactat >>> tcggt -10 (206)
sigma38(+):    210   Score   1.95     -35 (170) tggaca >>> taaaat -10 (202)
sigma70(+):    209   Score   1.93     -35 (170) tggaca >>> taaaat -10 (202)
sigma28(+):    206   Score   1.96     -35 (173) acaatttg >>> tttgataa -10 (199)

   Total:      4 promoter(s) predicted



>NEG_SPV_1409_CP027540.1_1428828_-
   Length of Query sequence:       300
sigma24(+):    233   Score   1.79     -35 (197) gaaatt >>> tctga -10 (226)
sigma38(+):    226   Score   1.18     -35 (188) catcaa >>> aattgt -10 (220)
sigma70(+):    209   Score   1.91     -35 (175) cagcta >>> gaaatt -10 (202)

   Total:      3 promoter(s) predicted



>NEG_SPV_1863_CP027540.1_1843016_-
   Length of Query sequence:       300
sigma24(+):    237   Score   1.68     -35 (206) gcagta >>> tctat -10 (230)
sigma32(+):    225   Score   1.87     -35 (191) tgaagaa >>> acaggcaacg -10 (220)

   Total:      2 promoter(s) predicted



>NEG_SPV_1330_CP027540.1_1345758_-
   Length of Query sequence:       300
sigma70(+):    243   Score   1.88     -35 (207) tagccc >>> tattat -10 (236)
sigma38(+):    240   Score   1.94     -35 (207) tagccc >>> tatatt -10 (234)
sigma32(+):    219   Score   1.92     -35 (186) ggccgcc >>> ttagcccttt -10 (215)
sigma24(+):    201   Score   1.89     -35 (169) ccaaga >>> gccaa -10 (194)

   Total:      4 promoter(s) predicted



>NEG_SPV_0157_CP027540.1_161702_+
   Length of Query sequence:       300
sigma32(+):    249   Score   1.71     -35 (214) tactccg >>> gacctcacct -10 (244)
sigma28(+):    237   Score   1.94     -35 (198) ataatact >>> tccgatgg -10 (224)
sigma38(+):    225   Score   1.88     -35 (185) taccat >>> catact -10 (217)
sigma70(+):    209   Score   1.93     -35 (174) ctgctg >>> gataat -10 (202)

   Total:      4 promoter(s) predicted



>NEG_SPV_1903_CP027540.1_1876010_-
   Length of Query sequence:       300
sigma38(+):    213   Score   1.77     -35 (178) tcgcag >>> taaaca -10 (205)
sigma70(+):    204   Score   1.88     -35 (171) gtggct >>> gaagat -10 (197)
sigma28(+):    203   Score   1.91     -35 (166) ataaggtg >>> gcagatgg -10 (192)

   Total:      3 promoter(s) predicted



>NEG_SPV_0773_CP027540.1_784768_+
   Length of Query sequence:       300
sigma24(+):    220   Score   0.29     -35 (190) gccctt >>> acggt -10 (213)

   Total:      1 promoter(s) predicted



>NEG_SPV_0147_CP027540.1_152192_+
   Length of Query sequence:       300
sigma38(+):    246   Score   1.95     -35 (206) tttaca >>> tatttt -10 (238)
sigma70(+):    233   Score   1.96     -35 (195) ctgctc >>> catttt -10 (227)
sigma32(+):    231   Score   1.95     -35 (196) tgctcct >>> tacggcattt -10 (226)
sigma24(+):    210   Score   0.77     -35 (176) gaaatt >>> tccta -10 (203)

   Total:      4 promoter(s) predicted



>NEG_SPV_0127_CP027540.1_131621_+
   Length of Query sequence:       300
sigma24(+):    249   Score   1.83     -35 (217) acaatg >>> tcgga -10 (242)
sigma32(+):    203   Score   1.73     -35 (169) caatcgg >>> ctcggtatcg -10 (198)

   Total:      2 promoter(s) predicted



>NEG_SPV_1422_CP027540.1_1441627_-
   Length of Query sequence:       300
sigma70(+):    250   Score   1.91     -35 (210) ttaaag >>> tatttt -10 (243)
sigma38(+):    249   Score   1.78     -35 (210) ttaaag >>> tatttt -10 (243)
sigma32(+):    247   Score   1.88     -35 (211) taaagga >>> ggccttattt -10 (242)
sigma24(+):    234   Score   1.85     -35 (203) gcagga >>> tcagt -10 (227)

   Total:      4 promoter(s) predicted



>NEG_SPV_1138_CP027540.1_1173184_-
   Length of Query sequence:       300
sigma38(+):    210   Score   1.08     -35 (170) gtggat >>> taccat -10 (202)
sigma70(+):    209   Score   1.82     -35 (170) gtggat >>> taccat -10 (202)
sigma32(+):    207   Score   1.68     -35 (172) ggatgag >>> acctctacca -10 (201)

   Total:      3 promoter(s) predicted



>NEG_SPV_1208_CP027540.1_1237589_-
   Length of Query sequence:       300
sigma24(+):    231   Score   0.66     -35 (199) taccat >>> acagt -10 (225)
sigma28(+):    214   Score   1.90     -35 (175) tgaccaaa >>> ggtgatac -10 (201)
sigma38(+):    213   Score   1.80     -35 (174) ttgacc >>> taccat -10 (204)
sigma70(+):    202   Score   1.82     -35 (170) tatatt >>> gatggt -10 (196)

   Total:      4 promoter(s) predicted



>NEG_SPV_1290_CP027540.1_1312265_-
   Length of Query sequence:       300
sigma38(+):    240   Score   1.88     -35 (200) cagatt >>> tatttt -10 (232)
sigma32(+):    236   Score   1.87     -35 (201) agattct >>> atcgctattt -10 (231)
sigma70(+):    214   Score   1.94     -35 (179) gtggaa >>> gattct -10 (207)
sigma24(+):    209   Score   1.88     -35 (181) ggaagt >>> tcaga -10 (203)

   Total:      4 promoter(s) predicted



>NEG_SPV_0388_CP027540.1_392134_+
   Length of Query sequence:       300
sigma28(+):    224   Score   1.84     -35 (191) gtaagatt >>> tctgccaa -10 (217)
sigma32(+):    217   Score   1.80     -35 (183) aagtcca >>> atctctatct -10 (212)
sigma38(+):    205   Score   1.89     -35 (169) tttaac >>> taagat -10 (197)
sigma70(+):    204   Score   1.94     -35 (169) tttaac >>> taagat -10 (197)

   Total:      4 promoter(s) predicted



>NEG_SPV_0144_CP027540.1_150284_+
   Length of Query sequence:       300
sigma24(+):    250   Score   1.92     -35 (217) gaattt >>> tcgat -10 (244)
sigma38(+):    246   Score   1.83     -35 (211) tccaaa >>> tacaca -10 (238)
sigma70(+):    229   Score   1.95     -35 (195) ctcctt >>> gaattt -10 (222)
sigma32(+):    222   Score   1.95     -35 (187) ttatcaa >>> aaatccaaag -10 (217)

   Total:      4 promoter(s) predicted



>NEG_SPV_1216_CP027540.1_1247795_-
   Length of Query sequence:       300
sigma24(+):    220   Score   1.87     -35 (185) gaaagc >>> tcata -10 (213)
sigma38(+):    219   Score   0.97     -35 (183) cagaaa >>> cataca -10 (215)
sigma32(+):    215   Score   1.90     -35 (179) tgttcag >>> caagcccttc -10 (210)

   Total:      3 promoter(s) predicted



>NEG_SPV_0231_CP027540.1_219844_+
   Length of Query sequence:       300
sigma28(+):    244   Score   1.97     -35 (212) tgaaaatt >>> ggggaaaa -10 (238)
sigma38(+):    227   Score   1.95     -35 (189) taggaa >>> aaaatt -10 (219)
sigma70(+):    219   Score   1.96     -35 (182) gtgtcc >>> taatat -10 (212)
sigma24(+):    205   Score   1.92     -35 (175) gcagca >>> tctaa -10 (199)

   Total:      4 promoter(s) predicted



>NEG_SPV_0453_CP027540.1_458958_+
   Length of Query sequence:       300
sigma24(+):    243   Score   1.98     -35 (212) aaacta >>> tcaat -10 (236)
sigma32(+):    239   Score   1.94     -35 (201) aatttcc >>> aaatctattc -10 (230)
sigma38(+):    239   Score   1.93     -35 (203) tttcca >>> tattct -10 (231)
sigma70(+):    238   Score   1.97     -35 (203) tttcca >>> tattct -10 (231)
sigma28(+):    219   Score   1.97     -35 (186) aacagcta >>> ccagataa -10 (213)

   Total:      5 promoter(s) predicted



>NEG_SPV_0176_CP027540.1_180070_+
   Length of Query sequence:       300
sigma70(+):    240   Score   1.83     -35 (202) tcgatg >>> tatcaa -10 (232)
sigma38(+):    208   Score   1.27     -35 (168) gtgcca >>> cacaat -10 (200)

   Total:      2 promoter(s) predicted



>NEG_SPV_1458_CP027540.1_1472522_-
   Length of Query sequence:       300
sigma38(+):    249   Score   0.34     -35 (216) tttcca >>> aagact -10 (245)
sigma24(+):    236   Score   1.88     -35 (200) gcccat >>> tcaaa -10 (229)

   Total:      2 promoter(s) predicted



>NEG_SPV_0175_CP027540.1_178854_-
   Length of Query sequence:       300
sigma38(+):    241   Score   1.67     -35 (205) gttcaa >>> tacctt -10 (233)
sigma70(+):    240   Score   1.93     -35 (205) gttcaa >>> tacctt -10 (233)
sigma24(+):    225   Score   1.91     -35 (194) gaaatt >>> gcaat -10 (218)
sigma32(+):    223   Score   1.92     -35 (188) gattaag >>> accagcaata -10 (219)
sigma28(+):    202   Score   1.97     -35 (169) tcaaaaca >>> gattaaga -10 (195)

   Total:      5 promoter(s) predicted



>NEG_SPV_1661_CP027540.1_1673296_-
   Length of Query sequence:       300
sigma24(+):    233   Score   1.93     -35 (199) taattt >>> gccat -10 (226)
sigma32(+):    233   Score   1.89     -35 (199) taatttt >>> gcagccatca -10 (228)
sigma38(+):    212   Score   1.94     -35 (178) tagata >>> taattt -10 (204)
sigma70(+):    210   Score   1.94     -35 (178) tagata >>> taattt -10 (204)

   Total:      4 promoter(s) predicted



>NEG_SPV_0562_CP027540.1_582690_+
   Length of Query sequence:       300
sigma70(+):    241   Score   1.88     -35 (206) gtgaac >>> gatggt -10 (234)
sigma28(+):    240   Score   1.90     -35 (207) tgaacgct >>> gcagatgg -10 (233)
sigma24(+):    222   Score   1.88     -35 (193) gaacaa >>> gctat -10 (216)
sigma32(+):    210   Score   1.79     -35 (176) tcggtgt >>> caagccagcc -10 (205)

   Total:      4 promoter(s) predicted



>NEG_SPV_0953_CP027540.1_997976_-
   Length of Query sequence:       300
sigma38(+):    236   Score   1.93     -35 (197) tttaag >>> taagtt -10 (228)
sigma28(+):    232   Score   1.96     -35 (198) ttaagacg >>> aaagataa -10 (225)
sigma70(+):    207   Score   1.96     -35 (168) cagaat >>> tatttt -10 (198)
sigma24(+):    202   Score   1.98     -35 (170) gaatta >>> gctat -10 (195)
sigma32(+):    202   Score   1.94     -35 (166) atcagaa >>> ctagctattt -10 (197)

   Total:      5 promoter(s) predicted



>NEG_SPV_0308_CP027540.1_308257_+
   Length of Query sequence:       300
sigma70(+):    241   Score   1.91     -35 (204) ttgact >>> taaaga -10 (234)
sigma24(+):    227   Score   1.93     -35 (196) gaaaga >>> tcagt -10 (220)
sigma32(+):    211   Score   1.86     -35 (175) agttaac >>> aaagacattg -10 (206)
sigma28(+):    206   Score   1.95     -35 (172) tgaagtta >>> gctaagaa -10 (198)

   Total:      4 promoter(s) predicted



>NEG_SPV_1384_CP027540.1_1405363_+
   Length of Query sequence:       300
sigma32(+):    242   Score   1.82     -35 (207) tgatacc >>> accagcacct -10 (237)

   Total:      1 promoter(s) predicted



>NEG_SPV_0577_CP027540.1_604274_+
   Length of Query sequence:       300
sigma38(+):    237   Score   1.96     -35 (196) ttgaca >>> aactct -10 (229)
sigma70(+):    222   Score   1.94     -35 (187) ttgaca >>> gagaat -10 (215)
sigma28(+):    206   Score   1.97     -35 (169) aagagaag >>> gacagtat -10 (196)
sigma24(+):    201   Score   1.83     -35 (165) gaagaa >>> acagt -10 (194)

   Total:      4 promoter(s) predicted



>NEG_SPV_1408_CP027540.1_1427639_-
   Length of Query sequence:       300
sigma28(+):    246   Score   1.96     -35 (212) tgactatg >>> gctaagaa -10 (239)
sigma24(+):    221   Score   1.98     -35 (187) gatatt >>> gctga -10 (214)
sigma38(+):    220   Score   1.95     -35 (185) ttgata >>> tatgct -10 (212)
sigma70(+):    219   Score   1.94     -35 (185) ttgata >>> tatgct -10 (212)
sigma32(+):    216   Score   1.95     -35 (182) gttttga >>> gaagctatgc -10 (211)

   Total:      5 promoter(s) predicted



>NEG_SPV_1458_CP027540.1_1471842_-
   Length of Query sequence:       300
sigma70(+):    249   Score   1.91     -35 (214) ttccca >>> gatttt -10 (242)
sigma28(+):    230   Score   1.90     -35 (197) tggagctg >>> cccaaaga -10 (223)
sigma24(+):    212   Score   1.70     -35 (176) gattta >>> gctgt -10 (205)
sigma32(+):    202   Score   1.90     -35 (167) ggctgag >>> taccccagat -10 (197)

   Total:      4 promoter(s) predicted



>NEG_SPV_0098_CP027540.1_98788_+
   Length of Query sequence:       300
sigma38(+):    235   Score   1.87     -35 (201) cttgca >>> tatgtt -10 (227)
sigma24(+):    204   Score   1.81     -35 (175) gaagga >>> gcaga -10 (197)
sigma70(+):    202   Score   1.95     -35 (159) tagacc >>> gaaaat -10 (190)

   Total:      3 promoter(s) predicted



>NEG_SPV_1507_CP027540.1_1529159_-
   Length of Query sequence:       300
sigma32(+):    240   Score   1.84     -35 (204) agttgac >>> caaggcagag -10 (235)
sigma38(+):    228   Score   1.81     -35 (189) ttgcct >>> catttt -10 (220)
sigma70(+):    227   Score   1.91     -35 (189) ttgcct >>> catttt -10 (220)
sigma24(+):    208   Score   1.95     -35 (178) gaaaaa >>> tcaga -10 (201)

   Total:      4 promoter(s) predicted



>NEG_SPV_0235_CP027540.1_223999_+
   Length of Query sequence:       300
sigma70(+):    221   Score   1.96     -35 (186) tctacc >>> tacgtt -10 (214)
sigma24(+):    211   Score   1.80     -35 (179) aaaccc >>> tctaa -10 (205)
sigma38(+):    211   Score   1.94     -35 (173) ttgcac >>> taatct -10 (203)
sigma32(+):    202   Score   1.95     -35 (166) aaatcag >>> taccgcaacc -10 (197)

   Total:      4 promoter(s) predicted



>NEG_SPV_0912_CP027540.1_1041201_-
   Length of Query sequence:       300
sigma24(+):    248   Score   1.88     -35 (219) aaactc >>> tctat -10 (241)
sigma32(+):    248   Score   1.78     -35 (213) gcattca >>> atctctatct -10 (243)
sigma28(+):    240   Score   1.91     -35 (204) ttcggcaa >>> tctgacag -10 (230)
sigma38(+):    231   Score   1.64     -35 (195) cctcta >>> caaact -10 (223)
sigma70(+):    201   Score   1.96     -35 (165) gtggtt >>> gataat -10 (193)

   Total:      5 promoter(s) predicted



>NEG_SPV_1610_CP027540.1_1626419_-
   Length of Query sequence:       300
sigma24(+):    231   Score   1.97     -35 (199) tccatt >>> tcata -10 (224)
sigma28(+):    223   Score   1.79     -35 (191) gaaatttt >>> gatgaaga -10 (216)
sigma38(+):    206   Score   1.95     -35 (165) tacatg >>> aatttt -10 (198)
sigma70(+):    203   Score   1.96     -35 (165) tacatg >>> gaaatt -10 (196)

   Total:      4 promoter(s) predicted



>NEG_SPV_1418_CP027540.1_1438820_+
   Length of Query sequence:       300
sigma38(+):    246   Score   1.51     -35 (209) catcaa >>> aaaaat -10 (238)
sigma70(+):    245   Score   1.88     -35 (209) catcaa >>> aaaaat -10 (238)
sigma28(+):    243   Score   1.95     -35 (211) tcaaatca >>> gcaaaaaa -10 (237)
sigma32(+):    218   Score   1.78     -35 (182) cactcct >>> cgcctcatca -10 (213)

   Total:      4 promoter(s) predicted



>NEG_SPV_1377_CP027540.1_1396583_+
   Length of Query sequence:       300
sigma70(+):    231   Score   1.96     -35 (196) tcccca >>> tattat -10 (224)
sigma28(+):    223   Score   1.96     -35 (191) tgacctcc >>> tacaaaga -10 (217)
sigma24(+):    222   Score   1.85     -35 (192) gacctc >>> acaaa -10 (215)
sigma38(+):    217   Score   1.89     -35 (181) gtcact >>> cacttt -10 (209)
sigma32(+):    209   Score   1.91     -35 (175) aaaatgg >>> ctccccaacc -10 (204)

   Total:      5 promoter(s) predicted



>NEG_SPV_1260_CP027540.1_1288926_+
   Length of Query sequence:       300
sigma70(+):    249   Score   1.96     -35 (214) gtaact >>> aaaaat -10 (242)
sigma28(+):    242   Score   1.97     -35 (209) taatggta >>> gcaaaaga -10 (235)
sigma24(+):    239   Score   1.98     -35 (206) taataa >>> gcaaa -10 (232)
sigma38(+):    234   Score   1.95     -35 (195) tataaa >>> tattct -10 (226)
sigma32(+):    228   Score   1.94     -35 (194) atataaa >>> gtaactatat -10 (223)

   Total:      5 promoter(s) predicted



>NEG_SPV_0776_CP027540.1_789730_+
   Length of Query sequence:       300
sigma70(+):    250   Score   1.89     -35 (211) gttcat >>> tacctt -10 (244)
sigma38(+):    250   Score   1.87     -35 (216) tctaag >>> tacctt -10 (244)
sigma28(+):    243   Score   1.85     -35 (204) tcagcttg >>> caggaaaa -10 (230)
sigma24(+):    227   Score   1.83     -35 (196) caacaa >>> tctaa -10 (220)
sigma32(+):    214   Score   1.89     -35 (179) ctatgat >>> aacctcagct -10 (209)

   Total:      5 promoter(s) predicted



>NEG_SPV_0622_CP027540.1_644853_+
   Length of Query sequence:       300
sigma70(+):    250   Score   1.97     -35 (217) gtcatt >>> tagact -10 (244)
sigma32(+):    244   Score   1.82     -35 (209) tcatgct >>> gtctctattt -10 (239)
sigma24(+):    229   Score   1.85     -35 (196) gcccat >>> tcatt -10 (222)
sigma38(+):    223   Score   1.56     -35 (182) cttcat >>> catgct -10 (215)

   Total:      4 promoter(s) predicted



>NEG_SPV_0503_CP027540.1_511976_+
   Length of Query sequence:       300
sigma28(+):    247   Score   1.86     -35 (213) cgagtttg >>> gctcgtga -10 (240)
sigma24(+):    235   Score   1.92     -35 (200) gaatta >>> acaaa -10 (228)
sigma70(+):    235   Score   1.96     -35 (197) catgaa >>> tacaaa -10 (228)
sigma32(+):    203   Score   1.95     -35 (164) ctttcga >>> caagctatac -10 (194)
sigma38(+):    203   Score   1.95     -35 (167) tcgaaa >>> tataca -10 (195)

   Total:      5 promoter(s) predicted



>NEG_SPV_1642_CP027540.1_1658079_-
   Length of Query sequence:       300
sigma24(+):    210   Score   1.32     -35 (180) acaaaa >>> gctga -10 (202)
sigma28(+):    210   Score   1.91     -35 (179) tacaaaat >>> gctgaagg -10 (205)
sigma38(+):    203   Score   1.76     -35 (158) tttatg >>> tactat -10 (191)
sigma70(+):    201   Score   1.92     -35 (158) tttatg >>> tactat -10 (191)

   Total:      4 promoter(s) predicted



>NEG_SPV_1791_CP027540.1_1786395_-
   Length of Query sequence:       300
On chain+ promoters not found

   Total:      0 promoter(s) predicted



>NEG_SPV_0773_CP027540.1_785528_+
   Length of Query sequence:       300
sigma24(+):    206   Score   1.93     -35 (176) aaacat >>> tcatt -10 (199)

   Total:      1 promoter(s) predicted



>NEG_SPV_0569_CP027540.1_590897_+
   Length of Query sequence:       300
sigma38(+):    210   Score   1.51     -35 (170) tttaaa >>> cacgct -10 (202)
sigma70(+):    203   Score   1.89     -35 (170) tttaaa >>> gaaaat -10 (196)

   Total:      2 promoter(s) predicted



>NEG_SPV_0636_CP027540.1_657722_+
   Length of Query sequence:       300
sigma38(+):    247   Score   1.85     -35 (211) tttcca >>> catact -10 (239)
sigma70(+):    246   Score   1.91     -35 (211) tttcca >>> catact -10 (239)
sigma32(+):    243   Score   1.83     -35 (208) cggtttc >>> aaactcatac -10 (238)
sigma28(+):    238   Score   1.84     -35 (206) ttcggttt >>> gacgaaaa -10 (231)
sigma24(+):    224   Score   1.94     -35 (191) gaaatt >>> tccaa -10 (217)

   Total:      5 promoter(s) predicted



>NEG_SPV_0973_CP027540.1_976884_-
   Length of Query sequence:       300
sigma32(+):    243   Score   1.90     -35 (209) agctgga >>> gtagccagaa -10 (238)
sigma28(+):    213   Score   1.93     -35 (179) agcaaatc >>> gccgatga -10 (206)
sigma24(+):    210   Score   1.67     -35 (180) gcaaat >>> gccga -10 (203)
sigma70(+):    204   Score   1.91     -35 (162) tcaaaa >>> tactat -10 (195)

   Total:      4 promoter(s) predicted



>NEG_SPV_0334_CP027540.1_333656_+
   Length of Query sequence:       300
sigma28(+):    240   Score   1.96     -35 (208) tcaagata >>> gcagaaaa -10 (234)
sigma32(+):    237   Score   1.93     -35 (202) ggatggt >>> acctgcagaa -10 (232)
sigma24(+):    230   Score   1.77     -35 (194) tcattc >>> gcaaa -10 (223)
sigma70(+):    222   Score   1.92     -35 (185) gttaaa >>> caagat -10 (214)
sigma38(+):    209   Score   1.94     -35 (170) gtgcat >>> cattct -10 (200)

   Total:      5 promoter(s) predicted



>NEG_SPV_1575_CP027540.1_1594059_-
   Length of Query sequence:       300
sigma70(+):    250   Score   1.93     -35 (216) ttggat >>> tatttt -10 (244)
sigma38(+):    250   Score   1.92     -35 (216) ttggat >>> tatttt -10 (244)

   Total:      2 promoter(s) predicted



>NEG_SPV_0740_CP027540.1_752097_+
   Length of Query sequence:       300
sigma70(+):    229   Score   1.93     -35 (195) tcgact >>> tagctt -10 (222)
sigma32(+):    213   Score   1.82     -35 (178) cggtcaa >>> ctccccatct -10 (208)
sigma38(+):    203   Score   1.82     -35 (162) gtgaaa >>> caatct -10 (195)
sigma24(+):    201   Score   1.92     -35 (164) gaaatc >>> tcaat -10 (193)

   Total:      4 promoter(s) predicted



>NEG_SPV_1099_CP027540.1_1129961_+
   Length of Query sequence:       300
sigma70(+):    216   Score   1.94     -35 (181) ttgatg >>> gaaatt -10 (209)
sigma24(+):    209   Score   1.87     -35 (174) gcacaa >>> gctga -10 (203)

   Total:      2 promoter(s) predicted



>NEG_SPV_0776_CP027540.1_789470_+
   Length of Query sequence:       300
sigma24(+):    250   Score   1.78     -35 (214) aaatgt >>> gccaa -10 (243)
sigma32(+):    216   Score   1.88     -35 (180) gtggcca >>> ttcgacaact -10 (211)
sigma38(+):    210   Score   1.33     -35 (170) cttaca >>> tatcgt -10 (202)
sigma70(+):    209   Score   1.83     -35 (170) cttaca >>> tatcgt -10 (202)

   Total:      4 promoter(s) predicted



>NEG_SPV_1914_CP027540.1_1885977_+
   Length of Query sequence:       300
sigma32(+):    250   Score   1.95     -35 (214) gatttat >>> tgcaccaagc -10 (245)
sigma24(+):    222   Score   1.96     -35 (190) aaatta >>> gccga -10 (215)
sigma70(+):    216   Score   1.96     -35 (176) tacacc >>> catgct -10 (209)
sigma38(+):    202   Score   1.92     -35 (161) ctgacg >>> taaatt -10 (194)

   Total:      4 promoter(s) predicted



>NEG_SPV_0185_CP027540.1_189265_+
   Length of Query sequence:       300
sigma28(+):    249   Score   1.71     -35 (210) taagcaga >>> gaagattt -10 (236)
sigma38(+):    214   Score   1.94     -35 (179) tttatg >>> tattca -10 (206)
sigma70(+):    213   Score   1.93     -35 (179) tttatg >>> tattca -10 (206)

   Total:      3 promoter(s) predicted



>NEG_SPV_0033_CP027540.1_28923_+
   Length of Query sequence:       300
sigma24(+):    239   Score   1.03     -35 (206) gactat >>> accat -10 (232)
sigma70(+):    205   Score   1.91     -35 (168) ttgcag >>> tatggt -10 (198)
sigma38(+):    204   Score   1.95     -35 (168) ttgcag >>> tatggt -10 (198)

   Total:      3 promoter(s) predicted



>NEG_SPV_1100_CP027540.1_1131830_+
   Length of Query sequence:       300
sigma28(+):    235   Score   1.91     -35 (198) accgtatt >>> gctgaaaa -10 (225)
sigma70(+):    232   Score   1.92     -35 (195) ttgacc >>> gaaaat -10 (226)
sigma24(+):    229   Score   1.90     -35 (197) gaccgt >>> gctga -10 (222)
sigma38(+):    221   Score   1.92     -35 (185) tggaag >>> aaagct -10 (213)
sigma32(+):    211   Score   1.92     -35 (175) ttgtgcg >>> gaccgtattg -10 (206)

   Total:      5 promoter(s) predicted



>NEG_SPV_1510_CP027540.1_1532543_-
   Length of Query sequence:       300
sigma38(+):    248   Score   1.08     -35 (212) gagaca >>> catgtt -10 (241)
sigma24(+):    237   Score   1.74     -35 (206) gaagtt >>> tcctt -10 (230)
sigma32(+):    225   Score   1.88     -35 (189) tccttta >>> tgagacatca -10 (220)
sigma70(+):    206   Score   1.92     -35 (171) ctcaaa >>> tatcat -10 (199)

   Total:      4 promoter(s) predicted



>NEG_SPV_1376_CP027540.1_1393072_-
   Length of Query sequence:       300
sigma70(+):    245   Score   1.96     -35 (206) taaaaa >>> tattaa -10 (238)
sigma32(+):    242   Score   1.92     -35 (208) aaaatga >>> atcactatta -10 (237)
sigma24(+):    239   Score   1.91     -35 (207) aaaaat >>> tcact -10 (233)

   Total:      3 promoter(s) predicted



>NEG_SPV_0262_CP027540.1_260925_-
   Length of Query sequence:       300
sigma38(+):    249   Score   1.93     -35 (216) ttgatt >>> tactcc -10 (243)
sigma70(+):    238   Score   1.96     -35 (198) caacaa >>> gattat -10 (231)
sigma28(+):    209   Score   1.95     -35 (176) tcctgaaa >>> tccaacaa -10 (203)
sigma24(+):    207   Score   1.97     -35 (172) aaactc >>> tccaa -10 (200)

   Total:      4 promoter(s) predicted



>NEG_SPV_0186_CP027540.1_190805_+
   Length of Query sequence:       300
sigma24(+):    246   Score   0.76     -35 (216) taacca >>> acaga -10 (239)
sigma38(+):    234   Score   1.94     -35 (199) tttcct >>> aatatt -10 (226)
sigma70(+):    216   Score   1.92     -35 (179) ttgatg >>> tacttt -10 (209)
sigma32(+):    205   Score   1.93     -35 (169) cgcttct >>> ttccctgttt -10 (200)

   Total:      4 promoter(s) predicted



>NEG_SPV_1309_CP027540.1_1328697_-
   Length of Query sequence:       300
sigma24(+):    242   Score   1.92     -35 (211) acaatc >>> acaga -10 (235)
sigma38(+):    238   Score   1.93     -35 (199) tagaaa >>> tactat -10 (230)
sigma70(+):    222   Score   1.92     -35 (186) gttaag >>> gacaat -10 (215)
sigma32(+):    208   Score   1.93     -35 (172) tgataaa >>> caagctagaa -10 (203)
sigma28(+):    203   Score   1.95     -35 (163) ttagggag >>> gatgttaa -10 (190)

   Total:      5 promoter(s) predicted



>NEG_SPV_0521_CP027540.1_532256_+
   Length of Query sequence:       300
sigma38(+):    236   Score   1.69     -35 (198) ttgaac >>> aacttt -10 (228)
sigma24(+):    218   Score   1.82     -35 (187) aaacaa >>> tcaaa -10 (211)

   Total:      2 promoter(s) predicted



>NEG_SPV_1213_CP027540.1_1243979_-
   Length of Query sequence:       300
sigma24(+):    236   Score   1.94     -35 (203) gattat >>> tctgt -10 (229)
sigma38(+):    219   Score   1.93     -35 (181) cctatg >>> tataat -10 (211)
sigma70(+):    218   Score   1.96     -35 (181) cctatg >>> tataat -10 (211)

   Total:      3 promoter(s) predicted



>NEG_SPV_0335_CP027540.1_336358_+
   Length of Query sequence:       300
sigma38(+):    241   Score   1.94     -35 (200) ttgatg >>> taatca -10 (233)
sigma70(+):    227   Score   1.91     -35 (189) cagcag >>> gatgat -10 (220)
sigma28(+):    226   Score   1.82     -35 (193) agagtact >>> cgcgatga -10 (219)
sigma24(+):    202   Score   1.94     -35 (172) gaaaat >>> gcaga -10 (195)
sigma32(+):    201   Score   1.88     -35 (166) ttataag >>> aacagcagag -10 (196)

   Total:      5 promoter(s) predicted



>NEG_SPV_0856_CP027540.1_871482_+
   Length of Query sequence:       300
sigma70(+):    231   Score   1.93     -35 (196) ttggcc >>> catgct -10 (224)
sigma38(+):    218   Score   1.84     -35 (179) tcgaaa >>> cactat -10 (210)
sigma32(+):    217   Score   1.91     -35 (183) aaatgtg >>> gtcactatca -10 (212)
sigma24(+):    215   Score   1.88     -35 (181) gaaaat >>> tcact -10 (208)

   Total:      4 promoter(s) predicted



>NEG_SPV_0176_CP027540.1_180420_+
   Length of Query sequence:       300
sigma24(+):    238   Score   1.88     -35 (203) acatgt >>> tcttt -10 (231)
sigma28(+):    233   Score   1.93     -35 (200) caaacatg >>> catgaaag -10 (226)
sigma38(+):    206   Score   1.38     -35 (171) ttggaa >>> tactat -10 (198)
sigma70(+):    205   Score   1.94     -35 (171) ttggaa >>> tactat -10 (198)

   Total:      4 promoter(s) predicted



>NEG_SPV_0577_CP027540.1_601744_+
   Length of Query sequence:       300
sigma24(+):    250   Score   1.92     -35 (216) taagtt >>> gcaat -10 (243)
sigma32(+):    240   Score   1.94     -35 (204) cggtgct >>> gaagctaata -10 (235)
sigma38(+):    229   Score   1.94     -35 (188) gaaata >>> taagtt -10 (221)
sigma70(+):    228   Score   1.95     -35 (188) gaaata >>> taagtt -10 (221)
sigma28(+):    222   Score   1.95     -35 (188) gaaataac >>> gctgttaa -10 (215)

   Total:      5 promoter(s) predicted



>NEG_SPV_1019_CP027540.1_920215_-
   Length of Query sequence:       300
sigma70(+):    236   Score   1.88     -35 (201) gtcaca >>> taaaac -10 (229)
sigma28(+):    236   Score   1.90     -35 (201) gtcacaaa >>> gcttaaaa -10 (228)

   Total:      2 promoter(s) predicted



>NEG_SPV_0698_CP027540.1_711687_+
   Length of Query sequence:       300
sigma38(+):    237   Score   1.85     -35 (203) tttgct >>> aatact -10 (229)
sigma24(+):    231   Score   1.92     -35 (199) taattt >>> tctga -10 (224)
sigma70(+):    211   Score   1.96     -35 (176) gataaa >>> taattt -10 (204)

   Total:      3 promoter(s) predicted



>NEG_SPV_0389_CP027540.1_392918_+
   Length of Query sequence:       300
sigma24(+):    249   Score   1.45     -35 (215) gactgt >>> tccta -10 (242)
sigma38(+):    236   Score   1.85     -35 (200) tttgtt >>> aaaaat -10 (228)
sigma70(+):    219   Score   1.94     -35 (184) gtgaaa >>> gagtat -10 (212)

   Total:      3 promoter(s) predicted



>NEG_SPV_1062_CP027540.1_1088729_-
   Length of Query sequence:       300
sigma24(+):    246   Score   1.90     -35 (210) gacatt >>> tcatt -10 (239)
sigma32(+):    221   Score   1.93     -35 (185) gtctgag >>> gaagacatta -10 (216)
sigma38(+):    208   Score   1.88     -35 (172) tttcaa >>> tactat -10 (200)
sigma70(+):    207   Score   1.93     -35 (172) tttcaa >>> tactat -10 (200)

   Total:      4 promoter(s) predicted



>NEG_SPV_1332_CP027540.1_1347904_-
   Length of Query sequence:       300
sigma24(+):    243   Score   1.74     -35 (214) tcaaga >>> gctat -10 (236)
sigma32(+):    243   Score   1.91     -35 (207) atcttct >>> tacgctatgc -10 (238)
sigma38(+):    242   Score   1.93     -35 (201) tttatc >>> tacgct -10 (234)
sigma70(+):    209   Score   1.91     -35 (171) gtgaca >>> taatgt -10 (201)

   Total:      4 promoter(s) predicted



>NEG_SPV_1759_CP027540.1_1756749_-
   Length of Query sequence:       300
sigma70(+):    239   Score   1.87     -35 (199) gtcacg >>> tatcgt -10 (232)
sigma24(+):    219   Score   1.90     -35 (186) aaaatg >>> acaaa -10 (212)
sigma28(+):    207   Score   1.90     -35 (172) ttaaggtc >>> gccggacg -10 (199)
sigma38(+):    202   Score   1.79     -35 (157) ctcaaa >>> taaaat -10 (190)

   Total:      4 promoter(s) predicted



>NEG_SPV_0746_CP027540.1_758384_+
   Length of Query sequence:       300
sigma28(+):    250   Score   1.94     -35 (219) gccagttc >>> ggggaaga -10 (245)
sigma32(+):    230   Score   1.91     -35 (195) caacgaa >>> gacgccagtt -10 (225)
sigma38(+):    222   Score   1.89     -35 (185) tttctt >>> aaatct -10 (214)
sigma70(+):    211   Score   1.96     -35 (173) tacaag >>> gaagat -10 (204)

   Total:      4 promoter(s) predicted



>NEG_SPV_1495_CP027540.1_1511519_-
   Length of Query sequence:       300
sigma38(+):    248   Score   0.97     -35 (209) cagacg >>> tacctt -10 (240)
sigma70(+):    247   Score   1.71     -35 (209) cagacg >>> tacctt -10 (240)
sigma32(+):    233   Score   1.80     -35 (199) ccattcc >>> taagccagct -10 (228)
sigma28(+):    225   Score   1.89     -35 (192) agaagtac >>> gacgaagg -10 (218)
sigma24(+):    219   Score   1.41     -35 (184) gaagtg >>> tcaga -10 (212)

   Total:      5 promoter(s) predicted



>NEG_SPV_2032_CP027540.1_2012066_-
   Length of Query sequence:       300
sigma38(+):    250   Score   1.92     -35 (214) gtgatt >>> aacgat -10 (244)
sigma70(+):    227   Score   1.91     -35 (192) ttgatt >>> gatttt -10 (221)
sigma28(+):    221   Score   1.97     -35 (188) tgaattga >>> gaagatgg -10 (214)

   Total:      3 promoter(s) predicted



>NEG_SPV_1602_CP027540.1_1617567_-
   Length of Query sequence:       300
sigma24(+):    219   Score   0.63     -35 (185) aaagat >>> tctat -10 (212)

   Total:      1 promoter(s) predicted



>NEG_SPV_1277_CP027540.1_1304503_-
   Length of Query sequence:       300
sigma24(+):    239   Score   1.94     -35 (208) tcacta >>> actca -10 (232)
sigma32(+):    228   Score   1.93     -35 (194) tgattat >>> ttcgccagct -10 (223)
sigma38(+):    222   Score   1.01     -35 (182) tttacc >>> cactat -10 (214)
sigma70(+):    221   Score   1.90     -35 (182) tttacc >>> cactat -10 (214)

   Total:      4 promoter(s) predicted



>NEG_SPV_0024_CP027540.1_23452_+
   Length of Query sequence:       300
sigma24(+):    239   Score   1.91     -35 (203) aaaatc >>> acggt -10 (232)
sigma70(+):    214   Score   1.90     -35 (174) ttgatg >>> gaaaat -10 (207)
sigma38(+):    209   Score   1.91     -35 (174) ttgatg >>> tactgt -10 (201)

   Total:      3 promoter(s) predicted



>NEG_SPV_1638_CP027540.1_1652688_-
   Length of Query sequence:       300
sigma70(+):    247   Score   1.92     -35 (209) ttgtct >>> gaaact -10 (239)
sigma24(+):    223   Score   1.89     -35 (189) aaaaat >>> tctaa -10 (216)
sigma38(+):    202   Score   1.81     -35 (168) tggact >>> aaaaat -10 (194)

   Total:      3 promoter(s) predicted



>NEG_SPV_2058_CP027540.1_2036959_+
   Length of Query sequence:       300
sigma38(+):    238   Score   1.96     -35 (204) ctgaaa >>> aatttt -10 (230)
sigma70(+):    236   Score   1.96     -35 (203) tctgaa >>> gaattt -10 (229)
sigma28(+):    217   Score   1.89     -35 (185) agcagaag >>> tctgaaag -10 (210)
sigma24(+):    204   Score   1.95     -35 (172) taattt >>> tctta -10 (197)
sigma32(+):    201   Score   1.93     -35 (161) ctctacc >>> agcagcagaa -10 (191)

   Total:      5 promoter(s) predicted



>NEG_SPV_1358_CP027540.1_1374008_-
   Length of Query sequence:       300
sigma70(+):    250   Score   1.77     -35 (215) gttccg >>> tatttt -10 (245)
sigma24(+):    249   Score   1.22     -35 (220) gcaacc >>> tctat -10 (242)
sigma32(+):    249   Score   1.89     -35 (213) atgttcc >>> ttctctattt -10 (244)
sigma38(+):    213   Score   1.24     -35 (179) cttgta >>> aatgct -10 (205)

   Total:      4 promoter(s) predicted



>NEG_SPV_0737_CP027540.1_750073_+
   Length of Query sequence:       300
sigma24(+):    214   Score   1.90     -35 (179) acatta >>> tctga -10 (207)
sigma38(+):    206   Score   1.94     -35 (168) tagcag >>> aacagt -10 (198)

   Total:      2 promoter(s) predicted



>NEG_SPV_1622_CP027540.1_1639478_-
   Length of Query sequence:       300
sigma32(+):    249   Score   1.73     -35 (213) cggtgtc >>> gcctctatca -10 (244)
sigma24(+):    223   Score   1.03     -35 (190) gccttg >>> gcggt -10 (216)

   Total:      2 promoter(s) predicted



>NEG_SPV_0269_CP027540.1_269007_+
   Length of Query sequence:       300
sigma24(+):    215   Score   1.88     -35 (184) aaacta >>> tccaa -10 (208)
sigma70(+):    213   Score   1.86     -35 (178) ctggat >>> tatcca -10 (207)
sigma32(+):    203   Score   1.76     -35 (165) tctttta >>> aactacatca -10 (194)
sigma38(+):    201   Score   1.48     -35 (160) ctgctt >>> taaact -10 (188)

   Total:      4 promoter(s) predicted



>NEG_SPV_0335_CP027540.1_338758_+
   Length of Query sequence:       300
sigma70(+):    245   Score   1.94     -35 (210) gtgaag >>> tacttt -10 (238)
sigma24(+):    207   Score   1.81     -35 (178) ggacgt >>> tctga -10 (200)
sigma38(+):    206   Score   1.94     -35 (171) ctggat >>> tactct -10 (198)

   Total:      3 promoter(s) predicted



>NEG_SPV_0635_CP027540.1_655682_+
   Length of Query sequence:       300
sigma38(+):    243   Score   1.85     -35 (205) ttggct >>> aacgct -10 (235)
sigma70(+):    234   Score   1.91     -35 (199) ctgtca >>> catagt -10 (227)
sigma24(+):    228   Score   1.45     -35 (195) gatact >>> tcaat -10 (221)
sigma32(+):    224   Score   1.85     -35 (188) agttgga >>> tcaaccatca -10 (219)

   Total:      4 promoter(s) predicted



>NEG_SPV_2141_CP027540.1_298607_+
   Length of Query sequence:       300
sigma70(+):    239   Score   1.94     -35 (202) ttgaag >>> gaacct -10 (230)
sigma32(+):    232   Score   1.92     -35 (197) ttatatt >>> gtcagcagaa -10 (227)
sigma38(+):    211   Score   1.87     -35 (174) cataaa >>> tatatt -10 (203)

   Total:      3 promoter(s) predicted



>NEG_SPV_0280_CP027540.1_278739_+
   Length of Query sequence:       300
sigma38(+):    241   Score   1.95     -35 (203) ttgaac >>> taaaca -10 (233)
sigma70(+):    220   Score   1.90     -35 (185) ttggtg >>> caatct -10 (213)
sigma24(+):    204   Score   1.94     -35 (175) ggttta >>> tcaaa -10 (197)

   Total:      3 promoter(s) predicted



>NEG_SPV_1896_CP027540.1_1865685_-
   Length of Query sequence:       300
sigma38(+):    235   Score   1.93     -35 (194) ttccaa >>> aaaact -10 (227)
sigma24(+):    226   Score   1.89     -35 (190) acagtt >>> tcaaa -10 (219)
sigma28(+):    209   Score   1.94     -35 (176) tcatgacg >>> tccaacag -10 (202)
sigma32(+):    209   Score   1.70     -35 (173) aagtcat >>> tccaacagtt -10 (204)

   Total:      4 promoter(s) predicted



>NEG_SPV_0383_CP027540.1_387443_+
   Length of Query sequence:       300
sigma38(+):    225   Score   1.12     -35 (186) ttgcaa >>> tatggt -10 (217)
sigma70(+):    224   Score   1.92     -35 (186) ttgcaa >>> tatggt -10 (217)
sigma28(+):    221   Score   1.85     -35 (188) gcaagaaa >>> cctgatat -10 (214)

   Total:      3 promoter(s) predicted



>NEG_SPV_0659_CP027540.1_677774_+
   Length of Query sequence:       300
sigma24(+):    250   Score   1.74     -35 (219) gaaatt >>> acgga -10 (243)
sigma70(+):    231   Score   1.93     -35 (198) ctggat >>> gaaatt -10 (224)
sigma38(+):    207   Score   1.93     -35 (171) ttgata >>> aaatct -10 (199)
sigma28(+):    201   Score   1.96     -35 (165) aaagtatt >>> gccaacag -10 (192)

   Total:      4 promoter(s) predicted



>NEG_SPV_0688_CP027540.1_703271_+
   Length of Query sequence:       300
sigma70(+):    250   Score   1.94     -35 (216) cttaca >>> gaaatt -10 (244)
sigma32(+):    238   Score   1.92     -35 (202) aggtgga >>> gacgctgtta -10 (233)
sigma24(+):    221   Score   1.94     -35 (187) gaatgc >>> acaga -10 (214)
sigma28(+):    218   Score   1.96     -35 (183) ttgagaat >>> ggtggaaa -10 (210)
sigma38(+):    206   Score   1.94     -35 (167) tatcaa >>> taattt -10 (198)

   Total:      5 promoter(s) predicted



>NEG_SPV_1479_CP027540.1_1494719_-
   Length of Query sequence:       300
sigma24(+):    215   Score   1.77     -35 (181) aaacaa >>> accaa -10 (208)
sigma32(+):    202   Score   1.83     -35 (167) cagttga >>> atccacgtcg -10 (197)

   Total:      2 promoter(s) predicted



>NEG_SPV_0512_CP027540.1_525406_+
   Length of Query sequence:       300
sigma28(+):    234   Score   1.95     -35 (202) ccaagatg >>> gccaaaga -10 (228)
sigma24(+):    232   Score   1.91     -35 (200) gaccaa >>> gccaa -10 (225)
sigma38(+):    224   Score   1.90     -35 (187) tatcta >>> tattaa -10 (216)
sigma70(+):    223   Score   1.91     -35 (189) tctact >>> tattaa -10 (216)

   Total:      4 promoter(s) predicted



>NEG_SPV_1794_CP027540.1_1789587_-
   Length of Query sequence:       300
sigma24(+):    223   Score   1.95     -35 (188) aaaatc >>> tcttt -10 (216)
sigma28(+):    202   Score   1.94     -35 (165) ccaaggat >>> tctaaaat -10 (192)
sigma70(+):    201   Score   1.83     -35 (163) gaccaa >>> taaaat -10 (192)
sigma38(+):    201   Score   1.90     -35 (161) gggacc >>> taaaat -10 (192)

   Total:      4 promoter(s) predicted



>NEG_SPV_0838_CP027540.1_854177_+
   Length of Query sequence:       300
sigma24(+):    229   Score   1.68     -35 (194) gaaatt >>> gccta -10 (222)
sigma32(+):    222   Score   1.16     -35 (187) ggagcgt >>> tgcgcccctt -10 (217)
sigma70(+):    215   Score   1.46     -35 (181) tctcat >>> gaaatt -10 (208)

   Total:      3 promoter(s) predicted



>NEG_SPV_0502_CP027540.1_510755_+
   Length of Query sequence:       300
sigma38(+):    226   Score   1.94     -35 (188) ttgcct >>> taccat -10 (218)
sigma24(+):    217   Score   1.95     -35 (181) gatagc >>> tctga -10 (210)
sigma70(+):    215   Score   1.97     -35 (179) ttgata >>> tattct -10 (208)

   Total:      3 promoter(s) predicted



>NEG_SPV_1705_CP027540.1_1707154_+
   Length of Query sequence:       300
sigma38(+):    220   Score   1.77     -35 (185) ctcaaa >>> tactat -10 (212)
sigma70(+):    218   Score   1.96     -35 (185) ctcaaa >>> tactat -10 (212)
sigma24(+):    210   Score   1.95     -35 (178) aaacta >>> tcaaa -10 (203)

   Total:      3 promoter(s) predicted



>NEG_SPV_1542_CP027540.1_1564721_-
   Length of Query sequence:       300
sigma38(+):    244   Score   1.55     -35 (210) tcgaaa >>> taatct -10 (236)
sigma70(+):    243   Score   1.91     -35 (210) tcgaaa >>> taatct -10 (236)
sigma24(+):    234   Score   1.89     -35 (203) gaactg >>> acgaa -10 (227)

   Total:      3 promoter(s) predicted



>NEG_SPV_0635_CP027540.1_655042_+
   Length of Query sequence:       300
sigma70(+):    237   Score   1.93     -35 (197) gtggca >>> tacagt -10 (230)
sigma32(+):    232   Score   1.94     -35 (196) tgtggca >>> gaagctatac -10 (227)
sigma24(+):    221   Score   1.92     -35 (187) gaattt >>> gcaaa -10 (214)
sigma28(+):    216   Score   1.90     -35 (182) gacatgaa >>> catgaaga -10 (208)
sigma38(+):    201   Score   1.93     -35 (160) tttaca >>> aatttt -10 (193)

   Total:      5 promoter(s) predicted



>NEG_SPV_1213_CP027540.1_1243349_-
   Length of Query sequence:       300
sigma28(+):    238   Score   1.93     -35 (204) acaagtgc >>> tctcatga -10 (231)
sigma32(+):    231   Score   1.87     -35 (196) tgctttt >>> ttccttatct -10 (226)
sigma70(+):    204   Score   1.92     -35 (170) gggaca >>> tacagt -10 (196)
sigma38(+):    204   Score   1.81     -35 (170) gggaca >>> tacagt -10 (196)

   Total:      4 promoter(s) predicted



>NEG_SPV_1177_CP027540.1_1206896_-
   Length of Query sequence:       300
sigma38(+):    229   Score   1.95     -35 (190) cttctc >>> tattat -10 (221)
sigma70(+):    228   Score   1.96     -35 (191) ttctca >>> tattat -10 (221)
sigma32(+):    216   Score   1.94     -35 (181) aagtatt >>> gtcaccattt -10 (211)
sigma24(+):    203   Score   1.98     -35 (171) aaaata >>> tctca -10 (196)

   Total:      4 promoter(s) predicted



>NEG_SPV_0588_CP027540.1_615207_-
   Length of Query sequence:       300
sigma32(+):    250   Score   1.83     -35 (215) cccacca >>> aaccgcatat -10 (245)
sigma24(+):    233   Score   1.81     -35 (200) acaatc >>> tctct -10 (226)
sigma70(+):    211   Score   1.83     -35 (173) gtgatg >>> gacaat -10 (204)

   Total:      3 promoter(s) predicted



>NEG_SPV_0129_CP027540.1_133298_+
   Length of Query sequence:       300
sigma38(+):    241   Score   1.70     -35 (201) gtgatg >>> taccat -10 (233)
sigma24(+):    233   Score   1.75     -35 (197) tcacgt >>> accaa -10 (226)
sigma70(+):    203   Score   1.91     -35 (165) gagacg >>> tacact -10 (196)

   Total:      3 promoter(s) predicted



>NEG_SPV_0250_CP027540.1_245500_-
   Length of Query sequence:       300
sigma38(+):    246   Score   1.58     -35 (211) cagaaa >>> taaaaa -10 (238)
sigma24(+):    236   Score   1.97     -35 (206) gaatcc >>> gcaga -10 (229)
sigma70(+):    225   Score   1.96     -35 (191) ctcaag >>> gaaaaa -10 (218)
sigma28(+):    224   Score   1.81     -35 (192) tcaagcga >>> ccagaaaa -10 (217)
sigma32(+):    220   Score   1.92     -35 (184) gtatgta >>> gaatccagaa -10 (215)

   Total:      5 promoter(s) predicted



>NEG_SPV_1542_CP027540.1_1564781_-
   Length of Query sequence:       300
sigma70(+):    249   Score   1.92     -35 (215) gtgaaa >>> gattat -10 (242)
sigma28(+):    234   Score   1.82     -35 (195) tgaggaga >>> agtgaaaa -10 (221)
sigma24(+):    216   Score   1.85     -35 (180) caattt >>> acaga -10 (209)

   Total:      3 promoter(s) predicted



>NEG_SPV_0897_CP027540.1_1053026_+
   Length of Query sequence:       300
sigma32(+):    237   Score   1.95     -35 (203) gttttta >>> taacccaatt -10 (232)
sigma70(+):    220   Score   1.88     -35 (181) tttcta >>> taactt -10 (213)
sigma38(+):    209   Score   1.96     -35 (172) ttgctc >>> tagact -10 (201)
sigma28(+):    205   Score   1.94     -35 (173) tgctcgcc >>> tctgttag -10 (198)
sigma24(+):    202   Score   1.97     -35 (168) tctctt >>> tctgt -10 (195)

   Total:      5 promoter(s) predicted



>NEG_SPV_0666_CP027540.1_687078_+
   Length of Query sequence:       300
sigma38(+):    218   Score   1.45     -35 (179) gaacaa >>> aaaagt -10 (209)
sigma28(+):    213   Score   1.96     -35 (181) acaagaat >>> tccaaaag -10 (208)
sigma24(+):    211   Score   1.94     -35 (179) gaacaa >>> tccaa -10 (205)
sigma32(+):    203   Score   1.89     -35 (169) agaagta >>> tgcgccagta -10 (198)

   Total:      4 promoter(s) predicted



>NEG_SPV_0110_CP027540.1_109915_+
   Length of Query sequence:       300
sigma38(+):    203   Score   1.95     -35 (162) ttgaaa >>> tacaat -10 (195)
sigma70(+):    202   Score   1.92     -35 (162) ttgaaa >>> tacaat -10 (195)
sigma28(+):    201   Score   1.95     -35 (167) atagcgca >>> gactacaa -10 (194)
sigma24(+):    201   Score   1.89     -35 (172) gcatca >>> acaat -10 (195)

   Total:      4 promoter(s) predicted



>NEG_SPV_0006_CP027540.1_6575_+
   Length of Query sequence:       300
sigma38(+):    249   Score   1.61     -35 (212) tatacg >>> caaaat -10 (241)
sigma24(+):    245   Score   1.87     -35 (210) actata >>> tccaa -10 (238)
sigma70(+):    229   Score   1.93     -35 (195) ttttag >>> gaattt -10 (222)
sigma32(+):    221   Score   1.91     -35 (185) ccgacga >>> agcactatac -10 (216)
sigma28(+):    204   Score   1.87     -35 (165) aacaggtt >>> tccgacga -10 (191)

   Total:      5 promoter(s) predicted



>NEG_SPV_0812_CP027540.1_830699_+
   Length of Query sequence:       300
sigma28(+):    246   Score   1.93     -35 (213) tacaggtg >>> gttgaaaa -10 (239)
sigma24(+):    232   Score   1.84     -35 (196) aatatt >>> tcaaa -10 (225)
sigma38(+):    220   Score   1.47     -35 (185) tcggaa >>> tatctt -10 (212)
sigma32(+):    204   Score   1.89     -35 (168) ccttggc >>> aaaaccaata -10 (199)
sigma70(+):    201   Score   1.88     -35 (161) ctgcta >>> gaaaaa -10 (193)

   Total:      5 promoter(s) predicted



>NEG_SPV_1961_CP027540.1_1930181_-
   Length of Query sequence:       300
sigma24(+):    241   Score   1.95     -35 (206) gaaaca >>> tcgga -10 (235)
sigma32(+):    236   Score   1.95     -35 (202) tagtgaa >>> ttatccattt -10 (231)
sigma38(+):    236   Score   1.95     -35 (198) ctgata >>> tatcca -10 (228)
sigma70(+):    227   Score   1.96     -35 (190) tcccat >>> tatttt -10 (220)

   Total:      4 promoter(s) predicted



>NEG_SPV_0334_CP027540.1_333576_+
   Length of Query sequence:       300
sigma28(+):    249   Score   1.78     -35 (215) ttgcgaaa >>> tgggataa -10 (242)
sigma24(+):    236   Score   1.90     -35 (200) aatcct >>> tccga -10 (229)
sigma38(+):    233   Score   1.92     -35 (193) gtgacc >>> aaaaat -10 (225)
sigma70(+):    232   Score   1.90     -35 (193) gtgacc >>> aaaaat -10 (225)
sigma32(+):    202   Score   1.89     -35 (162) gtataac >>> aaatccattg -10 (193)

   Total:      5 promoter(s) predicted



>NEG_SPV_1546_CP027540.1_1570066_-
   Length of Query sequence:       300
sigma70(+):    250   Score   1.25     -35 (213) tctaac >>> tacaat -10 (245)
sigma24(+):    237   Score   1.64     -35 (204) acactt >>> gccaa -10 (230)
sigma38(+):    216   Score   1.71     -35 (182) gtgctg >>> aacact -10 (208)
sigma32(+):    214   Score   1.84     -35 (180) acgtgct >>> atcaacactt -10 (209)

   Total:      4 promoter(s) predicted



>NEG_SPV_0626_CP027540.1_648592_+
   Length of Query sequence:       300
sigma38(+):    250   Score   1.47     -35 (214) cttcaa >>> aactat -10 (246)
sigma24(+):    227   Score   1.82     -35 (192) tcctat >>> tcaaa -10 (220)
sigma28(+):    205   Score   1.92     -35 (173) ggaagtgt >>> tcctatga -10 (199)

   Total:      3 promoter(s) predicted



>NEG_SPV_0403_CP027540.1_403794_+
   Length of Query sequence:       300
sigma70(+):    208   Score   1.89     -35 (168) ctaaaa >>> catgct -10 (201)
sigma32(+):    201   Score   1.82     -35 (166) tgctaaa >>> aacaccagac -10 (196)

   Total:      2 promoter(s) predicted



>NEG_SPV_1877_CP027540.1_1856496_-
   Length of Query sequence:       300
sigma24(+):    244   Score   1.96     -35 (212) gaacat >>> acaaa -10 (237)
sigma32(+):    243   Score   1.90     -35 (208) ctatgaa >>> tgccacaaat -10 (238)
sigma28(+):    243   Score   1.96     -35 (211) tgaacatt >>> gccacaaa -10 (237)
sigma70(+):    221   Score   1.94     -35 (186) ttgcaa >>> tatgaa -10 (214)
sigma38(+):    203   Score   1.93     -35 (163) gtgaaa >>> aatttt -10 (195)

   Total:      5 promoter(s) predicted



>NEG_SPV_1071_CP027540.1_1096933_-
   Length of Query sequence:       300
sigma24(+):    250   Score   1.97     -35 (218) tcacta >>> tcaca -10 (243)
sigma38(+):    226   Score   1.95     -35 (186) taccaa >>> tatctt -10 (218)
sigma70(+):    216   Score   1.96     -35 (180) ttgaaa >>> gaaatt -10 (209)
sigma32(+):    209   Score   1.94     -35 (175) aaatatt >>> aaccttatag -10 (204)
sigma28(+):    201   Score   1.92     -35 (169) agaaaaaa >>> accaaaaa -10 (194)

   Total:      5 promoter(s) predicted



>NEG_SPV_1351_CP027540.1_1366495_-
   Length of Query sequence:       300
sigma38(+):    247   Score   1.67     -35 (206) tgggaa >>> aacttt -10 (239)
sigma28(+):    242   Score   1.83     -35 (208) ggaagcct >>> gccaagaa -10 (235)
sigma32(+):    239   Score   1.91     -35 (203) tcttggg >>> ccagccaaga -10 (234)
sigma70(+):    230   Score   1.90     -35 (197) tctctt >>> gatgat -10 (223)
sigma24(+):    210   Score   0.23     -35 (180) gcaaga >>> tcttt -10 (203)

   Total:      5 promoter(s) predicted



>NEG_SPV_1761_CP027540.1_1760554_-
   Length of Query sequence:       300
sigma38(+):    236   Score   1.72     -35 (197) gtgact >>> aattgt -10 (228)
sigma28(+):    233   Score   1.91     -35 (198) tgactttg >>> gaggaaat -10 (225)
sigma70(+):    233   Score   1.91     -35 (197) gtgact >>> gaaatt -10 (226)
sigma24(+):    224   Score   1.48     -35 (188) gctggt >>> tctta -10 (217)

   Total:      4 promoter(s) predicted



>NEG_SPV_2297_CP027540.1_1063068_-
   Length of Query sequence:       300
sigma28(+):    226   Score   1.91     -35 (193) tgcgcaaa >>> gatgatga -10 (219)
sigma70(+):    225   Score   1.96     -35 (188) ccaaat >>> gatgat -10 (217)
sigma38(+):    219   Score   1.91     -35 (180) taggaa >>> tacact -10 (211)
sigma32(+):    215   Score   1.90     -35 (179) ttaggaa >>> ttacctacac -10 (210)
sigma24(+):    207   Score   1.87     -35 (173) gaacgt >>> gcaaa -10 (200)

   Total:      5 promoter(s) predicted



>NEG_SPV_1376_CP027540.1_1390342_-
   Length of Query sequence:       300
sigma28(+):    248   Score   1.95     -35 (215) taaaggtg >>> gttgataa -10 (241)
sigma24(+):    204   Score   0.77     -35 (169) gaaaat >>> tcgta -10 (198)

   Total:      2 promoter(s) predicted



>NEG_SPV_0038_CP027540.1_31475_+
   Length of Query sequence:       300
sigma38(+):    242   Score   1.79     -35 (204) tagcag >>> taccat -10 (234)
sigma70(+):    241   Score   1.85     -35 (204) tagcag >>> taccat -10 (234)
sigma24(+):    217   Score   1.66     -35 (183) tcattg >>> gcaga -10 (210)
sigma32(+):    213   Score   1.12     -35 (179) gacatca >>> taagctagca -10 (208)

   Total:      4 promoter(s) predicted



>NEG_SPV_0289_CP027540.1_290068_-
   Length of Query sequence:       300
sigma32(+):    222   Score   1.80     -35 (188) ctctgca >>> tcccacaagt -10 (217)
sigma24(+):    214   Score   1.66     -35 (180) gcatat >>> accga -10 (207)

   Total:      2 promoter(s) predicted



>NEG_SPV_0191_CP027540.1_195242_+
   Length of Query sequence:       300
sigma70(+):    250   Score   1.74     -35 (217) ttgtct >>> gattgt -10 (245)
sigma24(+):    237   Score   1.75     -35 (201) gaaggc >>> gccaa -10 (230)

   Total:      2 promoter(s) predicted



>NEG_SPV_1726_CP027540.1_1722563_-
   Length of Query sequence:       300
sigma38(+):    250   Score   1.82     -35 (217) tttctg >>> tatatt -10 (245)
sigma70(+):    226   Score   1.96     -35 (186) gtaacg >>> gaattt -10 (219)
sigma28(+):    209   Score   1.96     -35 (176) tcaagata >>> gaggattt -10 (202)
sigma32(+):    202   Score   1.95     -35 (167) agatgtg >>> aacggtagag -10 (197)

   Total:      4 promoter(s) predicted



>NEG_SPV_0367_CP027540.1_372060_-
   Length of Query sequence:       300
sigma24(+):    246   Score   1.95     -35 (213) aaacgc >>> tccaa -10 (239)
sigma32(+):    246   Score   1.90     -35 (212) caaacgc >>> aactccaaag -10 (241)
sigma38(+):    243   Score   1.86     -35 (209) tatcaa >>> caaact -10 (235)
sigma70(+):    242   Score   1.89     -35 (209) tatcaa >>> caaact -10 (235)
sigma28(+):    215   Score   1.95     -35 (181) aaacggac >>> gcagacta -10 (208)

   Total:      5 promoter(s) predicted



>NEG_SPV_1337_CP027540.1_1353008_-
   Length of Query sequence:       300
sigma38(+):    235   Score   1.08     -35 (195) ttcata >>> taagtt -10 (227)
sigma70(+):    234   Score   1.83     -35 (195) ttcata >>> taagtt -10 (227)
sigma24(+):    207   Score   1.76     -35 (175) acactt >>> tcata -10 (200)

   Total:      3 promoter(s) predicted



>NEG_SPV_0090_CP027540.1_90436_+
   Length of Query sequence:       300
sigma38(+):    250   Score   1.85     -35 (213) tgtcag >>> aaaact -10 (242)
sigma28(+):    244   Score   1.91     -35 (210) aaatgtca >>> tctggtga -10 (237)
sigma32(+):    237   Score   1.90     -35 (202) tggtaag >>> cacatcatct -10 (232)
sigma24(+):    233   Score   1.89     -35 (197) gactat >>> tcaca -10 (226)
sigma70(+):    220   Score   1.91     -35 (186) ttggct >>> gaaaat -10 (213)

   Total:      5 promoter(s) predicted



>NEG_SPV_1020_CP027540.1_919489_-
   Length of Query sequence:       300
sigma32(+):    219   Score   1.91     -35 (185) agaaaca >>> caagccgttc -10 (214)
sigma24(+):    214   Score   1.90     -35 (182) aaaaga >>> tccaa -10 (207)
sigma70(+):    210   Score   1.91     -35 (176) ttccta >>> gatttt -10 (203)
sigma28(+):    205   Score   1.93     -35 (172) aaaattcc >>> tctggaga -10 (199)

   Total:      4 promoter(s) predicted



>NEG_SPV_1416_CP027540.1_1436479_+
   Length of Query sequence:       300
sigma70(+):    222   Score   1.89     -35 (183) ctaaca >>> aaaaat -10 (215)
sigma24(+):    209   Score   1.93     -35 (176) aacctt >>> tcaaa -10 (202)
sigma38(+):    205   Score   1.84     -35 (169) ttgcaa >>> aaatct -10 (197)
sigma32(+):    201   Score   1.91     -35 (166) ggattgc >>> acagccaaat -10 (195)

   Total:      4 promoter(s) predicted



>NEG_SPV_1352_CP027540.1_1368046_-
   Length of Query sequence:       300
sigma24(+):    240   Score   1.69     -35 (206) caactt >>> tcttt -10 (233)
sigma38(+):    220   Score   1.63     -35 (183) tgggaa >>> aacttt -10 (212)
sigma28(+):    212   Score   1.94     -35 (178) aaaagtgg >>> tacggtta -10 (205)
sigma70(+):    212   Score   1.93     -35 (175) ttcaaa >>> tacggt -10 (203)

   Total:      4 promoter(s) predicted



>NEG_SPV_0366_CP027540.1_370230_-
   Length of Query sequence:       300
sigma70(+):    235   Score   1.91     -35 (200) tttatc >>> tatggt -10 (228)
sigma38(+):    229   Score   1.22     -35 (189) tagatg >>> aattct -10 (221)

   Total:      2 promoter(s) predicted



>NEG_SPV_1038_CP027540.1_1066729_-
   Length of Query sequence:       300
sigma28(+):    229   Score   1.83     -35 (196) gcaaggac >>> gatgatgg -10 (222)
sigma24(+):    223   Score   1.58     -35 (188) gcacgt >>> acaga -10 (216)
sigma70(+):    219   Score   1.91     -35 (180) ttgcct >>> tatact -10 (211)
sigma38(+):    219   Score   1.76     -35 (185) ttggca >>> tatact -10 (211)
sigma32(+):    215   Score   1.89     -35 (181) tgccttg >>> gacgctatac -10 (210)

   Total:      5 promoter(s) predicted



>NEG_SPV_0325_CP027540.1_325194_+
   Length of Query sequence:       300
sigma24(+):    249   Score   1.65     -35 (222) tacttg >>> tctca -10 (244)
sigma28(+):    247   Score   1.52     -35 (214) ctagttta >>> taagatat -10 (240)
sigma70(+):    232   Score   1.96     -35 (194) tatatt >>> tatact -10 (225)
sigma32(+):    224   Score   1.95     -35 (188) gtctaat >>> ctacctagtt -10 (219)
sigma38(+):    207   Score   1.95     -35 (171) ttggtt >>> tatatt -10 (199)

   Total:      5 promoter(s) predicted



>NEG_SPV_0102_CP027540.1_103002_-
   Length of Query sequence:       300
sigma24(+):    242   Score   1.74     -35 (207) gaagtg >>> tctca -10 (236)
sigma32(+):    207   Score   1.85     -35 (173) aaaatgg >>> caccccaacc -10 (202)

   Total:      2 promoter(s) predicted



>NEG_SPV_0760_CP027540.1_772219_+
   Length of Query sequence:       300
sigma24(+):    234   Score   1.88     -35 (202) gacaag >>> tctca -10 (227)
sigma28(+):    215   Score   1.92     -35 (179) taattgaa >>> gccggaca -10 (205)

   Total:      2 promoter(s) predicted



>NEG_SPV_1028_CP027540.1_910157_+
   Length of Query sequence:       300
sigma28(+):    243   Score   1.87     -35 (210) tgcggata >>> accaatat -10 (236)
sigma70(+):    234   Score   1.91     -35 (197) gttacg >>> gaaaat -10 (227)
sigma24(+):    222   Score   1.77     -35 (189) taacaa >>> gcgga -10 (215)
sigma32(+):    217   Score   1.78     -35 (178) ttctatt >>> tacggtatct -10 (208)
sigma38(+):    212   Score   1.79     -35 (177) tttcta >>> tacggt -10 (204)

   Total:      5 promoter(s) predicted



>NEG_SPV_2012_CP027540.1_1989054_-
   Length of Query sequence:       300
sigma32(+):    237   Score   1.74     -35 (202) aaccgct >>> atcaccattg -10 (232)
sigma70(+):    231   Score   1.90     -35 (194) ttgtca >>> caacat -10 (224)
sigma28(+):    230   Score   1.93     -35 (197) tcaacaac >>> tccaacat -10 (224)
sigma38(+):    203   Score   1.84     -35 (164) ctcaag >>> cattgt -10 (197)
sigma24(+):    201   Score   1.91     -35 (169) gaagat >>> gcatt -10 (195)

   Total:      5 promoter(s) predicted



>NEG_SPV_0098_CP027540.1_98988_+
   Length of Query sequence:       300
sigma70(+):    247   Score   1.96     -35 (208) tagccc >>> tatatt -10 (238)
sigma38(+):    230   Score   1.92     -35 (192) gttata >>> tattct -10 (222)
sigma28(+):    218   Score   1.96     -35 (181) tcgagaac >>> tccgctat -10 (208)
sigma24(+):    215   Score   1.96     -35 (185) gaacat >>> gctat -10 (208)
sigma32(+):    215   Score   1.95     -35 (181) tcgagaa >>> tccgctatag -10 (210)

   Total:      5 promoter(s) predicted



>NEG_SPV_0880_CP027540.1_892818_+
   Length of Query sequence:       300
sigma70(+):    248   Score   1.96     -35 (214) gctgaa >>> taaaat -10 (240)
sigma24(+):    240   Score   1.96     -35 (208) gaaaat >>> tctta -10 (233)
sigma38(+):    237   Score   1.93     -35 (200) tttata >>> tattat -10 (229)
sigma28(+):    228   Score   1.83     -35 (195) ttcctttt >>> gctgaaga -10 (221)
sigma32(+):    201   Score   1.92     -35 (161) gccttgt >>> atagctatgc -10 (191)

   Total:      5 promoter(s) predicted



>NEG_SPV_0512_CP027540.1_524686_+
   Length of Query sequence:       300
sigma24(+):    216   Score   1.82     -35 (181) gacctt >>> tcaaa -10 (209)
sigma70(+):    212   Score   1.84     -35 (179) ttgacc >>> gaaact -10 (205)

   Total:      2 promoter(s) predicted



>NEG_SPV_1673_CP027540.1_1689028_-
   Length of Query sequence:       300
sigma70(+):    250   Score   1.79     -35 (213) gagata >>> cattgt -10 (244)
sigma38(+):    250   Score   0.88     -35 (213) gagata >>> cattgt -10 (244)
sigma32(+):    248   Score   1.93     -35 (214) agataga >>> cacagcattg -10 (243)
sigma24(+):    221   Score   1.89     -35 (189) gccttt >>> actga -10 (214)

   Total:      4 promoter(s) predicted



>NEG_SPV_0584_CP027540.1_611709_+
   Length of Query sequence:       300
sigma24(+):    227   Score   1.91     -35 (194) gaccag >>> gcaga -10 (220)
sigma38(+):    223   Score   1.54     -35 (182) catgaa >>> tatgaa -10 (215)
sigma70(+):    222   Score   1.68     -35 (188) catctt >>> tatgaa -10 (215)
sigma32(+):    216   Score   1.90     -35 (181) tcatgaa >>> agacccagta -10 (211)

   Total:      4 promoter(s) predicted



>NEG_SPV_1635_CP027540.1_1650170_+
   Length of Query sequence:       300
sigma28(+):    241   Score   1.92     -35 (208) tcacggat >>> tatgaaac -10 (234)
sigma38(+):    240   Score   1.87     -35 (200) ctgtat >>> tatgaa -10 (232)
sigma70(+):    215   Score   1.91     -35 (175) gcgata >>> tattat -10 (208)
sigma32(+):    210   Score   1.91     -35 (176) cgataca >>> atacctgtat -10 (205)

   Total:      4 promoter(s) predicted



>NEG_SPV_0267_CP027540.1_267113_+
   Length of Query sequence:       300
sigma38(+):    235   Score   1.27     -35 (194) ttggtt >>> caagct -10 (227)
sigma32(+):    214   Score   1.68     -35 (178) tactggt >>> gtagctatct -10 (209)

   Total:      2 promoter(s) predicted



>NEG_SPV_0866_CP027540.1_881316_+
   Length of Query sequence:       300
sigma32(+):    230   Score   1.76     -35 (195) agatctc >>> ctacacaccg -10 (225)
sigma38(+):    230   Score   1.79     -35 (191) tttcag >>> tacaca -10 (222)
sigma70(+):    213   Score   1.89     -35 (174) ttcaaa >>> caagat -10 (206)
sigma24(+):    203   Score   1.59     -35 (175) tcaaaa >>> tcaga -10 (197)

   Total:      4 promoter(s) predicted



>NEG_SPV_1976_CP027540.1_1950807_+
   Length of Query sequence:       300
sigma38(+):    221   Score   1.89     -35 (180) gtaaaa >>> taaagt -10 (213)
sigma28(+):    217   Score   1.96     -35 (184) aaaagaat >>> actgctaa -10 (210)
sigma70(+):    208   Score   1.93     -35 (169) tattca >>> gaagat -10 (202)

   Total:      3 promoter(s) predicted



>NEG_SPV_1376_CP027540.1_1389002_-
   Length of Query sequence:       300
sigma70(+):    228   Score   1.97     -35 (188) ttgata >>> taaagt -10 (221)
sigma32(+):    222   Score   1.88     -35 (186) tattgat >>> cacactatta -10 (217)
sigma38(+):    221   Score   1.76     -35 (184) gttatt >>> cacact -10 (213)
sigma24(+):    208   Score   1.90     -35 (175) aaactt >>> acgat -10 (201)

   Total:      4 promoter(s) predicted



>NEG_SPV_0948_CP027540.1_1005110_-
   Length of Query sequence:       300
sigma70(+):    237   Score   1.96     -35 (199) ttaact >>> tacaat -10 (230)
sigma24(+):    233   Score   1.97     -35 (200) taacta >>> tcata -10 (226)
sigma38(+):    210   Score   1.95     -35 (176) tatatg >>> tattaa -10 (202)
sigma32(+):    201   Score   1.95     -35 (161) ccctttc >>> tgcaacatta -10 (192)

   Total:      4 promoter(s) predicted



>NEG_SPV_1508_CP027540.1_1531193_-
   Length of Query sequence:       300
sigma38(+):    236   Score   1.93     -35 (198) tagaac >>> tagtat -10 (228)
sigma70(+):    235   Score   1.97     -35 (198) tagaac >>> tagtat -10 (228)
sigma28(+):    234   Score   1.95     -35 (201) aacggttt >>> gctagtat -10 (228)
sigma32(+):    223   Score   1.94     -35 (187) taatgcc >>> aaaactattt -10 (218)
sigma24(+):    213   Score   1.81     -35 (179) gactat >>> acggt -10 (206)

   Total:      5 promoter(s) predicted



>NEG_SPV_1909_CP027540.1_1880886_+
   Length of Query sequence:       300
sigma24(+):    240   Score   1.92     -35 (205) gcaaga >>> tcagt -10 (233)
sigma70(+):    228   Score   1.94     -35 (195) tagaaa >>> taaagt -10 (221)
sigma38(+):    223   Score   1.88     -35 (183) gtgaat >>> aagact -10 (215)

   Total:      3 promoter(s) predicted



>NEG_SPV_0380_CP027540.1_385169_+
   Length of Query sequence:       300
sigma24(+):    236   Score   1.70     -35 (203) gctttt >>> gcagt -10 (229)
sigma32(+):    203   Score   1.87     -35 (163) tgctcgt >>> ggcgctaata -10 (194)
sigma38(+):    203   Score   1.78     -35 (162) ctgctc >>> taataa -10 (195)
sigma70(+):    202   Score   1.90     -35 (162) ctgctc >>> taataa -10 (195)

   Total:      4 promoter(s) predicted



>NEG_SPV_0562_CP027540.1_584700_+
   Length of Query sequence:       300
sigma32(+):    244   Score   1.74     -35 (209) ctcaact >>> tgaaccactt -10 (239)
sigma24(+):    206   Score   1.87     -35 (174) caactg >>> tctaa -10 (199)
sigma38(+):    205   Score   1.85     -35 (170) ctgcca >>> taatct -10 (197)
sigma70(+):    204   Score   1.94     -35 (170) ctgcca >>> taatct -10 (197)

   Total:      4 promoter(s) predicted



>NEG_SPV_0404_CP027540.1_405542_+
   Length of Query sequence:       300
sigma32(+):    245   Score   1.81     -35 (211) agttcgt >>> ttccgcgtat -10 (240)
sigma28(+):    238   Score   1.77     -35 (205) ttaccaag >>> gctgatat -10 (231)
sigma24(+):    235   Score   1.87     -35 (201) acaatt >>> gctga -10 (228)
sigma70(+):    212   Score   1.97     -35 (174) taggaa >>> tacaat -10 (205)

   Total:      4 promoter(s) predicted



>NEG_SPV_2017_CP027540.1_1996290_-
   Length of Query sequence:       300
sigma38(+):    218   Score   1.72     -35 (179) gctaaa >>> taaagt -10 (210)
sigma70(+):    217   Score   1.90     -35 (179) gctaaa >>> taaagt -10 (210)
sigma28(+):    213   Score   1.97     -35 (181) taaacgaa >>> gaagataa -10 (207)
sigma24(+):    205   Score   1.81     -35 (176) gaagct >>> gcaga -10 (198)
sigma32(+):    204   Score   1.92     -35 (169) agaagaa >>> agcagcagaa -10 (199)

   Total:      5 promoter(s) predicted



>NEG_SPV_2046_CP027540.1_2023542_-
   Length of Query sequence:       300
sigma32(+):    243   Score   1.89     -35 (209) cccattt >>> tgcgacaagt -10 (238)
sigma70(+):    224   Score   1.91     -35 (186) ttcaaa >>> catttt -10 (216)
sigma38(+):    224   Score   1.61     -35 (186) ttcaaa >>> catttt -10 (216)

   Total:      3 promoter(s) predicted



>NEG_SPV_0434_CP027540.1_439248_+
   Length of Query sequence:       300
sigma70(+):    241   Score   1.91     -35 (207) tttctg >>> gaaaaa -10 (234)
sigma28(+):    240   Score   1.89     -35 (208) ttctgccc >>> tcagaaaa -10 (233)
sigma24(+):    237   Score   1.95     -35 (202) gcccat >>> tcaga -10 (230)
sigma32(+):    225   Score   1.95     -35 (189) aattccg >>> tgccctgtca -10 (220)

   Total:      4 promoter(s) predicted



>NEG_SPV_0927_CP027540.1_1023490_-
   Length of Query sequence:       300
sigma32(+):    234   Score   1.83     -35 (199) taatcat >>> atagccttca -10 (229)
sigma70(+):    233   Score   1.90     -35 (196) cagtaa >>> tagcct -10 (226)
sigma38(+):    212   Score   1.64     -35 (171) ctgatt >>> taatca -10 (204)
sigma24(+):    206   Score   1.70     -35 (176) taagat >>> tcagt -10 (199)
sigma28(+):    202   Score   1.85     -35 (163) tgaagagg >>> tcggaaat -10 (189)

   Total:      5 promoter(s) predicted



>NEG_SPV_0063_CP027540.1_62417_-
   Length of Query sequence:       300
sigma38(+):    245   Score   1.85     -35 (209) tagaca >>> tattct -10 (237)
sigma70(+):    244   Score   1.93     -35 (209) tagaca >>> tattct -10 (237)
sigma28(+):    231   Score   1.34     -35 (199) aaacgcat >>> gccagtga -10 (224)
sigma32(+):    213   Score   1.81     -35 (178) tacttta >>> aaacgcatcg -10 (208)
sigma24(+):    208   Score   1.83     -35 (173) gcaaat >>> tcaaa -10 (201)

   Total:      5 promoter(s) predicted



>NEG_SPV_0442_CP027540.1_446109_+
   Length of Query sequence:       300
sigma70(+):    229   Score   1.90     -35 (195) ttcgtt >>> taagtt -10 (222)
sigma32(+):    224   Score   1.88     -35 (190) aaccctt >>> atccgtctaa -10 (219)
sigma38(+):    203   Score   1.82     -35 (168) ttgata >>> aaccct -10 (195)

   Total:      3 promoter(s) predicted



>NEG_SPV_1866_CP027540.1_1845520_-
   Length of Query sequence:       300
sigma70(+):    243   Score   1.90     -35 (206) ttggaa >>> gagaat -10 (236)
sigma38(+):    236   Score   1.56     -35 (195) cagctg >>> tatgtt -10 (228)
sigma28(+):    225   Score   1.95     -35 (193) gacagctg >>> gacggaga -10 (219)
sigma24(+):    224   Score   1.75     -35 (194) acagct >>> acgga -10 (217)

   Total:      4 promoter(s) predicted



>NEG_SPV_0809_CP027540.1_827310_+
   Length of Query sequence:       300
sigma32(+):    238   Score   1.81     -35 (203) tcattga >>> ctcgtcatga -10 (233)
sigma38(+):    233   Score   1.92     -35 (193) tttgag >>> tacgct -10 (225)
sigma70(+):    231   Score   1.84     -35 (193) tttgag >>> tacgct -10 (225)
sigma28(+):    227   Score   1.95     -35 (195) tgaggaag >>> tccgagta -10 (221)
sigma24(+):    201   Score   1.92     -35 (165) caactt >>> tcgtt -10 (194)

   Total:      5 promoter(s) predicted



>NEG_SPV_1979_CP027540.1_1955177_+
   Length of Query sequence:       300
sigma32(+):    242   Score   1.82     -35 (208) gactagc >>> ctctccaaga -10 (238)
sigma70(+):    227   Score   1.86     -35 (191) tatcaa >>> taccat -10 (220)
sigma28(+):    218   Score   1.92     -35 (185) tcaaggta >>> tccgacta -10 (212)
sigma24(+):    204   Score   1.84     -35 (173) taagga >>> tcaat -10 (197)

   Total:      4 promoter(s) predicted



>NEG_SPV_0939_CP027540.1_1015907_+
   Length of Query sequence:       300
sigma38(+):    243   Score   1.96     -35 (202) tggata >>> aacagt -10 (235)
sigma24(+):    238   Score   1.98     -35 (206) taatga >>> acaaa -10 (231)
sigma70(+):    234   Score   1.97     -35 (201) ttggat >>> tatgaa -10 (227)
sigma28(+):    218   Score   1.97     -35 (184) gtaagata >>> gataatga -10 (211)
sigma32(+):    206   Score   1.95     -35 (171) tcctatt >>> aaagacattg -10 (200)

   Total:      5 promoter(s) predicted



>NEG_SPV_2022_CP027540.1_2001517_-
   Length of Query sequence:       300
sigma24(+):    245   Score   1.81     -35 (216) gaaatt >>> tctaa -10 (238)
sigma32(+):    237   Score   1.78     -35 (201) gagtgag >>> gcagccagcc -10 (232)
sigma70(+):    228   Score   1.92     -35 (194) ttgata >>> gaaatt -10 (221)

   Total:      3 promoter(s) predicted



>NEG_SPV_1643_CP027540.1_1658642_-
   Length of Query sequence:       300
sigma24(+):    244   Score   1.62     -35 (212) gaaccc >>> gctat -10 (237)
sigma28(+):    244   Score   1.83     -35 (211) tgaaccct >>> gatgctat -10 (237)
sigma32(+):    214   Score   1.77     -35 (180) tgattgg >>> ctcctcatgg -10 (209)

   Total:      3 promoter(s) predicted



>NEG_SPV_1862_CP027540.1_1841702_-
   Length of Query sequence:       300
sigma38(+):    231   Score   1.61     -35 (195) taggaa >>> tagagt -10 (223)
sigma32(+):    225   Score   1.86     -35 (190) ttcttta >>> ctcatcatag -10 (220)
sigma70(+):    225   Score   1.90     -35 (189) tttctt >>> catcat -10 (218)

   Total:      3 promoter(s) predicted



>NEG_SPV_2046_CP027540.1_2023512_-
   Length of Query sequence:       300
sigma28(+):    231   Score   1.79     -35 (198) ttgcgaca >>> gcagattc -10 (225)
sigma70(+):    222   Score   1.91     -35 (185) ttgatt >>> taaaac -10 (215)
sigma32(+):    213   Score   1.89     -35 (179) cccattt >>> tgcgacaagt -10 (208)

   Total:      3 promoter(s) predicted



>NEG_SPV_0580_CP027540.1_608488_+
   Length of Query sequence:       300
sigma32(+):    231   Score   1.59     -35 (197) ggctgcc >>> ttcagcaaca -10 (226)
sigma70(+):    202   Score   1.90     -35 (162) ttgacc >>> taaaaa -10 (195)
sigma38(+):    202   Score   1.48     -35 (162) ttgacc >>> taaaaa -10 (195)

   Total:      3 promoter(s) predicted



>NEG_SPV_0641_CP027540.1_661930_+
   Length of Query sequence:       300
sigma70(+):    250   Score   1.94     -35 (216) ttgaaa >>> gaacat -10 (243)
sigma38(+):    250   Score   1.91     -35 (216) ttgaaa >>> aacatt -10 (244)
sigma24(+):    235   Score   1.89     -35 (206) gaactt >>> tctat -10 (228)

   Total:      3 promoter(s) predicted



>NEG_SPV_0396_CP027540.1_397744_-
   Length of Query sequence:       300
sigma24(+):    232   Score   1.56     -35 (197) gaagtt >>> tctga -10 (225)
sigma28(+):    225   Score   1.77     -35 (192) tcaaggaa >>> gctggcat -10 (219)
sigma38(+):    222   Score   1.27     -35 (182) ctgaca >>> tacgct -10 (214)
sigma70(+):    221   Score   1.89     -35 (182) ctgaca >>> tacgct -10 (214)
sigma32(+):    215   Score   1.70     -35 (180) atctgac >>> ttatccagta -10 (210)

   Total:      5 promoter(s) predicted



>NEG_SPV_1988_CP027540.1_1965077_-
   Length of Query sequence:       300
sigma70(+):    250   Score   1.82     -35 (213) tagaca >>> tatcct -10 (246)
sigma32(+):    239   Score   1.95     -35 (204) gcctggg >>> acctctattt -10 (234)
sigma24(+):    221   Score   1.95     -35 (187) gattat >>> gcata -10 (214)
sigma28(+):    204   Score   1.97     -35 (171) ccaagaat >>> tatgaaga -10 (197)
sigma38(+):    203   Score   1.94     -35 (162) tgggca >>> tatgaa -10 (195)

   Total:      5 promoter(s) predicted



>NEG_SPV_1758_CP027540.1_1753409_-
   Length of Query sequence:       300
sigma70(+):    246   Score   1.81     -35 (212) gttcta >>> gatgat -10 (239)
sigma24(+):    220   Score   1.87     -35 (188) gaactg >>> tccgt -10 (213)

   Total:      2 promoter(s) predicted



>NEG_SPV_0283_CP027540.1_281221_+
   Length of Query sequence:       300
sigma24(+):    222   Score   1.87     -35 (188) ggattg >>> gcaga -10 (215)
sigma32(+):    221   Score   1.91     -35 (185) tagggat >>> gacagcagat -10 (216)

   Total:      2 promoter(s) predicted



>NEG_SPV_1006_CP027540.1_944289_-
   Length of Query sequence:       300
sigma32(+):    242   Score   1.95     -35 (203) tcgtatt >>> aaaaccagct -10 (233)
sigma28(+):    233   Score   1.84     -35 (199) acaatcgt >>> gaagaaaa -10 (226)
sigma24(+):    214   Score   1.71     -35 (185) gaacac >>> tcgta -10 (207)
sigma38(+):    211   Score   1.90     -35 (175) ttggta >>> aacaat -10 (203)
sigma70(+):    204   Score   1.96     -35 (170) ccgttt >>> gatgct -10 (197)

   Total:      5 promoter(s) predicted



>NEG_SPV_0094_CP027540.1_95840_-
   Length of Query sequence:       300
sigma24(+):    243   Score   1.80     -35 (209) tcacca >>> tctga -10 (235)
sigma32(+):    222   Score   1.73     -35 (186) tctttct >>> atcaccaatc -10 (217)
sigma38(+):    212   Score   1.50     -35 (173) cttacc >>> catgat -10 (204)
sigma70(+):    211   Score   1.78     -35 (174) ttacca >>> catgat -10 (204)

   Total:      4 promoter(s) predicted



>NEG_SPV_1128_CP027540.1_1160071_+
   Length of Query sequence:       300
sigma70(+):    230   Score   1.89     -35 (197) ttttag >>> tacttt -10 (223)
sigma38(+):    226   Score   1.88     -35 (185) ttggac >>> catcct -10 (218)

   Total:      2 promoter(s) predicted



>NEG_SPV_0538_CP027540.1_552877_+
   Length of Query sequence:       300
sigma70(+):    231   Score   1.87     -35 (192) gtggtg >>> gaattt -10 (224)
sigma38(+):    223   Score   1.88     -35 (186) cttgag >>> aattct -10 (215)
sigma32(+):    219   Score   1.92     -35 (184) cgcttga >>> ctcgcaattc -10 (214)

   Total:      3 promoter(s) predicted



>NEG_SPV_0493_CP027540.1_498823_+
   Length of Query sequence:       300
sigma70(+):    246   Score   1.96     -35 (211) tgtaaa >>> tattat -10 (239)
sigma24(+):    240   Score   1.95     -35 (206) gcagat >>> tcatt -10 (233)
sigma38(+):    236   Score   1.96     -35 (198) ttgaag >>> catgat -10 (228)
sigma28(+):    220   Score   1.89     -35 (187) ggaattag >>> gcagatgt -10 (213)
sigma32(+):    216   Score   1.94     -35 (180) agtcaaa >>> agaggcagat -10 (211)

   Total:      5 promoter(s) predicted



>NEG_SPV_2058_CP027540.1_2036279_+
   Length of Query sequence:       300
sigma28(+):    245   Score   1.96     -35 (213) tcactgtc >>> gataaaaa -10 (239)
sigma24(+):    234   Score   1.97     -35 (200) gctctg >>> tcaat -10 (227)
sigma38(+):    210   Score   1.94     -35 (172) tttaaa >>> tatgct -10 (202)
sigma70(+):    209   Score   1.92     -35 (172) tttaaa >>> tatgct -10 (202)
sigma32(+):    201   Score   1.93     -35 (159) ctatccc >>> agccttatct -10 (190)

   Total:      5 promoter(s) predicted



>NEG_SPV_1104_CP027540.1_1135863_-
   Length of Query sequence:       300
sigma24(+):    238   Score   0.97     -35 (206) tcactt >>> gcaga -10 (231)
sigma38(+):    229   Score   1.83     -35 (189) ctggat >>> caagct -10 (221)
sigma70(+):    207   Score   1.90     -35 (168) ttggat >>> gatatt -10 (200)

   Total:      3 promoter(s) predicted



>NEG_SPV_0858_CP027540.1_873062_+
   Length of Query sequence:       300
sigma38(+):    246   Score   0.59     -35 (205) tagacc >>> caatat -10 (238)
sigma70(+):    245   Score   1.88     -35 (205) tagacc >>> caatat -10 (238)
sigma24(+):    201   Score   1.82     -35 (165) gccctt >>> tcaaa -10 (194)

   Total:      3 promoter(s) predicted



>NEG_SPV_0749_CP027540.1_763148_+
   Length of Query sequence:       300
sigma70(+):    250   Score   1.76     -35 (211) gtgcag >>> taaggt -10 (244)
sigma38(+):    250   Score   1.84     -35 (211) gtgcag >>> taaggt -10 (244)
sigma24(+):    248   Score   1.88     -35 (216) gcacca >>> gctaa -10 (241)
sigma32(+):    226   Score   1.72     -35 (190) tgattca >>> tgcagcacca -10 (221)

   Total:      4 promoter(s) predicted



>NEG_SPV_2011_CP027540.1_1987630_-
   Length of Query sequence:       300
sigma24(+):    228   Score   1.84     -35 (195) gaactt >>> tctat -10 (221)
sigma32(+):    220   Score   1.73     -35 (184) ctttgca >>> gtcggtatcg -10 (215)

   Total:      2 promoter(s) predicted



>NEG_SPV_0556_CP027540.1_568819_+
   Length of Query sequence:       300
sigma28(+):    250   Score   1.88     -35 (218) tccagcta >>> caggaaaa -10 (244)
sigma32(+):    237   Score   1.93     -35 (201) gccttta >>> ctagctattt -10 (232)
sigma24(+):    237   Score   1.87     -35 (201) gccttt >>> gctat -10 (230)
sigma70(+):    227   Score   1.92     -35 (192) gtgcct >>> tactat -10 (218)
sigma38(+):    201   Score   1.94     -35 (165) cttctt >>> tatcgt -10 (193)

   Total:      5 promoter(s) predicted



>NEG_SPV_0539_CP027540.1_553851_+
   Length of Query sequence:       300
sigma38(+):    250   Score   1.89     -35 (213) ttgctt >>> tagaat -10 (242)
sigma70(+):    220   Score   1.97     -35 (183) gggaat >>> taaagt -10 (213)
sigma32(+):    205   Score   1.89     -35 (171) aagttga >>> ctcaatatcc -10 (200)
sigma24(+):    203   Score   1.95     -35 (170) gaagtt >>> tcaat -10 (196)

   Total:      4 promoter(s) predicted



>NEG_SPV_0063_CP027540.1_60947_-
   Length of Query sequence:       300
sigma70(+):    250   Score   1.92     -35 (215) gtggtc >>> taaaac -10 (244)
sigma24(+):    243   Score   1.89     -35 (211) gaaagt >>> actga -10 (236)
sigma32(+):    236   Score   1.92     -35 (201) caagggt >>> tgcaccaact -10 (231)

   Total:      3 promoter(s) predicted



>NEG_SPV_1617_CP027540.1_1632353_-
   Length of Query sequence:       300
sigma38(+):    218   Score   1.94     -35 (180) cagaag >>> tacgat -10 (210)
sigma28(+):    214   Score   1.97     -35 (178) aacagaag >>> tctggtgg -10 (204)
sigma70(+):    206   Score   1.94     -35 (172) gggccc >>> tattct -10 (199)
sigma32(+):    201   Score   1.87     -35 (162) aagtaga >>> gaagatatta -10 (191)

   Total:      4 promoter(s) predicted



>NEG_SPV_0465_CP027540.1_476043_+
   Length of Query sequence:       300
sigma24(+):    222   Score   1.90     -35 (187) aaaatc >>> gcgaa -10 (216)
sigma32(+):    204   Score   1.84     -35 (170) gcctggg >>> atctctatct -10 (199)
sigma70(+):    201   Score   1.89     -35 (159) gttcag >>> caaaat -10 (191)
sigma38(+):    201   Score   1.58     -35 (162) cagaag >>> aaatct -10 (193)

   Total:      4 promoter(s) predicted



>NEG_SPV_0964_CP027540.1_986251_-
   Length of Query sequence:       300
sigma28(+):    250   Score   1.97     -35 (218) agaagttt >>> gacgaaga -10 (244)
sigma38(+):    238   Score   1.87     -35 (204) tccgat >>> tactat -10 (230)
sigma70(+):    237   Score   1.95     -35 (204) tccgat >>> tactat -10 (230)
sigma24(+):    215   Score   1.87     -35 (183) gaattt >>> tccga -10 (208)

   Total:      4 promoter(s) predicted



>NEG_SPV_0802_CP027540.1_818038_+
   Length of Query sequence:       300
sigma24(+):    228   Score   1.91     -35 (199) gaagat >>> tctat -10 (221)
sigma70(+):    211   Score   1.91     -35 (173) ttgata >>> gaagat -10 (204)
sigma32(+):    203   Score   1.89     -35 (168) tgcagtt >>> agccttatcg -10 (198)

   Total:      3 promoter(s) predicted



>NEG_SPV_0671_CP027540.1_691647_+
   Length of Query sequence:       300
sigma70(+):    231   Score   1.67     -35 (197) cagctc >>> tatctt -10 (224)
sigma32(+):    217   Score   1.80     -35 (182) cctttga >>> tacaccaggg -10 (213)
sigma24(+):    202   Score   1.94     -35 (169) aaacca >>> tcaaa -10 (195)

   Total:      3 promoter(s) predicted



>NEG_SPV_0176_CP027540.1_181250_+
   Length of Query sequence:       300
sigma32(+):    248   Score   1.76     -35 (213) gtgtcat >>> agcgccgtgt -10 (243)

   Total:      1 promoter(s) predicted



>NEG_SPV_1965_CP027540.1_1935121_-
   Length of Query sequence:       300
sigma38(+):    247   Score   1.96     -35 (206) tagaat >>> taattt -10 (239)
sigma28(+):    246   Score   1.94     -35 (212) taatatca >>> gctaattt -10 (239)
sigma70(+):    226   Score   1.96     -35 (188) tttcct >>> taatat -10 (217)
sigma24(+):    210   Score   1.98     -35 (174) gaaaaa >>> tcaaa -10 (203)

   Total:      4 promoter(s) predicted



>NEG_SPV_0672_CP027540.1_692715_-
   Length of Query sequence:       300
sigma38(+):    243   Score   1.90     -35 (205) catccg >>> aatact -10 (235)
sigma28(+):    241   Score   1.54     -35 (207) tccgcggt >>> gctaatac -10 (234)
sigma24(+):    238   Score   1.92     -35 (202) taacat >>> gctaa -10 (231)
sigma70(+):    214   Score   1.90     -35 (175) caagaa >>> taacat -10 (207)
sigma32(+):    203   Score   1.84     -35 (169) tggtttc >>> ctccttattt -10 (198)

   Total:      5 promoter(s) predicted



>NEG_SPV_0862_CP027540.1_876521_+
   Length of Query sequence:       300
sigma28(+):    222   Score   1.92     -35 (189) tgcggatg >>> gacgatgc -10 (215)
sigma70(+):    220   Score   1.91     -35 (182) ttgacg >>> gacgat -10 (213)
sigma24(+):    201   Score   1.88     -35 (166) gaaatt >>> gcgga -10 (194)

   Total:      3 promoter(s) predicted



>NEG_SPV_1561_CP027540.1_1581671_-
   Length of Query sequence:       300
sigma28(+):    250   Score   1.90     -35 (219) tgatgatg >>> gctcatca -10 (245)
sigma70(+):    232   Score   1.89     -35 (194) ttgatg >>> gatgat -10 (225)
sigma38(+):    202   Score   1.76     -35 (167) ttcaag >>> tagttt -10 (194)

   Total:      3 promoter(s) predicted



>NEG_SPV_1218_CP027540.1_1251325_-
   Length of Query sequence:       300
sigma32(+):    232   Score   1.92     -35 (197) accttag >>> gaaaccatgg -10 (227)
sigma24(+):    227   Score   1.84     -35 (195) gaacct >>> acgaa -10 (220)
sigma38(+):    218   Score   1.92     -35 (183) cttact >>> aattgt -10 (210)
sigma70(+):    207   Score   1.91     -35 (174) tctcca >>> gaacct -10 (200)

   Total:      4 promoter(s) predicted



>NEG_SPV_0960_CP027540.1_989386_-
   Length of Query sequence:       300
sigma38(+):    242   Score   1.94     -35 (204) gttaca >>> tatttt -10 (234)
sigma70(+):    241   Score   1.91     -35 (204) gttaca >>> tatttt -10 (234)
sigma24(+):    218   Score   1.90     -35 (185) gatctt >>> acaat -10 (211)
sigma28(+):    202   Score   1.90     -35 (162) tgcgcgaa >>> gcggatct -10 (189)

   Total:      4 promoter(s) predicted



>NEG_SPV_1670_CP027540.1_1683798_-
   Length of Query sequence:       300
sigma32(+):    242   Score   1.85     -35 (208) ctattgc >>> ttccctatct -10 (237)
sigma70(+):    214   Score   1.91     -35 (181) tttaca >>> gatcat -10 (207)

   Total:      2 promoter(s) predicted



>NEG_SPV_1305_CP027540.1_1324817_-
   Length of Query sequence:       300
sigma38(+):    249   Score   1.93     -35 (213) gaaatg >>> taagtt -10 (241)
sigma70(+):    248   Score   1.96     -35 (213) gaaatg >>> taagtt -10 (241)
sigma28(+):    245   Score   1.92     -35 (213) gaaatgtt >>> tttgataa -10 (238)
sigma24(+):    203   Score   1.95     -35 (167) gcctga >>> tcatt -10 (196)

   Total:      4 promoter(s) predicted



>NEG_SPV_0806_CP027540.1_824498_-
   Length of Query sequence:       300
sigma70(+):    226   Score   1.94     -35 (191) ttgcct >>> catttt -10 (219)
sigma38(+):    212   Score   1.90     -35 (171) ttgcct >>> aatgct -10 (204)
sigma32(+):    207   Score   1.79     -35 (173) gcctttt >>> gcctccaatg -10 (202)
sigma24(+):    207   Score   1.86     -35 (173) gccttt >>> tccaa -10 (200)

   Total:      4 promoter(s) predicted



>NEG_SPV_0066_CP027540.1_67778_+
   Length of Query sequence:       300
sigma38(+):    246   Score   1.90     -35 (207) tatcaa >>> aagact -10 (238)
sigma70(+):    230   Score   1.82     -35 (191) gttcta >>> tagaca -10 (223)

   Total:      2 promoter(s) predicted



>NEG_SPV_2141_CP027540.1_298497_+
   Length of Query sequence:       300
sigma28(+):    237   Score   1.69     -35 (203) tgcattgt >>> tccggaaa -10 (230)
sigma38(+):    231   Score   1.77     -35 (197) tcgacc >>> aaagct -10 (223)
sigma70(+):    217   Score   1.86     -35 (183) gtgctt >>> cattgt -10 (210)
sigma32(+):    214   Score   1.82     -35 (180) agagtgc >>> acctgcattg -10 (209)
sigma24(+):    204   Score   1.65     -35 (170) tatctc >>> tcatt -10 (197)

   Total:      5 promoter(s) predicted



>NEG_SPV_0623_CP027540.1_646060_+
   Length of Query sequence:       300
sigma28(+):    233   Score   1.96     -35 (193) acaatatc >>> gcagaaaa -10 (220)
sigma24(+):    224   Score   1.08     -35 (193) acaata >>> gcaga -10 (217)
sigma38(+):    205   Score   1.90     -35 (171) ttagaa >>> tacaat -10 (197)
sigma70(+):    204   Score   1.92     -35 (171) ttagaa >>> tacaat -10 (197)

   Total:      4 promoter(s) predicted



>NEG_SPV_0442_CP027540.1_445069_+
   Length of Query sequence:       300
sigma24(+):    250   Score   1.64     -35 (220) aaaatt >>> tcgta -10 (244)
sigma38(+):    239   Score   1.61     -35 (201) ttccaa >>> tacagt -10 (231)
sigma70(+):    231   Score   1.91     -35 (191) tcaaca >>> gaaaat -10 (224)

   Total:      3 promoter(s) predicted



>NEG_SPV_1413_CP027540.1_1432415_-
   Length of Query sequence:       300
sigma70(+):    241   Score   1.91     -35 (201) ttcgtg >>> caatct -10 (234)
sigma38(+):    240   Score   1.62     -35 (201) ttcgtg >>> caatct -10 (234)

   Total:      2 promoter(s) predicted



>NEG_SPV_0636_CP027540.1_657532_+
   Length of Query sequence:       300
sigma70(+):    242   Score   1.85     -35 (205) ttggat >>> gaacat -10 (235)
sigma24(+):    234   Score   1.32     -35 (200) gatcct >>> acgaa -10 (227)

   Total:      2 promoter(s) predicted



>NEG_SPV_0093_CP027540.1_94833_-
   Length of Query sequence:       300
sigma28(+):    220   Score   1.97     -35 (186) aacagaaa >>> gctgaaga -10 (212)
sigma38(+):    211   Score   1.85     -35 (176) tttcta >>> cactat -10 (203)
sigma32(+):    210   Score   1.92     -35 (174) cctttct >>> gtcactatag -10 (205)
sigma24(+):    208   Score   1.96     -35 (172) gacctt >>> tcact -10 (201)
sigma70(+):    202   Score   1.95     -35 (166) gagcca >>> gaaaaa -10 (195)

   Total:      5 promoter(s) predicted



>NEG_SPV_0285_CP027540.1_282917_+
   Length of Query sequence:       300
sigma38(+):    231   Score   1.79     -35 (193) tttaat >>> aaaatt -10 (223)
sigma70(+):    229   Score   1.93     -35 (193) tttaat >>> gaaaat -10 (222)
sigma32(+):    211   Score   1.94     -35 (177) cggatga >>> atagacagat -10 (206)

   Total:      3 promoter(s) predicted



>NEG_SPV_1460_CP027540.1_1476331_-
   Length of Query sequence:       300
sigma24(+):    250   Score   1.90     -35 (220) gacttt >>> tcaat -10 (243)
sigma70(+):    241   Score   1.94     -35 (206) ttggtg >>> gatgct -10 (234)
sigma32(+):    227   Score   1.92     -35 (193) aacttcc >>> atcgccagac -10 (222)
sigma38(+):    204   Score   1.93     -35 (164) tagcag >>> caaact -10 (196)

   Total:      4 promoter(s) predicted



>NEG_SPV_1047_CP027540.1_1077251_-
   Length of Query sequence:       300
sigma38(+):    241   Score   1.80     -35 (204) ttggtg >>> caatct -10 (233)
sigma32(+):    222   Score   1.75     -35 (187) aaatgaa >>> tgcaccactt -10 (217)
sigma70(+):    207   Score   1.88     -35 (168) ttccaa >>> caatct -10 (200)
sigma24(+):    204   Score   1.70     -35 (171) caactt >>> accaa -10 (197)

   Total:      4 promoter(s) predicted



>NEG_SPV_0847_CP027540.1_863378_+
   Length of Query sequence:       300
sigma70(+):    250   Score   1.91     -35 (211) gtccaa >>> tacaaa -10 (244)
sigma24(+):    250   Score   0.62     -35 (215) aactat >>> acaaa -10 (244)
sigma28(+):    232   Score   1.95     -35 (194) gaaagaag >>> tccaacta -10 (219)
sigma38(+):    228   Score   1.93     -35 (192) gtgaaa >>> aactat -10 (220)

   Total:      4 promoter(s) predicted



>NEG_SPV_1839_CP027540.1_1824939_-
   Length of Query sequence:       300
sigma38(+):    249   Score   1.92     -35 (210) ttgcag >>> caagct -10 (241)
sigma70(+):    246   Score   1.94     -35 (210) ttgcag >>> tatcaa -10 (238)
sigma28(+):    244   Score   1.96     -35 (211) tgcagacc >>> gcttatca -10 (237)
sigma24(+):    209   Score   1.84     -35 (179) gaacaa >>> tcaaa -10 (202)

   Total:      4 promoter(s) predicted



>NEG_SPV_1987_CP027540.1_1963491_-
   Length of Query sequence:       300
sigma24(+):    245   Score   1.95     -35 (209) gcattt >>> tcttt -10 (238)
sigma38(+):    236   Score   1.95     -35 (198) taccaa >>> tattat -10 (228)
sigma70(+):    235   Score   1.96     -35 (198) taccaa >>> tattat -10 (228)
sigma32(+):    216   Score   1.95     -35 (180) catttat >>> aactccagca -10 (211)
sigma28(+):    201   Score   1.79     -35 (164) gaatgtgc >>> tatgacaa -10 (191)

   Total:      5 promoter(s) predicted



>NEG_SPV_0773_CP027540.1_784868_+
   Length of Query sequence:       300
sigma38(+):    244   Score   1.80     -35 (207) ttgatg >>> tatgtt -10 (236)
sigma70(+):    243   Score   1.90     -35 (207) ttgatg >>> tatgtt -10 (236)
sigma24(+):    230   Score   1.68     -35 (198) gccttt >>> tcttt -10 (224)

   Total:      3 promoter(s) predicted



>NEG_SPV_1060_CP027540.1_1085627_-
   Length of Query sequence:       300
sigma38(+):    241   Score   1.89     -35 (201) tcgccc >>> tatcct -10 (233)
sigma70(+):    231   Score   1.90     -35 (194) cagaat >>> gaaaat -10 (224)
sigma24(+):    219   Score   1.90     -35 (187) gaattg >>> tctaa -10 (212)
sigma28(+):    217   Score   1.92     -35 (184) tacgaatt >>> gcccatct -10 (210)
sigma32(+):    213   Score   1.93     -35 (180) tgactac >>> atcgcccatc -10 (209)

   Total:      5 promoter(s) predicted



>NEG_SPV_1480_CP027540.1_1496875_-
   Length of Query sequence:       300
sigma70(+):    229   Score   1.91     -35 (195) ttgtca >>> gagtat -10 (222)
sigma24(+):    223   Score   1.91     -35 (188) gaaaat >>> acaaa -10 (216)
sigma28(+):    202   Score   1.86     -35 (167) gaaattac >>> gttgaaaa -10 (192)

   Total:      3 promoter(s) predicted



>NEG_SPV_1223_CP027540.1_1255797_-
   Length of Query sequence:       300
sigma70(+):    228   Score   1.93     -35 (190) ttggcg >>> gacagt -10 (221)
sigma38(+):    222   Score   1.94     -35 (183) gcgaat >>> tacttt -10 (214)
sigma24(+):    214   Score   1.92     -35 (185) gaatct >>> tccaa -10 (207)

   Total:      3 promoter(s) predicted



>NEG_SPV_2141_CP027540.1_298887_+
   Length of Query sequence:       300
sigma70(+):    243   Score   1.94     -35 (206) tttgag >>> taccat -10 (234)
sigma24(+):    225   Score   1.85     -35 (189) tcacca >>> tcaga -10 (218)
sigma38(+):    214   Score   1.93     -35 (180) gtagca >>> aattct -10 (206)
sigma28(+):    213   Score   1.85     -35 (180) gtagcaaa >>> gccaattc -10 (205)
sigma32(+):    209   Score   1.94     -35 (173) gaaagaa >>> agcgccaatt -10 (204)

   Total:      5 promoter(s) predicted



>NEG_SPV_1002_CP027540.1_949782_-
   Length of Query sequence:       300
sigma24(+):    250   Score   1.89     -35 (214) gaagct >>> gctta -10 (243)
sigma70(+):    231   Score   1.87     -35 (196) taggaa >>> tataca -10 (224)
sigma32(+):    228   Score   1.93     -35 (193) tcctagg >>> gaagctatac -10 (223)
sigma38(+):    204   Score   1.45     -35 (165) gcgaca >>> aatcct -10 (196)

   Total:      4 promoter(s) predicted



>NEG_SPV_1399_CP027540.1_1420254_-
   Length of Query sequence:       300
sigma70(+):    235   Score   1.83     -35 (198) tttcca >>> gaagat -10 (228)
sigma28(+):    234   Score   1.92     -35 (200) tccacgat >>> tcagaaga -10 (227)
sigma24(+):    231   Score   1.24     -35 (195) caattt >>> tcaga -10 (224)
sigma38(+):    208   Score   1.81     -35 (173) tttata >>> caattt -10 (200)
sigma32(+):    201   Score   1.79     -35 (167) tggcggt >>> aaacgcatca -10 (196)

   Total:      5 promoter(s) predicted



>NEG_SPV_0458_CP027540.1_468099_+
   Length of Query sequence:       300
sigma38(+):    247   Score   1.81     -35 (211) ttgcta >>> tacggt -10 (239)
sigma70(+):    246   Score   1.91     -35 (211) ttgcta >>> tacggt -10 (239)
sigma24(+):    224   Score   1.88     -35 (195) gcaaga >>> gctaa -10 (217)
sigma28(+):    215   Score   1.96     -35 (183) ggaggata >>> gctgctaa -10 (209)

   Total:      4 promoter(s) predicted



>NEG_SPV_0598_CP027540.1_623948_+
   Length of Query sequence:       300
sigma32(+):    250   Score   1.87     -35 (217) gaatgaa >>> gtagccacaa -10 (246)
sigma28(+):    238   Score   1.91     -35 (199) tgaagtag >>> aatgaaat -10 (225)
sigma24(+):    235   Score   1.61     -35 (200) gaagta >>> tcggt -10 (229)
sigma38(+):    201   Score   1.19     -35 (156) ttgatg >>> aactct -10 (188)

   Total:      4 promoter(s) predicted



>NEG_SPV_0110_CP027540.1_110305_+
   Length of Query sequence:       300
sigma28(+):    220   Score   1.96     -35 (187) tcaaaaac >>> gctggaaa -10 (213)
sigma24(+):    206   Score   1.93     -35 (170) aaattg >>> tcaat -10 (199)
sigma38(+):    203   Score   1.83     -35 (166) gttaaa >>> aaaact -10 (195)

   Total:      3 promoter(s) predicted



>NEG_SPV_1769_CP027540.1_1767940_-
   Length of Query sequence:       300
sigma38(+):    237   Score   1.68     -35 (200) cttctt >>> tatctt -10 (229)
sigma70(+):    236   Score   1.84     -35 (196) ttctct >>> tatctt -10 (229)
sigma32(+):    203   Score   1.80     -35 (167) agtttta >>> agcgcccttc -10 (198)

   Total:      3 promoter(s) predicted



>NEG_SPV_1052_CP027540.1_1081776_-
   Length of Query sequence:       300
sigma70(+):    250   Score   1.91     -35 (213) ttactg >>> tatcat -10 (243)
sigma28(+):    247   Score   1.93     -35 (214) tactggtg >>> tgtgatat -10 (240)
sigma24(+):    209   Score   1.74     -35 (173) gaacaa >>> gcttt -10 (202)
sigma32(+):    206   Score   1.64     -35 (166) tgctaaa >>> aacgttatcg -10 (197)
sigma38(+):    201   Score   1.87     -35 (162) tttatg >>> aacgtt -10 (193)

   Total:      5 promoter(s) predicted



>NEG_SPV_0004_CP027540.1_3409_+
   Length of Query sequence:       300
sigma28(+):    236   Score   1.96     -35 (202) taaaccag >>> gctaatgt -10 (228)
sigma24(+):    231   Score   1.72     -35 (203) aaacca >>> gctaa -10 (225)
sigma38(+):    228   Score   1.79     -35 (194) ttgacg >>> tatgta -10 (220)
sigma32(+):    220   Score   1.91     -35 (181) aggtctt >>> taaaccagtt -10 (211)
sigma70(+):    214   Score   1.89     -35 (174) ttgtca >>> taaacc -10 (207)

   Total:      5 promoter(s) predicted



>NEG_SPV_1250_CP027540.1_1279838_-
   Length of Query sequence:       300
sigma32(+):    232   Score   1.81     -35 (196) ctcaaaa >>> ccagccagat -10 (227)
sigma70(+):    220   Score   1.81     -35 (181) ctgatg >>> tagcct -10 (213)
sigma28(+):    210   Score   1.87     -35 (176) gcaagctg >>> gctcaaaa -10 (202)
sigma24(+):    208   Score   0.33     -35 (176) gcaagc >>> tcaaa -10 (201)

   Total:      4 promoter(s) predicted



>NEG_SPV_2032_CP027540.1_2011286_-
   Length of Query sequence:       300
sigma32(+):    247   Score   1.88     -35 (211) ctcttta >>> gtctccagat -10 (242)
sigma28(+):    230   Score   1.95     -35 (197) tgaaaata >>> tatgatga -10 (223)
sigma38(+):    229   Score   1.74     -35 (192) gtgatt >>> tatgat -10 (221)
sigma70(+):    228   Score   1.91     -35 (192) gtgatt >>> tatgat -10 (221)
sigma24(+):    223   Score   1.10     -35 (187) gcaatg >>> tcttt -10 (216)

   Total:      5 promoter(s) predicted



>NEG_SPV_1312_CP027540.1_1331299_+
   Length of Query sequence:       300
sigma32(+):    232   Score   1.81     -35 (198) ctctgat >>> atatccagca -10 (227)
sigma38(+):    229   Score   1.81     -35 (191) ttgatc >>> caatat -10 (221)
sigma70(+):    226   Score   1.93     -35 (191) ttgatc >>> gacaat -10 (219)
sigma24(+):    215   Score   1.94     -35 (185) gcacta >>> tcaaa -10 (208)
sigma28(+):    213   Score   1.91     -35 (180) tacacgca >>> tctgatca -10 (206)

   Total:      5 promoter(s) predicted



>NEG_SPV_1704_CP027540.1_1705871_-
   Length of Query sequence:       300
sigma70(+):    249   Score   1.91     -35 (208) ttggaa >>> gaaagt -10 (241)
sigma38(+):    211   Score   1.84     -35 (171) gataaa >>> tattgt -10 (203)
sigma24(+):    206   Score   1.80     -35 (174) aaagaa >>> gctta -10 (199)
sigma28(+):    205   Score   1.97     -35 (173) taaagaag >>> gacgctta -10 (199)

   Total:      4 promoter(s) predicted



>NEG_SPV_1799_CP027540.1_1794061_-
   Length of Query sequence:       300
sigma24(+):    227   Score   1.86     -35 (191) tcattt >>> tcttt -10 (220)
sigma38(+):    203   Score   1.94     -35 (167) tttcct >>> tatcat -10 (194)
sigma32(+):    202   Score   1.92     -35 (162) ttctttt >>> taagctatca -10 (193)
sigma70(+):    201   Score   1.94     -35 (167) tttcct >>> tatcat -10 (194)

   Total:      4 promoter(s) predicted



>NEG_SPV_1878_CP027540.1_1857856_-
   Length of Query sequence:       300
sigma32(+):    248   Score   1.82     -35 (213) ggaagaa >>> ctatccagag -10 (243)
sigma24(+):    244   Score   1.86     -35 (214) gaagaa >>> tctat -10 (237)
sigma38(+):    235   Score   1.92     -35 (194) tttcaa >>> tatgca -10 (227)
sigma70(+):    216   Score   1.96     -35 (181) tgggat >>> tatttt -10 (209)
sigma28(+):    201   Score   1.58     -35 (168) ttcgggtg >>> tacgaaaa -10 (193)

   Total:      5 promoter(s) predicted



>NEG_SPV_1867_CP027540.1_1846634_-
   Length of Query sequence:       300
sigma24(+):    233   Score   1.74     -35 (197) aaattt >>> tcatt -10 (226)
sigma28(+):    220   Score   1.96     -35 (186) agagcatc >>> gctggaac -10 (212)
sigma38(+):    210   Score   0.74     -35 (169) tggaat >>> aaattt -10 (202)
sigma70(+):    208   Score   1.72     -35 (168) ttggaa >>> gaaatt -10 (201)

   Total:      4 promoter(s) predicted



>NEG_SPV_1647_CP027540.1_1661606_-
   Length of Query sequence:       300
sigma24(+):    246   Score   1.48     -35 (212) gaagga >>> gctga -10 (238)
sigma70(+):    228   Score   1.84     -35 (195) ttgctt >>> gatttt -10 (221)

   Total:      2 promoter(s) predicted



>NEG_SPV_0482_CP027540.1_491009_+
   Length of Query sequence:       300
sigma38(+):    214   Score   1.87     -35 (178) ttggtt >>> tactat -10 (206)
sigma70(+):    212   Score   1.90     -35 (178) ttggtt >>> tactat -10 (206)

   Total:      2 promoter(s) predicted



>NEG_SPV_1029_CP027540.1_909102_+
   Length of Query sequence:       300
sigma38(+):    218   Score   1.74     -35 (178) ctgccc >>> taacct -10 (210)
sigma70(+):    216   Score   1.92     -35 (178) ctgccc >>> taacct -10 (210)
sigma32(+):    201   Score   1.81     -35 (158) tattggt >>> gccctcattt -10 (189)

   Total:      3 promoter(s) predicted



>NEG_SPV_1042_CP027540.1_1070546_+
   Length of Query sequence:       300
sigma32(+):    235   Score   1.83     -35 (199) tccttct >>> ctcgccgtgg -10 (230)
sigma38(+):    205   Score   1.83     -35 (168) catcca >>> tactcc -10 (197)

   Total:      2 promoter(s) predicted



>NEG_SPV_0176_CP027540.1_181970_+
   Length of Query sequence:       300
sigma38(+):    250   Score   1.53     -35 (211) tatgaa >>> aacgct -10 (242)
sigma24(+):    245   Score   1.51     -35 (214) gaagtt >>> acaaa -10 (238)
sigma32(+):    242   Score   1.76     -35 (208) acgtatg >>> aactccacaa -10 (237)
sigma70(+):    223   Score   1.85     -35 (189) tttctg >>> tatgaa -10 (216)

   Total:      4 promoter(s) predicted



>NEG_SPV_1629_CP027540.1_1644118_+
   Length of Query sequence:       300
sigma24(+):    249   Score   1.85     -35 (213) gaaata >>> tcaaa -10 (242)
sigma70(+):    229   Score   1.86     -35 (195) tcgcta >>> taacgt -10 (222)
sigma38(+):    218   Score   1.83     -35 (178) tttaac >>> aaatat -10 (210)
sigma32(+):    208   Score   1.83     -35 (172) gattggt >>> gtcgctattg -10 (203)

   Total:      4 promoter(s) predicted



>NEG_SPV_0805_CP027540.1_822867_+
   Length of Query sequence:       300
sigma24(+):    224   Score   1.01     -35 (192) tcatag >>> tcttt -10 (217)
sigma70(+):    223   Score   1.91     -35 (190) cttcat >>> tatctt -10 (216)
sigma38(+):    222   Score   1.82     -35 (190) cttcat >>> tatctt -10 (216)
sigma32(+):    208   Score   1.81     -35 (172) tacagcc >>> atagctgttt -10 (203)

   Total:      4 promoter(s) predicted



>NEG_SPV_1512_CP027540.1_1535908_-
   Length of Query sequence:       300
sigma70(+):    235   Score   1.91     -35 (200) gtgcca >>> gatatt -10 (228)
sigma38(+):    226   Score   1.86     -35 (185) tcgata >>> catgct -10 (218)
sigma28(+):    215   Score   1.26     -35 (182) ttatcgat >>> gccaacta -10 (209)
sigma24(+):    213   Score   1.88     -35 (177) tcactt >>> gccaa -10 (206)
sigma32(+):    204   Score   1.84     -35 (169) gctttga >>> aacgcccttc -10 (199)

   Total:      5 promoter(s) predicted



>NEG_SPV_0773_CP027540.1_785178_+
   Length of Query sequence:       300
sigma28(+):    243   Score   1.94     -35 (210) ttatgcta >>> cccaatgg -10 (236)
sigma24(+):    239   Score   1.78     -35 (203) ggattt >>> tccca -10 (232)
sigma70(+):    235   Score   1.93     -35 (197) ttgaca >>> gaatat -10 (228)
sigma38(+):    224   Score   1.93     -35 (186) ttggaa >>> tatgct -10 (216)

   Total:      4 promoter(s) predicted



>NEG_SPV_0320_CP027540.1_319553_+
   Length of Query sequence:       300
sigma28(+):    245   Score   1.94     -35 (212) tacccctt >>> tcagaaga -10 (238)
sigma32(+):    225   Score   1.91     -35 (190) atatcgc >>> ctaccccttc -10 (220)
sigma24(+):    215   Score   1.93     -35 (185) gaccta >>> acaga -10 (208)
sigma38(+):    211   Score   1.93     -35 (171) tatcag >>> tatggt -10 (203)
sigma70(+):    210   Score   1.91     -35 (171) tatcag >>> tatggt -10 (203)

   Total:      5 promoter(s) predicted



>NEG_SPV_1801_CP027540.1_1795477_-
   Length of Query sequence:       300
sigma24(+):    242   Score   1.88     -35 (210) gaaatt >>> gcgca -10 (235)
sigma38(+):    225   Score   1.89     -35 (187) cctcaa >>> aattgt -10 (217)
sigma70(+):    222   Score   1.92     -35 (188) ctcaac >>> gaaatt -10 (215)

   Total:      3 promoter(s) predicted



>NEG_SPV_0740_CP027540.1_752517_+
   Length of Query sequence:       300
sigma24(+):    229   Score   1.86     -35 (197) acagtt >>> tcaat -10 (222)
sigma38(+):    209   Score   1.95     -35 (174) ttcgcg >>> tacagt -10 (201)
sigma70(+):    208   Score   1.91     -35 (174) ttcgcg >>> tacagt -10 (201)

   Total:      3 promoter(s) predicted



>NEG_SPV_1215_CP027540.1_1246441_+
   Length of Query sequence:       300
sigma70(+):    248   Score   1.95     -35 (209) gtcaag >>> tagatt -10 (241)
sigma38(+):    235   Score   1.81     -35 (195) gtcaat >>> taatca -10 (227)
sigma24(+):    207   Score   1.90     -35 (174) aaatga >>> tcaat -10 (200)
sigma32(+):    201   Score   1.82     -35 (165) ccttatc >>> aacagcaagt -10 (196)

   Total:      4 promoter(s) predicted



>NEG_SPV_0763_CP027540.1_774624_+
   Length of Query sequence:       300
sigma70(+):    243   Score   1.93     -35 (208) ttgact >>> catcat -10 (236)
sigma32(+):    240   Score   1.89     -35 (205) actttga >>> ggccacatca -10 (235)
sigma24(+):    202   Score   1.91     -35 (168) aaacat >>> tcctt -10 (195)
sigma38(+):    202   Score   1.53     -35 (164) tcggaa >>> tatcct -10 (194)

   Total:      4 promoter(s) predicted



>NEG_SPV_1635_CP027540.1_1650110_+
   Length of Query sequence:       300
sigma70(+):    250   Score   1.78     -35 (217) ctcttg >>> tacact -10 (244)
sigma38(+):    250   Score   1.69     -35 (216) cctctt >>> tacact -10 (244)
sigma32(+):    248   Score   1.12     -35 (214) agcctct >>> agcgatacac -10 (243)
sigma28(+):    202   Score   1.93     -35 (165) atcggaaa >>> tcagattt -10 (192)

   Total:      4 promoter(s) predicted



>NEG_SPV_0945_CP027540.1_1008769_-
   Length of Query sequence:       300
sigma38(+):    243   Score   1.96     -35 (206) tttaag >>> aacaat -10 (237)
sigma70(+):    215   Score   1.96     -35 (176) tttaaa >>> catttt -10 (206)
sigma32(+):    214   Score   1.95     -35 (174) tttttaa >>> taaaacattt -10 (205)
sigma24(+):    211   Score   1.98     -35 (179) aaagat >>> acatt -10 (204)
sigma28(+):    201   Score   1.97     -35 (164) ggaagagt >>> taggatta -10 (191)

   Total:      5 promoter(s) predicted



>NEG_SPV_0790_CP027540.1_808910_+
   Length of Query sequence:       300
sigma38(+):    230   Score   1.14     -35 (193) tatcaa >>> taaagt -10 (222)
sigma70(+):    202   Score   1.94     -35 (162) tcgaaa >>> gattat -10 (195)

   Total:      2 promoter(s) predicted



>NEG_SPV_0954_CP027540.1_995429_-
   Length of Query sequence:       300
sigma38(+):    234   Score   1.66     -35 (194) ccaaca >>> taaaat -10 (226)
sigma32(+):    207   Score   1.67     -35 (172) gtttggc >>> accaacatga -10 (202)
sigma70(+):    207   Score   1.90     -35 (174) ttggca >>> caacat -10 (200)

   Total:      3 promoter(s) predicted



>NEG_SPV_1750_CP027540.1_1743925_+
   Length of Query sequence:       300
sigma70(+):    228   Score   1.96     -35 (188) taaaaa >>> tataat -10 (221)
sigma38(+):    224   Score   1.95     -35 (186) tataaa >>> tattat -10 (218)
sigma28(+):    223   Score   1.97     -35 (188) taaaaaaa >>> tctgatat -10 (215)
sigma24(+):    219   Score   1.95     -35 (189) aaaaaa >>> tctga -10 (212)

   Total:      4 promoter(s) predicted



>NEG_SPV_0722_CP027540.1_737510_+
   Length of Query sequence:       300
sigma70(+):    248   Score   1.97     -35 (208) gagaca >>> taaaca -10 (241)
sigma38(+):    226   Score   1.88     -35 (189) ttgctg >>> aatgct -10 (218)

   Total:      2 promoter(s) predicted



>NEG_SPV_1358_CP027540.1_1373758_-
   Length of Query sequence:       300
sigma70(+):    240   Score   1.90     -35 (202) gttaat >>> taggat -10 (233)
sigma28(+):    236   Score   1.88     -35 (203) ttaatagg >>> gctgttag -10 (230)
sigma32(+):    223   Score   1.74     -35 (189) tagtcat >>> ggaaccatcc -10 (218)
sigma24(+):    210   Score   1.79     -35 (174) tcagtt >>> tctgt -10 (203)
sigma38(+):    206   Score   1.92     -35 (169) tttaat >>> catgtt -10 (198)

   Total:      5 promoter(s) predicted



>NEG_SPV_0325_CP027540.1_324984_+
   Length of Query sequence:       300
sigma38(+):    245   Score   1.95     -35 (204) cttaaa >>> tacttt -10 (237)
sigma32(+):    233   Score   1.94     -35 (193) tattccc >>> ttccataact -10 (224)
sigma70(+):    222   Score   1.97     -35 (186) tttaat >>> gaaaat -10 (215)
sigma28(+):    209   Score   1.94     -35 (178) ataatatc >>> tcccatta -10 (203)
sigma24(+):    207   Score   1.97     -35 (175) tcaata >>> tccca -10 (200)

   Total:      5 promoter(s) predicted



>NEG_SPV_0461_CP027540.1_472647_+
   Length of Query sequence:       300
sigma24(+):    230   Score   0.29     -35 (197) gccaat >>> tcaat -10 (223)
sigma28(+):    210   Score   1.87     -35 (177) accagtat >>> gccaatgg -10 (204)
sigma32(+):    208   Score   1.65     -35 (172) ctatgac >>> ggcgccaatg -10 (203)

   Total:      3 promoter(s) predicted



>NEG_SPV_0910_CP027540.1_1043477_-
   Length of Query sequence:       300
sigma70(+):    250   Score   1.92     -35 (209) ttgaac >>> taaatt -10 (242)
sigma38(+):    250   Score   1.93     -35 (209) ttgaac >>> taaatt -10 (242)
sigma28(+):    246   Score   1.94     -35 (212) aacgcgca >>> ggtgctaa -10 (239)
sigma24(+):    228   Score   1.84     -35 (198) gactct >>> gcaaa -10 (221)

   Total:      4 promoter(s) predicted



>NEG_SPV_1631_CP027540.1_1645739_-
   Length of Query sequence:       300
sigma38(+):    240   Score   1.93     -35 (202) tagata >>> taccct -10 (232)
sigma28(+):    224   Score   1.97     -35 (186) gaaattct >>> taagatag -10 (213)
sigma70(+):    205   Score   1.96     -35 (166) catcaa >>> taaatt -10 (198)
sigma24(+):    202   Score   1.96     -35 (168) tcaaga >>> tctaa -10 (195)

   Total:      4 promoter(s) predicted



>NEG_SPV_1015_CP027540.1_934990_-
   Length of Query sequence:       300
sigma38(+):    250   Score   1.83     -35 (213) gagaat >>> taatca -10 (244)
sigma28(+):    227   Score   1.83     -35 (193) cccatttg >>> gagaatga -10 (220)
sigma70(+):    221   Score   1.95     -35 (188) gttgtc >>> tattga -10 (214)

   Total:      3 promoter(s) predicted



>NEG_SPV_1664_CP027540.1_1677500_-
   Length of Query sequence:       300
sigma70(+):    204   Score   1.80     -35 (167) tcgatg >>> cagaat -10 (197)

   Total:      1 promoter(s) predicted



>NEG_SPV_1905_CP027540.1_1877209_+
   Length of Query sequence:       300
sigma24(+):    223   Score   1.95     -35 (193) gaatat >>> tctat -10 (216)
sigma38(+):    215   Score   1.95     -35 (177) tcgaca >>> taaacc -10 (207)
sigma32(+):    211   Score   1.91     -35 (175) tatcgac >>> atcgctaaac -10 (206)
sigma70(+):    207   Score   1.91     -35 (171) ttgtta >>> gaatat -10 (198)

   Total:      4 promoter(s) predicted



>NEG_SPV_0428_CP027540.1_432928_+
   Length of Query sequence:       300
sigma38(+):    237   Score   1.84     -35 (199) caggag >>> tattat -10 (229)
sigma70(+):    236   Score   1.96     -35 (199) caggag >>> tattat -10 (229)
sigma24(+):    226   Score   1.88     -35 (194) taattc >>> tcatt -10 (219)
sigma28(+):    206   Score   1.96     -35 (173) agcagaag >>> gctaattc -10 (199)

   Total:      4 promoter(s) predicted



>NEG_SPV_1501_CP027540.1_1519575_-
   Length of Query sequence:       300
sigma70(+):    226   Score   1.94     -35 (191) gttatt >>> gattct -10 (219)
sigma24(+):    211   Score   1.33     -35 (176) gcattt >>> tctct -10 (205)
sigma38(+):    201   Score   1.88     -35 (161) ttgatt >>> taccat -10 (189)

   Total:      3 promoter(s) predicted



>NEG_SPV_1383_CP027540.1_1403963_-
   Length of Query sequence:       300
sigma32(+):    238   Score   1.70     -35 (202) agttgcc >>> ggacacatgg -10 (233)

   Total:      1 promoter(s) predicted



>NEG_SPV_0741_CP027540.1_753675_+
   Length of Query sequence:       300
sigma32(+):    238   Score   1.78     -35 (203) cagtggt >>> gcatccagat -10 (233)
sigma70(+):    209   Score   1.45     -35 (172) ttcctg >>> gattct -10 (202)

   Total:      2 promoter(s) predicted



>NEG_SPV_0949_CP027540.1_1004367_-
   Length of Query sequence:       300
sigma70(+):    244   Score   1.96     -35 (210) ttaatg >>> gagaat -10 (237)
sigma38(+):    219   Score   1.95     -35 (184) ttcata >>> tacatt -10 (211)
sigma28(+):    203   Score   1.97     -35 (169) cgaagaaa >>> tataaaaa -10 (195)

   Total:      3 promoter(s) predicted



>NEG_SPV_1346_CP027540.1_1359744_-
   Length of Query sequence:       300
sigma24(+):    220   Score   1.91     -35 (188) tacctt >>> tctat -10 (213)
sigma38(+):    219   Score   1.85     -35 (179) ttggaa >>> tactct -10 (211)
sigma70(+):    218   Score   1.90     -35 (179) ttggaa >>> tactct -10 (211)
sigma32(+):    213   Score   1.80     -35 (177) gtttgga >>> agctacatac -10 (208)

   Total:      4 promoter(s) predicted



>NEG_SPV_0001_CP027540.1_550_+
   Length of Query sequence:       300
sigma32(+):    231   Score   1.82     -35 (196) tcctaac >>> caaaacatct -10 (226)
sigma24(+):    220   Score   1.89     -35 (186) aaacag >>> tcgta -10 (213)
sigma70(+):    203   Score   1.88     -35 (163) ttaacg >>> gattgt -10 (196)

   Total:      3 promoter(s) predicted



>NEG_SPV_0748_CP027540.1_760953_+
   Length of Query sequence:       300
sigma24(+):    228   Score   1.91     -35 (193) gaaaga >>> tctca -10 (221)
sigma38(+):    216   Score   1.88     -35 (177) tcgcta >>> aatact -10 (208)
sigma70(+):    214   Score   1.91     -35 (177) tcgcta >>> taatac -10 (207)
sigma32(+):    211   Score   1.88     -35 (177) tcgctat >>> gacgctaata -10 (206)

   Total:      4 promoter(s) predicted



>NEG_SPV_0701_CP027540.1_715439_+
   Length of Query sequence:       300
sigma70(+):    246   Score   1.92     -35 (205) ttaatg >>> tatcgt -10 (238)
sigma28(+):    220   Score   1.79     -35 (189) aaacgttc >>> aatgaaaa -10 (214)
sigma38(+):    203   Score   1.86     -35 (162) cttaaa >>> aacgtt -10 (195)
sigma24(+):    202   Score   1.81     -35 (165) aaaatg >>> tcaaa -10 (191)

   Total:      4 promoter(s) predicted



>NEG_SPV_0512_CP027540.1_524826_+
   Length of Query sequence:       300
On chain+ promoters not found

   Total:      0 promoter(s) predicted



>NEG_SPV_1038_CP027540.1_1066859_-
   Length of Query sequence:       300
sigma32(+):    239   Score   1.91     -35 (203) ggatgct >>> gtccgtacaa -10 (234)
sigma70(+):    232   Score   1.91     -35 (193) tttacc >>> taacgt -10 (226)
sigma24(+):    227   Score   1.76     -35 (195) tacctt >>> gcgga -10 (220)
sigma38(+):    208   Score   1.94     -35 (167) tatcaa >>> tacctt -10 (200)

   Total:      4 promoter(s) predicted



>NEG_SPV_1987_CP027540.1_1962611_-
   Length of Query sequence:       300
sigma28(+):    244   Score   1.96     -35 (212) tgaatata >>> accaacaa -10 (238)
sigma32(+):    242   Score   1.94     -35 (208) aatttga >>> aaaaccaaca -10 (237)
sigma24(+):    237   Score   1.83     -35 (207) taattt >>> gcaaa -10 (230)
sigma38(+):    220   Score   1.95     -35 (179) tcccaa >>> taattt -10 (212)
sigma70(+):    219   Score   1.96     -35 (179) tcccaa >>> taattt -10 (212)

   Total:      5 promoter(s) predicted



>NEG_SPV_1412_CP027540.1_1431003_-
   Length of Query sequence:       300
sigma28(+):    232   Score   1.96     -35 (193) taatgata >>> gatgagga -10 (219)
sigma38(+):    214   Score   1.89     -35 (179) ttgatt >>> aaaaat -10 (206)
sigma70(+):    211   Score   1.92     -35 (171) ttggtt >>> taaaaa -10 (204)

   Total:      3 promoter(s) predicted



>NEG_SPV_1482_CP027540.1_1498442_-
   Length of Query sequence:       300
sigma24(+):    249   Score   1.95     -35 (217) caacta >>> gcaaa -10 (242)
sigma70(+):    244   Score   1.88     -35 (210) tcgttt >>> caatat -10 (237)
sigma38(+):    243   Score   1.84     -35 (204) taccaa >>> aacaat -10 (235)
sigma32(+):    232   Score   1.93     -35 (197) tttttga >>> aactacagag -10 (227)
sigma28(+):    207   Score   1.95     -35 (174) caaagttg >>> gctgtttt -10 (200)

   Total:      5 promoter(s) predicted



>NEG_SPV_1605_CP027540.1_1620045_-
   Length of Query sequence:       300
sigma38(+):    240   Score   1.95     -35 (201) ttgata >>> tatact -10 (232)
sigma32(+):    233   Score   1.94     -35 (198) gatttga >>> ctcagtatta -10 (228)
sigma24(+):    231   Score   1.95     -35 (197) ggattt >>> tcagt -10 (224)
sigma70(+):    202   Score   1.96     -35 (168) ttctta >>> tatcat -10 (195)

   Total:      4 promoter(s) predicted



>NEG_SPV_0787_CP027540.1_802231_-
   Length of Query sequence:       300
sigma32(+):    246   Score   1.82     -35 (211) gactaca >>> gaccgcaatt -10 (241)
sigma38(+):    215   Score   1.90     -35 (181) gtgaaa >>> aaaact -10 (207)
sigma70(+):    212   Score   1.90     -35 (173) tagaaa >>> gaaaaa -10 (205)
sigma28(+):    211   Score   1.96     -35 (177) aaaagtga >>> accgaaaa -10 (204)
sigma24(+):    208   Score   1.97     -35 (175) gaaaaa >>> accga -10 (201)

   Total:      5 promoter(s) predicted



>NEG_SPV_1115_CP027540.1_1145663_-
   Length of Query sequence:       300
sigma28(+):    235   Score   1.87     -35 (203) tacagagc >>> gctgttga -10 (229)
sigma24(+):    225   Score   0.70     -35 (190) gacgtt >>> tcaaa -10 (218)
sigma70(+):    224   Score   1.80     -35 (184) gtttcg >>> tatcaa -10 (217)

   Total:      3 promoter(s) predicted



>NEG_SPV_1071_CP027540.1_1096863_-
   Length of Query sequence:       300
sigma32(+):    242   Score   1.92     -35 (206) agtacga >>> agagatatta -10 (237)
sigma28(+):    221   Score   1.97     -35 (189) tcaagaaa >>> tacgatga -10 (215)
sigma38(+):    221   Score   1.94     -35 (183) tttaac >>> tacgat -10 (213)
sigma24(+):    220   Score   1.40     -35 (185) taactc >>> acgat -10 (213)
sigma70(+):    205   Score   1.96     -35 (168) ttcaca >>> gaaaat -10 (198)

   Total:      5 promoter(s) predicted



>NEG_SPV_1071_CP027540.1_1097353_-
   Length of Query sequence:       300
sigma24(+):    248   Score   1.98     -35 (215) gaagat >>> actta -10 (241)
sigma28(+):    229   Score   1.94     -35 (195) atcgtgat >>> gaagatag -10 (222)
sigma38(+):    221   Score   1.95     -35 (183) ttgaac >>> tataaa -10 (213)
sigma70(+):    203   Score   1.96     -35 (166) ctggct >>> caaaat -10 (196)
sigma32(+):    201   Score   1.95     -35 (164) tactggc >>> aacagcaaaa -10 (195)

   Total:      5 promoter(s) predicted



>NEG_SPV_1663_CP027540.1_1674767_-
   Length of Query sequence:       300
sigma70(+):    230   Score   0.47     -35 (195) ttcacc >>> tatatc -10 (223)
sigma32(+):    227   Score   1.83     -35 (192) gcattca >>> caccttatat -10 (222)

   Total:      2 promoter(s) predicted



>NEG_SPV_0523_CP027540.1_533715_+
   Length of Query sequence:       300
sigma32(+):    248   Score   1.92     -35 (213) gactgga >>> aacgccagaa -10 (243)
sigma28(+):    239   Score   1.70     -35 (205) ggagattt >>> cctgattg -10 (232)
sigma24(+):    214   Score   1.72     -35 (185) tcaaac >>> tcgga -10 (207)

   Total:      3 promoter(s) predicted



>NEG_SPV_1222_CP027540.1_1255015_-
   Length of Query sequence:       300
sigma32(+):    246   Score   1.91     -35 (210) tgaccaa >>> aaccctgtct -10 (241)
sigma38(+):    245   Score   1.77     -35 (209) ttgacc >>> aaccct -10 (237)
sigma70(+):    214   Score   1.83     -35 (180) ttgctc >>> taaggt -10 (207)

   Total:      3 promoter(s) predicted



>NEG_SPV_1131_CP027540.1_1164627_-
   Length of Query sequence:       300
sigma28(+):    250   Score   1.89     -35 (213) tgaaattg >>> aatgaaat -10 (239)
sigma38(+):    242   Score   0.74     -35 (201) ctgccg >>> cacaat -10 (234)
sigma24(+):    241   Score   1.13     -35 (208) tccctt >>> acaat -10 (234)
sigma32(+):    238   Score   1.88     -35 (202) tgccgct >>> tgcaccacaa -10 (233)
sigma70(+):    226   Score   1.91     -35 (191) ttctca >>> gaaatt -10 (219)

   Total:      5 promoter(s) predicted



>NEG_SPV_2004_CP027540.1_1979993_-
   Length of Query sequence:       300
sigma70(+):    216   Score   1.78     -35 (180) tatctt >>> tatcaa -10 (209)
sigma32(+):    213   Score   1.92     -35 (179) ttatctt >>> ccagctatca -10 (208)

   Total:      2 promoter(s) predicted



>NEG_SPV_2012_CP027540.1_1988924_-
   Length of Query sequence:       300
sigma32(+):    250   Score   1.88     -35 (215) gattgcg >>> ctctccaaag -10 (246)
sigma24(+):    242   Score   1.89     -35 (209) caactt >>> tctta -10 (235)
sigma70(+):    240   Score   1.94     -35 (205) ttgaca >>> gaatct -10 (233)
sigma28(+):    210   Score   1.91     -35 (175) gaaataac >>> gatgaaag -10 (202)
sigma38(+):    202   Score   1.69     -35 (160) ctgact >>> taccat -10 (190)

   Total:      5 promoter(s) predicted



>NEG_SPV_1865_CP027540.1_1844229_-
   Length of Query sequence:       300
sigma32(+):    218   Score   1.79     -35 (182) ttgccaa >>> taaaccagtt -10 (213)
sigma38(+):    217   Score   1.76     -35 (182) ttgcca >>> taaacc -10 (209)
sigma70(+):    216   Score   1.90     -35 (182) ttgcca >>> taaacc -10 (209)

   Total:      3 promoter(s) predicted



>NEG_SPV_0423_CP027540.1_425134_-
   Length of Query sequence:       300
sigma32(+):    246   Score   1.89     -35 (211) tcaggga >>> agctccactt -10 (241)
sigma38(+):    231   Score   1.94     -35 (197) tttcac >>> taaaat -10 (223)
sigma28(+):    230   Score   1.84     -35 (198) ttcactca >>> gataaaat -10 (223)
sigma70(+):    230   Score   1.92     -35 (197) tttcac >>> taaaat -10 (223)
sigma24(+):    210   Score   1.96     -35 (176) tcaatt >>> tcact -10 (203)

   Total:      5 promoter(s) predicted



>NEG_SPV_1614_CP027540.1_1629579_-
   Length of Query sequence:       300
sigma70(+):    247   Score   1.96     -35 (210) gaaaat >>> gatgat -10 (240)
sigma38(+):    238   Score   1.94     -35 (203) ttgaaa >>> catatt -10 (230)
sigma32(+):    236   Score   1.95     -35 (200) atattga >>> ttacatattt -10 (231)
sigma28(+):    227   Score   1.97     -35 (191) ttagtaca >>> gaaaataa -10 (217)
sigma24(+):    207   Score   1.95     -35 (174) gaatga >>> acaaa -10 (200)

   Total:      5 promoter(s) predicted



>NEG_SPV_0238_CP027540.1_229205_+
   Length of Query sequence:       300
sigma70(+):    236   Score   1.91     -35 (201) ttccaa >>> gatgat -10 (229)
sigma38(+):    219   Score   1.74     -35 (183) gttccg >>> aaaact -10 (211)
sigma24(+):    213   Score   1.61     -35 (177) ggtgtt >>> tccaa -10 (206)
sigma32(+):    208   Score   1.79     -35 (172) acctcgg >>> ggaaccattc -10 (203)

   Total:      4 promoter(s) predicted



>NEG_SPV_0692_CP027540.1_707376_+
   Length of Query sequence:       300
sigma38(+):    235   Score   1.93     -35 (197) ttggca >>> tatagt -10 (227)
sigma24(+):    231   Score   1.77     -35 (200) gcactt >>> actat -10 (224)
sigma70(+):    205   Score   1.96     -35 (167) gtttag >>> gaaaat -10 (197)
sigma28(+):    203   Score   1.95     -35 (163) agaagttt >>> tcctaaaa -10 (190)

   Total:      4 promoter(s) predicted



>NEG_SPV_1233_CP027540.1_1265477_-
   Length of Query sequence:       300
sigma24(+):    218   Score   1.42     -35 (184) aaacgg >>> tcagt -10 (210)
sigma32(+):    213   Score   1.64     -35 (179) gccagaa >>> accctcatca -10 (208)
sigma38(+):    211   Score   1.62     -35 (177) ctgcca >>> taccct -10 (203)
sigma70(+):    210   Score   1.83     -35 (172) ttgacc >>> taccct -10 (203)

   Total:      4 promoter(s) predicted



>NEG_SPV_1626_CP027540.1_1641678_+
   Length of Query sequence:       300
sigma70(+):    232   Score   1.89     -35 (193) ttggtg >>> taaaat -10 (225)
sigma28(+):    221   Score   1.85     -35 (188) tacacttg >>> gcagcaaa -10 (214)
sigma24(+):    220   Score   1.88     -35 (189) acactt >>> gcaaa -10 (214)

   Total:      3 promoter(s) predicted



>NEG_SPV_1537_CP027540.1_1560760_-
   Length of Query sequence:       300
sigma38(+):    241   Score   1.93     -35 (204) cttaca >>> tattct -10 (233)
sigma24(+):    225   Score   1.98     -35 (192) gaaaaa >>> gcatt -10 (217)
sigma70(+):    225   Score   1.96     -35 (190) gagaaa >>> catttt -10 (219)
sigma32(+):    223   Score   1.95     -35 (188) aagagaa >>> aaaagcattt -10 (218)
sigma28(+):    217   Score   1.96     -35 (183) gcctcaag >>> tcttacaa -10 (210)

   Total:      5 promoter(s) predicted



>NEG_SPV_1507_CP027540.1_1528999_-
   Length of Query sequence:       300
sigma24(+):    237   Score   1.34     -35 (204) gactgt >>> gccga -10 (230)
sigma70(+):    228   Score   1.83     -35 (194) ttccca >>> tatcat -10 (221)

   Total:      2 promoter(s) predicted



>NEG_SPV_0815_CP027540.1_833847_+
   Length of Query sequence:       300
sigma70(+):    232   Score   1.84     -35 (194) gtttag >>> gaaaat -10 (225)
sigma28(+):    231   Score   1.70     -35 (197) tagaggag >>> gaggaaaa -10 (224)
sigma38(+):    203   Score   1.61     -35 (166) gttcca >>> tatggt -10 (195)

   Total:      3 promoter(s) predicted



>NEG_SPV_0250_CP027540.1_246930_-
   Length of Query sequence:       300
sigma70(+):    247   Score   1.96     -35 (207) gaaaaa >>> tagaaa -10 (239)
sigma38(+):    240   Score   1.78     -35 (204) ctggaa >>> aaatct -10 (232)
sigma24(+):    233   Score   1.97     -35 (200) acagct >>> gcgat -10 (226)
sigma28(+):    218   Score   1.90     -35 (185) ttcctcat >>> gctggaaa -10 (210)
sigma32(+):    203   Score   1.84     -35 (163) agaacaa >>> ttcctcatca -10 (194)

   Total:      5 promoter(s) predicted



>NEG_SPV_2063_CP027540.1_2041528_-
   Length of Query sequence:       300
sigma70(+):    234   Score   1.94     -35 (200) ttgata >>> gatgtt -10 (227)
sigma24(+):    223   Score   1.94     -35 (187) gcccta >>> tcaat -10 (216)
sigma28(+):    213   Score   1.79     -35 (181) gtatcagc >>> gttgataa -10 (206)
sigma32(+):    204   Score   1.93     -35 (166) acatata >>> agccctagat -10 (195)
sigma38(+):    204   Score   1.91     -35 (169) tataaa >>> tagatt -10 (196)

   Total:      5 promoter(s) predicted



>NEG_SPV_1912_CP027540.1_1884343_+
   Length of Query sequence:       300
sigma70(+):    240   Score   1.91     -35 (199) ttggtc >>> tagtct -10 (231)
sigma38(+):    225   Score   1.94     -35 (187) cttcca >>> catgct -10 (217)
sigma24(+):    214   Score   1.45     -35 (181) ggattc >>> tctgt -10 (207)

   Total:      3 promoter(s) predicted



>NEG_SPV_0562_CP027540.1_582250_+
   Length of Query sequence:       300
sigma38(+):    225   Score   1.85     -35 (184) tagcat >>> taagat -10 (217)
sigma70(+):    224   Score   1.88     -35 (184) tagcat >>> taagat -10 (217)
sigma24(+):    214   Score   1.92     -35 (180) gaatta >>> tcaga -10 (208)
sigma28(+):    213   Score   1.93     -35 (179) agaattag >>> gctgactc -10 (205)

   Total:      4 promoter(s) predicted



>NEG_SPV_1652_CP027540.1_1667025_+
   Length of Query sequence:       300
sigma38(+):    239   Score   1.93     -35 (205) cttcta >>> aatcct -10 (231)
sigma70(+):    230   Score   1.91     -35 (197) ctactg >>> taatat -10 (223)
sigma28(+):    228   Score   1.96     -35 (198) tactggac >>> gctaatat -10 (223)
sigma24(+):    227   Score   1.97     -35 (195) gactac >>> gctaa -10 (220)

   Total:      4 promoter(s) predicted



>NEG_SPV_0766_CP027540.1_777164_+
   Length of Query sequence:       300
sigma70(+):    225   Score   1.97     -35 (192) taccca >>> tacttt -10 (218)
sigma32(+):    205   Score   1.93     -35 (170) tacagat >>> atacccagac -10 (200)
sigma38(+):    203   Score   1.15     -35 (166) cagata >>> taccca -10 (197)

   Total:      3 promoter(s) predicted



>NEG_SPV_0546_CP027540.1_558839_+
   Length of Query sequence:       300
sigma24(+):    246   Score   1.96     -35 (217) ggcagc >>> gctta -10 (239)
sigma32(+):    228   Score   1.92     -35 (194) gtattta >>> tgcggcagcc -10 (223)
sigma38(+):    222   Score   1.95     -35 (188) ttgatt >>> tatttt -10 (214)
sigma70(+):    221   Score   1.94     -35 (188) ttgatt >>> tatttt -10 (214)

   Total:      4 promoter(s) predicted



>NEG_SPV_2032_CP027540.1_2011356_-
   Length of Query sequence:       300
sigma70(+):    229   Score   1.97     -35 (191) tagtcg >>> gatgct -10 (222)
sigma32(+):    222   Score   1.82     -35 (186) ttttgta >>> ttagacatgg -10 (217)
sigma38(+):    215   Score   1.73     -35 (176) tagatc >>> aaaaat -10 (207)
sigma28(+):    212   Score   1.88     -35 (180) tcaggttt >>> cacaaaaa -10 (206)
sigma24(+):    209   Score   1.65     -35 (178) gatcag >>> tcaca -10 (202)

   Total:      5 promoter(s) predicted



>NEG_SPV_0488_CP027540.1_496147_+
   Length of Query sequence:       300
sigma24(+):    243   Score   1.65     -35 (213) gaaggg >>> accaa -10 (236)
sigma38(+):    220   Score   1.60     -35 (181) cctaag >>> tatcat -10 (212)
sigma70(+):    219   Score   1.72     -35 (181) cctaag >>> tatcat -10 (212)

   Total:      3 promoter(s) predicted



>NEG_SPV_0365_CP027540.1_368879_+
   Length of Query sequence:       300
sigma32(+):    235   Score   1.78     -35 (199) agttgag >>> tacaacatgg -10 (230)
sigma28(+):    229   Score   1.94     -35 (196) agaagttg >>> gcagacta -10 (222)
sigma24(+):    226   Score   1.87     -35 (197) gaagtt >>> gcaga -10 (219)
sigma38(+):    202   Score   1.77     -35 (168) ttgatg >>> tacaaa -10 (194)
sigma70(+):    201   Score   1.91     -35 (168) ttgatg >>> tacaaa -10 (194)

   Total:      5 promoter(s) predicted



>NEG_SPV_0063_CP027540.1_61947_-
   Length of Query sequence:       300
sigma38(+):    216   Score   1.81     -35 (175) tttcaa >>> aacgat -10 (208)
sigma32(+):    211   Score   1.59     -35 (176) ttcaact >>> tacgccaacg -10 (206)
sigma24(+):    211   Score   1.82     -35 (178) caactt >>> gccaa -10 (204)
sigma28(+):    202   Score   1.95     -35 (168) caaagatt >>> actgacga -10 (195)

   Total:      4 promoter(s) predicted



>NEG_SPV_0115_CP027540.1_117035_+
   Length of Query sequence:       300
sigma70(+):    236   Score   1.94     -35 (201) tagatg >>> caaaat -10 (229)
sigma32(+):    231   Score   1.95     -35 (197) cagttag >>> aactctacaa -10 (226)
sigma38(+):    228   Score   1.89     -35 (187) tgaaag >>> caaact -10 (220)
sigma24(+):    207   Score   1.90     -35 (176) aaaata >>> tcagt -10 (200)
sigma28(+):    202   Score   1.97     -35 (165) cgaagttg >>> gctgaaag -10 (192)

   Total:      5 promoter(s) predicted



>NEG_SPV_0577_CP027540.1_602484_+
   Length of Query sequence:       300
sigma38(+):    249   Score   1.91     -35 (211) taagaa >>> tatgaa -10 (243)
sigma70(+):    223   Score   1.94     -35 (188) ttaaca >>> taagaa -10 (216)
sigma28(+):    205   Score   1.96     -35 (171) taaaccaa >>> acagatga -10 (198)
sigma24(+):    202   Score   1.89     -35 (172) aaacca >>> acaga -10 (195)

   Total:      4 promoter(s) predicted



>NEG_SPV_1135_CP027540.1_1169109_-
   Length of Query sequence:       300
sigma32(+):    235   Score   1.75     -35 (200) cgatatt >>> gacgccactt -10 (230)
sigma38(+):    216   Score   1.85     -35 (177) gtggag >>> tattgt -10 (208)
sigma70(+):    215   Score   1.95     -35 (177) gtggag >>> tattgt -10 (208)
sigma28(+):    213   Score   1.88     -35 (179) ggagcgta >>> cacgatat -10 (205)
sigma24(+):    201   Score   0.67     -35 (168) gatact >>> gcaaa -10 (194)

   Total:      5 promoter(s) predicted



>NEG_SPV_1494_CP027540.1_1510421_-
   Length of Query sequence:       300
sigma24(+):    241   Score   1.34     -35 (207) gcattg >>> tctct -10 (234)
sigma38(+):    240   Score   1.83     -35 (204) tgggca >>> tattct -10 (232)
sigma70(+):    210   Score   1.91     -35 (170) cagcca >>> taaaaa -10 (202)
sigma28(+):    208   Score   1.94     -35 (175) aaaacatt >>> gataaaaa -10 (202)

   Total:      4 promoter(s) predicted



>NEG_SPV_1956_CP027540.1_1924848_-
   Length of Query sequence:       300
sigma70(+):    227   Score   1.89     -35 (189) ttggaa >>> tatctt -10 (220)
sigma28(+):    225   Score   1.81     -35 (191) ggaacttg >>> tcagatat -10 (217)
sigma24(+):    221   Score   1.79     -35 (192) gaactt >>> tcaga -10 (214)

   Total:      3 promoter(s) predicted



>NEG_SPV_0186_CP027540.1_190235_+
   Length of Query sequence:       300
sigma70(+):    250   Score   1.76     -35 (219) ttcctt >>> tagttt -10 (246)
sigma38(+):    250   Score   1.61     -35 (218) cttcct >>> tagttt -10 (246)
sigma24(+):    236   Score   1.92     -35 (205) gactct >>> tctta -10 (229)

   Total:      3 promoter(s) predicted



>NEG_SPV_1097_CP027540.1_1126730_-
   Length of Query sequence:       300
sigma24(+):    231   Score   1.96     -35 (199) acccct >>> tcttt -10 (225)
sigma32(+):    213   Score   1.94     -35 (179) atatggg >>> acccctctat -10 (208)
sigma38(+):    201   Score   1.86     -35 (166) tttacc >>> aattct -10 (192)

   Total:      3 promoter(s) predicted



>NEG_SPV_0924_CP027540.1_1027572_-
   Length of Query sequence:       300
sigma70(+):    217   Score   1.94     -35 (178) tttatg >>> gaatat -10 (211)
sigma28(+):    201   Score   1.97     -35 (164) ttatggtc >>> gctggtat -10 (190)
sigma38(+):    201   Score   1.95     -35 (163) tttatg >>> tatttt -10 (193)

   Total:      3 promoter(s) predicted



>NEG_SPV_1532_CP027540.1_1554861_-
   Length of Query sequence:       300
sigma70(+):    250   Score   1.89     -35 (213) ttcaaa >>> tatcgt -10 (243)
sigma38(+):    236   Score   1.77     -35 (197) gttgcg >>> aacact -10 (228)
sigma24(+):    225   Score   1.61     -35 (194) gaagtt >>> tcaaa -10 (218)
sigma32(+):    213   Score   1.76     -35 (178) ggctgaa >>> tgcgccagca -10 (208)
sigma28(+):    202   Score   1.95     -35 (163) aaaacaag >>> gaagaaaa -10 (189)

   Total:      5 promoter(s) predicted



>NEG_SPV_1396_CP027540.1_1417935_-
   Length of Query sequence:       300
sigma28(+):    240   Score   1.83     -35 (201) agcagacg >>> gatggaat -10 (227)
sigma38(+):    226   Score   1.74     -35 (188) gtcacc >>> tatttt -10 (218)
sigma70(+):    225   Score   1.79     -35 (186) gagtca >>> tatttt -10 (218)
sigma32(+):    203   Score   1.82     -35 (167) gttacaa >>> tcacccacta -10 (198)

   Total:      4 promoter(s) predicted



>NEG_SPV_0473_CP027540.1_484227_+
   Length of Query sequence:       300
sigma32(+):    233   Score   1.94     -35 (197) attttga >>> tgctccatat -10 (228)
sigma24(+):    205   Score   1.94     -35 (174) gaaaaa >>> tctat -10 (198)
sigma38(+):    204   Score   1.94     -35 (168) ttccaa >>> tattct -10 (196)
sigma70(+):    203   Score   1.94     -35 (168) ttccaa >>> tattct -10 (196)

   Total:      4 promoter(s) predicted



>NEG_SPV_1797_CP027540.1_1791555_-
   Length of Query sequence:       300
sigma24(+):    237   Score   1.95     -35 (203) gctatg >>> gcaga -10 (230)
sigma38(+):    218   Score   1.95     -35 (181) ttggta >>> tatgat -10 (210)
sigma70(+):    217   Score   1.95     -35 (181) ttggta >>> tatgat -10 (210)
sigma32(+):    214   Score   1.94     -35 (179) gtttggt >>> atagctatga -10 (209)
sigma28(+):    207   Score   1.97     -35 (174) tgagggtt >>> tctaaata -10 (200)

   Total:      5 promoter(s) predicted



>NEG_SPV_1749_CP027540.1_1742125_+
   Length of Query sequence:       300
sigma38(+):    243   Score   1.95     -35 (205) tttctg >>> aatatt -10 (234)
sigma28(+):    234   Score   1.95     -35 (196) tacatcaa >>> gactattt -10 (223)
sigma70(+):    231   Score   1.96     -35 (191) ttccct >>> tatttt -10 (224)
sigma24(+):    211   Score   1.98     -35 (178) gaaatc >>> tcaat -10 (204)
sigma32(+):    205   Score   1.94     -35 (170) tgatttt >>> ttccctacat -10 (200)

   Total:      5 promoter(s) predicted



>NEG_SPV_1005_CP027540.1_946491_-
   Length of Query sequence:       300
sigma32(+):    250   Score   1.67     -35 (216) atattta >>> cacgtcaaaa -10 (246)
sigma70(+):    239   Score   1.97     -35 (204) ctcaag >>> tatcat -10 (232)
sigma24(+):    233   Score   1.88     -35 (197) aatatg >>> acaaa -10 (226)
sigma38(+):    228   Score   1.72     -35 (191) tttacc >>> catatt -10 (220)
sigma28(+):    217   Score   1.97     -35 (184) ggaagtct >>> gctcaaga -10 (210)

   Total:      5 promoter(s) predicted



>NEG_SPV_1192_CP027540.1_1219967_-
   Length of Query sequence:       300
sigma24(+):    249   Score   1.84     -35 (216) aacctc >>> acaga -10 (242)
sigma38(+):    244   Score   1.79     -35 (206) tagatg >>> taccat -10 (236)
sigma32(+):    233   Score   1.86     -35 (197) ttctcat >>> ctcggcactg -10 (228)
sigma70(+):    220   Score   1.91     -35 (183) gcgcca >>> gatgat -10 (213)

   Total:      4 promoter(s) predicted



>NEG_SPV_0960_CP027540.1_989356_-
   Length of Query sequence:       300
sigma24(+):    237   Score   1.89     -35 (206) gaagct >>> tccta -10 (230)
sigma28(+):    214   Score   1.72     -35 (177) acaatgag >>> gactattt -10 (203)
sigma38(+):    212   Score   1.94     -35 (174) gttaca >>> tatttt -10 (204)
sigma70(+):    211   Score   1.91     -35 (174) gttaca >>> tatttt -10 (204)

   Total:      4 promoter(s) predicted



>NEG_SPV_0577_CP027540.1_601354_+
   Length of Query sequence:       300
sigma70(+):    250   Score   1.96     -35 (211) gaaaaa >>> tatact -10 (244)
sigma28(+):    235   Score   1.90     -35 (201) tcattatt >>> taccaaaa -10 (228)
sigma38(+):    228   Score   1.95     -35 (188) gtgaag >>> aacaat -10 (220)
sigma24(+):    212   Score   1.96     -35 (181) acactg >>> tcatt -10 (205)

   Total:      4 promoter(s) predicted



>NEG_SPV_0366_CP027540.1_369550_-
   Length of Query sequence:       300
sigma24(+):    242   Score   1.94     -35 (213) gccatg >>> tctca -10 (235)
sigma38(+):    234   Score   1.92     -35 (200) tcgctt >>> tattca -10 (226)
sigma70(+):    233   Score   1.90     -35 (200) tcgctt >>> tattca -10 (226)

   Total:      3 promoter(s) predicted



>NEG_SPV_1607_CP027540.1_1623551_-
   Length of Query sequence:       300
sigma38(+):    222   Score   1.94     -35 (183) tttaaa >>> taattt -10 (214)
sigma24(+):    216   Score   1.96     -35 (186) aaaatt >>> tcttt -10 (209)
sigma70(+):    204   Score   1.96     -35 (167) ttaaag >>> taggtt -10 (196)

   Total:      3 promoter(s) predicted



>NEG_SPV_1705_CP027540.1_1707324_+
   Length of Query sequence:       300
sigma24(+):    232   Score   1.96     -35 (197) aaaatt >>> gccaa -10 (226)
sigma32(+):    232   Score   1.95     -35 (198) aaattgc >>> atagccaagt -10 (228)
sigma70(+):    209   Score   1.90     -35 (168) ctaaca >>> taaaat -10 (201)
sigma38(+):    209   Score   1.94     -35 (168) ctaaca >>> taaaat -10 (201)
sigma28(+):    204   Score   1.97     -35 (172) caagggct >>> gatgctaa -10 (198)

   Total:      5 promoter(s) predicted



>NEG_SPV_0011_CP027540.1_11044_+
   Length of Query sequence:       300
sigma24(+):    246   Score   1.84     -35 (212) gaagat >>> tcaaa -10 (239)
sigma38(+):    241   Score   1.94     -35 (201) ctgatg >>> tacact -10 (233)
sigma70(+):    224   Score   1.93     -35 (184) taaaat >>> gaagat -10 (217)
sigma28(+):    223   Score   1.97     -35 (184) taaaatca >>> gatgaaaa -10 (210)
sigma32(+):    206   Score   1.94     -35 (171) agtttca >>> gtccgcaggc -10 (201)

   Total:      5 promoter(s) predicted



>NEG_SPV_1911_CP027540.1_1883787_+
   Length of Query sequence:       300
sigma70(+):    239   Score   1.60     -35 (202) gcgcag >>> tatttt -10 (232)
sigma38(+):    238   Score   1.69     -35 (202) gcgcag >>> tatttt -10 (232)
sigma32(+):    227   Score   1.90     -35 (193) gcatcgg >>> gaaaccatgg -10 (222)

   Total:      3 promoter(s) predicted



>NEG_SPV_1959_CP027540.1_1928134_-
   Length of Query sequence:       300
sigma24(+):    223   Score   1.73     -35 (190) gcaggt >>> gcgaa -10 (216)
sigma38(+):    217   Score   1.94     -35 (179) ttgtta >>> tatttt -10 (209)
sigma70(+):    216   Score   1.92     -35 (179) ttgtta >>> tatttt -10 (209)
sigma32(+):    211   Score   1.91     -35 (176) tatttgt >>> ttcgccttat -10 (206)

   Total:      4 promoter(s) predicted



>NEG_SPV_0280_CP027540.1_278149_+
   Length of Query sequence:       300
sigma24(+):    248   Score   1.95     -35 (216) aaacag >>> tcttt -10 (242)
sigma38(+):    248   Score   1.95     -35 (214) ttaaac >>> tattct -10 (240)
sigma70(+):    237   Score   1.96     -35 (201) ttggta >>> tatagt -10 (230)
sigma28(+):    221   Score   1.95     -35 (189) ttaaataa >>> gatgaaat -10 (214)
sigma32(+):    207   Score   1.94     -35 (173) agaaagc >>> ataacccttt -10 (202)

   Total:      5 promoter(s) predicted



>NEG_SPV_1973_CP027540.1_1945832_+
   Length of Query sequence:       300
sigma32(+):    210   Score   1.80     -35 (175) ctcttcc >>> acagccagca -10 (205)
sigma24(+):    202   Score   1.97     -35 (172) gaactc >>> tcgaa -10 (195)
sigma38(+):    201   Score   0.48     -35 (164) tagaag >>> catgct -10 (191)

   Total:      3 promoter(s) predicted



>NEG_SPV_0890_CP027540.1_1059199_-
   Length of Query sequence:       300
sigma38(+):    248   Score   1.94     -35 (215) tttaat >>> aattat -10 (242)
sigma24(+):    236   Score   1.93     -35 (203) gaaaat >>> acgga -10 (229)
sigma70(+):    215   Score   1.92     -35 (177) ttgctg >>> gaaaat -10 (208)
sigma28(+):    213   Score   1.94     -35 (181) tgaaagtt >>> gctagaaa -10 (206)
sigma32(+):    210   Score   1.94     -35 (174) aatttgc >>> gaagctagaa -10 (205)

   Total:      5 promoter(s) predicted



>NEG_SPV_0533_CP027540.1_545724_+
   Length of Query sequence:       300
sigma24(+):    244   Score   1.77     -35 (216) aaagtt >>> tctga -10 (238)
sigma70(+):    227   Score   1.83     -35 (187) gtgctc >>> taaagt -10 (220)
sigma28(+):    227   Score   1.58     -35 (193) taccttat >>> gctaaagt -10 (220)
sigma38(+):    206   Score   1.63     -35 (167) cgggca >>> tacctt -10 (198)

   Total:      4 promoter(s) predicted



>NEG_SPV_0431_CP027540.1_436696_+
   Length of Query sequence:       300
sigma70(+):    210   Score   1.86     -35 (172) gtgcta >>> tacttt -10 (202)
sigma38(+):    205   Score   1.82     -35 (169) ctggtg >>> cacatt -10 (197)
sigma24(+):    202   Score   1.58     -35 (167) tactgg >>> tcaca -10 (195)

   Total:      3 promoter(s) predicted



>NEG_SPV_2025_CP027540.1_2005106_-
   Length of Query sequence:       300
sigma38(+):    231   Score   1.93     -35 (197) ttgcta >>> tagaat -10 (223)
sigma70(+):    213   Score   1.91     -35 (178) tggaat >>> tatgtt -10 (206)
sigma24(+):    201   Score   1.93     -35 (165) gaaata >>> actga -10 (194)

   Total:      3 promoter(s) predicted



>NEG_SPV_1749_CP027540.1_1741545_+
   Length of Query sequence:       300
sigma70(+):    245   Score   1.92     -35 (211) ttgctt >>> taaaaa -10 (238)
sigma38(+):    220   Score   1.94     -35 (179) tggata >>> aacttt -10 (212)
sigma24(+):    215   Score   1.94     -35 (184) accctg >>> tcgaa -10 (208)
sigma32(+):    201   Score   1.94     -35 (162) aactggt >>> taccctgttt -10 (192)

   Total:      4 promoter(s) predicted



>NEG_SPV_1243_CP027540.1_1272390_-
   Length of Query sequence:       300
sigma32(+):    249   Score   1.89     -35 (214) agatgta >>> accgtcaacc -10 (244)
sigma70(+):    232   Score   1.91     -35 (196) ctggct >>> tatatt -10 (224)
sigma38(+):    232   Score   1.92     -35 (196) ctggct >>> tatatt -10 (224)

   Total:      3 promoter(s) predicted



>NEG_SPV_1109_CP027540.1_1143213_-
   Length of Query sequence:       300
sigma38(+):    238   Score   1.88     -35 (202) tctcta >>> tatcct -10 (230)
sigma32(+):    227   Score   1.95     -35 (191) aattaac >>> gtctccaaac -10 (222)
sigma70(+):    221   Score   1.96     -35 (183) tagtca >>> taaagt -10 (214)
sigma24(+):    209   Score   1.97     -35 (174) aaacaa >>> tcaat -10 (202)

   Total:      4 promoter(s) predicted



>NEG_SPV_0127_CP027540.1_131721_+
   Length of Query sequence:       300
sigma38(+):    243   Score   1.17     -35 (208) cagcct >>> cacttt -10 (235)
sigma32(+):    233   Score   1.85     -35 (198) tcatgtc >>> ctagccaagt -10 (228)
sigma24(+):    233   Score   1.58     -35 (204) caacca >>> gccaa -10 (226)
sigma28(+):    210   Score   1.77     -35 (176) caaggttt >>> gctcatgt -10 (203)
sigma70(+):    203   Score   1.55     -35 (162) ttctct >>> taccat -10 (190)

   Total:      5 promoter(s) predicted



>NEG_SPV_1367_CP027540.1_1381352_-
   Length of Query sequence:       300
sigma38(+):    239   Score   1.95     -35 (200) ttgcat >>> aacagt -10 (231)
sigma24(+):    230   Score   1.75     -35 (197) gaattg >>> acatt -10 (223)
sigma32(+):    221   Score   1.94     -35 (186) tggtaga >>> ttccacaagt -10 (216)
sigma70(+):    203   Score   1.92     -35 (162) ttgatg >>> tagaaa -10 (194)

   Total:      4 promoter(s) predicted



>NEG_SPV_0584_CP027540.1_611269_+
   Length of Query sequence:       300
sigma32(+):    220   Score   1.78     -35 (186) ttatggt >>> atcactactg -10 (215)
sigma24(+):    208   Score   1.50     -35 (173) gaagag >>> gcaga -10 (201)
sigma28(+):    208   Score   1.95     -35 (174) aagagatt >>> gatgcaga -10 (201)
sigma70(+):    201   Score   1.87     -35 (162) ctggta >>> tatggt -10 (192)
sigma38(+):    201   Score   1.79     -35 (162) ctggta >>> tatggt -10 (192)

   Total:      5 promoter(s) predicted



>NEG_SPV_0311_CP027540.1_311772_+
   Length of Query sequence:       300
sigma24(+):    245   Score   1.89     -35 (211) gaaggt >>> tcaaa -10 (238)
sigma32(+):    245   Score   1.93     -35 (206) atcagga >>> ggcactatca -10 (236)
sigma38(+):    242   Score   1.87     -35 (205) tatcag >>> cactat -10 (234)
sigma70(+):    240   Score   1.90     -35 (205) tatcag >>> cactat -10 (234)
sigma28(+):    234   Score   1.96     -35 (200) ttcagtat >>> gcctaaat -10 (226)

   Total:      5 promoter(s) predicted



>NEG_SPV_1098_CP027540.1_1128626_+
   Length of Query sequence:       300
sigma38(+):    222   Score   1.85     -35 (186) cagaaa >>> tacaaa -10 (214)
sigma28(+):    221   Score   1.92     -35 (189) aaaatcaa >>> gctacaaa -10 (214)
sigma24(+):    203   Score   1.95     -35 (174) aaacct >>> tcaaa -10 (197)
sigma70(+):    201   Score   1.94     -35 (165) ctgctt >>> gaaaat -10 (193)

   Total:      4 promoter(s) predicted



>NEG_SPV_0335_CP027540.1_337518_+
   Length of Query sequence:       300
sigma24(+):    246   Score   1.72     -35 (213) gaaatt >>> gcttt -10 (239)
sigma70(+):    221   Score   1.85     -35 (184) gtgcct >>> taaaga -10 (214)
sigma32(+):    207   Score   1.90     -35 (173) aggtgat >>> ctacccacgt -10 (202)

   Total:      3 promoter(s) predicted



>NEG_SPV_2019_CP027540.1_1999144_-
   Length of Query sequence:       300
sigma70(+):    247   Score   1.96     -35 (209) gtggat >>> tatttt -10 (240)
sigma38(+):    231   Score   1.95     -35 (191) gtgcaa >>> tacaaa -10 (223)

   Total:      2 promoter(s) predicted



>NEG_SPV_1109_CP027540.1_1143333_-
   Length of Query sequence:       300
sigma38(+):    241   Score   1.95     -35 (205) ttggag >>> tatgct -10 (233)
sigma70(+):    240   Score   1.93     -35 (205) ttggag >>> tatgct -10 (233)
sigma24(+):    225   Score   1.93     -35 (191) aaactt >>> tcgaa -10 (218)
sigma32(+):    221   Score   1.95     -35 (185) tgtccaa >>> ggagccatcg -10 (216)

   Total:      4 promoter(s) predicted



>NEG_SPV_1636_CP027540.1_1651393_-
   Length of Query sequence:       300
sigma24(+):    217   Score   0.20     -35 (182) aaaaag >>> tcggt -10 (210)

   Total:      1 promoter(s) predicted



>NEG_SPV_1290_CP027540.1_1312275_-
   Length of Query sequence:       300
sigma38(+):    250   Score   1.88     -35 (210) cagatt >>> tatttt -10 (242)
sigma32(+):    246   Score   1.87     -35 (211) agattct >>> atcgctattt -10 (241)
sigma70(+):    224   Score   1.94     -35 (189) gtggaa >>> gattct -10 (217)
sigma24(+):    219   Score   1.88     -35 (191) ggaagt >>> tcaga -10 (213)

   Total:      4 promoter(s) predicted



>NEG_SPV_1373_CP027540.1_1386143_-
   Length of Query sequence:       300
sigma70(+):    244   Score   1.89     -35 (204) ttgttt >>> taaggt -10 (237)
sigma38(+):    240   Score   1.74     -35 (203) tttgtt >>> cacttt -10 (232)
sigma24(+):    223   Score   0.89     -35 (188) gaaggc >>> gctaa -10 (216)
sigma28(+):    205   Score   1.82     -35 (166) tggagatc >>> gcagaagg -10 (192)

   Total:      4 promoter(s) predicted



>NEG_SPV_1459_CP027540.1_1474419_+
   Length of Query sequence:       300
sigma24(+):    226   Score   1.93     -35 (193) aaacta >>> tccga -10 (219)
sigma38(+):    207   Score   1.91     -35 (168) ttgacg >>> aactat -10 (199)
sigma70(+):    204   Score   1.90     -35 (168) ttgacg >>> gaaact -10 (197)

   Total:      3 promoter(s) predicted



>NEG_SPV_0778_CP027540.1_791760_+
   Length of Query sequence:       300
sigma70(+):    246   Score   1.89     -35 (211) ttgctt >>> caaact -10 (239)
sigma32(+):    243   Score   1.37     -35 (208) tggttgc >>> atctgcaaac -10 (238)

   Total:      2 promoter(s) predicted



>NEG_SPV_1925_CP027540.1_1894674_-
   Length of Query sequence:       300
sigma32(+):    237   Score   1.84     -35 (201) accttag >>> atcatcagaa -10 (232)
sigma38(+):    235   Score   1.66     -35 (195) tatcag >>> tatcat -10 (227)
sigma70(+):    234   Score   1.91     -35 (195) tatcag >>> tatcat -10 (227)

   Total:      3 promoter(s) predicted



>NEG_SPV_1071_CP027540.1_1097893_-
   Length of Query sequence:       300
sigma32(+):    245   Score   1.93     -35 (211) tgatatt >>> gcacacatga -10 (240)
sigma38(+):    243   Score   1.95     -35 (207) ttgctg >>> cacaca -10 (237)
sigma24(+):    241   Score   1.96     -35 (212) gatatt >>> gcaca -10 (235)
sigma28(+):    235   Score   1.97     -35 (199) aaaattag >>> aatgaaaa -10 (225)
sigma70(+):    226   Score   1.94     -35 (192) ttgtaa >>> tattaa -10 (219)

   Total:      5 promoter(s) predicted



>NEG_SPV_1496_CP027540.1_1513662_-
   Length of Query sequence:       300
sigma38(+):    240   Score   1.91     -35 (200) cttccg >>> cacgct -10 (232)
sigma24(+):    226   Score   1.47     -35 (192) tcaatt >>> tcttt -10 (219)
sigma70(+):    221   Score   1.90     -35 (181) tataac >>> taggat -10 (214)
sigma32(+):    202   Score   1.87     -35 (163) gtatatt >>> aacaatattc -10 (193)

   Total:      4 promoter(s) predicted



>NEG_SPV_2056_CP027540.1_2033254_-
   Length of Query sequence:       300
sigma32(+):    250   Score   1.92     -35 (216) tcttggt >>> agcgttatct -10 (245)
sigma70(+):    214   Score   1.96     -35 (178) gaaatt >>> tatcaa -10 (207)
sigma38(+):    202   Score   1.84     -35 (164) cagaag >>> tatgaa -10 (194)
sigma28(+):    201   Score   1.90     -35 (165) agaagatg >>> gctgatat -10 (191)

   Total:      4 promoter(s) predicted



>NEG_SPV_1799_CP027540.1_1793851_-
   Length of Query sequence:       300
sigma32(+):    240   Score   1.92     -35 (205) atctatt >>> aacgcaatcg -10 (235)
sigma28(+):    231   Score   1.95     -35 (196) cccagata >>> gctgaaaa -10 (223)
sigma24(+):    217   Score   1.90     -35 (188) gcaaaa >>> tctat -10 (210)
sigma38(+):    202   Score   1.90     -35 (168) ttgaaa >>> caaaat -10 (194)
sigma70(+):    201   Score   1.94     -35 (168) ttgaaa >>> caaaat -10 (194)

   Total:      5 promoter(s) predicted



>NEG_SPV_1212_CP027540.1_1241479_-
   Length of Query sequence:       300
sigma70(+):    247   Score   1.92     -35 (206) tagaaa >>> tatgaa -10 (239)
sigma38(+):    245   Score   1.72     -35 (206) tagaaa >>> tatgaa -10 (239)

   Total:      2 promoter(s) predicted



>NEG_SPV_0890_CP027540.1_1061289_-
   Length of Query sequence:       300
sigma28(+):    236   Score   1.91     -35 (203) ttaatcca >>> gaagatac -10 (230)
sigma38(+):    229   Score   1.92     -35 (194) gttatg >>> tattat -10 (221)
sigma70(+):    227   Score   1.92     -35 (194) gttatg >>> tattat -10 (221)
sigma24(+):    222   Score   1.05     -35 (186) aaatga >>> gctga -10 (215)
sigma32(+):    201   Score   1.26     -35 (160) gcaaggt >>> tacgacaaat -10 (189)

   Total:      5 promoter(s) predicted



>NEG_SPV_1346_CP027540.1_1359654_-
   Length of Query sequence:       300
sigma28(+):    225   Score   1.96     -35 (193) ttactata >>> tctaaaaa -10 (219)
sigma24(+):    218   Score   1.98     -35 (182) aaccta >>> tcaaa -10 (211)
sigma70(+):    209   Score   1.97     -35 (174) tggata >>> tatagt -10 (202)
sigma38(+):    207   Score   1.86     -35 (168) ctgcta >>> tactat -10 (199)
sigma32(+):    201   Score   1.90     -35 (159) agatgtt >>> gaacctatct -10 (190)

   Total:      5 promoter(s) predicted



>NEG_SPV_1078_CP027540.1_1106163_+
   Length of Query sequence:       300
sigma70(+):    236   Score   1.91     -35 (198) ctgcag >>> gaaact -10 (229)
sigma24(+):    222   Score   1.94     -35 (192) taatca >>> tcaaa -10 (215)
sigma32(+):    221   Score   1.90     -35 (186) ttgttgt >>> cacctcaaaa -10 (216)
sigma38(+):    205   Score   1.81     -35 (165) ctgact >>> taatca -10 (197)

   Total:      4 promoter(s) predicted



>NEG_SPV_0396_CP027540.1_397694_-
   Length of Query sequence:       300
sigma70(+):    243   Score   1.83     -35 (204) gtggat >>> tatggt -10 (236)
sigma24(+):    221   Score   1.63     -35 (189) gaaggt >>> gccaa -10 (214)
sigma28(+):    221   Score   1.80     -35 (188) ggaaggtt >>> gatgccaa -10 (214)

   Total:      3 promoter(s) predicted



>NEG_SPV_1897_CP027540.1_1867759_-
   Length of Query sequence:       300
sigma32(+):    241   Score   1.72     -35 (205) cggtgga >>> acagccgttg -10 (236)
sigma24(+):    215   Score   1.44     -35 (180) gaacat >>> tcggt -10 (208)

   Total:      2 promoter(s) predicted



>NEG_SPV_1133_CP027540.1_1167605_-
   Length of Query sequence:       300
sigma70(+):    236   Score   1.73     -35 (197) gaggaa >>> gactat -10 (229)
sigma24(+):    232   Score   1.74     -35 (200) gaatgg >>> gcaga -10 (225)

   Total:      2 promoter(s) predicted



>NEG_SPV_1083_CP027540.1_1113839_-
   Length of Query sequence:       300
sigma24(+):    238   Score   1.61     -35 (205) gcatat >>> accaa -10 (231)
sigma70(+):    222   Score   1.92     -35 (180) ttggca >>> tatttt -10 (213)
sigma38(+):    221   Score   1.83     -35 (180) ttggca >>> tatttt -10 (213)
sigma32(+):    215   Score   1.92     -35 (179) cttggca >>> aaaagcatat -10 (210)

   Total:      4 promoter(s) predicted



>NEG_SPV_0620_CP027540.1_640937_+
   Length of Query sequence:       300
sigma24(+):    231   Score   1.83     -35 (201) gaagaa >>> tcaaa -10 (224)
sigma38(+):    218   Score   1.39     -35 (181) ttcgta >>> aaaact -10 (210)

   Total:      2 promoter(s) predicted



>NEG_SPV_1914_CP027540.1_1885857_+
   Length of Query sequence:       300
sigma24(+):    247   Score   1.75     -35 (211) gaacgt >>> gcatt -10 (240)
sigma32(+):    246   Score   1.61     -35 (212) aacgtat >>> gcaggcattg -10 (241)

   Total:      2 promoter(s) predicted



>NEG_SPV_0578_CP027540.1_606324_+
   Length of Query sequence:       300
sigma70(+):    245   Score   1.95     -35 (209) gccaat >>> tatttt -10 (238)
sigma32(+):    242   Score   1.93     -35 (207) aagccaa >>> ttacctattt -10 (237)
sigma28(+):    224   Score   1.96     -35 (190) caaacttt >>> gccaattt -10 (216)
sigma24(+):    219   Score   1.94     -35 (191) aaactt >>> gccaa -10 (213)
sigma38(+):    203   Score   1.93     -35 (169) tagtct >>> caaact -10 (195)

   Total:      5 promoter(s) predicted



>NEG_SPV_1546_CP027540.1_1570786_-
   Length of Query sequence:       300
sigma24(+):    249   Score   1.91     -35 (217) gaactg >>> tctca -10 (242)
sigma70(+):    240   Score   1.87     -35 (200) gtgcca >>> gattat -10 (231)
sigma28(+):    224   Score   1.87     -35 (185) ttgagatt >>> caagaaaa -10 (211)
sigma38(+):    222   Score   0.69     -35 (184) gttgag >>> aaaagt -10 (214)

   Total:      4 promoter(s) predicted



>NEG_SPV_0668_CP027540.1_688920_+
   Length of Query sequence:       300
sigma24(+):    236   Score   1.91     -35 (201) gaaaat >>> tcatt -10 (229)
sigma32(+):    228   Score   1.95     -35 (190) attttgt >>> gcccctaagc -10 (219)
sigma28(+):    216   Score   1.90     -35 (182) ttgtgcct >>> gaaaatga -10 (208)
sigma38(+):    202   Score   1.88     -35 (162) ttagag >>> tatttt -10 (194)
sigma70(+):    201   Score   1.92     -35 (162) ttagag >>> tatttt -10 (194)

   Total:      5 promoter(s) predicted



>NEG_SPV_1945_CP027540.1_1917969_-
   Length of Query sequence:       300
sigma24(+):    250   Score   1.98     -35 (218) gaacag >>> tccaa -10 (244)
sigma38(+):    224   Score   1.95     -35 (186) cttatg >>> taattt -10 (216)
sigma28(+):    222   Score   1.96     -35 (190) tgatgaag >>> gctaattt -10 (216)
sigma70(+):    201   Score   1.96     -35 (166) tgtctt >>> tatgat -10 (193)

   Total:      4 promoter(s) predicted



>NEG_SPV_1972_CP027540.1_1944331_-
   Length of Query sequence:       300
sigma24(+):    244   Score   1.74     -35 (208) gacctt >>> gctaa -10 (237)
sigma38(+):    243   Score   0.91     -35 (203) cagatg >>> tatgct -10 (235)
sigma32(+):    239   Score   1.87     -35 (204) agatgac >>> atccctatgc -10 (234)

   Total:      3 promoter(s) predicted



>NEG_SPV_1255_CP027540.1_1283701_-
   Length of Query sequence:       300
sigma28(+):    250   Score   1.86     -35 (212) tcattacc >>> ggggatat -10 (239)
sigma70(+):    238   Score   1.96     -35 (203) gagaca >>> gaattt -10 (231)
sigma32(+):    216   Score   1.94     -35 (180) agctttt >>> agagacattt -10 (211)
sigma38(+):    208   Score   1.96     -35 (172) tttgag >>> tacaga -10 (200)

   Total:      4 promoter(s) predicted



>NEG_SPV_1168_CP027540.1_1196988_-
   Length of Query sequence:       300
sigma38(+):    238   Score   1.93     -35 (198) tttctt >>> tattcc -10 (230)
sigma70(+):    207   Score   1.90     -35 (171) tttcat >>> tagttt -10 (200)
sigma24(+):    203   Score   1.89     -35 (173) tcattc >>> tctta -10 (196)

   Total:      3 promoter(s) predicted



>NEG_SPV_1522_CP027540.1_1545515_-
   Length of Query sequence:       300
sigma32(+):    245   Score   1.86     -35 (209) tgtttct >>> aaacgcatgc -10 (240)
sigma24(+):    224   Score   1.52     -35 (188) tcaatt >>> tctca -10 (217)

   Total:      2 promoter(s) predicted



>NEG_SPV_0569_CP027540.1_591627_+
   Length of Query sequence:       300
sigma70(+):    244   Score   1.91     -35 (204) tgaaaa >>> taaact -10 (237)
sigma38(+):    219   Score   1.69     -35 (180) cttacc >>> aaaaat -10 (211)
sigma28(+):    216   Score   1.96     -35 (182) taccgagt >>> tctgaaaa -10 (209)
sigma32(+):    209   Score   1.90     -35 (175) tcgtgct >>> aacgttatct -10 (204)
sigma24(+):    203   Score   1.88     -35 (171) gcaatc >>> accaa -10 (196)

   Total:      5 promoter(s) predicted



>NEG_SPV_0662_CP027540.1_682053_+
   Length of Query sequence:       300
sigma24(+):    241   Score   1.91     -35 (209) gaaagg >>> tcgaa -10 (234)
sigma32(+):    237   Score   1.92     -35 (203) tggctgg >>> aaccccttcg -10 (232)
sigma38(+):    229   Score   1.80     -35 (193) ctgaaa >>> aacact -10 (221)
sigma28(+):    219   Score   1.82     -35 (187) ttccgcct >>> gctggaaa -10 (212)
sigma70(+):    207   Score   1.93     -35 (172) gtggta >>> gaaatt -10 (200)

   Total:      5 promoter(s) predicted



>NEG_SPV_1067_CP027540.1_1092457_-
   Length of Query sequence:       300
sigma32(+):    223   Score   1.84     -35 (187) ttgtggc >>> aacgccaaca -10 (218)
sigma24(+):    203   Score   1.87     -35 (173) gacctt >>> gcaga -10 (196)

   Total:      2 promoter(s) predicted



>NEG_SPV_0213_CP027540.1_206634_+
   Length of Query sequence:       300
sigma38(+):    221   Score   1.86     -35 (182) ttgcac >>> tacctt -10 (213)
sigma70(+):    220   Score   1.92     -35 (182) ttgcac >>> tacctt -10 (213)
sigma24(+):    216   Score   1.98     -35 (184) gcacaa >>> tctta -10 (209)
sigma32(+):    206   Score   1.94     -35 (171) atatact >>> tgctccatct -10 (201)

   Total:      4 promoter(s) predicted



>NEG_SPV_1784_CP027540.1_1779736_-
   Length of Query sequence:       300
sigma38(+):    231   Score   1.88     -35 (197) ttggat >>> tatact -10 (223)
sigma70(+):    230   Score   1.96     -35 (197) ttggat >>> tatact -10 (223)
sigma32(+):    227   Score   1.94     -35 (191) gggtatt >>> aaatctatac -10 (222)
sigma24(+):    227   Score   1.92     -35 (194) tatttg >>> tctat -10 (220)
sigma28(+):    221   Score   1.92     -35 (189) tagggtat >>> aacaaaaa -10 (214)

   Total:      5 promoter(s) predicted



>NEG_SPV_0700_CP027540.1_713414_+
   Length of Query sequence:       300
sigma70(+):    224   Score   1.81     -35 (186) gtggat >>> tatctt -10 (217)
sigma24(+):    207   Score   1.67     -35 (174) gaatac >>> tcgaa -10 (200)

   Total:      2 promoter(s) predicted



>NEG_SPV_0562_CP027540.1_581760_+
   Length of Query sequence:       300
sigma24(+):    247   Score   1.84     -35 (216) taacta >>> acaaa -10 (240)
sigma70(+):    241   Score   1.91     -35 (206) ctgttg >>> gataat -10 (234)
sigma28(+):    237   Score   1.87     -35 (204) tgctgttg >>> tctgaaga -10 (230)
sigma32(+):    229   Score   1.93     -35 (194) atgaact >>> ttaactattc -10 (224)
sigma38(+):    228   Score   1.75     -35 (191) ctgatg >>> aactat -10 (222)

   Total:      5 promoter(s) predicted



>NEG_SPV_0658_CP027540.1_676597_+
   Length of Query sequence:       300
sigma38(+):    228   Score   1.51     -35 (188) ttgctt >>> aatgct -10 (220)
sigma70(+):    220   Score   1.86     -35 (188) ttgctt >>> tatggt -10 (214)
sigma24(+):    204   Score   0.13     -35 (172) ggactg >>> tcgta -10 (197)

   Total:      3 promoter(s) predicted



>NEG_SPV_0817_CP027540.1_836119_+
   Length of Query sequence:       300
sigma70(+):    241   Score   1.85     -35 (203) tttaac >>> tatgct -10 (233)
sigma38(+):    241   Score   1.96     -35 (203) tttaac >>> tatgct -10 (233)
sigma24(+):    234   Score   1.85     -35 (205) taactc >>> tcatt -10 (227)

   Total:      3 promoter(s) predicted



>NEG_SPV_0784_CP027540.1_797638_+
   Length of Query sequence:       300
sigma24(+):    249   Score   1.64     -35 (218) gaaccg >>> gcttt -10 (242)
sigma32(+):    237   Score   1.93     -35 (202) atatact >>> gccgccagat -10 (232)
sigma70(+):    222   Score   1.95     -35 (182) tacaaa >>> gatggt -10 (215)
sigma38(+):    216   Score   1.85     -35 (177) tttatt >>> tatact -10 (208)

   Total:      4 promoter(s) predicted



>NEG_SPV_1322_CP027540.1_1339178_-
   Length of Query sequence:       300
sigma28(+):    243   Score   1.97     -35 (209) tgaaaaat >>> ggagaaaa -10 (236)
sigma70(+):    217   Score   1.92     -35 (182) ttgatg >>> tatcat -10 (208)
sigma24(+):    216   Score   1.81     -35 (187) gaacaa >>> tcatt -10 (209)
sigma38(+):    216   Score   1.94     -35 (182) ttgatg >>> tatcat -10 (208)

   Total:      4 promoter(s) predicted



>NEG_SPV_0234_CP027540.1_221670_+
   Length of Query sequence:       300
sigma24(+):    218   Score   1.93     -35 (185) gcctat >>> gcgga -10 (211)
sigma70(+):    201   Score   1.92     -35 (163) tctaat >>> tattct -10 (193)
sigma38(+):    201   Score   1.95     -35 (163) tctaat >>> tattct -10 (193)

   Total:      3 promoter(s) predicted



>NEG_SPV_0342_CP027540.1_346908_+
   Length of Query sequence:       300
sigma28(+):    244   Score   1.94     -35 (210) taaattta >>> actggaaa -10 (236)
sigma38(+):    223   Score   1.67     -35 (183) taccaa >>> taaatt -10 (215)
sigma70(+):    222   Score   1.91     -35 (183) taccaa >>> taaatt -10 (215)
sigma32(+):    211   Score   1.90     -35 (173) gtgtgtt >>> aaagccaaat -10 (202)

   Total:      4 promoter(s) predicted



>NEG_SPV_0371_CP027540.1_375926_+
   Length of Query sequence:       300
sigma28(+):    229   Score   1.96     -35 (197) taagtgaa >>> tctcaaaa -10 (223)
sigma24(+):    228   Score   1.92     -35 (193) gcccta >>> tcaaa -10 (222)
sigma70(+):    225   Score   1.71     -35 (185) tggata >>> gattct -10 (218)
sigma32(+):    206   Score   1.94     -35 (171) ggctgct >>> ggccctaagt -10 (201)

   Total:      4 promoter(s) predicted



>NEG_SPV_0558_CP027540.1_575184_+
   Length of Query sequence:       300
sigma38(+):    248   Score   1.93     -35 (212) tggaag >>> taatgt -10 (240)
sigma32(+):    234   Score   1.90     -35 (200) aaatgtt >>> gtacccaagc -10 (229)
sigma28(+):    203   Score   1.97     -35 (170) ttcagaaa >>> gctgatag -10 (196)
sigma24(+):    201   Score   1.94     -35 (166) tccttt >>> gctga -10 (193)
sigma70(+):    201   Score   1.96     -35 (158) tctaag >>> tatgct -10 (191)

   Total:      5 promoter(s) predicted



>NEG_SPV_1005_CP027540.1_945261_-
   Length of Query sequence:       300
sigma70(+):    229   Score   1.97     -35 (191) tctaac >>> taagat -10 (222)
sigma28(+):    218   Score   1.89     -35 (185) gaatggtc >>> cccaatga -10 (212)
sigma32(+):    216   Score   1.87     -35 (180) agttgga >>> agacccaatg -10 (211)
sigma38(+):    206   Score   1.87     -35 (171) ctgaag >>> taacct -10 (198)
sigma24(+):    202   Score   1.94     -35 (166) gaaatc >>> tctaa -10 (195)

   Total:      5 promoter(s) predicted



>NEG_SPV_1741_CP027540.1_1735788_-
   Length of Query sequence:       300
sigma38(+):    247   Score   1.95     -35 (210) ctgcaa >>> taggct -10 (239)
sigma70(+):    246   Score   1.96     -35 (206) ttgtct >>> taggct -10 (239)
sigma32(+):    235   Score   1.93     -35 (199) tattgat >>> atccctaact -10 (230)
sigma24(+):    223   Score   1.95     -35 (193) gaccaa >>> gcaaa -10 (216)
sigma28(+):    204   Score   1.96     -35 (170) aaagcttt >>> gcagacca -10 (197)

   Total:      5 promoter(s) predicted



>NEG_SPV_0375_CP027540.1_380556_-
   Length of Query sequence:       300
sigma32(+):    238   Score   1.44     -35 (202) ggcttga >>> ttccacaagg -10 (232)

   Total:      1 promoter(s) predicted



>NEG_SPV_1762_CP027540.1_1762104_-
   Length of Query sequence:       300
sigma24(+):    226   Score   1.70     -35 (192) tcattt >>> tcggt -10 (219)
sigma70(+):    212   Score   1.90     -35 (179) cagtcg >>> taggct -10 (205)
sigma38(+):    211   Score   1.62     -35 (175) catgca >>> taggct -10 (205)

   Total:      3 promoter(s) predicted



>NEG_SPV_0523_CP027540.1_534045_+
   Length of Query sequence:       300
sigma38(+):    240   Score   1.94     -35 (203) ttgatg >>> taacct -10 (232)
sigma32(+):    233   Score   1.90     -35 (199) ctctttg >>> gtcagcagta -10 (228)
sigma28(+):    231   Score   1.95     -35 (191) tcaaggga >>> cataataa -10 (218)
sigma70(+):    222   Score   1.92     -35 (184) gtgaca >>> cataat -10 (216)
sigma24(+):    221   Score   1.91     -35 (187) acaatc >>> tcata -10 (214)

   Total:      5 promoter(s) predicted



>NEG_SPV_0165_CP027540.1_169447_+
   Length of Query sequence:       300
sigma28(+):    248   Score   1.71     -35 (214) tgattatc >>> actgatga -10 (240)
sigma38(+):    238   Score   1.92     -35 (204) ctgaag >>> tagaat -10 (230)
sigma70(+):    237   Score   1.91     -35 (204) ctgaag >>> tagaat -10 (230)
sigma24(+):    210   Score   1.94     -35 (177) aaactg >>> tcaaa -10 (203)
sigma32(+):    205   Score   1.93     -35 (169) ctatgag >>> agacctagtc -10 (200)

   Total:      5 promoter(s) predicted



>NEG_SPV_0921_CP027540.1_1029643_-
   Length of Query sequence:       300
sigma38(+):    229   Score   1.94     -35 (190) tagata >>> cattat -10 (221)
sigma32(+):    225   Score   1.95     -35 (191) agataat >>> ataagcatta -10 (220)
sigma28(+):    215   Score   1.97     -35 (182) tgaggaaa >>> gatgttga -10 (208)
sigma70(+):    213   Score   1.96     -35 (177) ctaatt >>> gatgtt -10 (206)

   Total:      4 promoter(s) predicted



>NEG_SPV_0946_CP027540.1_1007394_-
   Length of Query sequence:       300
sigma38(+):    238   Score   1.96     -35 (200) tttaca >>> tattgt -10 (229)
sigma28(+):    223   Score   1.97     -35 (189) ataagagg >>> tatgattt -10 (216)
sigma24(+):    214   Score   1.97     -35 (181) gaaatt >>> acaat -10 (207)
sigma70(+):    208   Score   1.98     -35 (173) ttttta >>> gaattt -10 (201)

   Total:      4 promoter(s) predicted



>NEG_SPV_0805_CP027540.1_823767_+
   Length of Query sequence:       300
sigma38(+):    239   Score   1.94     -35 (204) ttggtg >>> tatttt -10 (231)
sigma70(+):    238   Score   1.91     -35 (204) ttggtg >>> tatttt -10 (231)
sigma32(+):    234   Score   1.94     -35 (201) tctttgg >>> atcggtattt -10 (230)
sigma24(+):    227   Score   1.94     -35 (197) gccctc >>> tcttt -10 (220)
sigma28(+):    201   Score   1.70     -35 (168) ctctagca >>> tcagatga -10 (194)

   Total:      5 promoter(s) predicted



>NEG_SPV_1331_CP027540.1_1346795_-
   Length of Query sequence:       300
sigma38(+):    231   Score   1.93     -35 (192) ctgact >>> tacagt -10 (223)
sigma70(+):    221   Score   1.91     -35 (186) tttctc >>> gagtat -10 (214)
sigma24(+):    215   Score   0.01     -35 (182) accatt >>> gctat -10 (208)

   Total:      3 promoter(s) predicted



>NEG_SPV_1118_CP027540.1_1148735_-
   Length of Query sequence:       300
sigma24(+):    250   Score   1.84     -35 (222) gaaaag >>> tcaaa -10 (244)
sigma32(+):    247   Score   1.93     -35 (212) gcctaat >>> tgctgcatca -10 (242)
sigma38(+):    236   Score   1.92     -35 (195) gataaa >>> aaaagt -10 (228)
sigma28(+):    231   Score   1.96     -35 (199) aaaagttg >>> tctggaaa -10 (225)
sigma70(+):    227   Score   1.94     -35 (193) ctgata >>> taatct -10 (220)

   Total:      5 promoter(s) predicted



>NEG_SPV_0918_CP027540.1_1033156_-
   Length of Query sequence:       300
sigma32(+):    241   Score   1.95     -35 (206) acaacca >>> cacgatataa -10 (236)
sigma38(+):    240   Score   1.92     -35 (200) tataag >>> cacgat -10 (232)
sigma70(+):    229   Score   1.96     -35 (189) taaacc >>> catgat -10 (222)
sigma28(+):    202   Score   1.95     -35 (163) agaactat >>> actgatct -10 (189)
sigma24(+):    202   Score   1.98     -35 (164) gaacta >>> tctaa -10 (191)

   Total:      5 promoter(s) predicted



>NEG_SPV_0158_CP027540.1_163772_+
   Length of Query sequence:       300
sigma28(+):    238   Score   1.95     -35 (204) ggaagtca >>> accaaaaa -10 (231)
sigma24(+):    220   Score   0.60     -35 (184) gaaaat >>> tcatt -10 (213)
sigma70(+):    201   Score   1.81     -35 (161) ttttcg >>> gaaaat -10 (189)

   Total:      3 promoter(s) predicted



>NEG_SPV_0506_CP027540.1_517025_+
   Length of Query sequence:       300
sigma32(+):    226   Score   1.37     -35 (190) gcatcca >>> tacgatattc -10 (221)
sigma28(+):    226   Score   1.69     -35 (193) tccagtca >>> tacgatat -10 (219)
sigma38(+):    225   Score   1.52     -35 (188) gtgcat >>> tacgat -10 (217)
sigma70(+):    224   Score   1.82     -35 (188) gtgcat >>> tacgat -10 (217)

   Total:      4 promoter(s) predicted



>NEG_SPV_0910_CP027540.1_1043087_-
   Length of Query sequence:       300
sigma28(+):    204   Score   1.82     -35 (171) gaagctca >>> gcccatat -10 (197)

   Total:      1 promoter(s) predicted



>NEG_SPV_0998_CP027540.1_957058_-
   Length of Query sequence:       300
sigma24(+):    238   Score   1.81     -35 (204) caacta >>> accat -10 (231)
sigma70(+):    230   Score   1.90     -35 (194) ttggac >>> gatatt -10 (223)
sigma32(+):    213   Score   1.87     -35 (177) agcccaa >>> cgagccaact -10 (208)

   Total:      3 promoter(s) predicted



>NEG_SPV_1959_CP027540.1_1927804_-
   Length of Query sequence:       300
sigma38(+):    245   Score   1.52     -35 (209) tgggag >>> aacttt -10 (239)
sigma24(+):    235   Score   1.81     -35 (201) gccagt >>> tccaa -10 (228)

   Total:      2 promoter(s) predicted



>NEG_SPV_1418_CP027540.1_1439350_+
   Length of Query sequence:       300
sigma28(+):    213   Score   1.83     -35 (180) tgaattcc >>> gaaggaaa -10 (206)
sigma70(+):    204   Score   1.96     -35 (164) tcggta >>> tatcat -10 (197)

   Total:      2 promoter(s) predicted



>NEG_SPV_1749_CP027540.1_1741035_+
   Length of Query sequence:       300
sigma28(+):    250   Score   1.97     -35 (218) aaaatgat >>> gaagaaga -10 (245)
sigma38(+):    241   Score   1.95     -35 (204) tttatc >>> tagtgt -10 (233)
sigma70(+):    231   Score   1.96     -35 (193) tttata >>> gaaaat -10 (222)
sigma24(+):    219   Score   1.98     -35 (186) tactta >>> tcaaa -10 (212)

   Total:      4 promoter(s) predicted



>NEG_SPV_0053_CP027540.1_51393_+
   Length of Query sequence:       300
sigma24(+):    237   Score   1.78     -35 (205) tcaatt >>> tcgat -10 (230)

   Total:      1 promoter(s) predicted



>NEG_SPV_1944_CP027540.1_1917346_-
   Length of Query sequence:       300
sigma70(+):    250   Score   1.96     -35 (211) taagca >>> gatttt -10 (243)
sigma24(+):    219   Score   1.89     -35 (187) gatgtt >>> tccta -10 (212)
sigma32(+):    209   Score   1.91     -35 (175) tgttttt >>> cacgctatct -10 (204)
sigma38(+):    208   Score   1.90     -35 (174) ttgttt >>> cacgct -10 (200)
sigma28(+):    201   Score   1.81     -35 (168) aagagatt >>> gatgttag -10 (194)

   Total:      5 promoter(s) predicted



>NEG_SPV_1396_CP027540.1_1417955_-
   Length of Query sequence:       300
sigma38(+):    246   Score   1.74     -35 (208) gtcacc >>> tatttt -10 (238)
sigma70(+):    245   Score   1.79     -35 (206) gagtca >>> tatttt -10 (238)
sigma32(+):    223   Score   1.82     -35 (187) gttacaa >>> tcacccacta -10 (218)

   Total:      3 promoter(s) predicted



>NEG_SPV_1011_CP027540.1_939682_-
   Length of Query sequence:       300
sigma70(+):    216   Score   1.93     -35 (176) tatgaa >>> gaaatt -10 (208)
sigma38(+):    209   Score   1.95     -35 (174) tttatg >>> aacatt -10 (201)
sigma32(+):    207   Score   1.95     -35 (171) attttta >>> tgcaacatta -10 (202)

   Total:      3 promoter(s) predicted



>NEG_SPV_1139_CP027540.1_1173765_-
   Length of Query sequence:       300
sigma28(+):    245   Score   1.91     -35 (212) accagcag >>> gccagtga -10 (238)
sigma70(+):    231   Score   0.20     -35 (195) gtggcg >>> gaagct -10 (224)
sigma32(+):    211   Score   1.86     -35 (176) ggcagaa >>> ggcggcagcg -10 (206)
sigma24(+):    201   Score   1.70     -35 (168) gaaaag >>> accaa -10 (194)

   Total:      4 promoter(s) predicted



>NEG_SPV_0013_CP027540.1_12253_+
   Length of Query sequence:       300
sigma28(+):    247   Score   1.81     -35 (215) accagcac >>> gcagatac -10 (240)
sigma24(+):    244   Score   1.94     -35 (208) gaaatt >>> gcaga -10 (237)
sigma38(+):    236   Score   1.93     -35 (195) ttacta >>> tattct -10 (228)
sigma70(+):    235   Score   1.97     -35 (195) ttacta >>> tattct -10 (228)
sigma32(+):    232   Score   1.93     -35 (196) tactaag >>> agcactattc -10 (227)

   Total:      5 promoter(s) predicted



>NEG_SPV_0862_CP027540.1_877321_+
   Length of Query sequence:       300
sigma38(+):    249   Score   1.66     -35 (213) gttatt >>> cactat -10 (241)
sigma32(+):    248   Score   1.83     -35 (212) cgttatt >>> gccactatgg -10 (243)
sigma70(+):    248   Score   1.93     -35 (213) gttatt >>> cactat -10 (241)
sigma24(+):    229   Score   1.87     -35 (195) gctcta >>> tcgga -10 (222)

   Total:      4 promoter(s) predicted



>NEG_SPV_0736_CP027540.1_748638_+
   Length of Query sequence:       300
sigma28(+):    242   Score   1.95     -35 (210) tcaagtag >>> gaggattt -10 (236)
sigma70(+):    220   Score   1.91     -35 (182) ttgata >>> tatcaa -10 (213)
sigma24(+):    207   Score   1.90     -35 (176) gaacaa >>> tccat -10 (200)
sigma38(+):    201   Score   1.56     -35 (161) ttggcc >>> taaatt -10 (191)

   Total:      4 promoter(s) predicted



>NEG_SPV_1922_CP027540.1_1890952_-
   Length of Query sequence:       300
sigma70(+):    245   Score   1.91     -35 (210) ttggct >>> tacgct -10 (237)
sigma38(+):    245   Score   1.27     -35 (210) ttggct >>> tacgct -10 (237)
sigma32(+):    241   Score   1.78     -35 (205) atgtttt >>> gtccctacgc -10 (236)

   Total:      3 promoter(s) predicted



>NEG_SPV_0996_CP027540.1_958896_-
   Length of Query sequence:       300
sigma24(+):    232   Score   1.81     -35 (199) gaaatt >>> gcgaa -10 (225)
sigma70(+):    211   Score   1.89     -35 (171) ttgata >>> gaaatt -10 (204)

   Total:      2 promoter(s) predicted



>NEG_SPV_0913_CP027540.1_1040513_-
   Length of Query sequence:       300
sigma38(+):    245   Score   1.86     -35 (209) ttgtat >>> aaagct -10 (237)
sigma24(+):    240   Score   1.82     -35 (205) acagtt >>> tcaaa -10 (233)
sigma70(+):    235   Score   1.90     -35 (202) cttaca >>> caagat -10 (228)
sigma32(+):    232   Score   1.92     -35 (196) ctctagc >>> tcagccaaga -10 (227)
sigma28(+):    216   Score   1.90     -35 (181) gaatgtgg >>> gcttacag -10 (208)

   Total:      5 promoter(s) predicted



>NEG_SPV_1312_CP027540.1_1330999_+
   Length of Query sequence:       300
sigma38(+):    245   Score   1.90     -35 (209) tttcag >>> caaatt -10 (237)
sigma70(+):    244   Score   1.94     -35 (209) tttcag >>> caaatt -10 (237)
sigma32(+):    241   Score   1.90     -35 (207) cctttca >>> aacgacaaat -10 (236)
sigma24(+):    233   Score   1.92     -35 (199) caactc >>> tcaga -10 (226)
sigma28(+):    201   Score   1.93     -35 (166) aaaacgtg >>> tcggattg -10 (192)

   Total:      5 promoter(s) predicted



>NEG_SPV_1903_CP027540.1_1875410_-
   Length of Query sequence:       300
sigma24(+):    234   Score   1.68     -35 (205) gcccct >>> acgaa -10 (228)
sigma32(+):    216   Score   1.91     -35 (181) gtctctt >>> atcgcccctt -10 (211)

   Total:      2 promoter(s) predicted



>NEG_SPV_1854_CP027540.1_1838462_-
   Length of Query sequence:       300
sigma24(+):    247   Score   1.77     -35 (218) gatctg >>> gcaga -10 (240)
sigma70(+):    240   Score   1.91     -35 (208) tttgct >>> tagcat -10 (234)
sigma32(+):    238   Score   1.85     -35 (202) ggatgat >>> gcagctagca -10 (233)
sigma28(+):    225   Score   1.87     -35 (192) gaatggaa >>> gctgattg -10 (218)

   Total:      4 promoter(s) predicted



>NEG_SPV_1337_CP027540.1_1353718_-
   Length of Query sequence:       300
sigma28(+):    232   Score   1.84     -35 (195) aaagctat >>> accgattg -10 (222)
sigma24(+):    209   Score   0.77     -35 (174) gaacca >>> gctat -10 (202)
sigma38(+):    208   Score   1.74     -35 (169) tttcag >>> aaagct -10 (200)

   Total:      3 promoter(s) predicted



>NEG_SPV_2017_CP027540.1_1996270_-
   Length of Query sequence:       300
sigma32(+):    223   Score   1.75     -35 (187) aagttaa >>> acaaccacaa -10 (218)
sigma28(+):    218   Score   1.97     -35 (185) taaagtta >>> gctgaaca -10 (211)
sigma38(+):    202   Score   0.87     -35 (159) gctaaa >>> taaagt -10 (190)
sigma70(+):    201   Score   1.67     -35 (159) gctaaa >>> taaagt -10 (190)

   Total:      4 promoter(s) predicted



>NEG_SPV_1472_CP027540.1_1490352_-
   Length of Query sequence:       300
sigma70(+):    244   Score   1.89     -35 (207) ctgaat >>> gaaatt -10 (237)
sigma28(+):    241   Score   1.90     -35 (208) tgaattat >>> tctgagaa -10 (234)
sigma24(+):    238   Score   1.51     -35 (209) gaatta >>> tctga -10 (231)
sigma38(+):    203   Score   1.69     -35 (167) gttcaa >>> taagtt -10 (195)

   Total:      4 promoter(s) predicted



>NEG_SPV_0535_CP027540.1_548805_+
   Length of Query sequence:       300
sigma24(+):    241   Score   1.97     -35 (208) cacctt >>> tcgca -10 (234)
sigma38(+):    238   Score   1.95     -35 (203) ttggcc >>> aacgtt -10 (230)
sigma70(+):    207   Score   1.94     -35 (167) ttgtta >>> tatatc -10 (199)
sigma28(+):    205   Score   1.96     -35 (171) tagataat >>> gcctatat -10 (198)

   Total:      4 promoter(s) predicted



>NEG_SPV_1177_CP027540.1_1206506_-
   Length of Query sequence:       300
sigma38(+):    230   Score   1.96     -35 (196) cttatt >>> taattt -10 (222)
sigma70(+):    229   Score   1.96     -35 (196) cttatt >>> taattt -10 (222)
sigma28(+):    217   Score   1.97     -35 (183) ataataaa >>> gacgaaat -10 (210)
sigma24(+):    206   Score   1.96     -35 (170) gctctg >>> actta -10 (199)

   Total:      4 promoter(s) predicted



>NEG_SPV_0533_CP027540.1_546494_+
   Length of Query sequence:       300
sigma38(+):    236   Score   1.80     -35 (200) cctttg >>> tatgat -10 (227)
sigma70(+):    230   Score   1.90     -35 (190) gctaaa >>> gaaaat -10 (222)

   Total:      2 promoter(s) predicted



>NEG_SPV_0661_CP027540.1_679491_+
   Length of Query sequence:       300
sigma38(+):    250   Score   1.72     -35 (213) ttgaaa >>> tacttt -10 (244)
sigma70(+):    242   Score   1.89     -35 (205) gcgata >>> tatggt -10 (235)
sigma32(+):    232   Score   1.53     -35 (196) gtgtatc >>> aaatccagat -10 (227)

   Total:      3 promoter(s) predicted



>NEG_SPV_1051_CP027540.1_1081146_-
   Length of Query sequence:       300
sigma38(+):    223   Score   1.55     -35 (186) ctgcca >>> tactat -10 (215)
sigma70(+):    222   Score   1.88     -35 (186) ctgcca >>> tactat -10 (215)

   Total:      2 promoter(s) predicted



>NEG_SPV_1170_CP027540.1_1199146_-
   Length of Query sequence:       300
sigma38(+):    250   Score   1.95     -35 (214) ttggaa >>> caaatt -10 (242)
sigma70(+):    212   Score   1.96     -35 (171) tctcaa >>> tatcaa -10 (203)
sigma24(+):    201   Score   1.94     -35 (168) gcctct >>> gcagt -10 (193)

   Total:      3 promoter(s) predicted



>NEG_SPV_0070_CP027540.1_71379_+
   Length of Query sequence:       300
sigma70(+):    246   Score   1.91     -35 (213) tttatg >>> tattga -10 (239)
sigma32(+):    243   Score   1.95     -35 (207) acatcgt >>> tgccctattg -10 (238)
sigma38(+):    235   Score   1.87     -35 (200) ttccct >>> aactct -10 (227)

   Total:      3 promoter(s) predicted



>NEG_SPV_0998_CP027540.1_956248_-
   Length of Query sequence:       300
sigma70(+):    226   Score   1.92     -35 (186) ttttag >>> taattt -10 (219)
sigma38(+):    222   Score   1.95     -35 (182) ttgctt >>> aacaat -10 (214)
sigma28(+):    208   Score   1.96     -35 (172) aaaagctc >>> gctaaatt -10 (198)
sigma24(+):    202   Score   1.75     -35 (170) gaaaaa >>> gctaa -10 (195)
sigma32(+):    202   Score   1.94     -35 (166) tggcgaa >>> ttagctaaat -10 (197)

   Total:      5 promoter(s) predicted



>NEG_SPV_0818_CP027540.1_837072_+
   Length of Query sequence:       300
sigma24(+):    242   Score   1.91     -35 (209) gaatta >>> gcgga -10 (234)
sigma28(+):    235   Score   1.96     -35 (202) gaaagagg >>> gaggattt -10 (228)
sigma38(+):    201   Score   1.85     -35 (163) taccca >>> catcct -10 (193)

   Total:      3 promoter(s) predicted



>NEG_SPV_2400_CP027540.1_1655713_+
   Length of Query sequence:       300
sigma38(+):    249   Score   1.81     -35 (216) tttcaa >>> caagct -10 (243)
sigma28(+):    223   Score   1.96     -35 (189) tgaccgat >>> gctggcca -10 (215)
sigma24(+):    211   Score   1.25     -35 (178) gaagat >>> gctca -10 (204)
sigma70(+):    206   Score   1.90     -35 (170) ttgatt >>> gatatt -10 (199)
sigma32(+):    205   Score   1.88     -35 (171) tgattga >>> accgatattg -10 (200)

   Total:      5 promoter(s) predicted



>NEG_SPV_1669_CP027540.1_1682972_-
   Length of Query sequence:       300
sigma70(+):    226   Score   1.86     -35 (191) tttctg >>> taactt -10 (218)
sigma38(+):    226   Score   1.78     -35 (191) tttctg >>> taactt -10 (218)

   Total:      2 promoter(s) predicted



>NEG_SPV_2014_CP027540.1_1992579_-
   Length of Query sequence:       300
sigma24(+):    242   Score   1.61     -35 (209) ggactt >>> tcagt -10 (236)
sigma28(+):    238   Score   1.72     -35 (207) ttggactt >>> gctcacat -10 (232)
sigma70(+):    215   Score   1.84     -35 (181) gtgcaa >>> gaaatt -10 (208)

   Total:      3 promoter(s) predicted



>NEG_SPV_0953_CP027540.1_998686_-
   Length of Query sequence:       300
sigma38(+):    248   Score   1.72     -35 (212) cacatg >>> taaacc -10 (242)
sigma24(+):    211   Score   1.86     -35 (177) tcattt >>> gctta -10 (204)
sigma28(+):    207   Score   1.92     -35 (172) gtacctca >>> gagtataa -10 (197)
sigma70(+):    202   Score   1.93     -35 (163) ttgaaa >>> gagtat -10 (195)

   Total:      4 promoter(s) predicted



>NEG_SPV_1829_CP027540.1_1814741_-
   Length of Query sequence:       300
sigma32(+):    244   Score   1.95     -35 (210) atgttat >>> gaagatattt -10 (239)
sigma70(+):    235   Score   1.96     -35 (195) cttata >>> tattac -10 (228)
sigma28(+):    226   Score   1.97     -35 (187) ggaacaaa >>> accgatgt -10 (213)
sigma38(+):    204   Score   1.95     -35 (165) ttgacg >>> caaact -10 (196)
sigma24(+):    201   Score   1.85     -35 (172) taaacc >>> acaaa -10 (194)

   Total:      5 promoter(s) predicted



>NEG_SPV_0411_CP027540.1_412305_-
   Length of Query sequence:       300
sigma24(+):    240   Score   1.88     -35 (211) aaaagt >>> tccaa -10 (233)
sigma70(+):    217   Score   1.88     -35 (178) tcgaaa >>> taccgt -10 (209)
sigma38(+):    217   Score   1.80     -35 (178) tcgaaa >>> taccgt -10 (209)
sigma32(+):    210   Score   1.72     -35 (175) tcctcga >>> tcacgcaata -10 (205)

   Total:      4 promoter(s) predicted



>NEG_SPV_1121_CP027540.1_1152039_-
   Length of Query sequence:       300
sigma70(+):    216   Score   1.96     -35 (183) tttgac >>> tatgat -10 (209)
sigma38(+):    215   Score   1.95     -35 (183) tttgac >>> tatgat -10 (209)
sigma32(+):    213   Score   1.95     -35 (177) aaattat >>> ctcgatatga -10 (208)
sigma24(+):    211   Score   1.98     -35 (176) gaaatt >>> tcgat -10 (204)
sigma28(+):    204   Score   1.96     -35 (172) tcaggaaa >>> gaagaaga -10 (197)

   Total:      5 promoter(s) predicted



>NEG_SPV_0325_CP027540.1_325434_+
   Length of Query sequence:       300
sigma38(+):    245   Score   1.95     -35 (205) ttgcaa >>> tattat -10 (237)
sigma70(+):    244   Score   1.97     -35 (205) ttgcaa >>> tattat -10 (237)
sigma24(+):    231   Score   1.96     -35 (197) aaatat >>> accaa -10 (224)
sigma28(+):    221   Score   1.86     -35 (189) tcaatttt >>> gcaaatat -10 (214)

   Total:      4 promoter(s) predicted



>NEG_SPV_1512_CP027540.1_1534728_-
   Length of Query sequence:       300
sigma24(+):    242   Score   1.75     -35 (209) gaaggt >>> tcaaa -10 (235)
sigma28(+):    230   Score   1.80     -35 (197) ccaacgtg >>> tacgatag -10 (223)
sigma38(+):    229   Score   1.88     -35 (194) tttcca >>> tacgat -10 (221)
sigma70(+):    228   Score   1.94     -35 (194) tttcca >>> tacgat -10 (221)

   Total:      4 promoter(s) predicted



>NEG_SPV_1302_CP027540.1_1320731_+
   Length of Query sequence:       300
sigma70(+):    250   Score   1.91     -35 (213) gttcat >>> tatgat -10 (244)
sigma38(+):    250   Score   1.90     -35 (213) gttcat >>> tatgat -10 (244)
sigma32(+):    229   Score   1.78     -35 (195) gaatggc >>> tcatccattt -10 (224)
sigma24(+):    215   Score   1.83     -35 (183) aaatct >>> tcata -10 (208)

   Total:      4 promoter(s) predicted



>NEG_SPV_0065_CP027540.1_66614_+
   Length of Query sequence:       300
sigma24(+):    232   Score   1.89     -35 (199) gaagat >>> tcaga -10 (225)
sigma38(+):    226   Score   1.90     -35 (189) ttgcag >>> cacatt -10 (218)
sigma32(+):    222   Score   1.89     -35 (186) atcttgc >>> ggcaacacat -10 (217)
sigma28(+):    216   Score   1.64     -35 (184) atatcttg >>> gatgatgg -10 (209)
sigma70(+):    214   Score   1.91     -35 (177) ctgcta >>> gatgat -10 (207)

   Total:      5 promoter(s) predicted



>NEG_SPV_0979_CP027540.1_972493_+
   Length of Query sequence:       300
sigma38(+):    250   Score   1.91     -35 (209) cagaaa >>> tagatt -10 (242)
sigma70(+):    249   Score   1.92     -35 (209) cagaaa >>> tagatt -10 (242)
sigma28(+):    226   Score   1.95     -35 (189) tcaatatt >>> tcagaaaa -10 (215)
sigma24(+):    219   Score   1.93     -35 (189) tcaata >>> tcaga -10 (212)

   Total:      4 promoter(s) predicted



>NEG_SPV_1445_CP027540.1_1462058_-
   Length of Query sequence:       300
sigma32(+):    236   Score   1.90     -35 (202) tcatctc >>> tacaccaagg -10 (231)
sigma38(+):    235   Score   1.57     -35 (195) gagcaa >>> tacacc -10 (227)
sigma24(+):    208   Score   1.84     -35 (172) aaaagt >>> gcaaa -10 (201)
sigma70(+):    203   Score   1.84     -35 (168) gataaa >>> tattga -10 (196)

   Total:      4 promoter(s) predicted



>NEG_SPV_1376_CP027540.1_1394902_-
   Length of Query sequence:       300
sigma38(+):    238   Score   0.68     -35 (199) cagata >>> tatagt -10 (230)
sigma24(+):    219   Score   1.88     -35 (186) acagtt >>> gccaa -10 (212)
sigma70(+):    213   Score   1.94     -35 (178) ctggaa >>> gatatt -10 (206)
sigma32(+):    212   Score   1.91     -35 (176) ttctgga >>> gcagatatta -10 (207)

   Total:      4 promoter(s) predicted



>NEG_SPV_1622_CP027540.1_1638968_-
   Length of Query sequence:       300
sigma28(+):    245   Score   1.60     -35 (211) cgagggaa >>> gcggattg -10 (238)
sigma24(+):    233   Score   1.87     -35 (198) taatac >>> tctta -10 (227)
sigma38(+):    212   Score   1.79     -35 (175) cttatg >>> aatact -10 (204)
sigma70(+):    210   Score   1.91     -35 (175) cttatg >>> taatac -10 (203)

   Total:      4 promoter(s) predicted



>NEG_SPV_0065_CP027540.1_66794_+
   Length of Query sequence:       300
sigma28(+):    250   Score   1.96     -35 (217) aacagaaa >>> gcagaaga -10 (243)
sigma32(+):    216   Score   1.93     -35 (180) aggagct >>> ctacctactt -10 (211)
sigma38(+):    204   Score   1.91     -35 (168) ctcaaa >>> caaagt -10 (196)
sigma70(+):    203   Score   1.89     -35 (168) ctcaaa >>> caaagt -10 (196)
sigma24(+):    201   Score   1.91     -35 (171) aaaaga >>> acaaa -10 (194)

   Total:      5 promoter(s) predicted



>NEG_SPV_0238_CP027540.1_228095_+
   Length of Query sequence:       300
sigma24(+):    222   Score   1.91     -35 (189) aaacca >>> tcaaa -10 (215)

   Total:      1 promoter(s) predicted



>NEG_SPV_1569_CP027540.1_1587966_-
   Length of Query sequence:       300
sigma28(+):    232   Score   1.90     -35 (199) taagggca >>> gctggttt -10 (225)
sigma70(+):    206   Score   1.84     -35 (170) ttggtt >>> gaaagt -10 (199)

   Total:      2 promoter(s) predicted



>NEG_SPV_2297_CP027540.1_1064288_-
   Length of Query sequence:       300
sigma38(+):    236   Score   1.83     -35 (202) gtgatt >>> tactat -10 (228)
sigma70(+):    235   Score   1.92     -35 (202) gtgatt >>> tactat -10 (228)

   Total:      2 promoter(s) predicted



>NEG_SPV_0336_CP027540.1_341108_-
   Length of Query sequence:       300
sigma38(+):    246   Score   1.88     -35 (207) ctgaca >>> tacggt -10 (238)
sigma32(+):    223   Score   1.92     -35 (188) gacaggc >>> gacaccactt -10 (218)
sigma28(+):    220   Score   1.76     -35 (188) gacaggct >>> tctgacac -10 (213)
sigma70(+):    207   Score   1.91     -35 (173) ttcaat >>> tattct -10 (200)
sigma24(+):    204   Score   1.88     -35 (168) aaatat >>> gctat -10 (197)

   Total:      5 promoter(s) predicted



>NEG_SPV_1104_CP027540.1_1137693_-
   Length of Query sequence:       300
sigma38(+):    249   Score   1.85     -35 (215) tctgat >>> aaaatt -10 (241)
sigma70(+):    242   Score   1.94     -35 (207) ttgact >>> tagaaa -10 (234)
sigma24(+):    226   Score   1.97     -35 (193) gcagtt >>> tctga -10 (219)
sigma32(+):    207   Score   1.94     -35 (169) aggctga >>> caaggcagtt -10 (198)

   Total:      4 promoter(s) predicted



>NEG_SPV_0444_CP027540.1_450729_+
   Length of Query sequence:       300
sigma24(+):    212   Score   1.93     -35 (177) gatcag >>> actaa -10 (205)
sigma38(+):    208   Score   1.93     -35 (168) ggtaag >>> tattct -10 (200)
sigma70(+):    207   Score   1.92     -35 (168) ggtaag >>> tattct -10 (200)

   Total:      3 promoter(s) predicted



>NEG_SPV_0127_CP027540.1_131801_+
   Length of Query sequence:       300
sigma24(+):    233   Score   1.91     -35 (197) taaatt >>> tctaa -10 (226)
sigma32(+):    222   Score   1.77     -35 (186) gaatgta >>> accgtcagcc -10 (217)
sigma38(+):    220   Score   1.85     -35 (184) tagaat >>> taccgt -10 (212)
sigma70(+):    219   Score   1.93     -35 (184) tagaat >>> taccgt -10 (212)

   Total:      4 promoter(s) predicted



>NEG_SPV_0621_CP027540.1_643162_+
   Length of Query sequence:       300
sigma24(+):    238   Score   1.89     -35 (205) caattt >>> acggt -10 (231)
sigma28(+):    237   Score   1.95     -35 (204) tcaatttt >>> gatgacgg -10 (230)
sigma38(+):    224   Score   1.91     -35 (187) gggaca >>> tacttt -10 (216)
sigma70(+):    223   Score   1.87     -35 (187) gggaca >>> tacttt -10 (216)
sigma32(+):    206   Score   1.91     -35 (171) ttctgaa >>> cacctcattg -10 (200)

   Total:      5 promoter(s) predicted



>NEG_SPV_1015_CP027540.1_934930_-
   Length of Query sequence:       300
sigma28(+):    232   Score   1.96     -35 (200) tgacggct >>> tctgctga -10 (226)

   Total:      1 promoter(s) predicted



>NEG_SPV_0797_CP027540.1_814328_-
   Length of Query sequence:       300
sigma38(+):    223   Score   1.93     -35 (186) tagtca >>> cattat -10 (215)
sigma70(+):    222   Score   1.90     -35 (186) tagtca >>> cattat -10 (215)
sigma32(+):    219   Score   1.86     -35 (183) caatagt >>> ttcggcatta -10 (214)

   Total:      3 promoter(s) predicted



>NEG_SPV_0515_CP027540.1_527870_+
   Length of Query sequence:       300
sigma70(+):    240   Score   1.93     -35 (201) tatgct >>> gaagat -10 (233)
sigma24(+):    224   Score   1.94     -35 (188) aaaatc >>> gctaa -10 (217)
sigma38(+):    220   Score   1.86     -35 (184) tagaaa >>> taaatt -10 (211)
sigma32(+):    206   Score   1.94     -35 (171) gtctatt >>> tcccacaact -10 (201)

   Total:      4 promoter(s) predicted



>NEG_SPV_1096_CP027540.1_1125365_-
   Length of Query sequence:       300
sigma70(+):    239   Score   1.91     -35 (201) cttata >>> gatgat -10 (232)
sigma28(+):    238   Score   1.95     -35 (205) tacgcttc >>> ccagatga -10 (231)
sigma38(+):    218   Score   1.80     -35 (178) tggacg >>> tacgct -10 (210)
sigma32(+):    212   Score   1.38     -35 (178) tggacgt >>> ctccttatac -10 (207)
sigma24(+):    210   Score   1.49     -35 (180) gacgta >>> tcctt -10 (203)

   Total:      5 promoter(s) predicted



>NEG_SPV_0792_CP027540.1_811922_+
   Length of Query sequence:       300
sigma38(+):    246   Score   1.91     -35 (211) ctcaca >>> aaagct -10 (238)
sigma70(+):    242   Score   1.95     -35 (209) ttctca >>> gaaaaa -10 (235)
sigma24(+):    223   Score   1.97     -35 (191) gaaaag >>> tcaca -10 (216)
sigma28(+):    201   Score   1.97     -35 (169) tacagatg >>> gctgaaaa -10 (195)

   Total:      4 promoter(s) predicted



>NEG_SPV_0821_CP027540.1_839858_+
   Length of Query sequence:       300
sigma70(+):    250   Score   1.91     -35 (210) gtgaat >>> tatctt -10 (243)
sigma32(+):    239   Score   1.86     -35 (205) cgaaggt >>> ttaaccaaac -10 (234)
sigma38(+):    234   Score   1.75     -35 (193) ttggaa >>> tacttt -10 (226)

   Total:      3 promoter(s) predicted



>NEG_SPV_1933_CP027540.1_1907108_-
   Length of Query sequence:       300
sigma38(+):    245   Score   1.89     -35 (207) cgtcct >>> aacgtt -10 (237)
sigma24(+):    223   Score   1.94     -35 (189) aaaatc >>> tcttt -10 (216)
sigma70(+):    201   Score   1.96     -35 (163) gcgatg >>> taaaat -10 (193)

   Total:      3 promoter(s) predicted



>NEG_SPV_1015_CP027540.1_934960_-
   Length of Query sequence:       300
sigma32(+):    230   Score   1.84     -35 (195) gtaagta >>> atcgccttgg -10 (225)
sigma24(+):    223   Score   1.75     -35 (189) gacaag >>> tcaaa -10 (216)
sigma38(+):    222   Score   1.88     -35 (183) gagaat >>> taatca -10 (214)
sigma70(+):    216   Score   1.81     -35 (183) gagaat >>> gatttt -10 (209)

   Total:      4 promoter(s) predicted



>NEG_SPV_0671_CP027540.1_691187_+
   Length of Query sequence:       300
sigma38(+):    242   Score   1.64     -35 (202) tgggca >>> aaaact -10 (234)
sigma24(+):    223   Score   1.76     -35 (187) aacttc >>> accaa -10 (216)

   Total:      2 promoter(s) predicted



>NEG_SPV_1916_CP027540.1_1887104_-
   Length of Query sequence:       300
sigma70(+):    250   Score   1.96     -35 (208) ttgata >>> taggct -10 (241)
sigma38(+):    250   Score   1.95     -35 (208) ttgata >>> taggct -10 (241)
sigma28(+):    246   Score   1.97     -35 (211) ataagatt >>> tatgatag -10 (238)
sigma32(+):    201   Score   1.93     -35 (161) tcctaca >>> atcgcccaaa -10 (192)

   Total:      4 promoter(s) predicted



>NEG_SPV_0904_CP027540.1_1047311_-
   Length of Query sequence:       300
sigma32(+):    244   Score   1.69     -35 (210) gcccgtt >>> agatccagat -10 (239)
sigma28(+):    231   Score   1.94     -35 (198) acaggatg >>> tacgatgg -10 (224)
sigma38(+):    230   Score   1.73     -35 (189) gttgcg >>> tacgat -10 (222)
sigma24(+):    203   Score   1.87     -35 (171) gaaaaa >>> gcgaa -10 (196)

   Total:      4 promoter(s) predicted



>NEG_SPV_0593_CP027540.1_618631_+
   Length of Query sequence:       300
sigma38(+):    249   Score   1.81     -35 (215) ttgcac >>> aacaat -10 (243)
sigma24(+):    245   Score   1.90     -35 (212) gaattg >>> tcgaa -10 (238)
sigma32(+):    241   Score   1.89     -35 (205) acgtgga >>> atccttatcg -10 (236)
sigma70(+):    223   Score   1.29     -35 (183) cagata >>> gagaat -10 (215)

   Total:      4 promoter(s) predicted



>NEG_SPV_0235_CP027540.1_223899_+
   Length of Query sequence:       300
sigma28(+):    250   Score   1.83     -35 (217) gactcgag >>> gctgttaa -10 (243)
sigma70(+):    216   Score   1.96     -35 (174) cagcag >>> tacaat -10 (207)
sigma38(+):    215   Score   1.95     -35 (174) cagcag >>> tacaat -10 (207)
sigma24(+):    204   Score   1.94     -35 (173) tcagca >>> tcaaa -10 (197)

   Total:      4 promoter(s) predicted



>NEG_SPV_1128_CP027540.1_1159571_+
   Length of Query sequence:       300
sigma70(+):    249   Score   1.94     -35 (214) tttaca >>> tatcct -10 (241)
sigma38(+):    249   Score   1.93     -35 (214) tttaca >>> tatcct -10 (241)
sigma32(+):    244   Score   1.92     -35 (210) ctctttt >>> atccgtatcc -10 (240)
sigma24(+):    228   Score   1.77     -35 (196) aaaatt >>> acaaa -10 (221)

   Total:      4 promoter(s) predicted



>NEG_SPV_0053_CP027540.1_51193_+
   Length of Query sequence:       300
sigma70(+):    236   Score   1.82     -35 (199) ttgtac >>> tatcgt -10 (229)
sigma24(+):    206   Score   1.03     -35 (171) aaacgt >>> tccat -10 (199)

   Total:      2 promoter(s) predicted



>NEG_SPV_1905_CP027540.1_1878379_+
   Length of Query sequence:       300
sigma32(+):    247   Score   1.93     -35 (211) ctttaac >>> acacgtatct -10 (242)
sigma70(+):    234   Score   1.96     -35 (196) tagcct >>> tactat -10 (226)
sigma24(+):    226   Score   1.97     -35 (191) gcaatt >>> acaaa -10 (220)
sigma38(+):    220   Score   1.93     -35 (180) ttgcta >>> aatcct -10 (212)

   Total:      4 promoter(s) predicted



>NEG_SPV_1320_CP027540.1_1337119_-
   Length of Query sequence:       300
sigma24(+):    238   Score   1.77     -35 (202) gaccac >>> tccaa -10 (231)
sigma70(+):    228   Score   1.90     -35 (193) gtgact >>> catgct -10 (221)

   Total:      2 promoter(s) predicted



>NEG_SPV_0130_CP027540.1_135691_-
   Length of Query sequence:       300
sigma32(+):    246   Score   1.83     -35 (210) ctcttct >>> aacactacta -10 (241)
sigma24(+):    220   Score   1.76     -35 (187) caacca >>> tctct -10 (213)
sigma70(+):    217   Score   1.88     -35 (179) tacaat >>> tatctt -10 (209)
sigma28(+):    207   Score   1.84     -35 (174) tcaagtac >>> ggtgatac -10 (200)

   Total:      4 promoter(s) predicted



>NEG_SPV_0859_CP027540.1_873796_+
   Length of Query sequence:       300
sigma38(+):    245   Score   1.67     -35 (205) tctatg >>> aacgct -10 (237)
sigma24(+):    225   Score   1.84     -35 (193) agactt >>> accga -10 (218)

   Total:      2 promoter(s) predicted



>NEG_SPV_0542_CP027540.1_556935_+
   Length of Query sequence:       300
sigma38(+):    240   Score   1.07     -35 (204) tatcag >>> cactat -10 (232)
sigma32(+):    233   Score   1.82     -35 (199) cagtcta >>> atacccctca -10 (228)
sigma70(+):    221   Score   1.91     -35 (182) ttgcca >>> gaacat -10 (214)
sigma24(+):    217   Score   1.77     -35 (184) gccagt >>> tcaga -10 (210)

   Total:      4 promoter(s) predicted



>NEG_SPV_1588_CP027540.1_1607107_+
   Length of Query sequence:       300
sigma70(+):    248   Score   1.96     -35 (212) taaatg >>> taaaat -10 (241)
sigma28(+):    245   Score   1.97     -35 (212) taaatgtt >>> gaaggtaa -10 (238)
sigma24(+):    232   Score   1.67     -35 (197) aaattt >>> tcgtt -10 (224)
sigma38(+):    209   Score   1.94     -35 (171) ttgatc >>> taaatt -10 (201)
sigma32(+):    201   Score   1.83     -35 (158) gagtgat >>> gaacccaact -10 (188)

   Total:      5 promoter(s) predicted



>NEG_SPV_0176_CP027540.1_180190_+
   Length of Query sequence:       300
sigma38(+):    235   Score   0.98     -35 (201) tctgag >>> cattat -10 (227)
sigma24(+):    212   Score   1.74     -35 (178) tcatta >>> tctga -10 (205)
sigma32(+):    201   Score   1.69     -35 (161) tattgca >>> atcgacacca -10 (192)

   Total:      3 promoter(s) predicted



>NEG_SPV_1978_CP027540.1_1953314_+
   Length of Query sequence:       300
sigma70(+):    239   Score   1.92     -35 (204) gttatg >>> tagcct -10 (232)
sigma38(+):    219   Score   1.87     -35 (182) cttcta >>> tatgat -10 (211)
sigma24(+):    204   Score   1.65     -35 (172) aaacaa >>> tcctt -10 (197)
sigma32(+):    203   Score   1.59     -35 (163) tggggga >>> ctatccactc -10 (194)

   Total:      4 promoter(s) predicted



>NEG_SPV_1596_CP027540.1_1612689_-
   Length of Query sequence:       300
sigma24(+):    230   Score   1.86     -35 (197) ggattc >>> tcaat -10 (223)

   Total:      1 promoter(s) predicted



>NEG_SPV_0099_CP027540.1_99862_+
   Length of Query sequence:       300
sigma32(+):    242   Score   1.80     -35 (208) ggattac >>> tactccagac -10 (237)
sigma38(+):    236   Score   1.94     -35 (201) ttgcca >>> taatct -10 (228)
sigma70(+):    235   Score   1.93     -35 (201) ttgcca >>> taatct -10 (228)

   Total:      3 promoter(s) predicted



>NEG_SPV_1923_CP027540.1_1892340_-
   Length of Query sequence:       300
sigma70(+):    250   Score   1.80     -35 (216) ttggtg >>> aaaaat -10 (244)
sigma38(+):    204   Score   1.44     -35 (171) gtgctg >>> catgat -10 (198)

   Total:      2 promoter(s) predicted



>NEG_SPV_0076_CP027540.1_77725_+
   Length of Query sequence:       300
sigma38(+):    230   Score   1.86     -35 (189) ctgacc >>> tatcat -10 (222)
sigma24(+):    221   Score   1.90     -35 (191) gacctt >>> tcagt -10 (214)
sigma70(+):    211   Score   1.91     -35 (174) cggcaa >>> gaaatt -10 (204)

   Total:      3 promoter(s) predicted



>NEG_SPV_0578_CP027540.1_606374_+
   Length of Query sequence:       300
sigma70(+):    242   Score   1.93     -35 (209) tttaaa >>> gattat -10 (235)
sigma38(+):    224   Score   1.92     -35 (186) tttaaa >>> taaacc -10 (216)
sigma32(+):    216   Score   1.94     -35 (182) ctatttt >>> gaccgcattt -10 (211)
sigma24(+):    210   Score   1.87     -35 (174) gccttt >>> acaga -10 (203)

   Total:      4 promoter(s) predicted



>NEG_SPV_0492_CP027540.1_498204_+
   Length of Query sequence:       300
sigma70(+):    245   Score   1.89     -35 (210) tcgatt >>> gatgat -10 (238)

   Total:      1 promoter(s) predicted



>NEG_SPV_0056_CP027540.1_53620_+
   Length of Query sequence:       300
sigma24(+):    244   Score   1.95     -35 (215) aaattt >>> tcaaa -10 (237)
sigma28(+):    218   Score   1.86     -35 (185) taggtgtc >>> actgattt -10 (211)
sigma38(+):    210   Score   1.95     -35 (169) ttgact >>> taggct -10 (202)
sigma70(+):    209   Score   1.96     -35 (169) ttgact >>> taggct -10 (202)
sigma32(+):    201   Score   1.91     -35 (158) atataac >>> tacgctaggt -10 (189)

   Total:      5 promoter(s) predicted



>NEG_SPV_1510_CP027540.1_1532773_-
   Length of Query sequence:       300
sigma24(+):    246   Score   1.59     -35 (214) gcagat >>> tcaaa -10 (239)
sigma32(+):    224   Score   1.89     -35 (188) tgattac >>> aacggcagat -10 (219)
sigma70(+):    208   Score   1.82     -35 (175) ttgcac >>> gagact -10 (201)

   Total:      3 promoter(s) predicted



>NEG_SPV_0374_CP027540.1_379652_+
   Length of Query sequence:       300
sigma32(+):    247   Score   1.84     -35 (211) ggcttct >>> ggaaccagcc -10 (242)
sigma38(+):    217   Score   1.41     -35 (183) tctact >>> tactct -10 (209)
sigma70(+):    216   Score   1.91     -35 (183) tctact >>> tactct -10 (209)
sigma24(+):    209   Score   1.95     -35 (180) gaatct >>> tctct -10 (202)

   Total:      4 promoter(s) predicted



>NEG_SPV_0569_CP027540.1_590707_+
   Length of Query sequence:       300
sigma38(+):    238   Score   1.88     -35 (200) cagcca >>> tacctt -10 (230)
sigma24(+):    232   Score   1.76     -35 (197) taacag >>> tccat -10 (225)
sigma32(+):    213   Score   1.85     -35 (177) cggtttt >>> acagccatga -10 (208)
sigma70(+):    203   Score   1.92     -35 (164) tttcaa >>> gatttt -10 (196)

   Total:      4 promoter(s) predicted



>NEG_SPV_0323_CP027540.1_322797_+
   Length of Query sequence:       300
sigma70(+):    250   Score   1.97     -35 (216) tagaca >>> gaaagt -10 (244)
sigma32(+):    244   Score   1.95     -35 (209) tactaaa >>> taacctatag -10 (239)
sigma28(+):    242   Score   1.92     -35 (202) tcgtttat >>> ggggatat -10 (229)
sigma24(+):    221   Score   1.98     -35 (188) taattt >>> actaa -10 (214)
sigma38(+):    207   Score   1.96     -35 (171) ttggat >>> aattct -10 (200)

   Total:      5 promoter(s) predicted



>NEG_SPV_1131_CP027540.1_1165117_-
   Length of Query sequence:       300
sigma38(+):    243   Score   1.66     -35 (204) tggaaa >>> cacaca -10 (235)
sigma24(+):    240   Score   1.91     -35 (208) aaactt >>> tcaca -10 (233)
sigma32(+):    228   Score   1.73     -35 (193) tgtttgt >>> tgacccagtt -10 (223)
sigma70(+):    211   Score   1.89     -35 (177) ctgaca >>> taacat -10 (204)

   Total:      4 promoter(s) predicted



>NEG_SPV_1642_CP027540.1_1657729_-
   Length of Query sequence:       300
sigma32(+):    229   Score   1.91     -35 (195) tactggg >>> ccagcccttt -10 (224)
sigma38(+):    222   Score   1.91     -35 (182) ttgatg >>> tatagt -10 (214)
sigma70(+):    221   Score   1.93     -35 (182) ttgatg >>> tatagt -10 (214)
sigma24(+):    213   Score   1.85     -35 (179) gccttg >>> tctgt -10 (206)

   Total:      4 promoter(s) predicted



>NEG_SPV_0297_CP027540.1_296594_+
   Length of Query sequence:       300
sigma24(+):    245   Score   1.74     -35 (215) gaacaa >>> actaa -10 (238)
sigma38(+):    220   Score   1.74     -35 (184) ttgtca >>> caaact -10 (212)
sigma70(+):    219   Score   1.94     -35 (184) ttgtca >>> caaact -10 (212)

   Total:      3 promoter(s) predicted



>NEG_SPV_1376_CP027540.1_1394352_-
   Length of Query sequence:       300
sigma24(+):    249   Score   1.98     -35 (216) caacta >>> tcaaa -10 (242)
sigma70(+):    235   Score   1.93     -35 (197) ttccaa >>> taagtt -10 (228)
sigma38(+):    222   Score   1.86     -35 (183) cagaag >>> tatctt -10 (214)
sigma32(+):    203   Score   1.93     -35 (163) tactaat >>> gaagacattg -10 (194)

   Total:      4 promoter(s) predicted



>NEG_SPV_0532_CP027540.1_544075_+
   Length of Query sequence:       300
sigma32(+):    223   Score   1.80     -35 (189) tcgttca >>> gaagccaaga -10 (218)
sigma70(+):    215   Score   1.67     -35 (178) gcgcaa >>> tatgaa -10 (208)
sigma24(+):    204   Score   0.90     -35 (169) aaacga >>> tcagt -10 (197)

   Total:      3 promoter(s) predicted



>NEG_SPV_1115_CP027540.1_1145723_-
   Length of Query sequence:       300
sigma28(+):    241   Score   1.86     -35 (207) tccatgat >>> catgatgt -10 (234)
sigma38(+):    240   Score   1.90     -35 (205) tttcca >>> catgat -10 (232)
sigma70(+):    221   Score   1.96     -35 (184) gtcaag >>> catgat -10 (214)

   Total:      3 promoter(s) predicted



>NEG_SPV_1753_CP027540.1_1748288_+
   Length of Query sequence:       300
sigma70(+):    239   Score   1.96     -35 (202) tggaca >>> gaatat -10 (232)
sigma28(+):    235   Score   1.93     -35 (202) tggacaat >>> gatggaga -10 (228)
sigma38(+):    220   Score   1.92     -35 (182) gatatt >>> aatatt -10 (212)
sigma32(+):    218   Score   1.93     -35 (183) atattat >>> gacaatattt -10 (213)

   Total:      4 promoter(s) predicted



>NEG_SPV_0600_CP027540.1_626632_+
   Length of Query sequence:       300
sigma32(+):    245   Score   1.93     -35 (211) taattat >>> aaagccaaac -10 (240)
sigma28(+):    238   Score   1.96     -35 (206) taaattaa >>> gaggaaaa -10 (232)
sigma70(+):    218   Score   1.94     -35 (184) tttaca >>> taaatt -10 (211)
sigma24(+):    206   Score   1.96     -35 (174) gaagct >>> actgt -10 (199)
sigma38(+):    205   Score   1.92     -35 (166) tcgaca >>> tacact -10 (197)

   Total:      5 promoter(s) predicted



>NEG_SPV_1951_CP027540.1_1921216_-
   Length of Query sequence:       300
sigma70(+):    212   Score   1.88     -35 (174) taggac >>> taattt -10 (204)
sigma38(+):    212   Score   1.93     -35 (174) taggac >>> taattt -10 (204)
sigma24(+):    208   Score   1.89     -35 (177) gactta >>> gctaa -10 (201)

   Total:      3 promoter(s) predicted



>NEG_SPV_1021_CP027540.1_918723_-
   Length of Query sequence:       300
sigma70(+):    241   Score   1.90     -35 (204) ctcaac >>> aaaaat -10 (234)
sigma38(+):    231   Score   1.51     -35 (195) ctcatg >>> cattct -10 (223)
sigma32(+):    206   Score   1.90     -35 (172) aagtcga >>> ggcctcatgt -10 (201)

   Total:      3 promoter(s) predicted



>NEG_SPV_0419_CP027540.1_418953_-
   Length of Query sequence:       300
sigma38(+):    248   Score   1.92     -35 (212) gtgacc >>> tagact -10 (240)
sigma70(+):    247   Score   1.91     -35 (212) gtgacc >>> tagact -10 (240)
sigma28(+):    202   Score   1.91     -35 (168) aaatgggc >>> gctgattt -10 (195)

   Total:      3 promoter(s) predicted



>NEG_SPV_1480_CP027540.1_1496455_-
   Length of Query sequence:       300
sigma32(+):    248   Score   1.91     -35 (213) aactgaa >>> atccgcctct -10 (243)
sigma38(+):    224   Score   1.71     -35 (190) tcgcaa >>> aaaact -10 (216)
sigma24(+):    218   Score   1.86     -35 (183) aaacct >>> gctta -10 (211)
sigma28(+):    205   Score   1.94     -35 (172) caaggttt >>> gcaaatta -10 (199)
sigma70(+):    205   Score   1.90     -35 (168) tctcca >>> caaatt -10 (198)

   Total:      5 promoter(s) predicted



>NEG_SPV_1483_CP027540.1_1499530_-
   Length of Query sequence:       300
sigma28(+):    237   Score   1.91     -35 (205) agaggact >>> gataaaaa -10 (231)
sigma70(+):    212   Score   1.94     -35 (176) ttgctt >>> tatcgt -10 (204)
sigma38(+):    212   Score   1.80     -35 (176) ttgctt >>> tatcgt -10 (204)
sigma32(+):    208   Score   1.89     -35 (173) tccttgc >>> gaccctatcg -10 (203)

   Total:      4 promoter(s) predicted



>NEG_SPV_1903_CP027540.1_1875950_-
   Length of Query sequence:       300
sigma38(+):    243   Score   1.87     -35 (206) tagcag >>> taattt -10 (235)
sigma70(+):    237   Score   1.91     -35 (202) tcgata >>> cagaat -10 (230)
sigma32(+):    215   Score   1.75     -35 (181) tcattac >>> gtcgatagca -10 (210)
sigma24(+):    213   Score   1.76     -35 (181) tcatta >>> tcgat -10 (206)

   Total:      4 promoter(s) predicted



>NEG_SPV_1797_CP027540.1_1791565_-
   Length of Query sequence:       300
sigma24(+):    247   Score   1.95     -35 (213) gctatg >>> gcaga -10 (240)
sigma38(+):    228   Score   1.95     -35 (191) ttggta >>> tatgat -10 (220)
sigma70(+):    227   Score   1.95     -35 (191) ttggta >>> tatgat -10 (220)
sigma32(+):    224   Score   1.94     -35 (189) gtttggt >>> atagctatga -10 (219)
sigma28(+):    217   Score   1.97     -35 (184) tgagggtt >>> tctaaata -10 (210)

   Total:      5 promoter(s) predicted



>NEG_SPV_0297_CP027540.1_296784_+
   Length of Query sequence:       300
sigma32(+):    250   Score   1.91     -35 (217) aggttgc >>> ccagccctat -10 (246)
sigma24(+):    201   Score   0.89     -35 (168) aaagca >>> tcgta -10 (194)
sigma70(+):    201   Score   1.92     -35 (165) gttaaa >>> tatcgt -10 (193)
sigma38(+):    201   Score   1.84     -35 (165) gttaaa >>> tatcgt -10 (193)

   Total:      4 promoter(s) predicted



>NEG_SPV_1973_CP027540.1_1945002_+
   Length of Query sequence:       300
sigma24(+):    232   Score   1.86     -35 (200) gaagct >>> tcaga -10 (225)
sigma38(+):    205   Score   1.66     -35 (169) tagata >>> cactat -10 (197)
sigma70(+):    204   Score   1.91     -35 (169) tagata >>> cactat -10 (197)
sigma32(+):    201   Score   1.75     -35 (166) atataga >>> agcctcacta -10 (196)

   Total:      4 promoter(s) predicted



>NEG_SPV_2067_CP027540.1_2043770_-
   Length of Query sequence:       300
sigma28(+):    250   Score   1.89     -35 (216) gaagttta >>> tctgtaaa -10 (243)
sigma32(+):    243   Score   1.95     -35 (208) tattggg >>> gtcatcatct -10 (238)
sigma38(+):    235   Score   1.95     -35 (197) cttact >>> taggat -10 (227)
sigma70(+):    216   Score   1.96     -35 (178) tataaa >>> tattat -10 (210)
sigma24(+):    207   Score   1.98     -35 (171) aaactt >>> tctta -10 (200)

   Total:      5 promoter(s) predicted



>NEG_SPV_0406_CP027540.1_407927_+
   Length of Query sequence:       300
sigma38(+):    249   Score   1.88     -35 (213) ctgaag >>> caagct -10 (241)
sigma28(+):    244   Score   1.95     -35 (210) aaactgaa >>> ggtgaaca -10 (237)
sigma70(+):    221   Score   1.96     -35 (185) cttctt >>> gaaact -10 (214)

   Total:      3 promoter(s) predicted



>NEG_SPV_0766_CP027540.1_777974_+
   Length of Query sequence:       300
sigma38(+):    228   Score   1.94     -35 (192) ttgtca >>> aatgat -10 (220)
sigma24(+):    206   Score   1.94     -35 (174) tatctc >>> tcaga -10 (199)
sigma70(+):    202   Score   1.93     -35 (168) ttgtat >>> gattgt -10 (195)

   Total:      3 promoter(s) predicted



>NEG_SPV_1408_CP027540.1_1427329_-
   Length of Query sequence:       300
sigma24(+):    250   Score   1.97     -35 (221) gaatag >>> actat -10 (244)
sigma28(+):    225   Score   1.31     -35 (189) ttgaaaat >>> gcttgtaa -10 (214)
sigma38(+):    225   Score   1.92     -35 (189) ttgaaa >>> taaaaa -10 (217)
sigma70(+):    224   Score   1.94     -35 (189) ttgaaa >>> taaaaa -10 (217)

   Total:      4 promoter(s) predicted



>NEG_SPV_0063_CP027540.1_63587_-
   Length of Query sequence:       300
sigma24(+):    248   Score   1.85     -35 (218) gcaatc >>> tcaaa -10 (241)
sigma70(+):    244   Score   1.96     -35 (210) tccaaa >>> gaaagt -10 (237)
sigma32(+):    228   Score   1.93     -35 (192) aaatgat >>> aacggcaatc -10 (223)
sigma38(+):    218   Score   1.49     -35 (179) ttgaaa >>> aacgat -10 (210)

   Total:      4 promoter(s) predicted



>NEG_SPV_0768_CP027540.1_780189_+
   Length of Query sequence:       300
sigma28(+):    241   Score   1.96     -35 (207) gacataaa >>> gcttgaaa -10 (233)
sigma38(+):    224   Score   1.94     -35 (189) tttatt >>> taaatt -10 (216)
sigma70(+):    223   Score   1.94     -35 (189) tttatt >>> taaatt -10 (216)

   Total:      3 promoter(s) predicted



>NEG_SPV_1398_CP027540.1_1418868_-
   Length of Query sequence:       300
sigma32(+):    250   Score   1.92     -35 (215) tggtaaa >>> atcagcaatc -10 (245)
sigma28(+):    211   Score   1.69     -35 (178) tcatcatt >>> gcggacaa -10 (205)

   Total:      2 promoter(s) predicted



>NEG_SPV_1664_CP027540.1_1677540_-
   Length of Query sequence:       300
sigma70(+):    244   Score   1.80     -35 (207) tcgatg >>> cagaat -10 (237)

   Total:      1 promoter(s) predicted



>NEG_SPV_1016_CP027540.1_929633_-
   Length of Query sequence:       300
sigma24(+):    238   Score   1.96     -35 (207) gaatta >>> tctga -10 (232)
sigma38(+):    238   Score   1.67     -35 (204) gaggaa >>> tattct -10 (230)
sigma70(+):    237   Score   1.89     -35 (204) gaggaa >>> tattct -10 (230)
sigma32(+):    204   Score   1.93     -35 (168) ctctcca >>> ataggcagaa -10 (199)

   Total:      4 promoter(s) predicted



>NEG_SPV_0970_CP027540.1_979739_-
   Length of Query sequence:       300
sigma24(+):    250   Score   1.97     -35 (220) gaacaa >>> tcaga -10 (244)
sigma38(+):    243   Score   1.92     -35 (207) cttcaa >>> aaaaat -10 (235)
sigma70(+):    242   Score   1.94     -35 (207) cttcaa >>> aaaaat -10 (235)
sigma28(+):    209   Score   1.86     -35 (176) ctaaatct >>> tctcaaaa -10 (201)

   Total:      4 promoter(s) predicted



>NEG_SPV_1786_CP027540.1_1782598_-
   Length of Query sequence:       300
sigma32(+):    250   Score   1.95     -35 (216) gtattta >>> gcaagcatta -10 (245)
sigma38(+):    234   Score   1.94     -35 (198) tatcaa >>> tatgtt -10 (226)
sigma24(+):    211   Score   1.96     -35 (175) aaatta >>> tcaaa -10 (204)
sigma70(+):    207   Score   1.96     -35 (167) tttaca >>> gattat -10 (200)

   Total:      4 promoter(s) predicted



>NEG_SPV_0484_CP027540.1_493901_+
   Length of Query sequence:       300
sigma24(+):    250   Score   1.86     -35 (222) aaaaat >>> tctta -10 (244)
sigma28(+):    233   Score   1.97     -35 (199) taccctat >>> tcttaaaa -10 (225)
sigma38(+):    233   Score   1.91     -35 (195) ttggta >>> aaaaat -10 (227)
sigma70(+):    216   Score   1.92     -35 (180) tttaac >>> tatttt -10 (209)
sigma32(+):    213   Score   1.94     -35 (177) agcttta >>> taccctattt -10 (208)

   Total:      5 promoter(s) predicted



>NEG_SPV_0196_CP027540.1_198369_+
   Length of Query sequence:       300
On chain+ promoters not found

   Total:      0 promoter(s) predicted



>NEG_SPV_1445_CP027540.1_1462328_-
   Length of Query sequence:       300
sigma32(+):    227   Score   1.87     -35 (192) ctcttag >>> accgccaact -10 (223)
sigma24(+):    204   Score   1.92     -35 (170) gacccc >>> tctta -10 (197)
sigma38(+):    203   Score   1.85     -35 (162) cagata >>> aactct -10 (195)

   Total:      3 promoter(s) predicted



>NEG_SPV_1726_CP027540.1_1722033_-
   Length of Query sequence:       300
sigma70(+):    246   Score   1.96     -35 (213) tttgac >>> tagtat -10 (239)
sigma32(+):    243   Score   1.92     -35 (209) aggattt >>> accactagta -10 (238)
sigma38(+):    236   Score   1.83     -35 (198) cagaaa >>> cacttt -10 (228)
sigma24(+):    208   Score   1.90     -35 (172) gaagtc >>> acaga -10 (201)

   Total:      4 promoter(s) predicted



>NEG_SPV_1525_CP027540.1_1547308_+
   Length of Query sequence:       300
sigma70(+):    214   Score   1.90     -35 (176) gagcaa >>> taacct -10 (206)
sigma32(+):    210   Score   1.92     -35 (174) atgagca >>> agccctaacc -10 (205)

   Total:      2 promoter(s) predicted



>NEG_SPV_0577_CP027540.1_599864_+
   Length of Query sequence:       300
sigma24(+):    232   Score   1.44     -35 (196) aaacag >>> accaa -10 (225)
sigma28(+):    215   Score   1.96     -35 (182) agaagaag >>> gaagaaag -10 (208)
sigma70(+):    206   Score   1.90     -35 (168) gaggaa >>> taaaac -10 (199)
sigma32(+):    203   Score   1.90     -35 (167) agaggaa >>> gcacctaaaa -10 (198)

   Total:      4 promoter(s) predicted



>NEG_SPV_0266_CP027540.1_265421_-
   Length of Query sequence:       300
sigma70(+):    230   Score   1.88     -35 (197) cttcta >>> tatcaa -10 (223)
sigma24(+):    227   Score   1.79     -35 (191) gaacgc >>> tctat -10 (220)
sigma32(+):    206   Score   1.47     -35 (170) atatgcc >>> aacgccttct -10 (201)

   Total:      3 promoter(s) predicted



>NEG_SPV_1749_CP027540.1_1743225_+
   Length of Query sequence:       300
sigma70(+):    235   Score   1.95     -35 (200) gcaatt >>> tataca -10 (228)
sigma38(+):    214   Score   1.88     -35 (178) gagtat >>> caattt -10 (206)
sigma28(+):    205   Score   1.96     -35 (171) agaaggag >>> tccaaaca -10 (198)
sigma24(+):    201   Score   1.96     -35 (168) aaaaga >>> tccaa -10 (195)

   Total:      4 promoter(s) predicted



>NEG_SPV_1965_CP027540.1_1934011_-
   Length of Query sequence:       300
sigma38(+):    227   Score   1.84     -35 (190) gttaaa >>> tactta -10 (219)
sigma70(+):    225   Score   1.90     -35 (190) gttaaa >>> tattac -10 (216)
sigma28(+):    217   Score   1.84     -35 (183) tggttggg >>> gcttatgg -10 (210)
sigma32(+):    207   Score   1.92     -35 (173) caatggc >>> aaagacaaag -10 (202)

   Total:      4 promoter(s) predicted



>NEG_SPV_0742_CP027540.1_754846_+
   Length of Query sequence:       300
sigma24(+):    241   Score   1.84     -35 (209) aaactt >>> tccca -10 (234)
sigma38(+):    221   Score   1.71     -35 (180) taacaa >>> caaact -10 (213)
sigma70(+):    220   Score   1.91     -35 (180) taacaa >>> caaact -10 (213)
sigma32(+):    207   Score   1.89     -35 (173) ttcttta >>> accgacaacc -10 (202)

   Total:      4 promoter(s) predicted



>NEG_SPV_1677_CP027540.1_1693295_-
   Length of Query sequence:       300
sigma38(+):    239   Score   1.93     -35 (204) ctgaaa >>> aaaagt -10 (231)
sigma24(+):    226   Score   1.87     -35 (190) gaaaaa >>> gctgt -10 (219)
sigma70(+):    224   Score   1.91     -35 (188) gtgaaa >>> tatgct -10 (217)
sigma28(+):    214   Score   1.96     -35 (181) gaaacgcg >>> tacgctga -10 (207)

   Total:      4 promoter(s) predicted



>NEG_SPV_1467_CP027540.1_1484563_-
   Length of Query sequence:       300
sigma38(+):    238   Score   1.90     -35 (200) tttact >>> caatct -10 (230)
sigma24(+):    235   Score   1.94     -35 (205) taaatt >>> tcaat -10 (228)
sigma70(+):    217   Score   1.94     -35 (183) gttaag >>> taaatt -10 (210)
sigma28(+):    209   Score   1.93     -35 (175) tgactgag >>> tctgattt -10 (202)

   Total:      4 promoter(s) predicted



>NEG_SPV_2030_CP027540.1_2009301_-
   Length of Query sequence:       300
sigma70(+):    250   Score   1.73     -35 (218) ttggta >>> gaatat -10 (245)
sigma32(+):    239   Score   1.84     -35 (204) agctcgt >>> gacagcattt -10 (234)
sigma24(+):    208   Score   1.85     -35 (172) ggactt >>> tctta -10 (201)
sigma28(+):    202   Score   1.44     -35 (169) acaggact >>> gttgatta -10 (196)

   Total:      4 promoter(s) predicted



>NEG_SPV_0311_CP027540.1_311372_+
   Length of Query sequence:       300
sigma70(+):    223   Score   1.97     -35 (186) gggatg >>> tatttt -10 (216)
sigma38(+):    217   Score   1.84     -35 (181) ctggcg >>> tagatt -10 (209)
sigma24(+):    204   Score   1.93     -35 (169) agacta >>> gccta -10 (197)

   Total:      3 promoter(s) predicted



>NEG_SPV_2012_CP027540.1_1989194_-
   Length of Query sequence:       300
sigma38(+):    228   Score   1.94     -35 (190) ttgaca >>> tatggt -10 (220)
sigma70(+):    227   Score   1.91     -35 (190) ttgaca >>> tatggt -10 (220)
sigma24(+):    223   Score   1.74     -35 (193) acacag >>> tcgta -10 (216)

   Total:      3 promoter(s) predicted



>NEG_SPV_1378_CP027540.1_1397888_-
   Length of Query sequence:       300
sigma70(+):    246   Score   1.91     -35 (207) ttgaag >>> tatgat -10 (236)
sigma38(+):    244   Score   1.92     -35 (207) ttgaag >>> tatgat -10 (236)
sigma24(+):    236   Score   1.82     -35 (203) gacttt >>> gcagt -10 (229)
sigma32(+):    225   Score   1.93     -35 (190) aagtcgc >>> agagccattg -10 (220)

   Total:      4 promoter(s) predicted



>NEG_SPV_1979_CP027540.1_1955507_+
   Length of Query sequence:       300
sigma24(+):    220   Score   1.95     -35 (189) aaactc >>> gcaaa -10 (213)
sigma28(+):    217   Score   1.96     -35 (183) gacagtaa >>> actgatgc -10 (210)
sigma70(+):    201   Score   1.91     -35 (167) tctata >>> taaact -10 (193)
sigma38(+):    201   Score   1.93     -35 (167) tctata >>> taaact -10 (193)

   Total:      4 promoter(s) predicted



>NEG_SPV_0099_CP027540.1_100932_+
   Length of Query sequence:       300
sigma32(+):    241   Score   1.76     -35 (205) tacttta >>> ctagccgtct -10 (236)
sigma38(+):    218   Score   1.86     -35 (181) gtgaca >>> tacttt -10 (210)
sigma70(+):    217   Score   1.83     -35 (181) gtgaca >>> tacttt -10 (210)

   Total:      3 promoter(s) predicted



>NEG_SPV_0853_CP027540.1_867745_+
   Length of Query sequence:       300
sigma28(+):    248   Score   1.96     -35 (215) gacagcca >>> tgggataa -10 (241)
sigma32(+):    230   Score   1.87     -35 (194) cttcaaa >>> acagccaatg -10 (225)
sigma24(+):    207   Score   1.86     -35 (173) tcatag >>> tcaaa -10 (200)

   Total:      3 promoter(s) predicted



>NEG_SPV_1298_CP027540.1_1317542_-
   Length of Query sequence:       300
sigma28(+):    244   Score   1.96     -35 (205) aaaaccag >>> catgacaa -10 (231)
sigma32(+):    243   Score   1.40     -35 (208) accagaa >>> acaaccatga -10 (237)
sigma24(+):    213   Score   1.84     -35 (182) gaaaca >>> tcaaa -10 (206)
sigma38(+):    207   Score   1.42     -35 (168) gttaca >>> aacgat -10 (199)

   Total:      4 promoter(s) predicted



>NEG_SPV_2297_CP027540.1_1063978_-
   Length of Query sequence:       300
sigma38(+):    245   Score   1.89     -35 (206) cttcct >>> caaatt -10 (237)
sigma70(+):    244   Score   1.91     -35 (207) ttccta >>> caaatt -10 (237)
sigma24(+):    242   Score   1.64     -35 (211) tatctg >>> tcaaa -10 (235)

   Total:      3 promoter(s) predicted



>NEG_SPV_1621_CP027540.1_1636707_-
   Length of Query sequence:       300
sigma32(+):    234   Score   1.81     -35 (198) ggttcga >>> agcgccagct -10 (229)

   Total:      1 promoter(s) predicted



>NEG_SPV_1018_CP027540.1_922375_-
   Length of Query sequence:       300
sigma38(+):    241   Score   1.91     -35 (202) gctaag >>> tatgaa -10 (233)
sigma70(+):    240   Score   1.89     -35 (202) gctaag >>> tatgaa -10 (233)
sigma24(+):    213   Score   1.85     -35 (177) aacatc >>> gctaa -10 (206)
sigma32(+):    201   Score   1.89     -35 (167) gggatga >>> aaagctacag -10 (196)

   Total:      4 promoter(s) predicted



>NEG_SPV_0176_CP027540.1_180640_+
   Length of Query sequence:       300
sigma32(+):    234   Score   1.89     -35 (198) gattaca >>> gtctctacat -10 (229)
sigma24(+):    223   Score   1.88     -35 (187) aaacca >>> tcaga -10 (216)
sigma38(+):    214   Score   1.79     -35 (179) ttacca >>> tacact -10 (206)
sigma70(+):    213   Score   1.90     -35 (179) ttacca >>> tacact -10 (206)

   Total:      4 promoter(s) predicted



>NEG_SPV_1213_CP027540.1_1244079_-
   Length of Query sequence:       300
sigma32(+):    242   Score   1.95     -35 (206) tgattgc >>> aacggccttt -10 (237)
sigma38(+):    208   Score   1.96     -35 (173) tttatt >>> tatttt -10 (200)
sigma70(+):    207   Score   1.97     -35 (173) tttatt >>> tatttt -10 (200)
sigma24(+):    204   Score   1.95     -35 (168) acatat >>> gctat -10 (197)
sigma28(+):    201   Score   1.97     -35 (167) tacatatt >>> gatgattg -10 (193)

   Total:      5 promoter(s) predicted



>NEG_SPV_1583_CP027540.1_1600457_-
   Length of Query sequence:       300
sigma38(+):    211   Score   1.95     -35 (176) tatcaa >>> aataat -10 (203)
sigma24(+):    207   Score   1.94     -35 (178) tcaatt >>> tcaat -10 (200)
sigma70(+):    201   Score   1.96     -35 (160) ttccac >>> taggtt -10 (192)

   Total:      3 promoter(s) predicted



>NEG_SPV_0833_CP027540.1_850182_+
   Length of Query sequence:       300
sigma28(+):    250   Score   1.95     -35 (218) tccatgaa >>> gcagaaga -10 (245)
sigma24(+):    229   Score   1.57     -35 (195) gaccaa >>> tccat -10 (222)
sigma70(+):    217   Score   1.61     -35 (181) ctcaat >>> gaattt -10 (210)
sigma32(+):    201   Score   1.93     -35 (165) gggagaa >>> gcccctatga -10 (196)

   Total:      4 promoter(s) predicted



>NEG_SPV_0042_CP027540.1_37176_+
   Length of Query sequence:       300
sigma38(+):    228   Score   1.89     -35 (194) ttgacc >>> caaatt -10 (220)
sigma24(+):    225   Score   1.95     -35 (196) gaccaa >>> tcaaa -10 (218)
sigma70(+):    221   Score   1.96     -35 (184) ttatca >>> gaaatt -10 (214)
sigma32(+):    211   Score   1.95     -35 (177) gcttgga >>> accaatattt -10 (206)

   Total:      4 promoter(s) predicted



>NEG_SPV_0910_CP027540.1_1042967_-
   Length of Query sequence:       300
sigma38(+):    238   Score   1.92     -35 (203) ttgcta >>> tatttt -10 (230)
sigma32(+):    234   Score   1.85     -35 (200) aacttgc >>> tcagctattt -10 (229)
sigma24(+):    226   Score   1.86     -35 (196) gaagaa >>> tcaat -10 (219)
sigma28(+):    219   Score   1.96     -35 (185) tgaccaat >>> gctaaaaa -10 (212)
sigma70(+):    219   Score   1.94     -35 (184) ttgacc >>> taaaaa -10 (212)

   Total:      5 promoter(s) predicted



>NEG_SPV_1178_CP027540.1_1209420_-
   Length of Query sequence:       300
sigma70(+):    250   Score   1.96     -35 (211) tccaaa >>> tattct -10 (244)
sigma28(+):    224   Score   1.82     -35 (191) tcggtgtt >>> tccaaaga -10 (218)
sigma32(+):    222   Score   1.93     -35 (188) aattcgg >>> tgctccaaag -10 (217)
sigma24(+):    222   Score   1.97     -35 (186) taaatt >>> tccaa -10 (215)
sigma38(+):    201   Score   1.94     -35 (158) tttcag >>> taaatt -10 (191)

   Total:      5 promoter(s) predicted



>NEG_SPV_0277_CP027540.1_275584_+
   Length of Query sequence:       300
sigma38(+):    250   Score   1.91     -35 (217) ttgctg >>> taaata -10 (244)
sigma28(+):    239   Score   1.92     -35 (199) tgcagaag >>> gctgatgt -10 (226)
sigma70(+):    222   Score   1.92     -35 (184) tggcaa >>> tattat -10 (215)
sigma32(+):    219   Score   1.92     -35 (183) atggcaa >>> agcgttatta -10 (214)
sigma24(+):    211   Score   1.71     -35 (176) tatctt >>> gcaga -10 (204)

   Total:      5 promoter(s) predicted



>NEG_SPV_1046_CP027540.1_1075336_-
   Length of Query sequence:       300
sigma38(+):    231   Score   1.90     -35 (195) ttggtc >>> tatgta -10 (223)
sigma70(+):    227   Score   1.90     -35 (192) gtgttg >>> gactat -10 (220)

   Total:      2 promoter(s) predicted



>NEG_SPV_1034_CP027540.1_904289_+
   Length of Query sequence:       300
sigma32(+):    250   Score   1.78     -35 (214) cgtttgg >>> taccttattt -10 (245)
sigma70(+):    236   Score   1.90     -35 (197) ctgcca >>> caatct -10 (228)
sigma38(+):    236   Score   1.68     -35 (197) ctgcca >>> caatct -10 (228)
sigma24(+):    233   Score   1.89     -35 (199) gccatt >>> tcaat -10 (226)

   Total:      4 promoter(s) predicted



>NEG_SPV_1544_CP027540.1_1567392_-
   Length of Query sequence:       300
sigma38(+):    250   Score   1.92     -35 (216) tttgtt >>> taccat -10 (242)
sigma70(+):    249   Score   1.90     -35 (216) tttgtt >>> taccat -10 (242)
sigma32(+):    243   Score   1.92     -35 (209) ggcataa >>> ggagccatta -10 (238)
sigma28(+):    237   Score   1.92     -35 (204) tgcagggc >>> gcggatgg -10 (230)
sigma24(+):    234   Score   1.76     -35 (198) gcattt >>> gcgga -10 (227)

   Total:      5 promoter(s) predicted



>NEG_SPV_1103_CP027540.1_1134792_-
   Length of Query sequence:       300
sigma38(+):    216   Score   1.80     -35 (176) ttggta >>> tatgaa -10 (208)
sigma70(+):    215   Score   1.92     -35 (176) ttggta >>> tatgaa -10 (208)

   Total:      2 promoter(s) predicted



>NEG_SPV_1764_CP027540.1_1763828_-
   Length of Query sequence:       300
sigma24(+):    239   Score   1.81     -35 (203) caagta >>> tccat -10 (232)
sigma32(+):    208   Score   1.84     -35 (173) tactggc >>> agccccttac -10 (203)

   Total:      2 promoter(s) predicted



>NEG_SPV_0375_CP027540.1_380796_-
   Length of Query sequence:       300
sigma38(+):    247   Score   1.91     -35 (212) cttaca >>> tatgtt -10 (239)
sigma32(+):    235   Score   1.92     -35 (200) aagtcat >>> tcaaccatga -10 (230)
sigma24(+):    208   Score   1.89     -35 (175) gaacat >>> actga -10 (200)
sigma70(+):    205   Score   1.93     -35 (169) ttggat >>> tatact -10 (198)

   Total:      4 promoter(s) predicted



>NEG_SPV_1049_CP027540.1_1079145_-
   Length of Query sequence:       300
sigma24(+):    247   Score   1.92     -35 (211) aacctt >>> tctta -10 (240)
sigma70(+):    242   Score   1.96     -35 (202) tctcta >>> tactgt -10 (235)
sigma38(+):    223   Score   1.82     -35 (185) tatccg >>> taacct -10 (215)
sigma32(+):    215   Score   1.91     -35 (181) tcattat >>> atctctatgt -10 (210)

   Total:      4 promoter(s) predicted



>NEG_SPV_0432_CP027540.1_437379_+
   Length of Query sequence:       300
sigma24(+):    240   Score   1.94     -35 (211) gaaagt >>> tcaat -10 (233)
sigma70(+):    223   Score   1.89     -35 (187) ttggtt >>> gaaagt -10 (216)

   Total:      2 promoter(s) predicted



>NEG_SPV_1853_CP027540.1_1836971_-
   Length of Query sequence:       300
sigma28(+):    235   Score   1.92     -35 (196) gaaatgta >>> tccaaaaa -10 (222)
sigma24(+):    226   Score   1.96     -35 (196) gaaatg >>> tccaa -10 (219)
sigma70(+):    224   Score   1.91     -35 (187) ttggct >>> tatcca -10 (218)
sigma32(+):    222   Score   1.90     -35 (188) tggctta >>> gaccgtatcc -10 (217)

   Total:      4 promoter(s) predicted



>NEG_SPV_1256_CP027540.1_1285128_-
   Length of Query sequence:       300
sigma24(+):    248   Score   1.87     -35 (217) gatttt >>> tctga -10 (241)
sigma32(+):    244   Score   1.93     -35 (209) ggctaca >>> tacaccatct -10 (239)
sigma38(+):    244   Score   1.77     -35 (207) ctggct >>> tacacc -10 (235)
sigma70(+):    229   Score   1.83     -35 (193) ttgccc >>> gatttt -10 (222)

   Total:      4 promoter(s) predicted



>NEG_SPV_1592_CP027540.1_1609173_-
   Length of Query sequence:       300
sigma28(+):    248   Score   1.95     -35 (213) ttagtttg >>> gaagatat -10 (240)
sigma70(+):    246   Score   1.94     -35 (210) ttgtta >>> gaagat -10 (238)
sigma38(+):    227   Score   1.94     -35 (190) tagcca >>> tagttt -10 (219)
sigma32(+):    203   Score   1.88     -35 (167) cagaaac >>> gtagccaggc -10 (198)

   Total:      4 promoter(s) predicted



>NEG_SPV_0653_CP027540.1_672150_+
   Length of Query sequence:       300
sigma32(+):    221   Score   1.92     -35 (185) tgtccaa >>> aaagccatgc -10 (216)
sigma70(+):    211   Score   1.92     -35 (171) ttgtta >>> taagat -10 (202)
sigma38(+):    210   Score   1.95     -35 (173) gttaca >>> taagat -10 (202)
sigma28(+):    207   Score   1.91     -35 (176) acaagtca >>> gactaaga -10 (201)
sigma24(+):    206   Score   1.90     -35 (176) acaagt >>> actaa -10 (199)

   Total:      5 promoter(s) predicted



>NEG_SPV_1502_CP027540.1_1520508_-
   Length of Query sequence:       300
sigma38(+):    231   Score   1.92     -35 (193) cttcca >>> aacagt -10 (223)
sigma28(+):    229   Score   1.97     -35 (195) tccatatc >>> gccaacag -10 (222)
sigma24(+):    212   Score   1.92     -35 (179) gacttt >>> tcgga -10 (205)
sigma32(+):    208   Score   1.93     -35 (174) catttga >>> ttccatatcg -10 (203)

   Total:      4 promoter(s) predicted



>NEG_SPV_2035_CP027540.1_2014742_-
   Length of Query sequence:       300
sigma70(+):    248   Score   1.91     -35 (211) cagaaa >>> taaagt -10 (241)
sigma38(+):    247   Score   1.66     -35 (211) cagaaa >>> taaagt -10 (241)
sigma24(+):    245   Score   1.89     -35 (213) gaaatg >>> gctaa -10 (238)
sigma32(+):    220   Score   1.91     -35 (185) tcatgcg >>> aaagacagaa -10 (215)
sigma28(+):    201   Score   1.96     -35 (169) aaaagcca >>> tgcggtaa -10 (195)

   Total:      5 promoter(s) predicted



>NEG_SPV_1312_CP027540.1_1330939_+
   Length of Query sequence:       300
sigma70(+):    250   Score   1.94     -35 (215) ttgatg >>> gaagct -10 (243)
sigma38(+):    234   Score   1.90     -35 (200) ttgctg >>> tatgta -10 (226)
sigma24(+):    218   Score   1.97     -35 (184) gcacca >>> acaga -10 (211)
sigma28(+):    216   Score   1.91     -35 (184) gcaccaaa >>> gctggaca -10 (209)
sigma32(+):    201   Score   1.90     -35 (162) agcccaa >>> agcaccaaat -10 (192)

   Total:      5 promoter(s) predicted



>NEG_SPV_1969_CP027540.1_1939198_-
   Length of Query sequence:       300
sigma38(+):    233   Score   1.85     -35 (195) ttgcag >>> aacagt -10 (225)
sigma28(+):    230   Score   1.93     -35 (196) tgcaggaa >>> gcccaaca -10 (223)
sigma24(+):    216   Score   0.37     -35 (186) gcagag >>> tcgaa -10 (209)

   Total:      3 promoter(s) predicted



>NEG_SPV_1167_CP027540.1_1195193_-
   Length of Query sequence:       300
sigma38(+):    248   Score   1.86     -35 (214) tatctg >>> aattat -10 (242)
sigma32(+):    223   Score   1.93     -35 (188) agatgaa >>> agatctatct -10 (218)
sigma24(+):    222   Score   1.50     -35 (192) gaacct >>> tctat -10 (216)
sigma70(+):    204   Score   1.96     -35 (164) tatgaa >>> gaacct -10 (197)

   Total:      4 promoter(s) predicted



>NEG_SPV_1109_CP027540.1_1143633_-
   Length of Query sequence:       300
sigma24(+):    246   Score   1.97     -35 (211) gatcag >>> tcaga -10 (239)
sigma38(+):    243   Score   1.94     -35 (208) ttggat >>> taaaat -10 (235)
sigma32(+):    202   Score   1.91     -35 (163) aaaacaa >>> caagctaata -10 (193)
sigma70(+):    202   Score   1.96     -35 (167) caaaca >>> taataa -10 (194)
sigma28(+):    201   Score   1.97     -35 (167) caaacaaa >>> gctaataa -10 (194)

   Total:      5 promoter(s) predicted



>NEG_SPV_1051_CP027540.1_1080806_-
   Length of Query sequence:       300
sigma24(+):    243   Score   1.78     -35 (213) gaattt >>> tcaca -10 (236)
sigma70(+):    225   Score   1.90     -35 (186) ttggat >>> gaattt -10 (218)
sigma38(+):    215   Score   1.16     -35 (175) ggtaaa >>> tactgt -10 (207)

   Total:      3 promoter(s) predicted



>NEG_SPV_1843_CP027540.1_1829940_-
   Length of Query sequence:       300
sigma28(+):    244   Score   1.95     -35 (212) tcaaggat >>> gacagaaa -10 (238)
sigma38(+):    230   Score   1.84     -35 (197) tcgcag >>> tactta -10 (224)
sigma70(+):    229   Score   1.95     -35 (192) tgccat >>> gatact -10 (222)
sigma24(+):    221   Score   1.84     -35 (186) tcatca >>> tctca -10 (214)
sigma32(+):    217   Score   1.92     -35 (183) tggtcat >>> ctctccatct -10 (212)

   Total:      5 promoter(s) predicted



>NEG_SPV_1446_CP027540.1_1463145_-
   Length of Query sequence:       300
sigma38(+):    213   Score   1.36     -35 (175) tttctt >>> tattgt -10 (205)
sigma70(+):    212   Score   1.90     -35 (175) tttctt >>> tattgt -10 (205)

   Total:      2 promoter(s) predicted



>NEG_SPV_0646_CP027540.1_666828_-
   Length of Query sequence:       300
sigma70(+):    244   Score   1.96     -35 (208) tatcac >>> taagtt -10 (237)
sigma24(+):    240   Score   1.93     -35 (210) tcaccg >>> actaa -10 (234)
sigma38(+):    240   Score   1.93     -35 (201) ttgaag >>> aaaact -10 (232)
sigma28(+):    236   Score   1.95     -35 (202) tgaagcta >>> caagaaaa -10 (228)
sigma32(+):    217   Score   1.91     -35 (182) ttgtctt >>> gaagctatca -10 (212)

   Total:      5 promoter(s) predicted



>NEG_SPV_0787_CP027540.1_802311_-
   Length of Query sequence:       300
sigma28(+):    242   Score   1.85     -35 (209) agctggcg >>> ggcaatga -10 (235)
sigma24(+):    208   Score   1.95     -35 (174) tccctt >>> tcgta -10 (201)
sigma38(+):    205   Score   1.80     -35 (169) ttgact >>> tattct -10 (197)
sigma70(+):    204   Score   1.94     -35 (169) ttgact >>> tattct -10 (197)
sigma32(+):    201   Score   1.90     -35 (166) actttga >>> taacctattc -10 (196)

   Total:      5 promoter(s) predicted



>NEG_SPV_0577_CP027540.1_603334_+
   Length of Query sequence:       300
sigma32(+):    230   Score   1.94     -35 (194) atgttca >>> accgttattg -10 (225)
sigma38(+):    220   Score   1.91     -35 (184) ttgaat >>> tatgat -10 (212)
sigma70(+):    219   Score   1.94     -35 (184) ttgaat >>> tatgat -10 (212)
sigma24(+):    215   Score   1.83     -35 (186) gaataa >>> tcgta -10 (208)

   Total:      4 promoter(s) predicted



>NEG_SPV_0244_CP027540.1_235173_+
   Length of Query sequence:       300
sigma24(+):    248   Score   1.86     -35 (219) gcctat >>> tcaat -10 (241)
sigma38(+):    235   Score   1.86     -35 (195) ttgcca >>> tatagt -10 (227)
sigma70(+):    233   Score   1.92     -35 (195) ttgcca >>> tatagt -10 (227)

   Total:      3 promoter(s) predicted



>NEG_SPV_0671_CP027540.1_692067_+
   Length of Query sequence:       300
sigma32(+):    244   Score   1.91     -35 (208) gttttag >>> ccaaccattt -10 (239)
sigma24(+):    236   Score   1.69     -35 (201) aaacaa >>> gccga -10 (229)
sigma38(+):    218   Score   1.86     -35 (177) tttctg >>> aacgtt -10 (210)

   Total:      3 promoter(s) predicted



>NEG_SPV_1084_CP027540.1_1115130_-
   Length of Query sequence:       300
sigma24(+):    207   Score   1.89     -35 (175) gattat >>> gccaa -10 (201)
sigma32(+):    202   Score   1.94     -35 (166) tcggggt >>> aacgatacag -10 (197)
sigma28(+):    201   Score   1.93     -35 (161) aaccgtcg >>> catgatta -10 (188)
sigma38(+):    201   Score   1.71     -35 (163) ccgtcg >>> aacgat -10 (193)

   Total:      4 promoter(s) predicted



>NEG_SPV_0577_CP027540.1_601194_+
   Length of Query sequence:       300
sigma38(+):    242   Score   1.94     -35 (205) tttacg >>> caaagt -10 (234)
sigma70(+):    241   Score   1.96     -35 (205) tttacg >>> caaagt -10 (234)
sigma24(+):    239   Score   1.93     -35 (203) tattta >>> acaaa -10 (232)
sigma28(+):    201   Score   1.97     -35 (162) agagctta >>> accgacag -10 (188)
sigma32(+):    201   Score   1.84     -35 (161) aagagct >>> accgacagat -10 (190)

   Total:      5 promoter(s) predicted



>NEG_SPV_1910_CP027540.1_1882694_+
   Length of Query sequence:       300
sigma24(+):    234   Score   1.83     -35 (204) acactt >>> tctgt -10 (227)
sigma28(+):    217   Score   1.91     -35 (182) aaaccaca >>> gccaacac -10 (207)
sigma38(+):    216   Score   1.95     -35 (179) ctgaaa >>> aacact -10 (208)
sigma70(+):    201   Score   1.94     -35 (167) ttgaag >>> gaatat -10 (195)
sigma32(+):    201   Score   1.94     -35 (161) aatttat >>> aaccacagaa -10 (192)

   Total:      5 promoter(s) predicted



>NEG_SPV_1109_CP027540.1_1143423_-
   Length of Query sequence:       300
sigma24(+):    233   Score   1.98     -35 (199) gaattt >>> tcaga -10 (226)
sigma38(+):    224   Score   1.94     -35 (185) ttaata >>> cacttt -10 (216)
sigma70(+):    211   Score   1.83     -35 (173) ttggtg >>> gaattt -10 (204)
sigma28(+):    206   Score   1.68     -35 (173) ttggtgta >>> tcagaaag -10 (199)
sigma32(+):    202   Score   1.94     -35 (166) cctttct >>> atagtcagaa -10 (197)

   Total:      5 promoter(s) predicted



>NEG_SPV_1384_CP027540.1_1405593_+
   Length of Query sequence:       300
sigma28(+):    245   Score   1.94     -35 (213) gtcaaaaa >>> tctgctat -10 (238)
sigma32(+):    231   Score   1.94     -35 (198) aaattac >>> aaaaccaaac -10 (227)
sigma24(+):    225   Score   1.95     -35 (191) gacatt >>> tcaaa -10 (218)
sigma70(+):    210   Score   1.91     -35 (172) gttaaa >>> caaatt -10 (202)
sigma38(+):    210   Score   1.94     -35 (172) gttaaa >>> caaatt -10 (202)

   Total:      5 promoter(s) predicted



>NEG_SPV_1488_CP027540.1_1505737_-
   Length of Query sequence:       300
sigma32(+):    245   Score   1.74     -35 (211) cactttg >>> accggtatcg -10 (240)
sigma38(+):    224   Score   1.82     -35 (187) gttcag >>> cacttt -10 (216)
sigma70(+):    221   Score   1.90     -35 (187) gttcag >>> gacact -10 (214)

   Total:      3 promoter(s) predicted



>NEG_SPV_1638_CP027540.1_1653108_-
   Length of Query sequence:       300
sigma38(+):    236   Score   1.40     -35 (197) cacgaa >>> aatgat -10 (230)
sigma24(+):    234   Score   1.77     -35 (200) gaagat >>> tcaat -10 (227)
sigma32(+):    225   Score   1.87     -35 (191) aaatgtc >>> atccgcaacc -10 (220)
sigma70(+):    201   Score   1.91     -35 (162) gtaacg >>> gaaaat -10 (194)

   Total:      4 promoter(s) predicted



>NEG_SPV_1015_CP027540.1_934780_-
   Length of Query sequence:       300
sigma24(+):    230   Score   1.94     -35 (197) aaaatt >>> tctaa -10 (223)
sigma28(+):    230   Score   1.92     -35 (196) taaaattt >>> gcttctaa -10 (223)
sigma32(+):    216   Score   1.92     -35 (180) ctctacc >>> ttctccatca -10 (211)
sigma38(+):    209   Score   1.91     -35 (173) gggcaa >>> taaaat -10 (201)
sigma70(+):    208   Score   1.93     -35 (173) gggcaa >>> taaaat -10 (201)

   Total:      5 promoter(s) predicted



>NEG_SPV_0819_CP027540.1_837757_+
   Length of Query sequence:       300
sigma32(+):    233   Score   1.72     -35 (198) cagggct >>> ttccaccttg -10 (228)
sigma38(+):    228   Score   1.84     -35 (194) cagtca >>> tatgtt -10 (220)
sigma70(+):    227   Score   1.90     -35 (194) cagtca >>> tatgtt -10 (220)
sigma24(+):    204   Score   1.74     -35 (175) gaaact >>> tcagt -10 (197)

   Total:      4 promoter(s) predicted



>NEG_SPV_0070_CP027540.1_70949_+
   Length of Query sequence:       300
sigma70(+):    250   Score   1.91     -35 (211) ttgaag >>> taaagt -10 (241)
sigma28(+):    249   Score   1.96     -35 (212) tgaagttg >>> gcccgtaa -10 (238)
sigma38(+):    249   Score   1.95     -35 (211) ttgaag >>> taaagt -10 (241)
sigma24(+):    212   Score   1.80     -35 (177) gatcct >>> tctga -10 (205)

   Total:      4 promoter(s) predicted



>NEG_SPV_1192_CP027540.1_1219867_-
   Length of Query sequence:       300
sigma38(+):    228   Score   1.91     -35 (188) cttaat >>> aacttt -10 (220)
sigma32(+):    222   Score   1.93     -35 (187) gcttaat >>> aacctcaact -10 (218)
sigma24(+):    212   Score   1.92     -35 (179) aaacac >>> tctca -10 (205)
sigma70(+):    202   Score   1.91     -35 (166) gagaaa >>> taattt -10 (195)

   Total:      4 promoter(s) predicted



>NEG_SPV_0788_CP027540.1_806560_+
   Length of Query sequence:       300
sigma32(+):    217   Score   1.93     -35 (183) cactctc >>> atcgtcaggt -10 (212)
sigma70(+):    215   Score   1.92     -35 (175) ttggat >>> tatcgt -10 (207)
sigma38(+):    215   Score   1.82     -35 (175) ttggat >>> tatcgt -10 (207)
sigma24(+):    204   Score   1.97     -35 (171) aaaatt >>> tcaga -10 (197)

   Total:      4 promoter(s) predicted



>NEG_SPV_0444_CP027540.1_450879_+
   Length of Query sequence:       300
sigma32(+):    250   Score   1.94     -35 (217) atctcag >>> aaaaccatct -10 (246)
sigma70(+):    247   Score   1.94     -35 (214) ttgatc >>> taaaac -10 (241)
sigma28(+):    237   Score   1.96     -35 (203) aaatgaag >>> gctcacta -10 (230)
sigma24(+):    236   Score   1.95     -35 (203) aaatga >>> tcact -10 (229)

   Total:      4 promoter(s) predicted



>NEG_SPV_1175_CP027540.1_1204939_-
   Length of Query sequence:       300
sigma28(+):    250   Score   1.97     -35 (212) acaatttt >>> gataatat -10 (239)
sigma70(+):    246   Score   1.96     -35 (208) tagcac >>> taatat -10 (239)
sigma24(+):    221   Score   1.92     -35 (190) gcaaca >>> gcaca -10 (214)
sigma38(+):    207   Score   1.95     -35 (172) tatctg >>> caaatt -10 (199)

   Total:      4 promoter(s) predicted



>NEG_SPV_0515_CP027540.1_528470_+
   Length of Query sequence:       300
sigma38(+):    240   Score   1.88     -35 (206) ttttaa >>> cacagt -10 (232)
sigma32(+):    233   Score   1.89     -35 (197) ggatgaa >>> aacggtatca -10 (228)
sigma70(+):    213   Score   1.90     -35 (177) gataag >>> gaagat -10 (206)
sigma28(+):    211   Score   1.95     -35 (178) ataagttt >>> gatgaaga -10 (205)
sigma24(+):    202   Score   1.90     -35 (167) aaactt >>> gctat -10 (196)

   Total:      5 promoter(s) predicted



>NEG_SPV_0868_CP027540.1_883560_+
   Length of Query sequence:       300
sigma38(+):    240   Score   1.76     -35 (207) caaaag >>> tacctt -10 (234)
sigma70(+):    223   Score   1.96     -35 (190) ttcaac >>> gaaaat -10 (217)
sigma28(+):    208   Score   1.85     -35 (176) ttagccaa >>> actgatga -10 (201)
sigma24(+):    205   Score   1.73     -35 (172) tcaatt >>> actga -10 (198)

   Total:      4 promoter(s) predicted



>NEG_SPV_2014_CP027540.1_1992169_-
   Length of Query sequence:       300
sigma32(+):    247   Score   1.95     -35 (211) aagtacc >>> atccatattt -10 (242)
sigma24(+):    245   Score   1.91     -35 (209) acaagt >>> tccat -10 (238)
sigma70(+):    204   Score   1.91     -35 (164) gtgctc >>> tatatt -10 (195)
sigma38(+):    203   Score   1.94     -35 (167) ctcaag >>> tatatt -10 (195)

   Total:      4 promoter(s) predicted



>NEG_SPV_0616_CP027540.1_638372_-
   Length of Query sequence:       300
sigma38(+):    227   Score   1.50     -35 (187) tatcaa >>> taccat -10 (219)
sigma70(+):    226   Score   1.88     -35 (187) tatcaa >>> taccat -10 (219)
sigma32(+):    223   Score   1.90     -35 (189) tcaatga >>> ggccgtacca -10 (218)
sigma28(+):    215   Score   1.94     -35 (181) ggaactta >>> gcccaaga -10 (207)
sigma24(+):    211   Score   1.83     -35 (182) gaactt >>> gccca -10 (204)

   Total:      5 promoter(s) predicted



>NEG_SPV_0828_CP027540.1_846385_+
   Length of Query sequence:       300
sigma38(+):    230   Score   1.44     -35 (194) gagaaa >>> aatttt -10 (222)
sigma24(+):    220   Score   0.69     -35 (190) taccga >>> gcaga -10 (213)
sigma32(+):    219   Score   1.91     -35 (183) ggttttt >>> gtcagcagaa -10 (214)
sigma70(+):    208   Score   1.97     -35 (173) tatctt >>> gaaaat -10 (201)

   Total:      4 promoter(s) predicted



>NEG_SPV_0679_CP027540.1_697184_+
   Length of Query sequence:       300
sigma32(+):    249   Score   1.84     -35 (215) ttcttca >>> atcctcagta -10 (244)
sigma70(+):    248   Score   1.89     -35 (213) ttttct >>> tatcct -10 (239)
sigma38(+):    247   Score   1.66     -35 (213) ttttct >>> tatcct -10 (239)
sigma28(+):    218   Score   1.82     -35 (184) gcaaggag >>> gatgatag -10 (211)

   Total:      4 promoter(s) predicted



>NEG_SPV_1460_CP027540.1_1475791_-
   Length of Query sequence:       300
sigma28(+):    250   Score   1.93     -35 (219) aaaagata >>> gcttatca -10 (245)
sigma70(+):    237   Score   1.90     -35 (200) tttctg >>> taaggt -10 (230)
sigma24(+):    228   Score   1.35     -35 (196) gccctt >>> gcaaa -10 (221)
sigma32(+):    227   Score   1.91     -35 (192) ccgtgcc >>> agaggcaaaa -10 (222)

   Total:      4 promoter(s) predicted



>NEG_SPV_1758_CP027540.1_1753289_-
   Length of Query sequence:       300
sigma38(+):    250   Score   1.83     -35 (211) ttgatt >>> aattgt -10 (242)
sigma70(+):    247   Score   1.91     -35 (211) ttgatt >>> gaaatt -10 (240)
sigma28(+):    234   Score   1.91     -35 (201) tccaaatg >>> gaagacaa -10 (227)
sigma24(+):    212   Score   1.91     -35 (179) aaactg >>> tccaa -10 (205)

   Total:      4 promoter(s) predicted



>NEG_SPV_0665_CP027540.1_686169_+
   Length of Query sequence:       300
sigma24(+):    239   Score   1.61     -35 (206) gatcaa >>> acaaa -10 (232)
sigma32(+):    225   Score   1.92     -35 (190) tgatatt >>> agcggcagct -10 (220)
sigma38(+):    206   Score   1.93     -35 (165) ttggaa >>> tattgt -10 (198)
sigma70(+):    205   Score   1.92     -35 (165) ttggaa >>> tattgt -10 (198)

   Total:      4 promoter(s) predicted



>NEG_SPV_1359_CP027540.1_1376046_+
   Length of Query sequence:       300
sigma24(+):    223   Score   1.87     -35 (190) aaactc >>> tccaa -10 (216)
sigma28(+):    210   Score   1.95     -35 (177) ttcagcta >>> gctggaga -10 (203)
sigma38(+):    202   Score   1.90     -35 (168) ctttag >>> taaact -10 (194)
sigma70(+):    201   Score   1.90     -35 (168) ctttag >>> taaact -10 (194)

   Total:      4 promoter(s) predicted



>NEG_SPV_0038_CP027540.1_32105_+
   Length of Query sequence:       300
sigma32(+):    245   Score   1.87     -35 (211) tgcctgg >>> agctctatgc -10 (240)
sigma38(+):    209   Score   1.70     -35 (174) ttggtg >>> taattt -10 (201)
sigma70(+):    206   Score   1.94     -35 (171) tttttg >>> gataat -10 (199)
sigma24(+):    202   Score   0.98     -35 (169) gctttt >>> acaga -10 (195)

   Total:      4 promoter(s) predicted



>NEG_SPV_1238_CP027540.1_1268831_-
   Length of Query sequence:       300
sigma32(+):    250   Score   1.79     -35 (214) cactgat >>> agcgacacga -10 (245)
sigma38(+):    234   Score   1.90     -35 (198) ttgcca >>> tacgct -10 (226)
sigma70(+):    233   Score   1.91     -35 (198) ttgcca >>> tacgct -10 (226)
sigma24(+):    205   Score   1.81     -35 (173) caacat >>> tcttt -10 (198)

   Total:      4 promoter(s) predicted



>NEG_SPV_0460_CP027540.1_470554_+
   Length of Query sequence:       300
sigma24(+):    248   Score   1.66     -35 (214) gacctt >>> acaaa -10 (241)
sigma38(+):    240   Score   1.35     -35 (205) gcgaag >>> taactt -10 (232)
sigma70(+):    239   Score   1.87     -35 (205) gcgaag >>> taactt -10 (232)
sigma28(+):    210   Score   1.96     -35 (177) gcaacgtt >>> gctgaaaa -10 (203)

   Total:      4 promoter(s) predicted



>NEG_SPV_0240_CP027540.1_231147_+
   Length of Query sequence:       300
sigma32(+):    227   Score   1.87     -35 (191) gatttaa >>> atcagcgtca -10 (222)
sigma38(+):    220   Score   1.91     -35 (182) ttggtt >>> caatct -10 (212)
sigma70(+):    219   Score   1.71     -35 (182) ttggtt >>> caatct -10 (212)

   Total:      3 promoter(s) predicted



>NEG_SPV_0575_CP027540.1_597102_+
   Length of Query sequence:       300
On chain+ promoters not found

   Total:      0 promoter(s) predicted



>NEG_SPV_1819_CP027540.1_1803895_-
   Length of Query sequence:       300
sigma70(+):    243   Score   1.94     -35 (204) cacacg >>> cattat -10 (236)
sigma32(+):    240   Score   1.67     -35 (206) cacggga >>> aactccatta -10 (235)

   Total:      2 promoter(s) predicted



>NEG_SPV_0948_CP027540.1_1005180_-
   Length of Query sequence:       300
sigma32(+):    242   Score   1.95     -35 (206) tcatata >>> atcccctttc -10 (237)
sigma24(+):    217   Score   1.94     -35 (186) aaacta >>> tcata -10 (210)
sigma28(+):    216   Score   1.97     -35 (185) aaaactaa >>> gctcatat -10 (211)
sigma38(+):    214   Score   1.95     -35 (175) tttatc >>> taggct -10 (206)
sigma70(+):    213   Score   1.96     -35 (175) tttatc >>> taggct -10 (206)

   Total:      5 promoter(s) predicted



>NEG_SPV_1177_CP027540.1_1206956_-
   Length of Query sequence:       300
sigma38(+):    248   Score   1.94     -35 (210) ttgtat >>> taaatt -10 (240)
sigma70(+):    247   Score   1.96     -35 (210) ttgtat >>> taaatt -10 (240)
sigma32(+):    237   Score   1.94     -35 (202) gaaagat >>> tacaccagaa -10 (232)
sigma24(+):    229   Score   1.97     -35 (196) acacat >>> tctat -10 (222)
sigma28(+):    213   Score   1.97     -35 (179) tcatcaat >>> catgaaag -10 (206)

   Total:      5 promoter(s) predicted



>NEG_SPV_1358_CP027540.1_1374768_-
   Length of Query sequence:       300
sigma70(+):    250   Score   1.84     -35 (213) tttccc >>> gatttt -10 (244)
sigma24(+):    243   Score   1.75     -35 (210) gatttt >>> tccga -10 (237)
sigma38(+):    201   Score   1.93     -35 (161) tgggca >>> aaagct -10 (193)

   Total:      3 promoter(s) predicted



>NEG_SPV_1927_CP027540.1_1899405_-
   Length of Query sequence:       300
sigma24(+):    245   Score   1.21     -35 (215) aaactg >>> acaga -10 (238)
sigma32(+):    230   Score   1.93     -35 (195) agatcag >>> aactgcaaca -10 (225)
sigma38(+):    227   Score   1.92     -35 (193) ttagat >>> aaaact -10 (219)
sigma70(+):    222   Score   1.88     -35 (184) gggaat >>> gaaaaa -10 (215)

   Total:      4 promoter(s) predicted



>NEG_SPV_0572_CP027540.1_594451_+
   Length of Query sequence:       300
sigma32(+):    247   Score   1.92     -35 (212) ctatgtg >>> gtcaccagga -10 (242)
sigma38(+):    242   Score   1.81     -35 (205) gtgatg >>> tagtgt -10 (234)
sigma70(+):    206   Score   1.90     -35 (172) ttccag >>> taaaga -10 (199)
sigma28(+):    205   Score   1.88     -35 (173) tccagata >>> gctaaaga -10 (199)

   Total:      4 promoter(s) predicted



>NEG_SPV_1726_CP027540.1_1722023_-
   Length of Query sequence:       300
sigma70(+):    236   Score   1.96     -35 (203) tttgac >>> tagtat -10 (229)
sigma32(+):    233   Score   1.92     -35 (199) aggattt >>> accactagta -10 (228)
sigma38(+):    226   Score   1.83     -35 (188) cagaaa >>> cacttt -10 (218)
sigma24(+):    223   Score   1.80     -35 (190) gaaatg >>> tcact -10 (216)

   Total:      4 promoter(s) predicted



>NEG_SPV_1137_CP027540.1_1171789_+
   Length of Query sequence:       300
sigma38(+):    215   Score   1.93     -35 (178) tgtccg >>> tattat -10 (207)
sigma70(+):    214   Score   1.97     -35 (177) ctgtcc >>> tattat -10 (207)
sigma32(+):    211   Score   1.88     -35 (175) aactgtc >>> atcggtatta -10 (206)
sigma24(+):    208   Score   1.93     -35 (174) taactg >>> tcggt -10 (202)
sigma28(+):    205   Score   1.96     -35 (169) acaactaa >>> caagaaaa -10 (195)

   Total:      5 promoter(s) predicted



>NEG_SPV_1580_CP027540.1_1597090_+
   Length of Query sequence:       300
sigma38(+):    236   Score   1.57     -35 (199) ttcatc >>> aagact -10 (228)
sigma24(+):    227   Score   1.95     -35 (195) gaaatt >>> accaa -10 (220)
sigma70(+):    207   Score   1.92     -35 (169) ctggtg >>> gaaatt -10 (200)

   Total:      3 promoter(s) predicted



>NEG_SPV_1778_CP027540.1_1775312_-
   Length of Query sequence:       300
sigma70(+):    234   Score   1.91     -35 (199) ttgact >>> gattat -10 (227)
sigma24(+):    215   Score   1.89     -35 (180) gaatac >>> tctaa -10 (208)

   Total:      2 promoter(s) predicted



>NEG_SPV_1179_CP027540.1_1210593_-
   Length of Query sequence:       300
sigma38(+):    249   Score   1.95     -35 (212) gaaata >>> tatact -10 (241)
sigma24(+):    237   Score   1.98     -35 (201) aactag >>> gctta -10 (230)
sigma28(+):    231   Score   1.96     -35 (199) taaactag >>> actaatta -10 (224)
sigma70(+):    211   Score   1.97     -35 (173) tttctt >>> taaact -10 (204)

   Total:      4 promoter(s) predicted



>NEG_SPV_1079_CP027540.1_1109855_-
   Length of Query sequence:       300
sigma32(+):    220   Score   1.63     -35 (184) gataaac >>> atctgcattg -10 (215)
sigma24(+):    213   Score   0.86     -35 (180) gcacga >>> actga -10 (206)
sigma38(+):    203   Score   1.85     -35 (164) tttatt >>> taaact -10 (191)
sigma70(+):    201   Score   1.92     -35 (164) tttatt >>> taaact -10 (191)

   Total:      4 promoter(s) predicted



>NEG_SPV_2002_CP027540.1_1978359_-
   Length of Query sequence:       300
sigma24(+):    230   Score   1.82     -35 (194) aacatc >>> tcaat -10 (223)
sigma38(+):    212   Score   1.83     -35 (178) ttgact >>> caatct -10 (204)
sigma70(+):    211   Score   1.90     -35 (178) ttgact >>> caatct -10 (204)

   Total:      3 promoter(s) predicted



>NEG_SPV_0052_CP027540.1_47965_+
   Length of Query sequence:       300
sigma24(+):    247   Score   1.44     -35 (216) tacctt >>> acaaa -10 (240)
sigma70(+):    246   Score   1.91     -35 (211) gtggat >>> taacaa -10 (239)
sigma38(+):    229   Score   1.57     -35 (193) gtggtt >>> tacctt -10 (221)
sigma28(+):    216   Score   1.37     -35 (182) ggatggcg >>> cctgaaga -10 (209)

   Total:      4 promoter(s) predicted



>NEG_SPV_0250_CP027540.1_246490_-
   Length of Query sequence:       300
sigma32(+):    242   Score   1.94     -35 (208) gtatgac >>> gtaggcactt -10 (237)
sigma28(+):    223   Score   1.85     -35 (191) ctatgtcc >>> tatgacag -10 (216)
sigma38(+):    211   Score   1.95     -35 (175) tttaca >>> catgat -10 (203)
sigma24(+):    207   Score   1.94     -35 (178) acacaa >>> tccat -10 (200)
sigma70(+):    201   Score   1.96     -35 (165) gatgaa >>> tactat -10 (194)

   Total:      5 promoter(s) predicted



>NEG_SPV_0717_CP027540.1_733323_-
   Length of Query sequence:       300
sigma24(+):    245   Score   1.75     -35 (212) caacta >>> tcaat -10 (238)
sigma32(+):    244   Score   1.87     -35 (208) actgcaa >>> accctcaatg -10 (239)
sigma70(+):    241   Score   1.88     -35 (201) gtggag >>> taccct -10 (234)

   Total:      3 promoter(s) predicted



>NEG_SPV_0538_CP027540.1_551787_+
   Length of Query sequence:       300
sigma28(+):    216   Score   1.44     -35 (177) tcccgatg >>> aatgaaat -10 (203)
sigma32(+):    204   Score   1.73     -35 (170) gacccta >>> gcagccaatg -10 (199)
sigma24(+):    204   Score   1.68     -35 (170) gaccct >>> gccaa -10 (197)

   Total:      3 promoter(s) predicted



>NEG_SPV_0953_CP027540.1_998796_-
   Length of Query sequence:       300
sigma24(+):    250   Score   1.97     -35 (215) aaaatt >>> acgaa -10 (244)
sigma38(+):    234   Score   1.95     -35 (196) cagaca >>> aaaagt -10 (226)
sigma28(+):    223   Score   1.97     -35 (190) tgcagaca >>> gagaaaaa -10 (217)
sigma70(+):    212   Score   1.93     -35 (178) tcgaaa >>> catgat -10 (205)
sigma32(+):    205   Score   1.94     -35 (170) tcgttac >>> gcagacagac -10 (200)

   Total:      5 promoter(s) predicted



>NEG_SPV_1732_CP027540.1_1726529_-
   Length of Query sequence:       300
sigma32(+):    234   Score   1.95     -35 (198) attttga >>> atcagcctta -10 (229)
sigma38(+):    227   Score   1.95     -35 (193) cttata >>> tagttt -10 (219)
sigma24(+):    215   Score   1.97     -35 (185) gaaatt >>> accaa -10 (208)
sigma70(+):    207   Score   1.96     -35 (167) ttaaag >>> tatatt -10 (200)

   Total:      4 promoter(s) predicted



>NEG_SPV_0577_CP027540.1_600464_+
   Length of Query sequence:       300
sigma32(+):    250   Score   1.93     -35 (215) gacagac >>> aactacagaa -10 (245)
sigma70(+):    245   Score   1.90     -35 (208) ttgtag >>> tacaac -10 (238)
sigma28(+):    229   Score   1.95     -35 (197) aacagtgg >>> acagacaa -10 (223)
sigma24(+):    227   Score   1.94     -35 (195) gaaaca >>> acaga -10 (220)
sigma38(+):    210   Score   1.94     -35 (172) ttcaag >>> aacagt -10 (202)

   Total:      5 promoter(s) predicted



>NEG_SPV_0752_CP027540.1_765711_+
   Length of Query sequence:       300
sigma38(+):    249   Score   1.93     -35 (208) gtgatg >>> tattgt -10 (241)
sigma70(+):    248   Score   1.93     -35 (208) gtgatg >>> tattgt -10 (241)
sigma32(+):    245   Score   1.92     -35 (211) atgttat >>> agcggtattg -10 (240)
sigma24(+):    230   Score   1.87     -35 (198) gcaggt >>> tctca -10 (223)
sigma28(+):    228   Score   1.89     -35 (190) ttactgta >>> gatgttat -10 (217)

   Total:      5 promoter(s) predicted



>NEG_SPV_1628_CP027540.1_1643427_+
   Length of Query sequence:       300
sigma32(+):    236   Score   1.91     -35 (201) ttctatc >>> ctcaccagag -10 (231)
sigma38(+):    226   Score   1.90     -35 (187) gtgacc >>> aaaatt -10 (218)
sigma70(+):    225   Score   1.90     -35 (187) gtgacc >>> gaaaat -10 (217)
sigma24(+):    212   Score   1.78     -35 (183) gcaggt >>> tctat -10 (206)

   Total:      4 promoter(s) predicted



>NEG_SPV_1414_CP027540.1_1434208_-
   Length of Query sequence:       300
sigma38(+):    245   Score   1.88     -35 (208) ggggta >>> tatatt -10 (237)
sigma70(+):    244   Score   1.96     -35 (208) ggggta >>> tatatt -10 (237)
sigma32(+):    205   Score   1.90     -35 (169) tctttat >>> cgcaacacct -10 (200)

   Total:      3 promoter(s) predicted



>NEG_SPV_1020_CP027540.1_919239_-
   Length of Query sequence:       300
sigma24(+):    243   Score   1.91     -35 (210) gaattg >>> gcagt -10 (237)
sigma28(+):    240   Score   1.87     -35 (206) tgatgaat >>> tacgatca -10 (232)
sigma38(+):    238   Score   1.67     -35 (198) gtaaca >>> tacgat -10 (230)
sigma70(+):    237   Score   1.86     -35 (198) gtaaca >>> tacgat -10 (230)
sigma32(+):    203   Score   1.91     -35 (169) ctatcgc >>> gtagccaagg -10 (198)

   Total:      5 promoter(s) predicted



>NEG_SPV_1131_CP027540.1_1164727_-
   Length of Query sequence:       300
sigma24(+):    246   Score   1.72     -35 (210) aaaagg >>> acaaa -10 (239)
sigma38(+):    245   Score   1.91     -35 (207) ttgaaa >>> tacaca -10 (237)
sigma70(+):    244   Score   1.90     -35 (207) ttgaaa >>> tacaca -10 (237)
sigma32(+):    242   Score   1.82     -35 (205) gtttgaa >>> ctcggtacac -10 (236)

   Total:      4 promoter(s) predicted



>NEG_SPV_1357_CP027540.1_1371987_-
   Length of Query sequence:       300
sigma28(+):    239   Score   1.96     -35 (202) tgaatctg >>> gataatgt -10 (228)
sigma38(+):    236   Score   1.94     -35 (201) ttgaat >>> taatgt -10 (228)
sigma70(+):    215   Score   1.96     -35 (180) ttagtt >>> gaatct -10 (208)
sigma24(+):    201   Score   1.85     -35 (168) gcatac >>> tcaaa -10 (193)

   Total:      4 promoter(s) predicted


