Sequence_ID	Locus_Tag	Position	Strand	Window_Size	GC_Content
TIGR4_NEG_SP_0001-857-f	SP_0001	857	+	81	40.74
TIGR4_NEG_SP_0001-1067-f	SP_0001	1067	+	81	35.8
TIGR4_NEG_SP_0002-1867-f	SP_0002	1867	+	81	25.93
TIGR4_NEG_SP_0002-2287-f	SP_0002	2287	+	81	35.8
TIGR4_NEG_SP_0004-4056-f	SP_0004	4056	+	81	49.38
TIGR4_NEG_SP_0006-5362-f	SP_0006	5362	+	81	33.33
TIGR4_NEG_SP_0006-5972-f	SP_0006	5972	+	81	29.63
TIGR4_NEG_SP_0006-6192-f	SP_0006	6192	+	81	27.16
TIGR4_NEG_SP_0006-6252-f	SP_0006	6252	+	81	28.4
TIGR4_NEG_SP_0006-6892-f	SP_0006	6892	+	81	44.44
TIGR4_NEG_SP_0006-6982-f	SP_0006	6982	+	81	30.86
TIGR4_NEG_SP_0006-7082-f	SP_0006	7082	+	81	37.04
TIGR4_NEG_SP_0006-7412-f	SP_0006	7412	+	81	37.04
TIGR4_NEG_SP_0006-7812-f	SP_0006	7812	+	81	39.51
TIGR4_NEG_SP_0010-10036-f	SP_0010	10036	+	81	30.86
TIGR4_NEG_SP_0011-11261-f	SP_0011	11261	+	81	33.33
TIGR4_NEG_SP_0011-11311-f	SP_0011	11311	+	81	34.57
TIGR4_NEG_SP_0013-12440-f	SP_0013	12440	+	81	37.04
TIGR4_NEG_SP_0013-12800-f	SP_0013	12800	+	81	40.74
TIGR4_NEG_SP_0013-13880-f	SP_0013	13880	+	81	41.98
TIGR4_NEG_SP_0013-14130-f	SP_0013	14130	+	81	29.63
TIGR4_NEG_SP_0019-23062-f	SP_0019	23062	+	81	39.51
TIGR4_NEG_SP_0019-23452-f	SP_0019	23452	+	81	41.98
TIGR4_NEG_SP_0026-28304-f	SP_0026	28304	+	81	33.33
TIGR4_NEG_SP_0026-28514-f	SP_0026	28514	+	81	41.98
TIGR4_NEG_SP_0032-31765-f	SP_0032	31765	+	81	48.15
TIGR4_NEG_SP_0032-31835-f	SP_0032	31835	+	81	49.38
TIGR4_NEG_SP_0032-32225-f	SP_0032	32225	+	81	40.74
TIGR4_NEG_SP_0032-32615-f	SP_0032	32615	+	81	32.1
TIGR4_NEG_SP_0032-33465-f	SP_0032	33465	+	81	45.68
TIGR4_NEG_SP_0032-33525-f	SP_0032	33525	+	81	46.91
TIGR4_NEG_SP_0032-33695-f	SP_0032	33695	+	81	38.27
TIGR4_NEG_SP_0032-33715-f	SP_0032	33715	+	81	35.8
TIGR4_NEG_SP_0035-36848-f	SP_0035	36848	+	81	48.15
TIGR4_NEG_SP_0037-38151-f	SP_0037	38151	+	81	39.51
TIGR4_NEG_SP_0042-40946-f	SP_0042	40946	+	81	56.79
TIGR4_NEG_SP_0042-41056-f	SP_0042	41056	+	81	45.68
TIGR4_NEG_SP_0042-41366-f	SP_0042	41366	+	81	39.51
TIGR4_NEG_SP_0042-42016-f	SP_0042	42016	+	81	48.15
TIGR4_NEG_SP_0042-42116-f	SP_0042	42116	+	81	39.51
TIGR4_NEG_SP_0042-42146-f	SP_0042	42146	+	81	44.44
TIGR4_NEG_SP_0043-43342-f	SP_0043	43342	+	81	50.62
TIGR4_NEG_SP_0043-44052-f	SP_0043	44052	+	81	40.74
TIGR4_NEG_SP_0043-44152-f	SP_0043	44152	+	81	43.21
TIGR4_NEG_SP_0045-45690-f	SP_0045	45690	+	81	51.85
TIGR4_NEG_SP_0045-46040-f	SP_0045	46040	+	81	45.68
TIGR4_NEG_SP_0045-46480-f	SP_0045	46480	+	81	48.15
TIGR4_NEG_SP_0045-46690-f	SP_0045	46690	+	81	50.62
TIGR4_NEG_SP_0045-47710-f	SP_0045	47710	+	81	46.91
TIGR4_NEG_SP_0045-47830-f	SP_0045	47830	+	81	46.91
TIGR4_NEG_SP_0045-48600-f	SP_0045	48600	+	81	43.21
TIGR4_NEG_SP_0045-48650-f	SP_0045	48650	+	81	48.15
TIGR4_NEG_SP_0045-48910-f	SP_0045	48910	+	81	38.27
TIGR4_NEG_SP_0047-51159-f	SP_0047	51159	+	81	50.62
TIGR4_NEG_SP_0050-53521-f	SP_0050	53521	+	81	45.68
TIGR4_NEG_SP_0051-55210-f	SP_0051	55210	+	81	53.09
TIGR4_NEG_SP_0051-55490-f	SP_0051	55490	+	81	49.38
TIGR4_NEG_SP_0054-57100-f	SP_0054	57100	+	81	50.62
TIGR4_NEG_SP_0056-58671-f	SP_0056	58671	+	81	49.38
TIGR4_NEG_SP_0057-61094-r	SP_0057	61094	-	81	45.68
TIGR4_NEG_SP_0057-62864-r	SP_0057	62864	-	81	39.51
TIGR4_NEG_SP_0058-64310-r	SP_0058	64310	-	81	33.33
TIGR4_NEG_SP_0060-65635-f	SP_0060	65635	+	81	45.68
TIGR4_NEG_SP_0060-65695-f	SP_0060	65695	+	81	44.44
TIGR4_NEG_SP_0060-65815-f	SP_0060	65815	+	81	46.91
TIGR4_NEG_SP_0060-66175-f	SP_0060	66175	+	81	40.74
TIGR4_NEG_SP_0065-69730-f	SP_0065	69730	+	81	39.51
TIGR4_NEG_SP_0065-70060-f	SP_0065	70060	+	81	44.44
TIGR4_NEG_SP_0065-70490-f	SP_0065	70490	+	81	43.21
TIGR4_NEG_SP_0065-70670-f	SP_0065	70670	+	81	35.8
TIGR4_NEG_SP_0071-74941-f	SP_0071	74941	+	81	53.09
TIGR4_NEG_SP_0071-75051-f	SP_0071	75051	+	81	40.74
TIGR4_NEG_SP_0071-75411-f	SP_0071	75411	+	81	35.8
TIGR4_NEG_SP_0071-76041-f	SP_0071	76041	+	81	33.33
TIGR4_NEG_SP_0071-77781-f	SP_0071	77781	+	81	37.04
TIGR4_NEG_SP_0071-79211-f	SP_0071	79211	+	81	33.33
TIGR4_NEG_SP_0075-81731-f	SP_0075	81731	+	81	49.38
TIGR4_NEG_SP_0079-84601-f	SP_0079	84601	+	81	39.51
TIGR4_NEG_SP_0079-84691-f	SP_0079	84691	+	81	43.21
TIGR4_NEG_SP_0082-86788-f	SP_0082	86788	+	81	41.98
TIGR4_NEG_SP_0082-87288-f	SP_0082	87288	+	81	50.62
TIGR4_NEG_SP_0082-87458-f	SP_0082	87458	+	81	45.68
TIGR4_NEG_SP_0082-87578-f	SP_0082	87578	+	81	30.86
TIGR4_NEG_SP_0082-87588-f	SP_0082	87588	+	81	30.86
TIGR4_NEG_SP_0082-88098-f	SP_0082	88098	+	81	44.44
TIGR4_NEG_SP_0082-88418-f	SP_0082	88418	+	81	44.44
TIGR4_NEG_SP_0082-88638-f	SP_0082	88638	+	81	48.15
TIGR4_NEG_SP_0090-93819-f	SP_0090	93819	+	81	46.91
TIGR4_NEG_SP_0095-97690-f	SP_0095	97690	+	81	48.15
TIGR4_NEG_SP_0096-98551-f	SP_0096	98551	+	81	43.21
TIGR4_NEG_SP_0097-99539-r	SP_0097	99539	-	81	41.98
TIGR4_NEG_SP_0097-99709-r	SP_0097	99709	-	81	39.51
TIGR4_NEG_SP_0098-100766-r	SP_0098	100766	-	81	39.51
TIGR4_NEG_SP_0101-102345-r	SP_0101	102345	-	81	49.38
TIGR4_NEG_SP_0101-103145-r	SP_0101	103145	-	81	49.38
TIGR4_NEG_SP_0102-104139-f	SP_0102	104139	+	81	27.16
TIGR4_NEG_SP_0102-104289-f	SP_0102	104289	+	81	28.4
TIGR4_NEG_SP_0103-104868-f	SP_0103	104868	+	81	38.27
TIGR4_NEG_SP_0103-105258-f	SP_0103	105258	+	81	45.68
TIGR4_NEG_SP_0103-105268-f	SP_0103	105268	+	81	49.38
TIGR4_NEG_SP_0105-107970-r	SP_0105	107970	-	81	51.85
TIGR4_NEG_SP_0105-108030-r	SP_0105	108030	-	81	45.68
TIGR4_NEG_SP_0105-108180-r	SP_0105	108180	-	81	44.44
TIGR4_NEG_SP_0106-108581-r	SP_0106	108581	-	81	45.68
TIGR4_NEG_SP_0112-114266-f	SP_0112	114266	+	81	41.98
TIGR4_NEG_SP_0113-114969-f	SP_0113	114969	+	81	37.04
TIGR4_NEG_SP_0115-116823-f	SP_0115	116823	+	81	37.04
TIGR4_NEG_SP_0117-118703-f	SP_0117	118703	+	81	30.86
TIGR4_NEG_SP_0117-119273-f	SP_0117	119273	+	81	34.57
TIGR4_NEG_SP_0120-122965-f	SP_0120	122965	+	81	50.62
TIGR4_NEG_SP_0120-124075-f	SP_0120	124075	+	81	50.62
TIGR4_NEG_SP_0120-124325-f	SP_0120	124325	+	81	49.38
TIGR4_NEG_SP_0121-125201-r	SP_0121	125201	-	81	54.32
TIGR4_NEG_SP_0121-126021-r	SP_0121	126021	-	81	38.27
TIGR4_NEG_SP_0121-126341-r	SP_0121	126341	-	81	50.62
TIGR4_NEG_SP_0121-126411-r	SP_0121	126411	-	81	50.62
TIGR4_NEG_SP_0121-126601-r	SP_0121	126601	-	81	40.74
TIGR4_NEG_SP_0124-127833-r	SP_0124	127833	-	81	39.51
TIGR4_NEG_SP_0129-129627-f	SP_0129	129627	+	81	58.02
TIGR4_NEG_SP_0133-133254-f	SP_0133	133254	+	81	23.46
TIGR4_NEG_SP_0137-135463-f	SP_0137	135463	+	81	33.33
TIGR4_NEG_SP_0137-136333-f	SP_0137	136333	+	81	33.33
TIGR4_NEG_SP_0137-136703-f	SP_0137	136703	+	81	33.33
TIGR4_NEG_SP_0144-142082-f	SP_0144	142082	+	81	35.8
TIGR4_NEG_SP_0144-142342-f	SP_0144	142342	+	81	43.21
TIGR4_NEG_SP_0151-148837-f	SP_0151	148837	+	81	41.98
TIGR4_NEG_SP_0152-149970-f	SP_0152	149970	+	81	48.15
TIGR4_NEG_SP_0153-150882-r	SP_0153	150882	-	81	49.38
TIGR4_NEG_SP_0155-152348-f	SP_0155	152348	+	81	43.21
TIGR4_NEG_SP_0155-152598-f	SP_0155	152598	+	81	40.74
TIGR4_NEG_SP_0155-152808-f	SP_0155	152808	+	81	46.91
TIGR4_NEG_SP_0155-153088-f	SP_0155	153088	+	81	44.44
TIGR4_NEG_SP_0156-153990-f	SP_0156	153990	+	81	40.74
TIGR4_NEG_SP_0156-154660-f	SP_0156	154660	+	81	44.44
TIGR4_NEG_SP_0157-155190-f	SP_0157	155190	+	81	30.86
TIGR4_NEG_SP_0159-156312-r	SP_0159	156312	-	81	46.91
TIGR4_NEG_SP_0159-156702-r	SP_0159	156702	-	81	49.38
TIGR4_NEG_SP_0159-156802-r	SP_0159	156802	-	81	40.74
TIGR4_NEG_SP_0159-156912-r	SP_0159	156912	-	81	50.62
TIGR4_NEG_SP_0161-158379-r	SP_0161	158379	-	81	39.51
TIGR4_NEG_SP_0161-158499-r	SP_0161	158499	-	81	46.91
TIGR4_NEG_SP_0165-160444-f	SP_0165	160444	+	81	17.28
TIGR4_NEG_SP_0166-161182-f	SP_0166	161182	+	81	34.57
TIGR4_NEG_SP_0166-162022-f	SP_0166	162022	+	81	30.86
TIGR4_NEG_SP_0176-169133-r	SP_0176	169133	-	81	29.63
TIGR4_NEG_SP_0181-173046-f	SP_0181	173046	+	81	37.04
TIGR4_NEG_SP_0181-173456-f	SP_0181	173456	+	81	40.74
TIGR4_NEG_SP_0182-173840-r	SP_0182	173840	-	81	49.38
TIGR4_NEG_SP_0184-175646-r	SP_0184	175646	-	81	40.74
TIGR4_NEG_SP_0185-176531-r	SP_0185	176531	-	81	46.91
TIGR4_NEG_SP_0186-177477-f	SP_0186	177477	+	81	48.15
TIGR4_NEG_SP_0186-177617-f	SP_0186	177617	+	81	45.68
TIGR4_NEG_SP_0186-177857-f	SP_0186	177857	+	81	43.21
TIGR4_NEG_SP_0186-178277-f	SP_0186	178277	+	81	45.68
TIGR4_NEG_SP_0186-179037-f	SP_0186	179037	+	81	56.79
TIGR4_NEG_SP_0199-186341-f	SP_0199	186341	+	81	38.27
TIGR4_NEG_SP_0200-187831-f	SP_0200	187831	+	81	32.1
TIGR4_NEG_SP_0200-188301-f	SP_0200	188301	+	81	50.62
TIGR4_NEG_SP_0202-189004-f	SP_0202	189004	+	81	34.57
TIGR4_NEG_SP_0202-189024-f	SP_0202	189024	+	81	37.04
TIGR4_NEG_SP_0202-189874-f	SP_0202	189874	+	81	45.68
TIGR4_NEG_SP_0202-190014-f	SP_0202	190014	+	81	46.91
TIGR4_NEG_SP_0202-190124-f	SP_0202	190124	+	81	45.68
TIGR4_NEG_SP_0208-193102-f	SP_0208	193102	+	81	51.85
TIGR4_NEG_SP_0210-194328-f	SP_0210	194328	+	81	54.32
TIGR4_NEG_SP_0210-194388-f	SP_0210	194388	+	81	54.32
TIGR4_NEG_SP_0212-195305-f	SP_0212	195305	+	81	43.21
TIGR4_NEG_SP_0214-196595-f	SP_0214	196595	+	81	46.91
TIGR4_NEG_SP_0221-199134-f	SP_0221	199134	+	81	34.57
TIGR4_NEG_SP_0229-202887-f	SP_0229	202887	+	81	38.27
TIGR4_NEG_SP_0230-203560-f	SP_0230	203560	+	81	41.98
TIGR4_NEG_SP_0230-203720-f	SP_0230	203720	+	81	30.86
TIGR4_NEG_SP_0240-210350-f	SP_0240	210350	+	81	48.15
TIGR4_NEG_SP_0243-214301-r	SP_0243	214301	-	81	34.57
TIGR4_NEG_SP_0247-217551-f	SP_0247	217551	+	81	35.8
TIGR4_NEG_SP_0250-219013-f	SP_0250	219013	+	81	34.57
TIGR4_NEG_SP_0250-219383-f	SP_0250	219383	+	81	34.57
TIGR4_NEG_SP_0250-219593-f	SP_0250	219593	+	81	34.57
TIGR4_NEG_SP_0250-219783-f	SP_0250	219783	+	81	39.51
TIGR4_NEG_SP_0251-220866-f	SP_0251	220866	+	81	29.63
TIGR4_NEG_SP_0251-221086-f	SP_0251	221086	+	81	37.04
TIGR4_NEG_SP_0251-221196-f	SP_0251	221196	+	81	43.21
TIGR4_NEG_SP_0251-221296-f	SP_0251	221296	+	81	32.1
TIGR4_NEG_SP_0252-222733-f	SP_0252	222733	+	81	38.27
TIGR4_NEG_SP_0254-225192-f	SP_0254	225192	+	81	48.15
TIGR4_NEG_SP_0254-226322-f	SP_0254	226322	+	81	44.44
TIGR4_NEG_SP_0254-226812-f	SP_0254	226812	+	81	39.51
TIGR4_NEG_SP_0254-226962-f	SP_0254	226962	+	81	48.15
TIGR4_NEG_SP_0256-228295-f	SP_0256	228295	+	81	40.74
TIGR4_NEG_SP_0259-231820-f	SP_0259	231820	+	81	41.98
TIGR4_NEG_SP_0261-233552-f	SP_0261	233552	+	81	49.38
TIGR4_NEG_SP_0262-234699-f	SP_0262	234699	+	81	33.33
TIGR4_NEG_SP_0262-234849-f	SP_0262	234849	+	81	38.27
TIGR4_NEG_SP_0263-235054-f	SP_0263	235054	+	81	43.21
TIGR4_NEG_SP_0263-235224-f	SP_0263	235224	+	81	39.51
TIGR4_NEG_SP_0263-235724-f	SP_0263	235724	+	81	44.44
TIGR4_NEG_SP_0264-237866-f	SP_0264	237866	+	81	43.21
TIGR4_NEG_SP_0265-238648-f	SP_0265	238648	+	81	34.57
TIGR4_NEG_SP_0265-239358-f	SP_0265	239358	+	81	44.44
TIGR4_NEG_SP_0266-239900-f	SP_0266	239900	+	81	50.62
TIGR4_NEG_SP_0266-240540-f	SP_0266	240540	+	81	48.15
TIGR4_NEG_SP_0266-240710-f	SP_0266	240710	+	81	45.68
TIGR4_NEG_SP_0266-241400-f	SP_0266	241400	+	81	45.68
TIGR4_NEG_SP_0267-241827-f	SP_0267	241827	+	81	54.32
TIGR4_NEG_SP_0268-242896-r	SP_0268	242896	-	81	40.74
TIGR4_NEG_SP_0268-246216-r	SP_0268	246216	-	81	41.98
TIGR4_NEG_SP_0268-246386-r	SP_0268	246386	-	81	41.98
TIGR4_NEG_SP_0273-249343-f	SP_0273	249343	+	81	45.68
TIGR4_NEG_SP_0273-249773-f	SP_0273	249773	+	81	45.68
TIGR4_NEG_SP_0273-250023-f	SP_0273	250023	+	81	45.68
TIGR4_NEG_SP_0274-251128-f	SP_0274	251128	+	81	49.38
TIGR4_NEG_SP_0274-251978-f	SP_0274	251978	+	81	37.04
TIGR4_NEG_SP_0274-252588-f	SP_0274	252588	+	81	50.62
TIGR4_NEG_SP_0274-253138-f	SP_0274	253138	+	81	37.04
TIGR4_NEG_SP_0274-253508-f	SP_0274	253508	+	81	43.21
TIGR4_NEG_SP_0274-253928-f	SP_0274	253928	+	81	38.27
TIGR4_NEG_SP_0274-254078-f	SP_0274	254078	+	81	48.15
TIGR4_NEG_SP_0274-254128-f	SP_0274	254128	+	81	51.85
TIGR4_NEG_SP_0274-254568-f	SP_0274	254568	+	81	46.91
TIGR4_NEG_SP_0274-254598-f	SP_0274	254598	+	81	48.15
TIGR4_NEG_SP_0278-256460-f	SP_0278	256460	+	81	46.91
TIGR4_NEG_SP_0281-259329-f	SP_0281	259329	+	81	44.44
TIGR4_NEG_SP_0281-259399-f	SP_0281	259399	+	81	48.15
TIGR4_NEG_SP_0282-260559-r	SP_0282	260559	-	81	50.62
TIGR4_NEG_SP_0284-262465-r	SP_0284	262465	-	81	41.98
TIGR4_NEG_SP_0289-267931-f	SP_0289	267931	+	81	48.15
TIGR4_NEG_SP_0289-268051-f	SP_0289	268051	+	81	41.98
TIGR4_NEG_SP_0290-268697-f	SP_0290	268697	+	81	45.68
TIGR4_NEG_SP_0290-269277-f	SP_0290	269277	+	81	41.98
TIGR4_NEG_SP_0298-274793-r	SP_0298	274793	-	81	37.04
TIGR4_NEG_SP_0303-277398-f	SP_0303	277398	+	81	35.8
TIGR4_NEG_SP_0303-277688-f	SP_0303	277688	+	81	35.8
TIGR4_NEG_SP_0303-277968-f	SP_0303	277968	+	81	37.04
TIGR4_NEG_SP_0314-288650-f	SP_0314	288650	+	81	39.51
TIGR4_NEG_SP_0314-288740-f	SP_0314	288740	+	81	27.16
TIGR4_NEG_SP_0314-288870-f	SP_0314	288870	+	81	35.8
TIGR4_NEG_SP_0314-289280-f	SP_0314	289280	+	81	41.98
TIGR4_NEG_SP_0314-289500-f	SP_0314	289500	+	81	40.74
TIGR4_NEG_SP_0314-289790-f	SP_0314	289790	+	81	40.74
TIGR4_NEG_SP_0328-301396-f	SP_0328	301396	+	81	41.98
TIGR4_NEG_SP_0330-303433-f	SP_0330	303433	+	81	41.98
TIGR4_NEG_SP_0332-304699-r	SP_0332	304699	-	81	43.21
TIGR4_NEG_SP_0336-307090-f	SP_0336	307090	+	81	45.68
TIGR4_NEG_SP_0336-307180-f	SP_0336	307180	+	81	35.8
TIGR4_NEG_SP_0336-307370-f	SP_0336	307370	+	81	41.98
TIGR4_NEG_SP_0336-307430-f	SP_0336	307430	+	81	41.98
TIGR4_NEG_SP_0336-307620-f	SP_0336	307620	+	81	45.68
TIGR4_NEG_SP_0336-308270-f	SP_0336	308270	+	81	38.27
TIGR4_NEG_SP_0337-309174-f	SP_0337	309174	+	81	39.51
TIGR4_NEG_SP_0338-311493-f	SP_0338	311493	+	81	39.51
TIGR4_NEG_SP_0338-311923-f	SP_0338	311923	+	81	41.98
TIGR4_NEG_SP_0338-312483-f	SP_0338	312483	+	81	45.68
TIGR4_NEG_SP_0338-312723-f	SP_0338	312723	+	81	40.74
TIGR4_NEG_SP_0342-316148-f	SP_0342	316148	+	81	38.27
TIGR4_NEG_SP_0343-317405-r	SP_0343	317405	-	81	34.57
TIGR4_NEG_SP_0346-320237-f	SP_0346	320237	+	81	34.57
TIGR4_NEG_SP_0346-320737-f	SP_0346	320737	+	81	40.74
TIGR4_NEG_SP_0346-320837-f	SP_0346	320837	+	81	43.21
TIGR4_NEG_SP_0346-320917-f	SP_0346	320917	+	81	38.27
TIGR4_NEG_SP_0347-321824-f	SP_0347	321824	+	81	40.74
TIGR4_NEG_SP_0347-321834-f	SP_0347	321834	+	81	39.51
TIGR4_NEG_SP_0348-322514-f	SP_0348	322514	+	81	37.04
TIGR4_NEG_SP_0351-324764-f	SP_0351	324764	+	81	29.63
TIGR4_NEG_SP_0351-324854-f	SP_0351	324854	+	81	28.4
TIGR4_NEG_SP_0351-325064-f	SP_0351	325064	+	81	33.33
TIGR4_NEG_SP_0352-326078-f	SP_0352	326078	+	81	23.46
TIGR4_NEG_SP_0352-326448-f	SP_0352	326448	+	81	28.4
TIGR4_NEG_SP_0352-326498-f	SP_0352	326498	+	81	34.57
TIGR4_NEG_SP_0353-327067-f	SP_0353	327067	+	81	34.57
TIGR4_NEG_SP_0353-327177-f	SP_0353	327177	+	81	29.63
TIGR4_NEG_SP_0354-328296-f	SP_0354	328296	+	81	33.33
TIGR4_NEG_SP_0357-332054-f	SP_0357	332054	+	81	44.44
TIGR4_NEG_SP_0357-332744-f	SP_0357	332744	+	81	28.4
TIGR4_NEG_SP_0359-334460-f	SP_0359	334460	+	81	40.74
TIGR4_NEG_SP_0360-336060-f	SP_0360	336060	+	81	35.8
TIGR4_NEG_SP_0360-336260-f	SP_0360	336260	+	81	39.51
TIGR4_NEG_SP_0368-341553-f	SP_0368	341553	+	81	46.91
TIGR4_NEG_SP_0368-341723-f	SP_0368	341723	+	81	48.15
TIGR4_NEG_SP_0368-341973-f	SP_0368	341973	+	81	34.57
TIGR4_NEG_SP_0368-342383-f	SP_0368	342383	+	81	48.15
TIGR4_NEG_SP_0368-343073-f	SP_0368	343073	+	81	45.68
TIGR4_NEG_SP_0368-343243-f	SP_0368	343243	+	81	41.98
TIGR4_NEG_SP_0368-343703-f	SP_0368	343703	+	81	54.32
TIGR4_NEG_SP_0368-343753-f	SP_0368	343753	+	81	58.02
TIGR4_NEG_SP_0368-344333-f	SP_0368	344333	+	81	49.38
TIGR4_NEG_SP_0368-344933-f	SP_0368	344933	+	81	43.21
TIGR4_NEG_SP_0368-346473-f	SP_0368	346473	+	81	40.74
TIGR4_NEG_SP_0369-347423-r	SP_0369	347423	-	81	43.21
TIGR4_NEG_SP_0369-348163-r	SP_0369	348163	-	81	37.04
TIGR4_NEG_SP_0369-348813-r	SP_0369	348813	-	81	37.04
TIGR4_NEG_SP_0373-351213-f	SP_0373	351213	+	81	44.44
TIGR4_NEG_SP_0373-351253-f	SP_0373	351253	+	81	40.74
TIGR4_NEG_SP_0373-351673-f	SP_0373	351673	+	81	48.15
TIGR4_NEG_SP_0374-352623-f	SP_0374	352623	+	81	40.74
TIGR4_NEG_SP_0374-353333-f	SP_0374	353333	+	81	46.91
TIGR4_NEG_SP_0375-353993-f	SP_0375	353993	+	81	39.51
TIGR4_NEG_SP_0376-355659-f	SP_0376	355659	+	81	43.21
TIGR4_NEG_SP_0380-359638-r	SP_0380	359638	-	81	33.33
TIGR4_NEG_SP_0382-362228-f	SP_0382	362228	+	81	33.33
TIGR4_NEG_SP_0383-363408-f	SP_0383	363408	+	81	45.68
TIGR4_NEG_SP_0384-364309-f	SP_0384	364309	+	81	45.68
TIGR4_NEG_SP_0384-364549-f	SP_0384	364549	+	81	45.68
TIGR4_NEG_SP_0384-364619-f	SP_0384	364619	+	81	45.68
TIGR4_NEG_SP_0391-369981-f	SP_0391	369981	+	81	38.27
TIGR4_NEG_SP_0394-372460-f	SP_0394	372460	+	81	40.74
TIGR4_NEG_SP_0394-372490-f	SP_0394	372490	+	81	45.68
TIGR4_NEG_SP_0394-372520-f	SP_0394	372520	+	81	48.15
TIGR4_NEG_SP_0394-372920-f	SP_0394	372920	+	81	44.44
TIGR4_NEG_SP_0394-373540-f	SP_0394	373540	+	81	34.57
TIGR4_NEG_SP_0394-373650-f	SP_0394	373650	+	81	34.57
TIGR4_NEG_SP_0394-373800-f	SP_0394	373800	+	81	41.98
TIGR4_NEG_SP_0394-373910-f	SP_0394	373910	+	81	29.63
TIGR4_NEG_SP_0400-379211-f	SP_0400	379211	+	81	38.27
TIGR4_NEG_SP_0400-379221-f	SP_0400	379221	+	81	38.27
TIGR4_NEG_SP_0400-379581-f	SP_0400	379581	+	81	40.74
TIGR4_NEG_SP_0401-379982-r	SP_0401	379982	-	81	44.44
TIGR4_NEG_SP_0401-379992-r	SP_0401	379992	-	81	43.21
TIGR4_NEG_SP_0401-380672-r	SP_0401	380672	-	81	37.04
TIGR4_NEG_SP_0401-380832-r	SP_0401	380832	-	81	40.74
TIGR4_NEG_SP_0401-381102-r	SP_0401	381102	-	81	43.21
TIGR4_NEG_SP_0401-381282-r	SP_0401	381282	-	81	46.91
TIGR4_NEG_SP_0401-381612-r	SP_0401	381612	-	81	40.74
TIGR4_NEG_SP_0406-385754-f	SP_0406	385754	+	81	49.38
TIGR4_NEG_SP_0406-386314-f	SP_0406	386314	+	81	45.68
TIGR4_NEG_SP_0406-386404-f	SP_0406	386404	+	81	45.68
TIGR4_NEG_SP_0406-387124-f	SP_0406	387124	+	81	41.98
TIGR4_NEG_SP_0408-388213-f	SP_0408	388213	+	81	44.44
TIGR4_NEG_SP_0409-389483-f	SP_0409	389483	+	81	37.04
TIGR4_NEG_SP_0410-390611-f	SP_0410	390611	+	81	44.44
TIGR4_NEG_SP_0411-390825-r	SP_0411	390825	-	81	44.44
TIGR4_NEG_SP_0411-391105-r	SP_0411	391105	-	81	41.98
TIGR4_NEG_SP_0411-391205-r	SP_0411	391205	-	81	50.62
TIGR4_NEG_SP_0411-391765-r	SP_0411	391765	-	81	38.27
TIGR4_NEG_SP_0413-393186-r	SP_0413	393186	-	81	46.91
TIGR4_NEG_SP_0413-393496-r	SP_0413	393496	-	81	41.98
TIGR4_NEG_SP_0420-398392-f	SP_0420	398392	+	81	46.91
TIGR4_NEG_SP_0422-399989-f	SP_0422	399989	+	81	40.74
TIGR4_NEG_SP_0422-400439-f	SP_0422	400439	+	81	45.68
TIGR4_NEG_SP_0425-402073-f	SP_0425	402073	+	81	41.98
TIGR4_NEG_SP_0427-404260-f	SP_0427	404260	+	81	45.68
TIGR4_NEG_SP_0433-407554-r	SP_0433	407554	-	81	43.21
TIGR4_NEG_SP_0435-408480-r	SP_0435	408480	-	81	43.21
TIGR4_NEG_SP_0436-409089-r	SP_0436	409089	-	81	50.62
TIGR4_NEG_SP_0436-409899-r	SP_0436	409899	-	81	46.91
TIGR4_NEG_SP_0437-410971-r	SP_0437	410971	-	81	41.98
TIGR4_NEG_SP_0437-411541-r	SP_0437	411541	-	81	48.15
TIGR4_NEG_SP_0443-416022-f	SP_0443	416022	+	81	49.38
TIGR4_NEG_SP_0445-417909-f	SP_0445	417909	+	81	41.98
TIGR4_NEG_SP_0445-417989-f	SP_0445	417989	+	81	38.27
TIGR4_NEG_SP_0445-418269-f	SP_0445	418269	+	81	44.44
TIGR4_NEG_SP_0445-418439-f	SP_0445	418439	+	81	39.51
TIGR4_NEG_SP_0450-422343-f	SP_0450	422343	+	81	44.44
TIGR4_NEG_SP_0452-424232-r	SP_0452	424232	-	81	50.62
TIGR4_NEG_SP_0453-426082-r	SP_0453	426082	-	81	44.44
TIGR4_NEG_SP_0454-427085-f	SP_0454	427085	+	81	35.8
TIGR4_NEG_SP_0456-429135-r	SP_0456	429135	-	81	34.57
TIGR4_NEG_SP_0457-430097-f	SP_0457	430097	+	81	37.04
TIGR4_NEG_SP_0457-430507-f	SP_0457	430507	+	81	39.51
TIGR4_NEG_SP_0457-430547-f	SP_0457	430547	+	81	46.91
TIGR4_NEG_SP_0459-432938-f	SP_0459	432938	+	81	43.21
TIGR4_NEG_SP_0459-433198-f	SP_0459	433198	+	81	32.1
TIGR4_NEG_SP_0460-434860-r	SP_0460	434860	-	81	41.98
TIGR4_NEG_SP_0460-435030-r	SP_0460	435030	-	81	35.8
TIGR4_NEG_SP_0460-435060-r	SP_0460	435060	-	81	35.8
TIGR4_NEG_SP_0460-435090-r	SP_0460	435090	-	81	37.04
TIGR4_NEG_SP_0461-436713-r	SP_0461	436713	-	81	41.98
TIGR4_NEG_SP_0461-437253-r	SP_0461	437253	-	81	38.27
TIGR4_NEG_SP_0462-438568-f	SP_0462	438568	+	81	48.15
TIGR4_NEG_SP_0462-438658-f	SP_0462	438658	+	81	44.44
TIGR4_NEG_SP_0462-439518-f	SP_0462	439518	+	81	27.16
TIGR4_NEG_SP_0462-439948-f	SP_0462	439948	+	81	38.27
TIGR4_NEG_SP_0462-440298-f	SP_0462	440298	+	81	39.51
TIGR4_NEG_SP_0462-440638-f	SP_0462	440638	+	81	35.8
TIGR4_NEG_SP_0463-441632-f	SP_0463	441632	+	81	34.57
TIGR4_NEG_SP_0463-441962-f	SP_0463	441962	+	81	39.51
TIGR4_NEG_SP_0463-441992-f	SP_0463	441992	+	81	35.8
TIGR4_NEG_SP_0463-443002-f	SP_0463	443002	+	81	41.98
TIGR4_NEG_SP_0463-443012-f	SP_0463	443012	+	81	43.21
TIGR4_NEG_SP_0466-445035-f	SP_0466	445035	+	81	46.91
TIGR4_NEG_SP_0467-446040-f	SP_0467	446040	+	81	53.09
TIGR4_NEG_SP_0469-448098-r	SP_0469	448098	-	81	37.04
TIGR4_NEG_SP_0469-448238-r	SP_0469	448238	-	81	46.91
TIGR4_NEG_SP_0469-448388-r	SP_0469	448388	-	81	33.33
TIGR4_NEG_SP_0473-450879-r	SP_0473	450879	-	81	35.8
TIGR4_NEG_SP_0473-451329-r	SP_0473	451329	-	81	30.86
TIGR4_NEG_SP_0473-451629-r	SP_0473	451629	-	81	35.8
TIGR4_NEG_SP_0479-460248-r	SP_0479	460248	-	81	40.74
TIGR4_NEG_SP_0480-461221-r	SP_0480	461221	-	81	40.74
TIGR4_NEG_SP_0483-464575-f	SP_0483	464575	+	81	41.98
TIGR4_NEG_SP_0483-465325-f	SP_0483	465325	+	81	40.74
TIGR4_NEG_SP_0484-465782-f	SP_0484	465782	+	81	43.21
TIGR4_NEG_SP_0484-465962-f	SP_0484	465962	+	81	37.04
TIGR4_NEG_SP_0484-466072-f	SP_0484	466072	+	81	43.21
TIGR4_NEG_SP_0484-466102-f	SP_0484	466102	+	81	45.68
TIGR4_NEG_SP_0494-470931-f	SP_0494	470931	+	81	39.51
TIGR4_NEG_SP_0496-474895-r	SP_0496	474895	-	81	43.21
TIGR4_NEG_SP_0496-475325-r	SP_0496	475325	-	81	43.21
TIGR4_NEG_SP_0496-475505-r	SP_0496	475505	-	81	44.44
TIGR4_NEG_SP_0496-475635-r	SP_0496	475635	-	81	44.44
TIGR4_NEG_SP_0496-475745-r	SP_0496	475745	-	81	49.38
TIGR4_NEG_SP_0496-475755-r	SP_0496	475755	-	81	51.85
TIGR4_NEG_SP_0496-475985-r	SP_0496	475985	-	81	48.15
TIGR4_NEG_SP_0498-476659-f	SP_0498	476659	+	81	44.44
TIGR4_NEG_SP_0498-477049-f	SP_0498	477049	+	81	33.33
TIGR4_NEG_SP_0498-477099-f	SP_0498	477099	+	81	49.38
TIGR4_NEG_SP_0498-477119-f	SP_0498	477119	+	81	46.91
TIGR4_NEG_SP_0498-477949-f	SP_0498	477949	+	81	30.86
TIGR4_NEG_SP_0498-478649-f	SP_0498	478649	+	81	40.74
TIGR4_NEG_SP_0498-479169-f	SP_0498	479169	+	81	41.98
TIGR4_NEG_SP_0498-479329-f	SP_0498	479329	+	81	39.51
TIGR4_NEG_SP_0498-479569-f	SP_0498	479569	+	81	44.44
TIGR4_NEG_SP_0498-479639-f	SP_0498	479639	+	81	43.21
TIGR4_NEG_SP_0498-479689-f	SP_0498	479689	+	81	45.68
TIGR4_NEG_SP_0498-479859-f	SP_0498	479859	+	81	39.51
TIGR4_NEG_SP_0498-480189-f	SP_0498	480189	+	81	37.04
TIGR4_NEG_SP_0499-481898-f	SP_0499	481898	+	81	44.44
TIGR4_NEG_SP_0499-482228-f	SP_0499	482228	+	81	40.74
TIGR4_NEG_SP_0499-482508-f	SP_0499	482508	+	81	44.44
TIGR4_NEG_SP_0500-483080-f	SP_0500	483080	+	81	41.98
TIGR4_NEG_SP_0500-483120-f	SP_0500	483120	+	81	40.74
TIGR4_NEG_SP_0502-484387-f	SP_0502	484387	+	81	49.38
TIGR4_NEG_SP_0506-487571-f	SP_0506	487571	+	81	27.16
TIGR4_NEG_SP_0506-487781-f	SP_0506	487781	+	81	32.1
TIGR4_NEG_SP_0508-489032-r	SP_0508	489032	-	81	19.75
TIGR4_NEG_SP_0508-489072-r	SP_0508	489072	-	81	25.93
TIGR4_NEG_SP_0508-489452-r	SP_0508	489452	-	81	27.16
TIGR4_NEG_SP_0509-491070-r	SP_0509	491070	-	81	28.4
TIGR4_NEG_SP_0509-491160-r	SP_0509	491160	-	81	48.15
TIGR4_NEG_SP_0509-491600-r	SP_0509	491600	-	81	33.33
TIGR4_NEG_SP_0510-492406-r	SP_0510	492406	-	81	44.44
TIGR4_NEG_SP_0510-493656-r	SP_0510	493656	-	81	38.27
TIGR4_NEG_SP_0517-497785-f	SP_0517	497785	+	81	46.91
TIGR4_NEG_SP_0517-497965-f	SP_0517	497965	+	81	44.44
TIGR4_NEG_SP_0517-498205-f	SP_0517	498205	+	81	44.44
TIGR4_NEG_SP_0517-498495-f	SP_0517	498495	+	81	46.91
TIGR4_NEG_SP_0517-498505-f	SP_0517	498505	+	81	49.38
TIGR4_NEG_SP_0519-500307-f	SP_0519	500307	+	81	54.32
TIGR4_NEG_SP_0519-500787-f	SP_0519	500787	+	81	44.44
TIGR4_NEG_SP_0523-503506-f	SP_0523	503506	+	81	37.04
TIGR4_NEG_SP_0523-504066-f	SP_0523	504066	+	81	49.38
TIGR4_NEG_SP_0523-504086-f	SP_0523	504086	+	81	50.62
TIGR4_NEG_SP_0523-504166-f	SP_0523	504166	+	81	44.44
TIGR4_NEG_SP_0527-506752-f	SP_0527	506752	+	81	40.74
TIGR4_NEG_SP_0527-506762-f	SP_0527	506762	+	81	40.74
TIGR4_NEG_SP_0527-507122-f	SP_0527	507122	+	81	39.51
TIGR4_NEG_SP_0527-507402-f	SP_0527	507402	+	81	39.51
TIGR4_NEG_SP_0529-508398-r	SP_0529	508398	-	81	38.27
TIGR4_NEG_SP_0550-520480-f	SP_0550	520480	+	81	40.74
TIGR4_NEG_SP_0556-523984-f	SP_0556	523984	+	81	44.44
TIGR4_NEG_SP_0556-524124-f	SP_0556	524124	+	81	29.63
TIGR4_NEG_SP_0556-524254-f	SP_0556	524254	+	81	37.04
TIGR4_NEG_SP_0556-524644-f	SP_0556	524644	+	81	50.62
TIGR4_NEG_SP_0556-525054-f	SP_0556	525054	+	81	46.91
TIGR4_NEG_SP_0556-525344-f	SP_0556	525344	+	81	39.51
TIGR4_NEG_SP_0556-525464-f	SP_0556	525464	+	81	51.85
TIGR4_NEG_SP_0557-526271-f	SP_0557	526271	+	81	45.68
TIGR4_NEG_SP_0566-531754-f	SP_0566	531754	+	81	51.85
TIGR4_NEG_SP_0568-533395-f	SP_0568	533395	+	81	49.38
TIGR4_NEG_SP_0568-533805-f	SP_0568	533805	+	81	50.62
TIGR4_NEG_SP_0568-533865-f	SP_0568	533865	+	81	51.85
TIGR4_NEG_SP_0568-534175-f	SP_0568	534175	+	81	49.38
TIGR4_NEG_SP_0568-534765-f	SP_0568	534765	+	81	50.62
TIGR4_NEG_SP_0570-535822-f	SP_0570	535822	+	81	20.99
TIGR4_NEG_SP_0570-535912-f	SP_0570	535912	+	81	29.63
TIGR4_NEG_SP_0570-536082-f	SP_0570	536082	+	81	30.86
TIGR4_NEG_SP_0570-536652-f	SP_0570	536652	+	81	28.4
TIGR4_NEG_SP_0570-536662-f	SP_0570	536662	+	81	28.4
TIGR4_NEG_SP_0571-537756-f	SP_0571	537756	+	81	41.98
TIGR4_NEG_SP_0571-538146-f	SP_0571	538146	+	81	30.86
TIGR4_NEG_SP_0574-540182-f	SP_0574	540182	+	81	45.68
TIGR4_NEG_SP_0574-540192-f	SP_0574	540192	+	81	41.98
TIGR4_NEG_SP_0574-540662-f	SP_0574	540662	+	81	39.51
TIGR4_NEG_SP_0578-546572-f	SP_0578	546572	+	81	35.8
TIGR4_NEG_SP_0578-547182-f	SP_0578	547182	+	81	30.86
TIGR4_NEG_SP_0579-547939-f	SP_0579	547939	+	81	45.68
TIGR4_NEG_SP_0581-549961-f	SP_0581	549961	+	81	39.51
TIGR4_NEG_SP_0581-550871-f	SP_0581	550871	+	81	45.68
TIGR4_NEG_SP_0581-550941-f	SP_0581	550941	+	81	40.74
TIGR4_NEG_SP_0581-551181-f	SP_0581	551181	+	81	43.21
TIGR4_NEG_SP_0581-551461-f	SP_0581	551461	+	81	50.62
TIGR4_NEG_SP_0582-552014-r	SP_0582	552014	-	81	44.44
TIGR4_NEG_SP_0582-552244-r	SP_0582	552244	-	81	33.33
TIGR4_NEG_SP_0583-553171-f	SP_0583	553171	+	81	48.15
TIGR4_NEG_SP_0585-554379-f	SP_0585	554379	+	81	50.62
TIGR4_NEG_SP_0585-554749-f	SP_0585	554749	+	81	37.04
TIGR4_NEG_SP_0585-555319-f	SP_0585	555319	+	81	39.51
TIGR4_NEG_SP_0585-555619-f	SP_0585	555619	+	81	45.68
TIGR4_NEG_SP_0585-556109-f	SP_0585	556109	+	81	46.91
TIGR4_NEG_SP_0589-560262-f	SP_0589	560262	+	81	51.85
TIGR4_NEG_SP_0589-560292-f	SP_0589	560292	+	81	51.85
TIGR4_NEG_SP_0590-561021-f	SP_0590	561021	+	81	48.15
TIGR4_NEG_SP_0590-561191-f	SP_0590	561191	+	81	43.21
TIGR4_NEG_SP_0591-562177-f	SP_0591	562177	+	81	38.27
TIGR4_NEG_SP_0591-562217-f	SP_0591	562217	+	81	41.98
TIGR4_NEG_SP_0591-562697-f	SP_0591	562697	+	81	43.21
TIGR4_NEG_SP_0593-563693-f	SP_0593	563693	+	81	45.68
TIGR4_NEG_SP_0599-566102-f	SP_0599	566102	+	81	49.38
TIGR4_NEG_SP_0599-566242-f	SP_0599	566242	+	81	40.74
TIGR4_NEG_SP_0601-568051-f	SP_0601	568051	+	81	40.74
TIGR4_NEG_SP_0601-568251-f	SP_0601	568251	+	81	49.38
TIGR4_NEG_SP_0603-569682-f	SP_0603	569682	+	81	43.21
TIGR4_NEG_SP_0603-569992-f	SP_0603	569992	+	81	44.44
TIGR4_NEG_SP_0605-571914-f	SP_0605	571914	+	81	38.27
TIGR4_NEG_SP_0605-571984-f	SP_0605	571984	+	81	44.44
TIGR4_NEG_SP_0605-572054-f	SP_0605	572054	+	81	46.91
TIGR4_NEG_SP_0605-572094-f	SP_0605	572094	+	81	49.38
TIGR4_NEG_SP_0610-576597-r	SP_0610	576597	-	81	45.68
TIGR4_NEG_SP_0611-578100-f	SP_0611	578100	+	81	39.51
TIGR4_NEG_SP_0611-578600-f	SP_0611	578600	+	81	54.32
TIGR4_NEG_SP_0611-579060-f	SP_0611	579060	+	81	48.15
TIGR4_NEG_SP_0613-580039-f	SP_0613	580039	+	81	51.85
TIGR4_NEG_SP_0613-580819-f	SP_0613	580819	+	81	43.21
TIGR4_NEG_SP_0614-582109-f	SP_0614	582109	+	81	41.98
TIGR4_NEG_SP_0615-583010-f	SP_0615	583010	+	81	38.27
TIGR4_NEG_SP_0616-583745-f	SP_0616	583745	+	81	43.21
TIGR4_NEG_SP_0616-584695-f	SP_0616	584695	+	81	38.27
TIGR4_NEG_SP_0617-585206-f	SP_0617	585206	+	81	51.85
TIGR4_NEG_SP_0617-585336-f	SP_0617	585336	+	81	44.44
TIGR4_NEG_SP_0618-586707-f	SP_0618	586707	+	81	39.51
TIGR4_NEG_SP_0618-586847-f	SP_0618	586847	+	81	48.15
TIGR4_NEG_SP_0618-586907-f	SP_0618	586907	+	81	43.21
TIGR4_NEG_SP_0618-587127-f	SP_0618	587127	+	81	45.68
TIGR4_NEG_SP_0619-587631-f	SP_0619	587631	+	81	44.44
TIGR4_NEG_SP_0619-587701-f	SP_0619	587701	+	81	51.85
TIGR4_NEG_SP_0619-587921-f	SP_0619	587921	+	81	35.8
TIGR4_NEG_SP_0620-588726-r	SP_0620	588726	-	81	41.98
TIGR4_NEG_SP_0620-588956-r	SP_0620	588956	-	81	41.98
TIGR4_NEG_SP_0626-593030-f	SP_0626	593030	+	81	43.21
TIGR4_NEG_SP_0626-593450-f	SP_0626	593450	+	81	33.33
TIGR4_NEG_SP_0626-593720-f	SP_0626	593720	+	81	43.21
TIGR4_NEG_SP_0626-593880-f	SP_0626	593880	+	81	38.27
TIGR4_NEG_SP_0627-594458-f	SP_0627	594458	+	81	51.85
TIGR4_NEG_SP_0627-594738-f	SP_0627	594738	+	81	43.21
TIGR4_NEG_SP_0628-595404-f	SP_0628	595404	+	81	43.21
TIGR4_NEG_SP_0636-600265-f	SP_0636	600265	+	81	41.98
TIGR4_NEG_SP_0645-612835-f	SP_0645	612835	+	81	40.74
TIGR4_NEG_SP_0648-615712-f	SP_0648	615712	+	81	40.74
TIGR4_NEG_SP_0648-615732-f	SP_0648	615732	+	81	41.98
TIGR4_NEG_SP_0648-615822-f	SP_0648	615822	+	81	35.8
TIGR4_NEG_SP_0648-617092-f	SP_0648	617092	+	81	39.51
TIGR4_NEG_SP_0648-617442-f	SP_0648	617442	+	81	46.91
TIGR4_NEG_SP_0648-617892-f	SP_0648	617892	+	81	43.21
TIGR4_NEG_SP_0648-618032-f	SP_0648	618032	+	81	45.68
TIGR4_NEG_SP_0648-618602-f	SP_0648	618602	+	81	35.8
TIGR4_NEG_SP_0648-618822-f	SP_0648	618822	+	81	53.09
TIGR4_NEG_SP_0648-619282-f	SP_0648	619282	+	81	45.68
TIGR4_NEG_SP_0648-620472-f	SP_0648	620472	+	81	50.62
TIGR4_NEG_SP_0648-620542-f	SP_0648	620542	+	81	49.38
TIGR4_NEG_SP_0648-620612-f	SP_0648	620612	+	81	41.98
TIGR4_NEG_SP_0648-620882-f	SP_0648	620882	+	81	39.51
TIGR4_NEG_SP_0648-621032-f	SP_0648	621032	+	81	44.44
TIGR4_NEG_SP_0648-621102-f	SP_0648	621102	+	81	41.98
TIGR4_NEG_SP_0648-621122-f	SP_0648	621122	+	81	43.21
TIGR4_NEG_SP_0648-621572-f	SP_0648	621572	+	81	41.98
TIGR4_NEG_SP_0648-621772-f	SP_0648	621772	+	81	34.57
TIGR4_NEG_SP_0652-624978-f	SP_0652	624978	+	81	44.44
TIGR4_NEG_SP_0655-625814-f	SP_0655	625814	+	81	45.68
TIGR4_NEG_SP_0655-625964-f	SP_0655	625964	+	81	59.26
TIGR4_NEG_SP_0655-627304-f	SP_0655	627304	+	81	45.68
TIGR4_NEG_SP_0658-629218-f	SP_0658	629218	+	81	38.27
TIGR4_NEG_SP_0658-629328-f	SP_0658	629328	+	81	46.91
TIGR4_NEG_SP_0662-632619-f	SP_0662	632619	+	81	45.68
TIGR4_NEG_SP_0662-633449-f	SP_0662	633449	+	81	45.68
TIGR4_NEG_SP_0664-636451-f	SP_0664	636451	+	81	28.4
TIGR4_NEG_SP_0664-636581-f	SP_0664	636581	+	81	37.04
TIGR4_NEG_SP_0664-637021-f	SP_0664	637021	+	81	28.4
TIGR4_NEG_SP_0664-637401-f	SP_0664	637401	+	81	32.1
TIGR4_NEG_SP_0664-637801-f	SP_0664	637801	+	81	33.33
TIGR4_NEG_SP_0664-638491-f	SP_0664	638491	+	81	32.1
TIGR4_NEG_SP_0664-638931-f	SP_0664	638931	+	81	33.33
TIGR4_NEG_SP_0664-639501-f	SP_0664	639501	+	81	48.15
TIGR4_NEG_SP_0664-639511-f	SP_0664	639511	+	81	45.68
TIGR4_NEG_SP_0664-639521-f	SP_0664	639521	+	81	43.21
TIGR4_NEG_SP_0664-639891-f	SP_0664	639891	+	81	32.1
TIGR4_NEG_SP_0665-640852-f	SP_0665	640852	+	81	44.44
TIGR4_NEG_SP_0665-640952-f	SP_0665	640952	+	81	40.74
TIGR4_NEG_SP_0669-645612-f	SP_0669	645612	+	81	55.56
TIGR4_NEG_SP_0671-646680-f	SP_0671	646680	+	81	46.91
TIGR4_NEG_SP_0672-647287-f	SP_0672	647287	+	81	45.68
TIGR4_NEG_SP_0672-647377-f	SP_0672	647377	+	81	46.91
TIGR4_NEG_SP_0672-647847-f	SP_0672	647847	+	81	48.15
TIGR4_NEG_SP_0672-647967-f	SP_0672	647967	+	81	46.91
TIGR4_NEG_SP_0676-651245-r	SP_0676	651245	-	81	46.91
TIGR4_NEG_SP_0676-651345-r	SP_0676	651345	-	81	43.21
TIGR4_NEG_SP_0680-652882-r	SP_0680	652882	-	81	39.51
TIGR4_NEG_SP_0680-653172-r	SP_0680	653172	-	81	55.56
TIGR4_NEG_SP_0681-653939-f	SP_0681	653939	+	81	44.44
TIGR4_NEG_SP_0681-654269-f	SP_0681	654269	+	81	45.68
TIGR4_NEG_SP_0681-654319-f	SP_0681	654319	+	81	49.38
TIGR4_NEG_SP_0686-657017-f	SP_0686	657017	+	81	34.57
TIGR4_NEG_SP_0686-657137-f	SP_0686	657137	+	81	44.44
TIGR4_NEG_SP_0686-657317-f	SP_0686	657317	+	81	39.51
TIGR4_NEG_SP_0686-657327-f	SP_0686	657327	+	81	40.74
TIGR4_NEG_SP_0686-657417-f	SP_0686	657417	+	81	41.98
TIGR4_NEG_SP_0686-657427-f	SP_0686	657427	+	81	39.51
TIGR4_NEG_SP_0686-657457-f	SP_0686	657457	+	81	38.27
TIGR4_NEG_SP_0686-657827-f	SP_0686	657827	+	81	38.27
TIGR4_NEG_SP_0688-659945-f	SP_0688	659945	+	81	38.27
TIGR4_NEG_SP_0688-660305-f	SP_0688	660305	+	81	46.91
TIGR4_NEG_SP_0689-661019-f	SP_0689	661019	+	81	40.74
TIGR4_NEG_SP_0689-661039-f	SP_0689	661039	+	81	38.27
TIGR4_NEG_SP_0689-661129-f	SP_0689	661129	+	81	41.98
TIGR4_NEG_SP_0689-661179-f	SP_0689	661179	+	81	41.98
TIGR4_NEG_SP_0689-661419-f	SP_0689	661419	+	81	48.15
TIGR4_NEG_SP_0695-664825-f	SP_0695	664825	+	81	29.63
TIGR4_NEG_SP_0696-665336-f	SP_0696	665336	+	81	32.1
TIGR4_NEG_SP_0704-670857-f	SP_0704	670857	+	81	29.63
TIGR4_NEG_SP_0706-672167-f	SP_0706	672167	+	81	37.04
TIGR4_NEG_SP_0706-672237-f	SP_0706	672237	+	81	28.4
TIGR4_NEG_SP_0711-675481-r	SP_0711	675481	-	81	46.91
TIGR4_NEG_SP_0711-675871-r	SP_0711	675871	-	81	44.44
TIGR4_NEG_SP_0715-681000-f	SP_0715	681000	+	81	40.74
TIGR4_NEG_SP_0715-681090-f	SP_0715	681090	+	81	46.91
TIGR4_NEG_SP_0718-684082-f	SP_0718	684082	+	81	29.63
TIGR4_NEG_SP_0723-688386-f	SP_0723	688386	+	81	44.44
TIGR4_NEG_SP_0726-690878-r	SP_0726	690878	-	81	40.74
TIGR4_NEG_SP_0729-692912-f	SP_0729	692912	+	81	48.15
TIGR4_NEG_SP_0729-693102-f	SP_0729	693102	+	81	44.44
TIGR4_NEG_SP_0729-693322-f	SP_0729	693322	+	81	41.98
TIGR4_NEG_SP_0729-693342-f	SP_0729	693342	+	81	41.98
TIGR4_NEG_SP_0729-693792-f	SP_0729	693792	+	81	53.09
TIGR4_NEG_SP_0729-694062-f	SP_0729	694062	+	81	39.51
TIGR4_NEG_SP_0736-699080-f	SP_0736	699080	+	81	44.44
TIGR4_NEG_SP_0736-699300-f	SP_0736	699300	+	81	46.91
TIGR4_NEG_SP_0736-699310-f	SP_0736	699310	+	81	45.68
TIGR4_NEG_SP_0736-699410-f	SP_0736	699410	+	81	49.38
TIGR4_NEG_SP_0737-700254-r	SP_0737	700254	-	81	43.21
TIGR4_NEG_SP_0737-700674-r	SP_0737	700674	-	81	46.91
TIGR4_NEG_SP_0737-700694-r	SP_0737	700694	-	81	43.21
TIGR4_NEG_SP_0737-700804-r	SP_0737	700804	-	81	39.51
TIGR4_NEG_SP_0739-701789-f	SP_0739	701789	+	81	33.33
TIGR4_NEG_SP_0739-701899-f	SP_0739	701899	+	81	50.62
TIGR4_NEG_SP_0741-703413-r	SP_0741	703413	-	81	43.21
TIGR4_NEG_SP_0742-704407-r	SP_0742	704407	-	81	39.51
TIGR4_NEG_SP_0744-705683-f	SP_0744	705683	+	81	46.91
TIGR4_NEG_SP_0745-706389-f	SP_0745	706389	+	81	38.27
TIGR4_NEG_SP_0746-707002-f	SP_0746	707002	+	81	37.04
TIGR4_NEG_SP_0746-707022-f	SP_0746	707022	+	81	39.51
TIGR4_NEG_SP_0746-707072-f	SP_0746	707072	+	81	43.21
TIGR4_NEG_SP_0746-707232-f	SP_0746	707232	+	81	46.91
TIGR4_NEG_SP_0750-709608-f	SP_0750	709608	+	81	48.15
TIGR4_NEG_SP_0751-710331-f	SP_0751	710331	+	81	35.8
TIGR4_NEG_SP_0751-710391-f	SP_0751	710391	+	81	46.91
TIGR4_NEG_SP_0751-710701-f	SP_0751	710701	+	81	46.91
TIGR4_NEG_SP_0753-712001-f	SP_0753	712001	+	81	48.15
TIGR4_NEG_SP_0753-712481-f	SP_0753	712481	+	81	41.98
TIGR4_NEG_SP_0754-713409-f	SP_0754	713409	+	81	34.57
TIGR4_NEG_SP_0758-717613-f	SP_0758	717613	+	81	40.74
TIGR4_NEG_SP_0758-717853-f	SP_0758	717853	+	81	49.38
TIGR4_NEG_SP_0758-718613-f	SP_0758	718613	+	81	40.74
TIGR4_NEG_SP_0762-722178-f	SP_0762	722178	+	81	45.68
TIGR4_NEG_SP_0762-722378-f	SP_0762	722378	+	81	48.15
TIGR4_NEG_SP_0764-723441-f	SP_0764	723441	+	81	39.51
TIGR4_NEG_SP_0765-724750-f	SP_0765	724750	+	81	34.57
TIGR4_NEG_SP_0766-725560-f	SP_0766	725560	+	81	46.91
TIGR4_NEG_SP_0766-725600-f	SP_0766	725600	+	81	51.85
TIGR4_NEG_SP_0768-726744-f	SP_0768	726744	+	81	44.44
TIGR4_NEG_SP_0768-727514-f	SP_0768	727514	+	81	35.8
TIGR4_NEG_SP_0768-727634-f	SP_0768	727634	+	81	45.68
TIGR4_NEG_SP_0769-727839-f	SP_0769	727839	+	81	46.91
TIGR4_NEG_SP_0770-728443-f	SP_0770	728443	+	81	51.85
TIGR4_NEG_SP_0770-728593-f	SP_0770	728593	+	81	43.21
TIGR4_NEG_SP_0770-728653-f	SP_0770	728653	+	81	46.91
TIGR4_NEG_SP_0770-728943-f	SP_0770	728943	+	81	45.68
TIGR4_NEG_SP_0777-733106-f	SP_0777	733106	+	81	32.1
TIGR4_NEG_SP_0781-735403-r	SP_0781	735403	-	81	37.04
TIGR4_NEG_SP_0784-737445-r	SP_0784	737445	-	81	49.38
TIGR4_NEG_SP_0784-737485-r	SP_0784	737485	-	81	40.74
TIGR4_NEG_SP_0785-738736-f	SP_0785	738736	+	81	41.98
TIGR4_NEG_SP_0785-738946-f	SP_0785	738946	+	81	51.85
TIGR4_NEG_SP_0785-739416-f	SP_0785	739416	+	81	38.27
TIGR4_NEG_SP_0785-739576-f	SP_0785	739576	+	81	40.74
TIGR4_NEG_SP_0787-740762-f	SP_0787	740762	+	81	35.8
TIGR4_NEG_SP_0787-741242-f	SP_0787	741242	+	81	39.51
TIGR4_NEG_SP_0788-742335-f	SP_0788	742335	+	81	45.68
TIGR4_NEG_SP_0788-742685-f	SP_0788	742685	+	81	39.51
TIGR4_NEG_SP_0788-743185-f	SP_0788	743185	+	81	38.27
TIGR4_NEG_SP_0791-745732-f	SP_0791	745732	+	81	28.4
TIGR4_NEG_SP_0791-745762-f	SP_0791	745762	+	81	39.51
TIGR4_NEG_SP_0793-746753-f	SP_0793	746753	+	81	45.68
TIGR4_NEG_SP_0793-747123-f	SP_0793	747123	+	81	50.62
TIGR4_NEG_SP_0795-748150-f	SP_0795	748150	+	81	44.44
TIGR4_NEG_SP_0796-748854-f	SP_0796	748854	+	81	46.91
TIGR4_NEG_SP_0797-749587-f	SP_0797	749587	+	81	40.74
TIGR4_NEG_SP_0797-750767-f	SP_0797	750767	+	81	44.44
TIGR4_NEG_SP_0797-751167-f	SP_0797	751167	+	81	44.44
TIGR4_NEG_SP_0797-751547-f	SP_0797	751547	+	81	50.62
TIGR4_NEG_SP_0797-751667-f	SP_0797	751667	+	81	44.44
TIGR4_NEG_SP_0799-753096-f	SP_0799	753096	+	81	38.27
TIGR4_NEG_SP_0799-753226-f	SP_0799	753226	+	81	46.91
TIGR4_NEG_SP_0799-753776-f	SP_0799	753776	+	81	43.21
TIGR4_NEG_SP_0800-754014-r	SP_0800	754014	-	81	37.04
TIGR4_NEG_SP_0800-754024-r	SP_0800	754024	-	81	37.04
TIGR4_NEG_SP_0801-754621-f	SP_0801	754621	+	81	37.04
TIGR4_NEG_SP_0802-756590-f	SP_0802	756590	+	81	43.21
TIGR4_NEG_SP_0802-756700-f	SP_0802	756700	+	81	41.98
TIGR4_NEG_SP_0802-756720-f	SP_0802	756720	+	81	40.74
TIGR4_NEG_SP_0805-760051-f	SP_0805	760051	+	81	37.04
TIGR4_NEG_SP_0806-760718-f	SP_0806	760718	+	81	49.38
TIGR4_NEG_SP_0806-760968-f	SP_0806	760968	+	81	39.51
TIGR4_NEG_SP_0806-761998-f	SP_0806	761998	+	81	43.21
TIGR4_NEG_SP_0807-762776-f	SP_0807	762776	+	81	33.33
TIGR4_NEG_SP_0820-770298-r	SP_0820	770298	-	81	37.04
TIGR4_NEG_SP_0820-770528-r	SP_0820	770528	-	81	43.21
TIGR4_NEG_SP_0820-770618-r	SP_0820	770618	-	81	49.38
TIGR4_NEG_SP_0820-771118-r	SP_0820	771118	-	81	41.98
TIGR4_NEG_SP_0820-772328-r	SP_0820	772328	-	81	40.74
TIGR4_NEG_SP_0824-773918-f	SP_0824	773918	+	81	46.91
TIGR4_NEG_SP_0825-775061-f	SP_0825	775061	+	81	43.21
TIGR4_NEG_SP_0825-775221-f	SP_0825	775221	+	81	44.44
TIGR4_NEG_SP_0825-775391-f	SP_0825	775391	+	81	49.38
TIGR4_NEG_SP_0825-775461-f	SP_0825	775461	+	81	51.85
TIGR4_NEG_SP_0829-778556-f	SP_0829	778556	+	81	38.27
TIGR4_NEG_SP_0829-778946-f	SP_0829	778946	+	81	44.44
TIGR4_NEG_SP_0831-780527-f	SP_0831	780527	+	81	49.38
TIGR4_NEG_SP_0831-780817-f	SP_0831	780817	+	81	44.44
TIGR4_NEG_SP_0835-784173-f	SP_0835	784173	+	81	46.91
TIGR4_NEG_SP_0836-784953-r	SP_0836	784953	-	81	35.8
TIGR4_NEG_SP_0836-785143-r	SP_0836	785143	-	81	38.27
TIGR4_NEG_SP_0837-786219-r	SP_0837	786219	-	81	38.27
TIGR4_NEG_SP_0839-787210-r	SP_0839	787210	-	81	41.98
TIGR4_NEG_SP_0842-789447-f	SP_0842	789447	+	81	49.38
TIGR4_NEG_SP_0842-789647-f	SP_0842	789647	+	81	48.15
TIGR4_NEG_SP_0845-791730-f	SP_0845	791730	+	81	37.04
TIGR4_NEG_SP_0846-792676-f	SP_0846	792676	+	81	44.44
TIGR4_NEG_SP_0847-794164-f	SP_0847	794164	+	81	39.51
TIGR4_NEG_SP_0848-795665-f	SP_0848	795665	+	81	40.74
TIGR4_NEG_SP_0851-797770-r	SP_0851	797770	-	81	41.98
TIGR4_NEG_SP_0852-798857-f	SP_0852	798857	+	81	37.04
TIGR4_NEG_SP_0852-799147-f	SP_0852	799147	+	81	48.15
TIGR4_NEG_SP_0852-799557-f	SP_0852	799557	+	81	44.44
TIGR4_NEG_SP_0852-799567-f	SP_0852	799567	+	81	46.91
TIGR4_NEG_SP_0860-807054-f	SP_0860	807054	+	81	40.74
TIGR4_NEG_SP_0862-808379-f	SP_0862	808379	+	81	33.33
TIGR4_NEG_SP_0865-812694-f	SP_0865	812694	+	81	43.21
TIGR4_NEG_SP_0868-814729-f	SP_0868	814729	+	81	37.04
TIGR4_NEG_SP_0870-816825-f	SP_0870	816825	+	81	43.21
TIGR4_NEG_SP_0871-817509-f	SP_0871	817509	+	81	44.44
TIGR4_NEG_SP_0871-817729-f	SP_0871	817729	+	81	35.8
TIGR4_NEG_SP_0871-817999-f	SP_0871	817999	+	81	39.51
TIGR4_NEG_SP_0871-818079-f	SP_0871	818079	+	81	40.74
TIGR4_NEG_SP_0871-818479-f	SP_0871	818479	+	81	37.04
TIGR4_NEG_SP_0871-818509-f	SP_0871	818509	+	81	39.51
TIGR4_NEG_SP_0872-819012-r	SP_0872	819012	-	81	44.44
TIGR4_NEG_SP_0872-819032-r	SP_0872	819032	-	81	46.91
TIGR4_NEG_SP_0872-819722-r	SP_0872	819722	-	81	45.68
TIGR4_NEG_SP_0872-819872-r	SP_0872	819872	-	81	39.51
TIGR4_NEG_SP_0873-820726-f	SP_0873	820726	+	81	34.57
TIGR4_NEG_SP_0873-820736-f	SP_0873	820736	+	81	38.27
TIGR4_NEG_SP_0873-820956-f	SP_0873	820956	+	81	30.86
TIGR4_NEG_SP_0873-821066-f	SP_0873	821066	+	81	41.98
TIGR4_NEG_SP_0875-822897-f	SP_0875	822897	+	81	35.8
TIGR4_NEG_SP_0876-823614-f	SP_0876	823614	+	81	40.74
TIGR4_NEG_SP_0877-824532-f	SP_0877	824532	+	81	43.21
TIGR4_NEG_SP_0877-825462-f	SP_0877	825462	+	81	48.15
TIGR4_NEG_SP_0877-825832-f	SP_0877	825832	+	81	44.44
TIGR4_NEG_SP_0878-826630-f	SP_0878	826630	+	81	41.98
TIGR4_NEG_SP_0878-826890-f	SP_0878	826890	+	81	45.68
TIGR4_NEG_SP_0878-827610-f	SP_0878	827610	+	81	39.51
TIGR4_NEG_SP_0880-829494-f	SP_0880	829494	+	81	48.15
TIGR4_NEG_SP_0881-831075-f	SP_0881	831075	+	81	48.15
TIGR4_NEG_SP_0882-831914-f	SP_0882	831914	+	81	37.04
TIGR4_NEG_SP_0886-835735-f	SP_0886	835735	+	81	32.1
TIGR4_NEG_SP_0886-836025-f	SP_0886	836025	+	81	44.44
TIGR4_NEG_SP_0886-836035-f	SP_0886	836035	+	81	41.98
TIGR4_NEG_SP_0886-836055-f	SP_0886	836055	+	81	40.74
TIGR4_NEG_SP_0890-838556-f	SP_0890	838556	+	81	32.1
TIGR4_NEG_SP_0892-840265-f	SP_0892	840265	+	81	34.57
TIGR4_NEG_SP_0892-840315-f	SP_0892	840315	+	81	37.04
TIGR4_NEG_SP_0892-841475-f	SP_0892	841475	+	81	39.51
TIGR4_NEG_SP_0892-841995-f	SP_0892	841995	+	81	38.27
TIGR4_NEG_SP_0892-842365-f	SP_0892	842365	+	81	40.74
TIGR4_NEG_SP_0892-842755-f	SP_0892	842755	+	81	45.68
TIGR4_NEG_SP_0892-842815-f	SP_0892	842815	+	81	34.57
TIGR4_NEG_SP_0892-842855-f	SP_0892	842855	+	81	33.33
TIGR4_NEG_SP_0894-845408-r	SP_0894	845408	-	81	43.21
TIGR4_NEG_SP_0895-847471-f	SP_0895	847471	+	81	38.27
TIGR4_NEG_SP_0895-847861-f	SP_0895	847861	+	81	33.33
TIGR4_NEG_SP_0895-848591-f	SP_0895	848591	+	81	33.33
TIGR4_NEG_SP_0895-848681-f	SP_0895	848681	+	81	45.68
TIGR4_NEG_SP_0895-849401-f	SP_0895	849401	+	81	29.63
TIGR4_NEG_SP_0895-849481-f	SP_0895	849481	+	81	24.69
TIGR4_NEG_SP_0896-850731-f	SP_0896	850731	+	81	45.68
TIGR4_NEG_SP_0897-852037-f	SP_0897	852037	+	81	35.8
TIGR4_NEG_SP_0897-852067-f	SP_0897	852067	+	81	34.57
TIGR4_NEG_SP_0904-857691-r	SP_0904	857691	-	81	41.98
TIGR4_NEG_SP_0908-861109-f	SP_0908	861109	+	81	44.44
TIGR4_NEG_SP_0908-861239-f	SP_0908	861239	+	81	44.44
TIGR4_NEG_SP_0908-862119-f	SP_0908	862119	+	81	45.68
TIGR4_NEG_SP_0912-864897-f	SP_0912	864897	+	81	41.98
TIGR4_NEG_SP_0913-865777-f	SP_0913	865777	+	81	43.21
TIGR4_NEG_SP_0913-866197-f	SP_0913	866197	+	81	29.63
TIGR4_NEG_SP_0913-866447-f	SP_0913	866447	+	81	34.57
TIGR4_NEG_SP_0913-866547-f	SP_0913	866547	+	81	37.04
TIGR4_NEG_SP_0915-868277-r	SP_0915	868277	-	81	41.98
TIGR4_NEG_SP_0920-874708-f	SP_0920	874708	+	81	55.56
TIGR4_NEG_SP_0921-875962-f	SP_0921	875962	+	81	45.68
TIGR4_NEG_SP_0922-876857-f	SP_0922	876857	+	81	33.33
TIGR4_NEG_SP_0923-877803-r	SP_0923	877803	-	81	39.51
TIGR4_NEG_SP_0923-877863-r	SP_0923	877863	-	81	48.15
TIGR4_NEG_SP_0923-878263-r	SP_0923	878263	-	81	41.98
TIGR4_NEG_SP_0925-879559-f	SP_0925	879559	+	81	32.1
TIGR4_NEG_SP_0927-880162-f	SP_0927	880162	+	81	33.33
TIGR4_NEG_SP_0928-880967-f	SP_0928	880967	+	81	43.21
TIGR4_NEG_SP_0930-882728-f	SP_0930	882728	+	81	33.33
TIGR4_NEG_SP_0932-885481-f	SP_0932	885481	+	81	44.44
TIGR4_NEG_SP_0932-885751-f	SP_0932	885751	+	81	44.44
TIGR4_NEG_SP_0932-886301-f	SP_0932	886301	+	81	46.91
TIGR4_NEG_SP_0936-888355-f	SP_0936	888355	+	81	46.91
TIGR4_NEG_SP_0938-889635-f	SP_0938	889635	+	81	44.44
TIGR4_NEG_SP_0950-898969-f	SP_0950	898969	+	81	29.63
TIGR4_NEG_SP_0954-902422-f	SP_0954	902422	+	81	46.91
TIGR4_NEG_SP_0955-903446-f	SP_0955	903446	+	81	46.91
TIGR4_NEG_SP_0955-903746-f	SP_0955	903746	+	81	37.04
TIGR4_NEG_SP_0955-904496-f	SP_0955	904496	+	81	41.98
TIGR4_NEG_SP_0955-904566-f	SP_0955	904566	+	81	43.21
TIGR4_NEG_SP_0957-905726-f	SP_0957	905726	+	81	40.74
TIGR4_NEG_SP_0958-906287-f	SP_0958	906287	+	81	43.21
TIGR4_NEG_SP_0958-906387-f	SP_0958	906387	+	81	30.86
TIGR4_NEG_SP_0965-911365-f	SP_0965	911365	+	81	41.98
TIGR4_NEG_SP_0965-911435-f	SP_0965	911435	+	81	39.51
TIGR4_NEG_SP_0965-911715-f	SP_0965	911715	+	81	39.51
TIGR4_NEG_SP_0965-911815-f	SP_0965	911815	+	81	40.74
TIGR4_NEG_SP_0965-912145-f	SP_0965	912145	+	81	38.27
TIGR4_NEG_SP_0965-912165-f	SP_0965	912165	+	81	39.51
TIGR4_NEG_SP_0965-912245-f	SP_0965	912245	+	81	35.8
TIGR4_NEG_SP_0965-912365-f	SP_0965	912365	+	81	37.04
TIGR4_NEG_SP_0965-912905-f	SP_0965	912905	+	81	40.74
TIGR4_NEG_SP_0966-913899-r	SP_0966	913899	-	81	50.62
TIGR4_NEG_SP_0969-915929-f	SP_0969	915929	+	81	46.91
TIGR4_NEG_SP_0969-916089-f	SP_0969	916089	+	81	40.74
TIGR4_NEG_SP_0972-918223-f	SP_0972	918223	+	81	48.15
TIGR4_NEG_SP_0975-919886-f	SP_0975	919886	+	81	40.74
TIGR4_NEG_SP_0975-920786-f	SP_0975	920786	+	81	49.38
TIGR4_NEG_SP_0975-921116-f	SP_0975	921116	+	81	45.68
TIGR4_NEG_SP_0978-923689-f	SP_0978	923689	+	81	35.8
TIGR4_NEG_SP_0979-925131-f	SP_0979	925131	+	81	45.68
TIGR4_NEG_SP_0981-927545-f	SP_0981	927545	+	81	41.98
TIGR4_NEG_SP_0987-931495-r	SP_0987	931495	-	81	43.21
TIGR4_NEG_SP_0987-931765-r	SP_0987	931765	-	81	37.04
TIGR4_NEG_SP_0994-936757-f	SP_0994	936757	+	81	40.74
TIGR4_NEG_SP_0994-937337-f	SP_0994	937337	+	81	35.8
TIGR4_NEG_SP_0999-940506-f	SP_0999	940506	+	81	30.86
TIGR4_NEG_SP_1001-942045-f	SP_1001	942045	+	81	48.15
TIGR4_NEG_SP_1001-942265-f	SP_1001	942265	+	81	41.98
TIGR4_NEG_SP_1001-942615-f	SP_1001	942615	+	81	44.44
TIGR4_NEG_SP_1001-942655-f	SP_1001	942655	+	81	46.91
TIGR4_NEG_SP_1001-942685-f	SP_1001	942685	+	81	40.74
TIGR4_NEG_SP_1001-942725-f	SP_1001	942725	+	81	39.51
TIGR4_NEG_SP_1002-943529-f	SP_1002	943529	+	81	41.98
TIGR4_NEG_SP_1002-943759-f	SP_1002	943759	+	81	43.21
TIGR4_NEG_SP_1003-946334-f	SP_1003	946334	+	81	38.27
TIGR4_NEG_SP_1004-947693-f	SP_1004	947693	+	81	41.98
TIGR4_NEG_SP_1004-947903-f	SP_1004	947903	+	81	44.44
TIGR4_NEG_SP_1004-948143-f	SP_1004	948143	+	81	35.8
TIGR4_NEG_SP_1004-949143-f	SP_1004	949143	+	81	40.74
TIGR4_NEG_SP_1008-952751-r	SP_1008	952751	-	81	46.91
TIGR4_NEG_SP_1008-953061-r	SP_1008	953061	-	81	41.98
TIGR4_NEG_SP_1009-954619-f	SP_1009	954619	+	81	39.51
TIGR4_NEG_SP_1009-954779-f	SP_1009	954779	+	81	32.1
TIGR4_NEG_SP_1014-958393-f	SP_1014	958393	+	81	48.15
TIGR4_NEG_SP_1014-958893-f	SP_1014	958893	+	81	44.44
TIGR4_NEG_SP_1016-960858-r	SP_1016	960858	-	81	40.74
TIGR4_NEG_SP_1016-960938-r	SP_1016	960938	-	81	45.68
TIGR4_NEG_SP_1016-961118-r	SP_1016	961118	-	81	46.91
TIGR4_NEG_SP_1016-961638-r	SP_1016	961638	-	81	49.38
TIGR4_NEG_SP_1020-964342-f	SP_1020	964342	+	81	50.62
TIGR4_NEG_SP_1024-966681-f	SP_1024	966681	+	81	41.98
TIGR4_NEG_SP_1025-967772-f	SP_1025	967772	+	81	30.86
TIGR4_NEG_SP_1025-968242-f	SP_1025	968242	+	81	38.27
TIGR4_NEG_SP_1027-969597-f	SP_1027	969597	+	81	37.04
TIGR4_NEG_SP_1027-969787-f	SP_1027	969787	+	81	44.44
TIGR4_NEG_SP_1029-971345-f	SP_1029	971345	+	81	40.74
TIGR4_NEG_SP_1032-974286-f	SP_1032	974286	+	81	40.74
TIGR4_NEG_SP_1040-979533-f	SP_1040	979533	+	81	32.1
TIGR4_NEG_SP_1040-979733-f	SP_1040	979733	+	81	39.51
TIGR4_NEG_SP_1040-980123-f	SP_1040	980123	+	81	41.98
TIGR4_NEG_SP_1052-989347-f	SP_1052	989347	+	81	32.1
TIGR4_NEG_SP_1052-989397-f	SP_1052	989397	+	81	28.4
TIGR4_NEG_SP_1057-994204-f	SP_1057	994204	+	81	27.16
TIGR4_NEG_SP_1068-1002757-f	SP_1068	1002757	+	81	28.4
TIGR4_NEG_SP_1068-1002897-f	SP_1068	1002897	+	81	40.74
TIGR4_NEG_SP_1068-1003647-f	SP_1068	1003647	+	81	34.57
TIGR4_NEG_SP_1069-1006186-f	SP_1069	1006186	+	81	38.27
TIGR4_NEG_SP_1069-1006236-f	SP_1069	1006236	+	81	40.74
TIGR4_NEG_SP_1072-1009370-f	SP_1072	1009370	+	81	41.98
TIGR4_NEG_SP_1072-1009720-f	SP_1072	1009720	+	81	50.62
TIGR4_NEG_SP_1073-1010313-f	SP_1073	1010313	+	81	44.44
TIGR4_NEG_SP_1073-1010493-f	SP_1073	1010493	+	81	46.91
TIGR4_NEG_SP_1076-1013389-f	SP_1076	1013389	+	81	37.04
TIGR4_NEG_SP_1081-1017429-f	SP_1081	1017429	+	81	34.57
TIGR4_NEG_SP_1083-1019108-f	SP_1083	1019108	+	81	43.21
TIGR4_NEG_SP_1087-1022745-f	SP_1087	1022745	+	81	53.09
TIGR4_NEG_SP_1087-1024275-f	SP_1087	1024275	+	81	38.27
TIGR4_NEG_SP_1087-1024395-f	SP_1087	1024395	+	81	40.74
TIGR4_NEG_SP_1087-1024585-f	SP_1087	1024585	+	81	49.38
TIGR4_NEG_SP_1094-1028182-r	SP_1094	1028182	-	81	44.44
TIGR4_NEG_SP_1094-1028412-r	SP_1094	1028412	-	81	41.98
TIGR4_NEG_SP_1095-1029027-r	SP_1095	1029027	-	81	41.98
TIGR4_NEG_SP_1098-1031241-f	SP_1098	1031241	+	81	44.44
TIGR4_NEG_SP_1101-1034342-r	SP_1101	1034342	-	81	35.8
TIGR4_NEG_SP_1101-1034512-r	SP_1101	1034512	-	81	39.51
TIGR4_NEG_SP_1101-1034682-r	SP_1101	1034682	-	81	45.68
TIGR4_NEG_SP_1101-1034742-r	SP_1101	1034742	-	81	38.27
TIGR4_NEG_SP_1101-1035082-r	SP_1101	1035082	-	81	30.86
TIGR4_NEG_SP_1101-1035172-r	SP_1101	1035172	-	81	37.04
TIGR4_NEG_SP_1104-1036700-f	SP_1104	1036700	+	81	46.91
TIGR4_NEG_SP_1104-1036710-f	SP_1104	1036710	+	81	41.98
TIGR4_NEG_SP_1104-1036760-f	SP_1104	1036760	+	81	41.98
TIGR4_NEG_SP_1110-1039734-f	SP_1110	1039734	+	81	43.21
TIGR4_NEG_SP_1112-1041614-f	SP_1112	1041614	+	81	40.74
TIGR4_NEG_SP_1114-1043170-f	SP_1114	1043170	+	81	41.98
TIGR4_NEG_SP_1114-1044000-f	SP_1114	1044000	+	81	44.44
TIGR4_NEG_SP_1116-1046467-f	SP_1116	1046467	+	81	33.33
TIGR4_NEG_SP_1116-1046627-f	SP_1116	1046627	+	81	34.57
TIGR4_NEG_SP_1116-1046677-f	SP_1116	1046677	+	81	33.33
TIGR4_NEG_SP_1117-1047148-f	SP_1117	1047148	+	81	46.91
TIGR4_NEG_SP_1117-1047328-f	SP_1117	1047328	+	81	41.98
TIGR4_NEG_SP_1117-1048508-f	SP_1117	1048508	+	81	41.98
TIGR4_NEG_SP_1118-1050148-f	SP_1118	1050148	+	81	39.51
TIGR4_NEG_SP_1118-1050808-f	SP_1118	1050808	+	81	45.68
TIGR4_NEG_SP_1118-1050828-f	SP_1118	1050828	+	81	46.91
TIGR4_NEG_SP_1119-1052572-f	SP_1119	1052572	+	81	46.91
TIGR4_NEG_SP_1119-1052632-f	SP_1119	1052632	+	81	43.21
TIGR4_NEG_SP_1121-1054499-f	SP_1121	1054499	+	81	38.27
TIGR4_NEG_SP_1124-1058545-f	SP_1124	1058545	+	81	34.57
TIGR4_NEG_SP_1124-1059005-f	SP_1124	1059005	+	81	48.15
TIGR4_NEG_SP_1124-1059025-f	SP_1124	1059025	+	81	46.91
TIGR4_NEG_SP_1124-1059105-f	SP_1124	1059105	+	81	45.68
TIGR4_NEG_SP_1128-1062143-f	SP_1128	1062143	+	81	38.27
TIGR4_NEG_SP_1129-1063481-r	SP_1129	1063481	-	81	37.04
TIGR4_NEG_SP_1129-1064001-r	SP_1129	1064001	-	81	38.27
TIGR4_NEG_SP_1134-1067004-f	SP_1134	1067004	+	81	43.21
TIGR4_NEG_SP_1142-1070828-f	SP_1142	1070828	+	81	37.04
TIGR4_NEG_SP_1145-1072611-f	SP_1145	1072611	+	81	27.16
TIGR4_NEG_SP_1145-1072671-f	SP_1145	1072671	+	81	27.16
TIGR4_NEG_SP_1145-1072971-f	SP_1145	1072971	+	81	32.1
TIGR4_NEG_SP_1151-1075777-f	SP_1151	1075777	+	81	40.74
TIGR4_NEG_SP_1151-1076047-f	SP_1151	1076047	+	81	46.91
TIGR4_NEG_SP_1151-1076067-f	SP_1151	1076067	+	81	44.44
TIGR4_NEG_SP_1151-1076227-f	SP_1151	1076227	+	81	43.21
TIGR4_NEG_SP_1151-1076747-f	SP_1151	1076747	+	81	39.51
TIGR4_NEG_SP_1151-1077067-f	SP_1151	1077067	+	81	39.51
TIGR4_NEG_SP_1151-1077407-f	SP_1151	1077407	+	81	45.68
TIGR4_NEG_SP_1151-1077927-f	SP_1151	1077927	+	81	39.51
TIGR4_NEG_SP_1151-1078007-f	SP_1151	1078007	+	81	48.15
TIGR4_NEG_SP_1151-1078197-f	SP_1151	1078197	+	81	46.91
TIGR4_NEG_SP_1152-1078949-f	SP_1152	1078949	+	81	48.15
TIGR4_NEG_SP_1152-1079289-f	SP_1152	1079289	+	81	38.27
TIGR4_NEG_SP_1152-1079369-f	SP_1152	1079369	+	81	40.74
TIGR4_NEG_SP_1152-1079479-f	SP_1152	1079479	+	81	53.09
TIGR4_NEG_SP_1152-1079519-f	SP_1152	1079519	+	81	54.32
TIGR4_NEG_SP_1152-1079529-f	SP_1152	1079529	+	81	53.09
TIGR4_NEG_SP_1152-1080269-f	SP_1152	1080269	+	81	38.27
TIGR4_NEG_SP_1152-1080489-f	SP_1152	1080489	+	81	46.91
TIGR4_NEG_SP_1152-1080549-f	SP_1152	1080549	+	81	43.21
TIGR4_NEG_SP_1152-1080579-f	SP_1152	1080579	+	81	44.44
TIGR4_NEG_SP_1152-1081059-f	SP_1152	1081059	+	81	39.51
TIGR4_NEG_SP_1152-1081629-f	SP_1152	1081629	+	81	41.98
TIGR4_NEG_SP_1154-1083961-f	SP_1154	1083961	+	81	35.8
TIGR4_NEG_SP_1154-1084481-f	SP_1154	1084481	+	81	34.57
TIGR4_NEG_SP_1154-1084511-f	SP_1154	1084511	+	81	34.57
TIGR4_NEG_SP_1154-1085301-f	SP_1154	1085301	+	81	40.74
TIGR4_NEG_SP_1154-1085581-f	SP_1154	1085581	+	81	30.86
TIGR4_NEG_SP_1154-1086941-f	SP_1154	1086941	+	81	46.91
TIGR4_NEG_SP_1154-1087061-f	SP_1154	1087061	+	81	40.74
TIGR4_NEG_SP_1154-1087561-f	SP_1154	1087561	+	81	39.51
TIGR4_NEG_SP_1154-1088121-f	SP_1154	1088121	+	81	39.51
TIGR4_NEG_SP_1154-1088411-f	SP_1154	1088411	+	81	45.68
TIGR4_NEG_SP_1154-1089121-f	SP_1154	1089121	+	81	34.57
TIGR4_NEG_SP_1156-1091750-f	SP_1156	1091750	+	81	44.44
TIGR4_NEG_SP_1160-1095784-r	SP_1160	1095784	-	81	49.38
TIGR4_NEG_SP_1160-1095874-r	SP_1160	1095874	-	81	45.68
TIGR4_NEG_SP_1161-1096877-r	SP_1161	1096877	-	81	40.74
TIGR4_NEG_SP_1162-1098436-r	SP_1162	1098436	-	81	43.21
TIGR4_NEG_SP_1163-1099597-r	SP_1163	1099597	-	81	39.51
TIGR4_NEG_SP_1163-1099987-r	SP_1163	1099987	-	81	43.21
TIGR4_NEG_SP_1164-1100855-r	SP_1164	1100855	-	81	51.85
TIGR4_NEG_SP_1167-1103213-r	SP_1167	1103213	-	81	41.98
TIGR4_NEG_SP_1167-1103693-r	SP_1167	1103693	-	81	50.62
TIGR4_NEG_SP_1170-1105679-r	SP_1170	1105679	-	81	25.93
TIGR4_NEG_SP_1174-1108418-r	SP_1174	1108418	-	81	45.68
TIGR4_NEG_SP_1174-1108458-r	SP_1174	1108458	-	81	46.91
TIGR4_NEG_SP_1174-1108588-r	SP_1174	1108588	-	81	39.51
TIGR4_NEG_SP_1174-1109598-r	SP_1174	1109598	-	81	50.62
TIGR4_NEG_SP_1174-1110088-r	SP_1174	1110088	-	81	44.44
TIGR4_NEG_SP_1174-1110458-r	SP_1174	1110458	-	81	43.21
TIGR4_NEG_SP_1175-1111185-r	SP_1175	1111185	-	81	48.15
TIGR4_NEG_SP_1175-1111405-r	SP_1175	1111405	-	81	40.74
TIGR4_NEG_SP_1175-1111445-r	SP_1175	1111445	-	81	43.21
TIGR4_NEG_SP_1175-1111455-r	SP_1175	1111455	-	81	43.21
TIGR4_NEG_SP_1175-1111485-r	SP_1175	1111485	-	81	43.21
TIGR4_NEG_SP_1175-1111645-r	SP_1175	1111645	-	81	32.1
TIGR4_NEG_SP_1175-1112935-r	SP_1175	1112935	-	81	34.57
TIGR4_NEG_SP_1176-1113878-r	SP_1176	1113878	-	81	38.27
TIGR4_NEG_SP_1176-1114088-r	SP_1176	1114088	-	81	49.38
TIGR4_NEG_SP_1176-1114128-r	SP_1176	1114128	-	81	50.62
TIGR4_NEG_SP_1176-1114358-r	SP_1176	1114358	-	81	43.21
TIGR4_NEG_SP_1176-1114448-r	SP_1176	1114448	-	81	44.44
TIGR4_NEG_SP_1179-1116480-f	SP_1179	1116480	+	81	28.4
TIGR4_NEG_SP_1179-1116570-f	SP_1179	1116570	+	81	39.51
TIGR4_NEG_SP_1179-1117020-f	SP_1179	1117020	+	81	34.57
TIGR4_NEG_SP_1179-1117330-f	SP_1179	1117330	+	81	38.27
TIGR4_NEG_SP_1179-1117430-f	SP_1179	1117430	+	81	41.98
TIGR4_NEG_SP_1179-1117500-f	SP_1179	1117500	+	81	43.21
TIGR4_NEG_SP_1179-1117770-f	SP_1179	1117770	+	81	35.8
TIGR4_NEG_SP_1180-1118787-f	SP_1180	1118787	+	81	46.91
TIGR4_NEG_SP_1182-1120187-f	SP_1182	1120187	+	81	30.86
TIGR4_NEG_SP_1182-1120237-f	SP_1182	1120237	+	81	34.57
TIGR4_NEG_SP_1182-1120367-f	SP_1182	1120367	+	81	38.27
TIGR4_NEG_SP_1189-1126482-r	SP_1189	1126482	-	81	24.69
TIGR4_NEG_SP_1191-1128199-r	SP_1191	1128199	-	81	37.04
TIGR4_NEG_SP_1191-1128369-r	SP_1191	1128369	-	81	49.38
TIGR4_NEG_SP_1191-1128519-r	SP_1191	1128519	-	81	41.98
TIGR4_NEG_SP_1200-1133164-r	SP_1200	1133164	-	81	45.68
TIGR4_NEG_SP_1200-1133624-r	SP_1200	1133624	-	81	45.68
TIGR4_NEG_SP_1200-1133634-r	SP_1200	1133634	-	81	43.21
TIGR4_NEG_SP_1200-1133664-r	SP_1200	1133664	-	81	45.68
TIGR4_NEG_SP_1200-1134074-r	SP_1200	1134074	-	81	50.62
TIGR4_NEG_SP_1201-1134676-r	SP_1201	1134676	-	81	35.8
TIGR4_NEG_SP_1201-1134796-r	SP_1201	1134796	-	81	44.44
TIGR4_NEG_SP_1201-1135046-r	SP_1201	1135046	-	81	44.44
TIGR4_NEG_SP_1202-1136226-r	SP_1202	1136226	-	81	45.68
TIGR4_NEG_SP_1205-1138872-r	SP_1205	1138872	-	81	43.21
TIGR4_NEG_SP_1207-1139614-r	SP_1207	1139614	-	81	38.27
TIGR4_NEG_SP_1207-1139854-r	SP_1207	1139854	-	81	41.98
TIGR4_NEG_SP_1207-1140134-r	SP_1207	1140134	-	81	43.21
TIGR4_NEG_SP_1208-1141022-r	SP_1208	1141022	-	81	50.62
TIGR4_NEG_SP_1212-1142491-r	SP_1212	1142491	-	81	49.38
TIGR4_NEG_SP_1213-1143699-r	SP_1213	1143699	-	81	40.74
TIGR4_NEG_SP_1213-1143749-r	SP_1213	1143749	-	81	44.44
TIGR4_NEG_SP_1215-1146106-r	SP_1215	1146106	-	81	35.8
TIGR4_NEG_SP_1219-1148090-r	SP_1219	1148090	-	81	41.98
TIGR4_NEG_SP_1219-1149190-r	SP_1219	1149190	-	81	48.15
TIGR4_NEG_SP_1221-1151448-r	SP_1221	1151448	-	81	30.86
TIGR4_NEG_SP_1221-1151488-r	SP_1221	1151488	-	81	37.04
TIGR4_NEG_SP_1221-1152698-r	SP_1221	1152698	-	81	37.04
TIGR4_NEG_SP_1221-1152898-r	SP_1221	1152898	-	81	39.51
TIGR4_NEG_SP_1221-1153878-r	SP_1221	1153878	-	81	38.27
TIGR4_NEG_SP_1221-1154358-r	SP_1221	1154358	-	81	41.98
TIGR4_NEG_SP_1222-1155777-r	SP_1222	1155777	-	81	35.8
TIGR4_NEG_SP_1222-1155897-r	SP_1222	1155897	-	81	32.1
TIGR4_NEG_SP_1223-1156823-r	SP_1223	1156823	-	81	40.74
TIGR4_NEG_SP_1225-1157662-r	SP_1225	1157662	-	81	43.21
TIGR4_NEG_SP_1226-1158833-r	SP_1226	1158833	-	81	49.38
TIGR4_NEG_SP_1226-1158973-r	SP_1226	1158973	-	81	35.8
TIGR4_NEG_SP_1227-1159525-r	SP_1227	1159525	-	81	45.68
TIGR4_NEG_SP_1229-1161848-r	SP_1229	1161848	-	81	37.04
TIGR4_NEG_SP_1229-1162358-r	SP_1229	1162358	-	81	49.38
TIGR4_NEG_SP_1229-1162428-r	SP_1229	1162428	-	81	44.44
TIGR4_NEG_SP_1232-1165214-f	SP_1232	1165214	+	81	39.51
TIGR4_NEG_SP_1237-1167850-r	SP_1237	1167850	-	81	30.86
TIGR4_NEG_SP_1238-1168803-r	SP_1238	1168803	-	81	51.85
TIGR4_NEG_SP_1238-1169253-r	SP_1238	1169253	-	81	43.21
TIGR4_NEG_SP_1241-1172851-f	SP_1241	1172851	+	81	38.27
TIGR4_NEG_SP_1243-1175225-f	SP_1243	1175225	+	81	53.09
TIGR4_NEG_SP_1243-1175615-f	SP_1243	1175615	+	81	35.8
TIGR4_NEG_SP_1244-1176498-r	SP_1244	1176498	-	81	51.85
TIGR4_NEG_SP_1244-1176568-r	SP_1244	1176568	-	81	53.09
TIGR4_NEG_SP_1244-1176938-r	SP_1244	1176938	-	81	44.44
TIGR4_NEG_SP_1244-1177098-r	SP_1244	1177098	-	81	38.27
TIGR4_NEG_SP_1244-1177148-r	SP_1244	1177148	-	81	41.98
TIGR4_NEG_SP_1245-1177891-r	SP_1245	1177891	-	81	33.33
TIGR4_NEG_SP_1245-1178011-r	SP_1245	1178011	-	81	46.91
TIGR4_NEG_SP_1247-1180480-r	SP_1247	1180480	-	81	40.74
TIGR4_NEG_SP_1247-1180680-r	SP_1247	1180680	-	81	45.68
TIGR4_NEG_SP_1247-1181650-r	SP_1247	1181650	-	81	39.51
TIGR4_NEG_SP_1247-1181960-r	SP_1247	1181960	-	81	44.44
TIGR4_NEG_SP_1251-1186100-r	SP_1251	1186100	-	81	38.27
TIGR4_NEG_SP_1251-1186240-r	SP_1251	1186240	-	81	34.57
TIGR4_NEG_SP_1251-1186350-r	SP_1251	1186350	-	81	37.04
TIGR4_NEG_SP_1251-1187200-r	SP_1251	1187200	-	81	28.4
TIGR4_NEG_SP_1258-1190787-r	SP_1258	1190787	-	81	38.27
TIGR4_NEG_SP_1258-1191297-r	SP_1258	1191297	-	81	39.51
TIGR4_NEG_SP_1262-1194574-f	SP_1262	1194574	+	81	43.21
TIGR4_NEG_SP_1262-1194804-f	SP_1262	1194804	+	81	35.8
TIGR4_NEG_SP_1263-1195705-r	SP_1263	1195705	-	81	44.44
TIGR4_NEG_SP_1263-1196665-r	SP_1263	1196665	-	81	46.91
TIGR4_NEG_SP_1264-1197971-r	SP_1264	1197971	-	81	44.44
TIGR4_NEG_SP_1266-1199444-r	SP_1266	1199444	-	81	48.15
TIGR4_NEG_SP_1269-1202347-r	SP_1269	1202347	-	81	37.04
TIGR4_NEG_SP_1270-1203453-r	SP_1270	1203453	-	81	49.38
TIGR4_NEG_SP_1270-1203593-r	SP_1270	1203593	-	81	38.27
TIGR4_NEG_SP_1274-1207285-f	SP_1274	1207285	+	81	37.04
TIGR4_NEG_SP_1274-1207515-f	SP_1274	1207515	+	81	38.27
TIGR4_NEG_SP_1275-1209469-r	SP_1275	1209469	-	81	40.74
TIGR4_NEG_SP_1275-1210279-r	SP_1275	1210279	-	81	43.21
TIGR4_NEG_SP_1275-1210459-r	SP_1275	1210459	-	81	44.44
TIGR4_NEG_SP_1275-1210629-r	SP_1275	1210629	-	81	44.44
TIGR4_NEG_SP_1277-1213567-r	SP_1277	1213567	-	81	41.98
TIGR4_NEG_SP_1282-1216868-f	SP_1282	1216868	+	81	41.98
TIGR4_NEG_SP_1282-1216918-f	SP_1282	1216918	+	81	44.44
TIGR4_NEG_SP_1283-1218011-r	SP_1283	1218011	-	81	44.44
TIGR4_NEG_SP_1283-1218521-r	SP_1283	1218521	-	81	49.38
TIGR4_NEG_SP_1287-1222810-r	SP_1287	1222810	-	81	49.38
TIGR4_NEG_SP_1287-1222830-r	SP_1287	1222830	-	81	43.21
TIGR4_NEG_SP_1287-1222920-r	SP_1287	1222920	-	81	44.44
TIGR4_NEG_SP_1287-1222970-r	SP_1287	1222970	-	81	44.44
TIGR4_NEG_SP_1289-1224076-r	SP_1289	1224076	-	81	40.74
TIGR4_NEG_SP_1290-1224675-f	SP_1290	1224675	+	81	54.32
TIGR4_NEG_SP_1290-1224715-f	SP_1290	1224715	+	81	44.44
TIGR4_NEG_SP_1290-1225165-f	SP_1290	1225165	+	81	48.15
TIGR4_NEG_SP_1291-1226142-f	SP_1291	1226142	+	81	41.98
TIGR4_NEG_SP_1292-1226971-f	SP_1292	1226971	+	81	27.16
TIGR4_NEG_SP_1297-1229592-r	SP_1297	1229592	-	81	48.15
TIGR4_NEG_SP_1298-1230449-f	SP_1298	1230449	+	81	50.62
TIGR4_NEG_SP_1299-1231130-f	SP_1299	1231130	+	81	48.15
TIGR4_NEG_SP_1306-1232822-f	SP_1306	1232822	+	81	43.21
TIGR4_NEG_SP_1306-1233572-f	SP_1306	1233572	+	81	45.68
TIGR4_NEG_SP_1306-1233732-f	SP_1306	1233732	+	81	48.15
TIGR4_NEG_SP_1336-1258795-r	SP_1336	1258795	-	81	39.51
TIGR4_NEG_SP_1336-1259105-r	SP_1336	1259105	-	81	44.44
TIGR4_NEG_SP_1337-1260750-r	SP_1337	1260750	-	81	44.44
TIGR4_NEG_SP_1343-1266008-r	SP_1343	1266008	-	81	37.04
TIGR4_NEG_SP_1343-1266138-r	SP_1343	1266138	-	81	39.51
TIGR4_NEG_SP_1343-1266598-r	SP_1343	1266598	-	81	29.63
TIGR4_NEG_SP_1343-1266678-r	SP_1343	1266678	-	81	37.04
TIGR4_NEG_SP_1343-1267128-r	SP_1343	1267128	-	81	24.69
TIGR4_NEG_SP_1343-1267478-r	SP_1343	1267478	-	81	25.93
TIGR4_NEG_SP_1344-1268401-r	SP_1344	1268401	-	81	35.8
TIGR4_NEG_SP_1344-1268471-r	SP_1344	1268471	-	81	32.1
TIGR4_NEG_SP_1344-1268721-r	SP_1344	1268721	-	81	25.93
TIGR4_NEG_SP_1344-1269051-r	SP_1344	1269051	-	81	37.04
TIGR4_NEG_SP_1357-1277678-r	SP_1357	1277678	-	81	44.44
TIGR4_NEG_SP_1357-1278928-r	SP_1357	1278928	-	81	40.74
TIGR4_NEG_SP_1358-1279621-r	SP_1358	1279621	-	81	40.74
TIGR4_NEG_SP_1358-1280171-r	SP_1358	1280171	-	81	37.04
TIGR4_NEG_SP_1358-1280661-r	SP_1358	1280661	-	81	43.21
TIGR4_NEG_SP_1359-1281023-r	SP_1359	1281023	-	81	45.68
TIGR4_NEG_SP_1360-1282666-r	SP_1360	1282666	-	81	44.44
TIGR4_NEG_SP_1360-1282796-r	SP_1360	1282796	-	81	53.09
TIGR4_NEG_SP_1361-1283547-r	SP_1361	1283547	-	81	45.68
TIGR4_NEG_SP_1361-1283667-r	SP_1361	1283667	-	81	45.68
TIGR4_NEG_SP_1363-1285791-r	SP_1363	1285791	-	81	32.1
TIGR4_NEG_SP_1363-1285821-r	SP_1363	1285821	-	81	33.33
TIGR4_NEG_SP_1364-1287194-r	SP_1364	1287194	-	81	29.63
TIGR4_NEG_SP_1364-1287234-r	SP_1364	1287234	-	81	28.4
TIGR4_NEG_SP_1366-1289491-r	SP_1366	1289491	-	81	29.63
TIGR4_NEG_SP_1366-1289601-r	SP_1366	1289601	-	81	39.51
TIGR4_NEG_SP_1368-1291868-r	SP_1368	1291868	-	81	38.27
TIGR4_NEG_SP_1368-1292108-r	SP_1368	1292108	-	81	38.27
TIGR4_NEG_SP_1369-1292499-r	SP_1369	1292499	-	81	41.98
TIGR4_NEG_SP_1370-1293324-r	SP_1370	1293324	-	81	46.91
TIGR4_NEG_SP_1371-1294793-r	SP_1371	1294793	-	81	41.98
TIGR4_NEG_SP_1372-1295298-r	SP_1372	1295298	-	81	39.51
TIGR4_NEG_SP_1374-1297090-r	SP_1374	1297090	-	81	49.38
TIGR4_NEG_SP_1374-1297270-r	SP_1374	1297270	-	81	53.09
TIGR4_NEG_SP_1374-1297380-r	SP_1374	1297380	-	81	48.15
TIGR4_NEG_SP_1375-1298206-r	SP_1375	1298206	-	81	46.91
TIGR4_NEG_SP_1375-1298226-r	SP_1375	1298226	-	81	45.68
TIGR4_NEG_SP_1375-1298746-r	SP_1375	1298746	-	81	46.91
TIGR4_NEG_SP_1377-1299806-r	SP_1377	1299806	-	81	49.38
TIGR4_NEG_SP_1378-1300780-r	SP_1378	1300780	-	81	44.44
TIGR4_NEG_SP_1378-1301300-r	SP_1378	1301300	-	81	40.74
TIGR4_NEG_SP_1382-1305233-f	SP_1382	1305233	+	81	48.15
TIGR4_NEG_SP_1382-1305333-f	SP_1382	1305333	+	81	44.44
TIGR4_NEG_SP_1383-1306717-r	SP_1383	1306717	-	81	43.21
TIGR4_NEG_SP_1383-1307927-r	SP_1383	1307927	-	81	37.04
TIGR4_NEG_SP_1383-1308547-r	SP_1383	1308547	-	81	41.98
TIGR4_NEG_SP_1383-1308817-r	SP_1383	1308817	-	81	44.44
TIGR4_NEG_SP_1384-1309307-r	SP_1384	1309307	-	81	43.21
TIGR4_NEG_SP_1387-1311766-r	SP_1387	1311766	-	81	41.98
TIGR4_NEG_SP_1389-1313453-r	SP_1389	1313453	-	81	46.91
TIGR4_NEG_SP_1390-1314659-r	SP_1390	1314659	-	81	44.44
TIGR4_NEG_SP_1391-1315501-r	SP_1391	1315501	-	81	48.15
TIGR4_NEG_SP_1391-1315701-r	SP_1391	1315701	-	81	44.44
TIGR4_NEG_SP_1393-1317806-f	SP_1393	1317806	+	81	40.74
TIGR4_NEG_SP_1393-1317916-f	SP_1393	1317916	+	81	41.98
TIGR4_NEG_SP_1394-1318357-r	SP_1394	1318357	-	81	39.51
TIGR4_NEG_SP_1396-1319994-r	SP_1396	1319994	-	81	45.68
TIGR4_NEG_SP_1398-1321599-r	SP_1398	1321599	-	81	51.85
TIGR4_NEG_SP_1398-1321609-r	SP_1398	1321609	-	81	50.62
TIGR4_NEG_SP_1399-1322653-r	SP_1399	1322653	-	81	43.21
TIGR4_NEG_SP_1400-1323740-r	SP_1400	1323740	-	81	50.62
TIGR4_NEG_SP_1402-1324572-r	SP_1402	1324572	-	81	48.15
TIGR4_NEG_SP_1402-1324762-r	SP_1402	1324762	-	81	45.68
TIGR4_NEG_SP_1402-1324802-r	SP_1402	1324802	-	81	39.51
TIGR4_NEG_SP_1402-1324892-r	SP_1402	1324892	-	81	44.44
TIGR4_NEG_SP_1402-1325132-r	SP_1402	1325132	-	81	51.85
TIGR4_NEG_SP_1402-1325342-r	SP_1402	1325342	-	81	48.15
TIGR4_NEG_SP_1402-1325632-r	SP_1402	1325632	-	81	45.68
TIGR4_NEG_SP_1406-1327609-r	SP_1406	1327609	-	81	38.27
TIGR4_NEG_SP_1406-1327929-r	SP_1406	1327929	-	81	34.57
TIGR4_NEG_SP_1409-1330312-r	SP_1409	1330312	-	81	40.74
TIGR4_NEG_SP_1409-1330462-r	SP_1409	1330462	-	81	48.15
TIGR4_NEG_SP_1410-1330966-r	SP_1410	1330966	-	81	39.51
TIGR4_NEG_SP_1412-1332035-r	SP_1412	1332035	-	81	40.74
TIGR4_NEG_SP_1420-1340889-r	SP_1420	1340889	-	81	50.62
TIGR4_NEG_SP_1420-1341389-r	SP_1420	1341389	-	81	50.62
TIGR4_NEG_SP_1420-1341459-r	SP_1420	1341459	-	81	43.21
TIGR4_NEG_SP_1428-1347051-r	SP_1428	1347051	-	81	35.8
TIGR4_NEG_SP_1428-1347061-r	SP_1428	1347061	-	81	35.8
TIGR4_NEG_SP_1429-1347667-r	SP_1429	1347667	-	81	44.44
TIGR4_NEG_SP_1433-1351901-r	SP_1433	1351901	-	81	35.8
TIGR4_NEG_SP_1438-1357978-f	SP_1438	1357978	+	81	34.57
TIGR4_NEG_SP_1445-1365804-r	SP_1445	1365804	-	81	50.62
TIGR4_NEG_SP_1447-1367339-r	SP_1447	1367339	-	81	48.15
TIGR4_NEG_SP_1448-1368544-r	SP_1448	1368544	-	81	35.8
TIGR4_NEG_SP_1449-1369486-r	SP_1449	1369486	-	81	38.27
TIGR4_NEG_SP_1451-1370702-r	SP_1451	1370702	-	81	46.91
TIGR4_NEG_SP_1451-1370722-r	SP_1451	1370722	-	81	46.91
TIGR4_NEG_SP_1461-1376713-r	SP_1461	1376713	-	81	48.15
TIGR4_NEG_SP_1462-1377341-r	SP_1462	1377341	-	81	40.74
TIGR4_NEG_SP_1466-1379653-f	SP_1466	1379653	+	81	40.74
TIGR4_NEG_SP_1467-1380401-r	SP_1467	1380401	-	81	41.98
TIGR4_NEG_SP_1469-1382230-r	SP_1469	1382230	-	81	41.98
TIGR4_NEG_SP_1470-1383673-f	SP_1470	1383673	+	81	44.44
TIGR4_NEG_SP_1472-1385130-f	SP_1472	1385130	+	81	43.21
TIGR4_NEG_SP_1472-1385270-f	SP_1472	1385270	+	81	35.8
TIGR4_NEG_SP_1472-1385380-f	SP_1472	1385380	+	81	43.21
TIGR4_NEG_SP_1472-1385630-f	SP_1472	1385630	+	81	48.15
TIGR4_NEG_SP_1472-1385720-f	SP_1472	1385720	+	81	49.38
TIGR4_NEG_SP_1474-1387146-r	SP_1474	1387146	-	81	45.68
TIGR4_NEG_SP_1474-1387156-r	SP_1474	1387156	-	81	43.21
TIGR4_NEG_SP_1474-1387386-r	SP_1474	1387386	-	81	45.68
TIGR4_NEG_SP_1475-1389434-r	SP_1475	1389434	-	81	40.74
TIGR4_NEG_SP_1478-1391385-r	SP_1478	1391385	-	81	43.21
TIGR4_NEG_SP_1478-1391425-r	SP_1478	1391425	-	81	49.38
TIGR4_NEG_SP_1478-1391605-r	SP_1478	1391605	-	81	44.44
TIGR4_NEG_SP_1479-1392471-r	SP_1479	1392471	-	81	45.68
TIGR4_NEG_SP_1483-1395613-f	SP_1483	1395613	+	81	35.8
TIGR4_NEG_SP_1483-1395793-f	SP_1483	1395793	+	81	48.15
TIGR4_NEG_SP_1483-1396023-f	SP_1483	1396023	+	81	34.57
TIGR4_NEG_SP_1485-1397146-r	SP_1485	1397146	-	81	33.33
TIGR4_NEG_SP_1485-1397476-r	SP_1485	1397476	-	81	38.27
TIGR4_NEG_SP_1489-1400256-r	SP_1489	1400256	-	81	51.85
TIGR4_NEG_SP_1500-1408915-r	SP_1500	1408915	-	81	43.21
TIGR4_NEG_SP_1504-1413458-r	SP_1504	1413458	-	81	41.98
TIGR4_NEG_SP_1505-1414037-r	SP_1505	1414037	-	81	40.74
TIGR4_NEG_SP_1505-1414157-r	SP_1505	1414157	-	81	35.8
TIGR4_NEG_SP_1505-1414397-r	SP_1505	1414397	-	81	39.51
TIGR4_NEG_SP_1505-1414457-r	SP_1505	1414457	-	81	40.74
TIGR4_NEG_SP_1505-1414567-r	SP_1505	1414567	-	81	30.86
TIGR4_NEG_SP_1508-1416775-r	SP_1508	1416775	-	81	49.38
TIGR4_NEG_SP_1510-1419361-r	SP_1510	1419361	-	81	44.44
TIGR4_NEG_SP_1510-1419621-r	SP_1510	1419621	-	81	50.62
TIGR4_NEG_SP_1510-1420211-r	SP_1510	1420211	-	81	50.62
TIGR4_NEG_SP_1513-1421835-r	SP_1513	1421835	-	81	37.04
TIGR4_NEG_SP_1513-1421965-r	SP_1513	1421965	-	81	37.04
TIGR4_NEG_SP_1517-1424978-r	SP_1517	1424978	-	81	48.15
TIGR4_NEG_SP_1518-1425961-r	SP_1518	1425961	-	81	41.98
TIGR4_NEG_SP_1518-1426351-r	SP_1518	1426351	-	81	43.21
TIGR4_NEG_SP_1521-1428242-r	SP_1521	1428242	-	81	45.68
TIGR4_NEG_SP_1521-1428822-r	SP_1521	1428822	-	81	33.33
TIGR4_NEG_SP_1521-1429162-r	SP_1521	1429162	-	81	37.04
TIGR4_NEG_SP_1523-1430282-r	SP_1523	1430282	-	81	55.56
TIGR4_NEG_SP_1523-1431302-r	SP_1523	1431302	-	81	41.98
TIGR4_NEG_SP_1523-1431582-r	SP_1523	1431582	-	81	32.1
TIGR4_NEG_SP_1523-1432002-r	SP_1523	1432002	-	81	37.04
TIGR4_NEG_SP_1529-1440307-r	SP_1529	1440307	-	81	49.38
TIGR4_NEG_SP_1529-1440617-r	SP_1529	1440617	-	81	35.8
TIGR4_NEG_SP_1530-1441795-f	SP_1530	1441795	+	81	44.44
TIGR4_NEG_SP_1530-1442465-f	SP_1530	1442465	+	81	44.44
TIGR4_NEG_SP_1534-1444932-r	SP_1534	1444932	-	81	39.51
TIGR4_NEG_SP_1534-1445022-r	SP_1534	1445022	-	81	49.38
TIGR4_NEG_SP_1536-1446117-r	SP_1536	1446117	-	81	40.74
TIGR4_NEG_SP_1536-1446227-r	SP_1536	1446227	-	81	48.15
TIGR4_NEG_SP_1538-1447251-r	SP_1538	1447251	-	81	46.91
TIGR4_NEG_SP_1538-1447531-r	SP_1538	1447531	-	81	30.86
TIGR4_NEG_SP_1542-1450062-r	SP_1542	1450062	-	81	48.15
TIGR4_NEG_SP_1542-1450452-r	SP_1542	1450452	-	81	46.91
TIGR4_NEG_SP_1542-1450582-r	SP_1542	1450582	-	81	39.51
TIGR4_NEG_SP_1544-1452392-r	SP_1544	1452392	-	81	46.91
TIGR4_NEG_SP_1544-1452552-r	SP_1544	1452552	-	81	43.21
TIGR4_NEG_SP_1548-1456018-r	SP_1548	1456018	-	81	44.44
TIGR4_NEG_SP_1548-1456228-r	SP_1548	1456228	-	81	41.98
TIGR4_NEG_SP_1551-1458595-r	SP_1551	1458595	-	81	48.15
TIGR4_NEG_SP_1551-1458895-r	SP_1551	1458895	-	81	34.57
TIGR4_NEG_SP_1551-1459075-r	SP_1551	1459075	-	81	49.38
TIGR4_NEG_SP_1551-1459245-r	SP_1551	1459245	-	81	43.21
TIGR4_NEG_SP_1551-1459475-r	SP_1551	1459475	-	81	40.74
TIGR4_NEG_SP_1551-1459985-r	SP_1551	1459985	-	81	41.98
TIGR4_NEG_SP_1551-1460685-r	SP_1551	1460685	-	81	46.91
TIGR4_NEG_SP_1553-1462922-r	SP_1553	1462922	-	81	41.98
TIGR4_NEG_SP_1553-1463612-r	SP_1553	1463612	-	81	49.38
TIGR4_NEG_SP_1553-1463742-r	SP_1553	1463742	-	81	56.79
TIGR4_NEG_SP_1554-1465570-r	SP_1554	1465570	-	81	44.44
TIGR4_NEG_SP_1557-1467000-r	SP_1557	1467000	-	81	43.21
TIGR4_NEG_SP_1559-1468368-r	SP_1559	1468368	-	81	43.21
TIGR4_NEG_SP_1559-1468688-r	SP_1559	1468688	-	81	43.21
TIGR4_NEG_SP_1559-1468828-r	SP_1559	1468828	-	81	45.68
TIGR4_NEG_SP_1559-1468968-r	SP_1559	1468968	-	81	43.21
TIGR4_NEG_SP_1561-1470750-r	SP_1561	1470750	-	81	35.8
TIGR4_NEG_SP_1565-1473620-r	SP_1565	1473620	-	81	46.91
TIGR4_NEG_SP_1565-1473680-r	SP_1565	1473680	-	81	35.8
TIGR4_NEG_SP_1566-1474704-r	SP_1566	1474704	-	81	43.21
TIGR4_NEG_SP_1566-1474734-r	SP_1566	1474734	-	81	40.74
TIGR4_NEG_SP_1568-1475837-r	SP_1568	1475837	-	81	45.68
TIGR4_NEG_SP_1568-1475857-r	SP_1568	1475857	-	81	49.38
TIGR4_NEG_SP_1569-1476793-r	SP_1569	1476793	-	81	44.44
TIGR4_NEG_SP_1578-1484266-r	SP_1578	1484266	-	81	33.33
TIGR4_NEG_SP_1578-1484316-r	SP_1578	1484316	-	81	35.8
TIGR4_NEG_SP_1580-1485915-r	SP_1580	1485915	-	81	35.8
TIGR4_NEG_SP_1582-1486873-f	SP_1582	1486873	+	81	30.86
TIGR4_NEG_SP_1582-1487263-f	SP_1582	1487263	+	81	41.98
TIGR4_NEG_SP_1583-1488189-r	SP_1583	1488189	-	81	38.27
TIGR4_NEG_SP_1584-1489204-r	SP_1584	1489204	-	81	40.74
TIGR4_NEG_SP_1586-1490726-r	SP_1586	1490726	-	81	44.44
TIGR4_NEG_SP_1588-1493798-f	SP_1588	1493798	+	81	43.21
TIGR4_NEG_SP_1589-1494613-f	SP_1589	1494613	+	81	43.21
TIGR4_NEG_SP_1591-1496924-f	SP_1591	1496924	+	81	39.51
TIGR4_NEG_SP_1593-1498437-r	SP_1593	1498437	-	81	38.27
TIGR4_NEG_SP_1593-1498857-r	SP_1593	1498857	-	81	30.86
TIGR4_NEG_SP_1597-1501514-r	SP_1597	1501514	-	81	48.15
TIGR4_NEG_SP_1600-1504433-r	SP_1600	1504433	-	81	34.57
TIGR4_NEG_SP_1601-1505114-r	SP_1601	1505114	-	81	45.68
TIGR4_NEG_SP_1601-1505194-r	SP_1601	1505194	-	81	40.74
TIGR4_NEG_SP_1604-1506755-r	SP_1604	1506755	-	81	50.62
TIGR4_NEG_SP_1612-1513297-f	SP_1612	1513297	+	81	24.69
TIGR4_NEG_SP_1612-1513477-f	SP_1612	1513477	+	81	24.69
TIGR4_NEG_SP_1612-1513607-f	SP_1612	1513607	+	81	33.33
TIGR4_NEG_SP_1612-1513677-f	SP_1612	1513677	+	81	29.63
TIGR4_NEG_SP_1613-1514593-r	SP_1613	1514593	-	81	35.8
TIGR4_NEG_SP_1615-1515819-r	SP_1615	1515819	-	81	43.21
TIGR4_NEG_SP_1615-1515879-r	SP_1615	1515879	-	81	43.21
TIGR4_NEG_SP_1615-1516539-r	SP_1615	1516539	-	81	40.74
TIGR4_NEG_SP_1615-1516789-r	SP_1615	1516789	-	81	39.51
TIGR4_NEG_SP_1615-1517209-r	SP_1615	1517209	-	81	55.56
TIGR4_NEG_SP_1618-1519430-r	SP_1618	1519430	-	81	39.51
TIGR4_NEG_SP_1621-1520707-r	SP_1621	1520707	-	81	30.86
TIGR4_NEG_SP_1621-1520837-r	SP_1621	1520837	-	81	41.98
TIGR4_NEG_SP_1623-1523488-r	SP_1623	1523488	-	81	44.44
TIGR4_NEG_SP_1623-1524238-r	SP_1623	1524238	-	81	51.85
TIGR4_NEG_SP_1623-1524378-r	SP_1623	1524378	-	81	43.21
TIGR4_NEG_SP_1623-1524958-r	SP_1623	1524958	-	81	45.68
TIGR4_NEG_SP_1623-1525418-r	SP_1623	1525418	-	81	46.91
TIGR4_NEG_SP_1624-1525987-f	SP_1624	1525987	+	81	44.44
TIGR4_NEG_SP_1624-1526257-f	SP_1624	1526257	+	81	37.04
TIGR4_NEG_SP_1625-1527078-r	SP_1625	1527078	-	81	38.27
TIGR4_NEG_SP_1631-1530666-f	SP_1631	1530666	+	81	44.44
TIGR4_NEG_SP_1631-1531386-f	SP_1631	1531386	+	81	45.68
TIGR4_NEG_SP_1631-1531656-f	SP_1631	1531656	+	81	48.15
TIGR4_NEG_SP_1631-1531706-f	SP_1631	1531706	+	81	41.98
TIGR4_NEG_SP_1632-1532708-r	SP_1632	1532708	-	81	43.21
TIGR4_NEG_SP_1632-1533218-r	SP_1632	1533218	-	81	44.44
TIGR4_NEG_SP_1632-1533238-r	SP_1632	1533238	-	81	44.44
TIGR4_NEG_SP_1634-1534768-f	SP_1634	1534768	+	81	41.98
TIGR4_NEG_SP_1634-1534948-f	SP_1634	1534948	+	81	39.51
TIGR4_NEG_SP_1637-1536565-r	SP_1637	1536565	-	81	48.15
TIGR4_NEG_SP_1637-1536575-r	SP_1637	1536575	-	81	48.15
TIGR4_NEG_SP_1638-1537709-f	SP_1638	1537709	+	81	49.38
TIGR4_NEG_SP_1638-1537859-f	SP_1638	1537859	+	81	48.15
TIGR4_NEG_SP_1639-1538411-r	SP_1639	1538411	-	81	34.57
TIGR4_NEG_SP_1639-1538501-r	SP_1639	1538501	-	81	39.51
TIGR4_NEG_SP_1641-1540564-f	SP_1641	1540564	+	81	33.33
TIGR4_NEG_SP_1644-1541328-r	SP_1644	1541328	-	81	44.44
TIGR4_NEG_SP_1645-1542661-r	SP_1645	1542661	-	81	49.38
TIGR4_NEG_SP_1645-1543381-r	SP_1645	1543381	-	81	46.91
TIGR4_NEG_SP_1645-1543441-r	SP_1645	1543441	-	81	45.68
TIGR4_NEG_SP_1645-1543711-r	SP_1645	1543711	-	81	44.44
TIGR4_NEG_SP_1647-1546024-r	SP_1647	1546024	-	81	44.44
TIGR4_NEG_SP_1647-1547054-r	SP_1647	1547054	-	81	46.91
TIGR4_NEG_SP_1647-1547194-r	SP_1647	1547194	-	81	40.74
TIGR4_NEG_SP_1648-1548427-f	SP_1648	1548427	+	81	46.91
TIGR4_NEG_SP_1649-1548976-f	SP_1649	1548976	+	81	41.98
TIGR4_NEG_SP_1650-1550056-f	SP_1650	1550056	+	81	41.98
TIGR4_NEG_SP_1651-1550748-f	SP_1651	1550748	+	81	44.44
TIGR4_NEG_SP_1652-1552255-r	SP_1652	1552255	-	81	46.91
TIGR4_NEG_SP_1652-1552325-r	SP_1652	1552325	-	81	45.68
TIGR4_NEG_SP_1652-1552455-r	SP_1652	1552455	-	81	44.44
TIGR4_NEG_SP_1652-1552645-r	SP_1652	1552645	-	81	43.21
TIGR4_NEG_SP_1652-1553095-r	SP_1652	1553095	-	81	33.33
TIGR4_NEG_SP_1653-1554305-r	SP_1653	1554305	-	81	40.74
TIGR4_NEG_SP_1654-1555216-r	SP_1654	1555216	-	81	51.85
TIGR4_NEG_SP_1654-1555776-r	SP_1654	1555776	-	81	50.62
TIGR4_NEG_SP_1654-1556936-r	SP_1654	1556936	-	81	41.98
TIGR4_NEG_SP_1659-1560305-r	SP_1659	1560305	-	81	45.68
TIGR4_NEG_SP_1659-1560515-r	SP_1659	1560515	-	81	43.21
TIGR4_NEG_SP_1659-1561325-r	SP_1659	1561325	-	81	39.51
TIGR4_NEG_SP_1659-1561405-r	SP_1659	1561405	-	81	44.44
TIGR4_NEG_SP_1661-1562935-r	SP_1661	1562935	-	81	38.27
TIGR4_NEG_SP_1662-1563512-r	SP_1662	1563512	-	81	37.04
TIGR4_NEG_SP_1662-1563812-r	SP_1662	1563812	-	81	34.57
TIGR4_NEG_SP_1662-1563882-r	SP_1662	1563882	-	81	37.04
TIGR4_NEG_SP_1666-1565912-r	SP_1666	1565912	-	81	45.68
TIGR4_NEG_SP_1667-1567288-r	SP_1667	1567288	-	81	46.91
TIGR4_NEG_SP_1667-1567548-r	SP_1667	1567548	-	81	41.98
TIGR4_NEG_SP_1667-1567768-r	SP_1667	1567768	-	81	38.27
TIGR4_NEG_SP_1668-1568580-r	SP_1668	1568580	-	81	37.04
TIGR4_NEG_SP_1668-1568720-r	SP_1668	1568720	-	81	40.74
TIGR4_NEG_SP_1669-1569325-r	SP_1669	1569325	-	81	33.33
TIGR4_NEG_SP_1671-1571640-r	SP_1671	1571640	-	81	44.44
TIGR4_NEG_SP_1672-1572499-r	SP_1672	1572499	-	81	48.15
TIGR4_NEG_SP_1672-1572809-r	SP_1672	1572809	-	81	33.33
TIGR4_NEG_SP_1673-1573836-r	SP_1673	1573836	-	81	51.85
TIGR4_NEG_SP_1673-1574126-r	SP_1673	1574126	-	81	39.51
TIGR4_NEG_SP_1673-1574226-r	SP_1673	1574226	-	81	41.98
TIGR4_NEG_SP_1673-1574256-r	SP_1673	1574256	-	81	44.44
TIGR4_NEG_SP_1674-1575873-f	SP_1674	1575873	+	81	45.68
TIGR4_NEG_SP_1675-1576180-r	SP_1675	1576180	-	81	40.74
TIGR4_NEG_SP_1675-1576210-r	SP_1675	1576210	-	81	48.15
TIGR4_NEG_SP_1675-1576280-r	SP_1675	1576280	-	81	40.74
TIGR4_NEG_SP_1675-1576710-r	SP_1675	1576710	-	81	46.91
TIGR4_NEG_SP_1676-1577132-r	SP_1676	1577132	-	81	38.27
TIGR4_NEG_SP_1676-1577162-r	SP_1676	1577162	-	81	41.98
TIGR4_NEG_SP_1676-1577202-r	SP_1676	1577202	-	81	40.74
TIGR4_NEG_SP_1683-1582217-r	SP_1683	1582217	-	81	39.51
TIGR4_NEG_SP_1683-1582997-r	SP_1683	1582997	-	81	40.74
TIGR4_NEG_SP_1683-1583047-r	SP_1683	1583047	-	81	38.27
TIGR4_NEG_SP_1683-1583057-r	SP_1683	1583057	-	81	35.8
TIGR4_NEG_SP_1685-1585206-r	SP_1685	1585206	-	81	45.68
TIGR4_NEG_SP_1685-1585616-r	SP_1685	1585616	-	81	37.04
TIGR4_NEG_SP_1695-1600308-r	SP_1695	1600308	-	81	46.91
TIGR4_NEG_SP_1697-1601513-r	SP_1697	1601513	-	81	38.27
TIGR4_NEG_SP_1697-1602293-r	SP_1697	1602293	-	81	40.74
TIGR4_NEG_SP_1697-1602613-r	SP_1697	1602613	-	81	46.91
TIGR4_NEG_SP_1697-1602723-r	SP_1697	1602723	-	81	46.91
TIGR4_NEG_SP_1698-1603497-r	SP_1698	1603497	-	81	35.8
TIGR4_NEG_SP_1698-1603657-r	SP_1698	1603657	-	81	48.15
TIGR4_NEG_SP_1702-1607652-r	SP_1702	1607652	-	81	53.09
TIGR4_NEG_SP_1702-1608022-r	SP_1702	1608022	-	81	44.44
TIGR4_NEG_SP_1703-1609361-r	SP_1703	1609361	-	81	40.74
TIGR4_NEG_SP_1709-1613261-r	SP_1709	1613261	-	81	44.44
TIGR4_NEG_SP_1711-1615355-r	SP_1711	1615355	-	81	40.74
TIGR4_NEG_SP_1711-1615365-r	SP_1711	1615365	-	81	41.98
TIGR4_NEG_SP_1711-1615455-r	SP_1711	1615455	-	81	45.68
TIGR4_NEG_SP_1712-1616072-r	SP_1712	1616072	-	81	38.27
TIGR4_NEG_SP_1713-1616942-r	SP_1713	1616942	-	81	43.21
TIGR4_NEG_SP_1713-1616972-r	SP_1713	1616972	-	81	43.21
TIGR4_NEG_SP_1716-1619875-r	SP_1716	1619875	-	81	40.74
TIGR4_NEG_SP_1716-1620545-r	SP_1716	1620545	-	81	35.8
TIGR4_NEG_SP_1716-1620765-r	SP_1716	1620765	-	81	41.98
TIGR4_NEG_SP_1721-1624617-r	SP_1721	1624617	-	81	48.15
TIGR4_NEG_SP_1721-1624657-r	SP_1721	1624657	-	81	50.62
TIGR4_NEG_SP_1722-1625303-r	SP_1722	1625303	-	81	35.8
TIGR4_NEG_SP_1722-1625373-r	SP_1722	1625373	-	81	49.38
TIGR4_NEG_SP_1722-1625523-r	SP_1722	1625523	-	81	44.44
TIGR4_NEG_SP_1722-1626573-r	SP_1722	1626573	-	81	48.15
TIGR4_NEG_SP_1722-1626673-r	SP_1722	1626673	-	81	40.74
TIGR4_NEG_SP_1725-1629237-f	SP_1725	1629237	+	81	56.79
TIGR4_NEG_SP_1725-1629467-f	SP_1725	1629467	+	81	40.74
TIGR4_NEG_SP_1726-1630137-r	SP_1726	1630137	-	81	53.09
TIGR4_NEG_SP_1726-1630947-r	SP_1726	1630947	-	81	53.09
TIGR4_NEG_SP_1727-1631971-r	SP_1727	1631971	-	81	50.62
TIGR4_NEG_SP_1728-1632484-r	SP_1728	1632484	-	81	33.33
TIGR4_NEG_SP_1729-1633190-r	SP_1729	1633190	-	81	41.98
TIGR4_NEG_SP_1732-1634999-r	SP_1732	1634999	-	81	44.44
TIGR4_NEG_SP_1732-1635739-r	SP_1732	1635739	-	81	45.68
TIGR4_NEG_SP_1732-1635989-r	SP_1732	1635989	-	81	58.02
TIGR4_NEG_SP_1732-1636109-r	SP_1732	1636109	-	81	53.09
TIGR4_NEG_SP_1734-1637840-r	SP_1734	1637840	-	81	41.98
TIGR4_NEG_SP_1735-1639066-r	SP_1735	1639066	-	81	46.91
TIGR4_NEG_SP_1735-1639226-r	SP_1735	1639226	-	81	43.21
TIGR4_NEG_SP_1735-1639336-r	SP_1735	1639336	-	81	49.38
TIGR4_NEG_SP_1736-1640114-r	SP_1736	1640114	-	81	55.56
TIGR4_NEG_SP_1736-1640574-r	SP_1736	1640574	-	81	45.68
TIGR4_NEG_SP_1736-1640664-r	SP_1736	1640664	-	81	41.98
TIGR4_NEG_SP_1736-1640924-r	SP_1736	1640924	-	81	43.21
TIGR4_NEG_SP_1736-1641514-r	SP_1736	1641514	-	81	44.44
TIGR4_NEG_SP_1736-1641754-r	SP_1736	1641754	-	81	48.15
TIGR4_NEG_SP_1739-1643931-r	SP_1739	1643931	-	81	41.98
TIGR4_NEG_SP_1739-1643941-r	SP_1739	1643941	-	81	45.68
TIGR4_NEG_SP_1739-1644081-r	SP_1739	1644081	-	81	45.68
TIGR4_NEG_SP_1739-1644481-r	SP_1739	1644481	-	81	41.98
TIGR4_NEG_SP_1742-1646245-r	SP_1742	1646245	-	81	49.38
TIGR4_NEG_SP_1742-1646755-r	SP_1742	1646755	-	81	50.62
TIGR4_NEG_SP_1745-1648367-r	SP_1745	1648367	-	81	34.57
TIGR4_NEG_SP_1745-1648477-r	SP_1745	1648477	-	81	25.93
TIGR4_NEG_SP_1747-1649231-r	SP_1747	1649231	-	81	56.79
TIGR4_NEG_SP_1749-1650547-r	SP_1749	1650547	-	81	45.68
TIGR4_NEG_SP_1749-1650907-r	SP_1749	1650907	-	81	43.21
TIGR4_NEG_SP_1751-1652328-r	SP_1751	1652328	-	81	41.98
TIGR4_NEG_SP_1754-1655439-f	SP_1754	1655439	+	81	40.74
TIGR4_NEG_SP_1754-1655679-f	SP_1754	1655679	+	81	46.91
TIGR4_NEG_SP_1762-1664812-r	SP_1762	1664812	-	81	37.04
TIGR4_NEG_SP_1762-1664872-r	SP_1762	1664872	-	81	33.33
TIGR4_NEG_SP_1762-1664932-r	SP_1762	1664932	-	81	39.51
TIGR4_NEG_SP_1762-1665192-r	SP_1762	1665192	-	81	32.1
TIGR4_NEG_SP_1763-1666172-r	SP_1763	1666172	-	81	32.1
TIGR4_NEG_SP_1763-1666552-r	SP_1763	1666552	-	81	43.21
TIGR4_NEG_SP_1765-1667871-r	SP_1765	1667871	-	81	29.63
TIGR4_NEG_SP_1765-1668051-r	SP_1765	1668051	-	81	34.57
TIGR4_NEG_SP_1766-1669356-r	SP_1766	1669356	-	81	37.04
TIGR4_NEG_SP_1766-1669496-r	SP_1766	1669496	-	81	32.1
TIGR4_NEG_SP_1767-1670557-r	SP_1767	1670557	-	81	39.51
TIGR4_NEG_SP_1767-1670907-r	SP_1767	1670907	-	81	37.04
TIGR4_NEG_SP_1767-1671147-r	SP_1767	1671147	-	81	39.51
TIGR4_NEG_SP_1767-1671277-r	SP_1767	1671277	-	81	39.51
TIGR4_NEG_SP_1767-1671437-r	SP_1767	1671437	-	81	34.57
TIGR4_NEG_SP_1767-1671497-r	SP_1767	1671497	-	81	37.04
TIGR4_NEG_SP_1767-1671897-r	SP_1767	1671897	-	81	39.51
TIGR4_NEG_SP_1767-1672087-r	SP_1767	1672087	-	81	35.8
TIGR4_NEG_SP_1771-1676822-r	SP_1771	1676822	-	81	38.27
TIGR4_NEG_SP_1771-1677602-r	SP_1771	1677602	-	81	39.51
TIGR4_NEG_SP_1771-1677682-r	SP_1771	1677682	-	81	29.63
TIGR4_NEG_SP_1772-1678907-r	SP_1772	1678907	-	81	59.26
TIGR4_NEG_SP_1772-1678927-r	SP_1772	1678927	-	81	55.56
TIGR4_NEG_SP_1772-1679067-r	SP_1772	1679067	-	81	51.85
TIGR4_NEG_SP_1772-1680477-r	SP_1772	1680477	-	81	56.79
TIGR4_NEG_SP_1772-1680487-r	SP_1772	1680487	-	81	56.79
TIGR4_NEG_SP_1772-1681037-r	SP_1772	1681037	-	81	55.56
TIGR4_NEG_SP_1772-1681977-r	SP_1772	1681977	-	81	56.79
TIGR4_NEG_SP_1772-1682267-r	SP_1772	1682267	-	81	60.49
TIGR4_NEG_SP_1772-1683237-r	SP_1772	1683237	-	81	56.79
TIGR4_NEG_SP_1772-1683857-r	SP_1772	1683857	-	81	55.56
TIGR4_NEG_SP_1772-1684117-r	SP_1772	1684117	-	81	55.56
TIGR4_NEG_SP_1772-1684407-r	SP_1772	1684407	-	81	59.26
TIGR4_NEG_SP_1772-1684967-r	SP_1772	1684967	-	81	59.26
TIGR4_NEG_SP_1772-1685147-r	SP_1772	1685147	-	81	55.56
TIGR4_NEG_SP_1772-1685807-r	SP_1772	1685807	-	81	56.79
TIGR4_NEG_SP_1772-1686767-r	SP_1772	1686767	-	81	51.85
TIGR4_NEG_SP_1772-1687807-r	SP_1772	1687807	-	81	55.56
TIGR4_NEG_SP_1772-1687847-r	SP_1772	1687847	-	81	53.09
TIGR4_NEG_SP_1772-1687937-r	SP_1772	1687937	-	81	56.79
TIGR4_NEG_SP_1772-1688377-r	SP_1772	1688377	-	81	54.32
TIGR4_NEG_SP_1772-1689617-r	SP_1772	1689617	-	81	51.85
TIGR4_NEG_SP_1772-1689877-r	SP_1772	1689877	-	81	54.32
TIGR4_NEG_SP_1772-1690027-r	SP_1772	1690027	-	81	58.02
TIGR4_NEG_SP_1772-1690507-r	SP_1772	1690507	-	81	53.09
TIGR4_NEG_SP_1772-1691137-r	SP_1772	1691137	-	81	50.62
TIGR4_NEG_SP_1772-1692167-r	SP_1772	1692167	-	81	46.91
TIGR4_NEG_SP_1772-1692257-r	SP_1772	1692257	-	81	51.85
TIGR4_NEG_SP_1777-1695481-f	SP_1777	1695481	+	81	49.38
TIGR4_NEG_SP_1778-1696509-r	SP_1778	1696509	-	81	48.15
TIGR4_NEG_SP_1779-1697048-r	SP_1779	1697048	-	81	34.57
TIGR4_NEG_SP_1780-1698178-r	SP_1780	1698178	-	81	50.62
TIGR4_NEG_SP_1780-1698968-r	SP_1780	1698968	-	81	43.21
TIGR4_NEG_SP_1780-1699398-r	SP_1780	1699398	-	81	44.44
TIGR4_NEG_SP_1781-1699605-r	SP_1781	1699605	-	81	51.85
TIGR4_NEG_SP_1781-1700065-r	SP_1781	1700065	-	81	44.44
TIGR4_NEG_SP_1783-1701546-r	SP_1783	1701546	-	81	39.51
TIGR4_NEG_SP_1783-1701726-r	SP_1783	1701726	-	81	41.98
TIGR4_NEG_SP_1784-1702535-r	SP_1784	1702535	-	81	39.51
TIGR4_NEG_SP_1785-1702992-r	SP_1785	1702992	-	81	45.68
TIGR4_NEG_SP_1786-1703743-r	SP_1786	1703743	-	81	40.74
TIGR4_NEG_SP_1790-1705735-f	SP_1790	1705735	+	81	45.68
TIGR4_NEG_SP_1790-1705805-f	SP_1790	1705805	+	81	45.68
TIGR4_NEG_SP_1790-1706005-f	SP_1790	1706005	+	81	43.21
TIGR4_NEG_SP_1792-1707383-r	SP_1792	1707383	-	81	40.74
TIGR4_NEG_SP_1793-1708905-r	SP_1793	1708905	-	81	25.93
TIGR4_NEG_SP_1798-1714447-r	SP_1798	1714447	-	81	35.8
TIGR4_NEG_SP_1799-1715355-r	SP_1799	1715355	-	81	33.33
TIGR4_NEG_SP_1800-1716888-r	SP_1800	1716888	-	81	32.1
TIGR4_NEG_SP_1800-1716928-r	SP_1800	1716928	-	81	29.63
TIGR4_NEG_SP_1800-1717268-r	SP_1800	1717268	-	81	27.16
TIGR4_NEG_SP_1800-1717468-r	SP_1800	1717468	-	81	28.4
TIGR4_NEG_SP_1802-1718970-f	SP_1802	1718970	+	81	35.8
TIGR4_NEG_SP_1808-1721642-f	SP_1808	1721642	+	81	49.38
TIGR4_NEG_SP_1808-1721782-f	SP_1808	1721782	+	81	53.09
TIGR4_NEG_SP_1809-1722493-r	SP_1809	1722493	-	81	35.8
TIGR4_NEG_SP_1809-1722813-r	SP_1809	1722813	-	81	40.74
TIGR4_NEG_SP_1810-1723589-r	SP_1810	1723589	-	81	27.16
TIGR4_NEG_SP_1811-1724582-r	SP_1811	1724582	-	81	50.62
TIGR4_NEG_SP_1812-1726061-r	SP_1812	1726061	-	81	49.38
TIGR4_NEG_SP_1812-1726321-r	SP_1812	1726321	-	81	44.44
TIGR4_NEG_SP_1814-1727628-r	SP_1814	1727628	-	81	50.62
TIGR4_NEG_SP_1815-1728392-r	SP_1815	1728392	-	81	49.38
TIGR4_NEG_SP_1817-1729960-r	SP_1817	1729960	-	81	35.8
TIGR4_NEG_SP_1817-1730070-r	SP_1817	1730070	-	81	43.21
TIGR4_NEG_SP_1817-1730420-r	SP_1817	1730420	-	81	46.91
TIGR4_NEG_SP_1831-1742390-r	SP_1831	1742390	-	81	34.57
TIGR4_NEG_SP_1833-1743823-r	SP_1833	1743823	-	81	34.57
TIGR4_NEG_SP_1833-1744763-r	SP_1833	1744763	-	81	28.4
TIGR4_NEG_SP_1833-1744943-r	SP_1833	1744943	-	81	32.1
TIGR4_NEG_SP_1837-1746442-r	SP_1837	1746442	-	81	43.21
TIGR4_NEG_SP_1839-1748846-r	SP_1839	1748846	-	81	48.15
TIGR4_NEG_SP_1839-1749006-r	SP_1839	1749006	-	81	41.98
TIGR4_NEG_SP_1839-1749396-r	SP_1839	1749396	-	81	49.38
TIGR4_NEG_SP_1839-1749856-r	SP_1839	1749856	-	81	45.68
TIGR4_NEG_SP_1840-1750847-r	SP_1840	1750847	-	81	41.98
TIGR4_NEG_SP_1840-1750887-r	SP_1840	1750887	-	81	41.98
TIGR4_NEG_SP_1840-1751577-r	SP_1840	1751577	-	81	41.98
TIGR4_NEG_SP_1840-1751727-r	SP_1840	1751727	-	81	44.44
TIGR4_NEG_SP_1841-1752298-r	SP_1841	1752298	-	81	45.68
TIGR4_NEG_SP_1848-1756418-f	SP_1848	1756418	+	81	53.09
TIGR4_NEG_SP_1849-1757260-r	SP_1849	1757260	-	81	32.1
TIGR4_NEG_SP_1850-1758048-r	SP_1850	1758048	-	81	28.4
TIGR4_NEG_SP_1850-1758098-r	SP_1850	1758098	-	81	34.57
TIGR4_NEG_SP_1853-1761328-r	SP_1853	1761328	-	81	38.27
TIGR4_NEG_SP_1854-1762131-f	SP_1854	1762131	+	81	39.51
TIGR4_NEG_SP_1854-1762471-f	SP_1854	1762471	+	81	38.27
TIGR4_NEG_SP_1855-1763024-r	SP_1855	1763024	-	81	38.27
TIGR4_NEG_SP_1855-1763174-r	SP_1855	1763174	-	81	53.09
TIGR4_NEG_SP_1855-1763214-r	SP_1855	1763214	-	81	53.09
TIGR4_NEG_SP_1855-1763604-r	SP_1855	1763604	-	81	41.98
TIGR4_NEG_SP_1855-1763614-r	SP_1855	1763614	-	81	41.98
TIGR4_NEG_SP_1857-1764859-r	SP_1857	1764859	-	81	39.51
TIGR4_NEG_SP_1858-1766032-f	SP_1858	1766032	+	81	40.74
TIGR4_NEG_SP_1860-1768056-r	SP_1860	1768056	-	81	41.98
TIGR4_NEG_SP_1862-1770252-r	SP_1862	1770252	-	81	48.15
TIGR4_NEG_SP_1869-1775207-f	SP_1869	1775207	+	81	50.62
TIGR4_NEG_SP_1871-1776704-f	SP_1871	1776704	+	81	43.21
TIGR4_NEG_SP_1872-1777542-f	SP_1872	1777542	+	81	43.21
TIGR4_NEG_SP_1874-1778744-r	SP_1874	1778744	-	81	50.62
TIGR4_NEG_SP_1874-1779214-r	SP_1874	1779214	-	81	44.44
TIGR4_NEG_SP_1875-1779683-r	SP_1875	1779683	-	81	48.15
TIGR4_NEG_SP_1881-1783973-r	SP_1881	1783973	-	81	54.32
TIGR4_NEG_SP_1881-1783983-r	SP_1881	1783983	-	81	55.56
TIGR4_NEG_SP_1883-1785789-r	SP_1883	1785789	-	81	39.51
TIGR4_NEG_SP_1883-1786299-r	SP_1883	1786299	-	81	41.98
TIGR4_NEG_SP_1885-1789244-f	SP_1885	1789244	+	81	40.74
TIGR4_NEG_SP_1888-1792497-r	SP_1888	1792497	-	81	40.74
TIGR4_NEG_SP_1888-1792667-r	SP_1888	1792667	-	81	35.8
TIGR4_NEG_SP_1888-1792807-r	SP_1888	1792807	-	81	44.44
TIGR4_NEG_SP_1890-1794429-r	SP_1890	1794429	-	81	46.91
TIGR4_NEG_SP_1890-1794449-r	SP_1890	1794449	-	81	43.21
TIGR4_NEG_SP_1890-1794719-r	SP_1890	1794719	-	81	45.68
TIGR4_NEG_SP_1890-1794829-r	SP_1890	1794829	-	81	40.74
TIGR4_NEG_SP_1891-1795892-r	SP_1891	1795892	-	81	40.74
TIGR4_NEG_SP_1891-1796062-r	SP_1891	1796062	-	81	43.21
TIGR4_NEG_SP_1891-1796222-r	SP_1891	1796222	-	81	41.98
TIGR4_NEG_SP_1891-1796502-r	SP_1891	1796502	-	81	38.27
TIGR4_NEG_SP_1891-1796612-r	SP_1891	1796612	-	81	41.98
TIGR4_NEG_SP_1891-1797302-r	SP_1891	1797302	-	81	40.74
TIGR4_NEG_SP_1891-1797352-r	SP_1891	1797352	-	81	32.1
TIGR4_NEG_SP_1893-1798516-r	SP_1893	1798516	-	81	39.51
TIGR4_NEG_SP_1893-1798666-r	SP_1893	1798666	-	81	41.98
TIGR4_NEG_SP_1893-1798966-r	SP_1893	1798966	-	81	39.51
TIGR4_NEG_SP_1894-1800397-r	SP_1894	1800397	-	81	35.8
TIGR4_NEG_SP_1894-1800647-r	SP_1894	1800647	-	81	35.8
TIGR4_NEG_SP_1896-1802314-r	SP_1896	1802314	-	81	43.21
TIGR4_NEG_SP_1898-1804965-r	SP_1898	1804965	-	81	43.21
TIGR4_NEG_SP_1898-1805105-r	SP_1898	1805105	-	81	41.98
TIGR4_NEG_SP_1898-1805225-r	SP_1898	1805225	-	81	32.1
TIGR4_NEG_SP_1898-1805295-r	SP_1898	1805295	-	81	41.98
TIGR4_NEG_SP_1898-1805885-r	SP_1898	1805885	-	81	41.98
TIGR4_NEG_SP_1898-1805935-r	SP_1898	1805935	-	81	45.68
TIGR4_NEG_SP_1899-1806925-f	SP_1899	1806925	+	81	38.27
TIGR4_NEG_SP_1900-1808252-f	SP_1900	1808252	+	81	37.04
TIGR4_NEG_SP_1901-1816065-r	SP_1901	1816065	-	81	32.1
TIGR4_NEG_SP_1902-1817038-f	SP_1902	1817038	+	81	29.63
TIGR4_NEG_SP_1906-1820422-r	SP_1906	1820422	-	81	43.21
TIGR4_NEG_SP_1906-1820662-r	SP_1906	1820662	-	81	44.44
TIGR4_NEG_SP_1906-1821002-r	SP_1906	1821002	-	81	48.15
TIGR4_NEG_SP_1908-1822600-r	SP_1908	1822600	-	81	48.15
TIGR4_NEG_SP_1910-1824116-r	SP_1910	1824116	-	81	38.27
TIGR4_NEG_SP_1914-1826010-r	SP_1914	1826010	-	81	38.27
TIGR4_NEG_SP_1917-1827520-r	SP_1917	1827520	-	81	40.74
TIGR4_NEG_SP_1920-1829904-r	SP_1920	1829904	-	81	45.68
TIGR4_NEG_SP_1922-1830379-r	SP_1922	1830379	-	81	41.98
TIGR4_NEG_SP_1923-1832416-r	SP_1923	1832416	-	81	49.38
TIGR4_NEG_SP_1923-1832646-r	SP_1923	1832646	-	81	37.04
TIGR4_NEG_SP_1933-1837652-r	SP_1933	1837652	-	81	34.57
TIGR4_NEG_SP_1933-1837722-r	SP_1933	1837722	-	81	29.63
TIGR4_NEG_SP_1937-1840605-r	SP_1937	1840605	-	81	46.91
TIGR4_NEG_SP_1937-1840815-r	SP_1937	1840815	-	81	45.68
TIGR4_NEG_SP_1937-1841155-r	SP_1937	1841155	-	81	45.68
TIGR4_NEG_SP_1937-1841185-r	SP_1937	1841185	-	81	45.68
TIGR4_NEG_SP_1939-1841927-r	SP_1939	1841927	-	81	43.21
TIGR4_NEG_SP_1939-1842297-r	SP_1939	1842297	-	81	38.27
TIGR4_NEG_SP_1940-1844273-r	SP_1940	1844273	-	81	48.15
TIGR4_NEG_SP_1950-1851162-f	SP_1950	1851162	+	81	27.16
TIGR4_NEG_SP_1950-1851572-f	SP_1950	1851572	+	81	25.93
TIGR4_NEG_SP_1950-1851892-f	SP_1950	1851892	+	81	19.75
TIGR4_NEG_SP_1950-1852612-f	SP_1950	1852612	+	81	27.16
TIGR4_NEG_SP_1950-1853392-f	SP_1950	1853392	+	81	24.69
TIGR4_NEG_SP_1952-1855357-f	SP_1952	1855357	+	81	32.1
TIGR4_NEG_SP_1954-1858545-f	SP_1954	1858545	+	81	34.57
TIGR4_NEG_SP_1959-1862181-r	SP_1959	1862181	-	81	40.74
TIGR4_NEG_SP_1960-1862835-r	SP_1960	1862835	-	81	51.85
TIGR4_NEG_SP_1960-1863055-r	SP_1960	1863055	-	81	44.44
TIGR4_NEG_SP_1960-1863595-r	SP_1960	1863595	-	81	46.91
TIGR4_NEG_SP_1960-1864915-r	SP_1960	1864915	-	81	49.38
TIGR4_NEG_SP_1960-1865315-r	SP_1960	1865315	-	81	45.68
TIGR4_NEG_SP_1960-1865885-r	SP_1960	1865885	-	81	49.38
TIGR4_NEG_SP_1960-1865895-r	SP_1960	1865895	-	81	49.38
TIGR4_NEG_SP_1960-1865965-r	SP_1960	1865965	-	81	45.68
TIGR4_NEG_SP_1961-1866765-r	SP_1961	1866765	-	81	49.38
TIGR4_NEG_SP_1961-1867495-r	SP_1961	1867495	-	81	48.15
TIGR4_NEG_SP_1961-1867705-r	SP_1961	1867705	-	81	45.68
TIGR4_NEG_SP_1961-1868025-r	SP_1961	1868025	-	81	50.62
TIGR4_NEG_SP_1961-1868125-r	SP_1961	1868125	-	81	45.68
TIGR4_NEG_SP_1961-1868545-r	SP_1961	1868545	-	81	38.27
TIGR4_NEG_SP_1961-1869395-r	SP_1961	1869395	-	81	45.68
TIGR4_NEG_SP_1961-1869545-r	SP_1961	1869545	-	81	41.98
TIGR4_NEG_SP_1961-1869665-r	SP_1961	1869665	-	81	38.27
TIGR4_NEG_SP_1961-1869835-r	SP_1961	1869835	-	81	34.57
TIGR4_NEG_SP_1963-1870970-r	SP_1963	1870970	-	81	44.44
TIGR4_NEG_SP_1963-1871330-r	SP_1963	1871330	-	81	43.21
TIGR4_NEG_SP_1963-1871710-r	SP_1963	1871710	-	81	41.98
TIGR4_NEG_SP_1964-1872890-r	SP_1964	1872890	-	81	43.21
TIGR4_NEG_SP_1966-1874074-r	SP_1966	1874074	-	81	45.68
TIGR4_NEG_SP_1966-1874414-r	SP_1966	1874414	-	81	49.38
TIGR4_NEG_SP_1967-1875319-r	SP_1967	1875319	-	81	43.21
TIGR4_NEG_SP_1969-1876638-r	SP_1969	1876638	-	81	53.09
TIGR4_NEG_SP_1970-1877182-r	SP_1970	1877182	-	81	41.98
TIGR4_NEG_SP_1970-1877642-r	SP_1970	1877642	-	81	50.62
TIGR4_NEG_SP_1973-1879135-r	SP_1973	1879135	-	81	44.44
TIGR4_NEG_SP_1976-1881146-r	SP_1976	1881146	-	81	45.68
TIGR4_NEG_SP_1976-1881166-r	SP_1976	1881166	-	81	41.98
TIGR4_NEG_SP_1978-1882326-r	SP_1978	1882326	-	81	46.91
TIGR4_NEG_SP_1978-1882686-r	SP_1978	1882686	-	81	43.21
TIGR4_NEG_SP_1978-1882856-r	SP_1978	1882856	-	81	41.98
TIGR4_NEG_SP_1978-1882956-r	SP_1978	1882956	-	81	48.15
TIGR4_NEG_SP_1981-1885878-r	SP_1981	1885878	-	81	48.15
TIGR4_NEG_SP_1982-1886776-r	SP_1982	1886776	-	81	48.15
TIGR4_NEG_SP_1984-1888228-r	SP_1984	1888228	-	81	40.74
TIGR4_NEG_SP_1984-1888278-r	SP_1984	1888278	-	81	39.51
TIGR4_NEG_SP_1987-1890182-r	SP_1987	1890182	-	81	38.27
TIGR4_NEG_SP_1988-1892195-r	SP_1988	1892195	-	81	41.98
TIGR4_NEG_SP_1994-1897509-r	SP_1994	1897509	-	81	40.74
TIGR4_NEG_SP_1994-1897729-r	SP_1994	1897729	-	81	55.56
TIGR4_NEG_SP_1997-1899422-r	SP_1997	1899422	-	81	45.68
TIGR4_NEG_SP_1997-1899672-r	SP_1997	1899672	-	81	49.38
TIGR4_NEG_SP_1997-1900262-r	SP_1997	1900262	-	81	49.38
TIGR4_NEG_SP_1998-1901036-f	SP_1998	1901036	+	81	48.15
TIGR4_NEG_SP_1999-1902994-r	SP_1999	1902994	-	81	34.57
TIGR4_NEG_SP_2002-1905486-r	SP_2002	1905486	-	81	37.04
TIGR4_NEG_SP_2007-1914825-r	SP_2007	1914825	-	81	35.8
TIGR4_NEG_SP_2007-1915005-r	SP_2007	1915005	-	81	39.51
TIGR4_NEG_SP_2010-1916797-r	SP_2010	1916797	-	81	43.21
TIGR4_NEG_SP_2012-1919182-r	SP_2012	1919182	-	81	43.21
TIGR4_NEG_SP_2013-1920586-r	SP_2013	1920586	-	81	28.4
TIGR4_NEG_SP_2016-1922615-r	SP_2016	1922615	-	81	39.51
TIGR4_NEG_SP_2017-1923884-f	SP_2017	1923884	+	81	44.44
TIGR4_NEG_SP_2021-1926707-f	SP_2021	1926707	+	81	38.27
TIGR4_NEG_SP_2021-1926777-f	SP_2021	1926777	+	81	35.8
TIGR4_NEG_SP_2022-1927936-f	SP_2022	1927936	+	81	30.86
TIGR4_NEG_SP_2022-1928096-f	SP_2022	1928096	+	81	32.1
TIGR4_NEG_SP_2022-1928356-f	SP_2022	1928356	+	81	32.1
TIGR4_NEG_SP_2026-1930905-r	SP_2026	1930905	-	81	37.04
TIGR4_NEG_SP_2026-1931885-r	SP_2026	1931885	-	81	44.44
TIGR4_NEG_SP_2026-1932155-r	SP_2026	1932155	-	81	38.27
TIGR4_NEG_SP_2026-1932915-r	SP_2026	1932915	-	81	51.85
TIGR4_NEG_SP_2027-1933786-r	SP_2027	1933786	-	81	41.98
TIGR4_NEG_SP_2030-1935388-r	SP_2030	1935388	-	81	38.27
TIGR4_NEG_SP_2030-1936538-r	SP_2030	1936538	-	81	40.74
TIGR4_NEG_SP_2031-1937528-r	SP_2031	1937528	-	81	44.44
TIGR4_NEG_SP_2039-1944922-r	SP_2039	1944922	-	81	33.33
TIGR4_NEG_SP_2041-1946961-r	SP_2041	1946961	-	81	38.27
TIGR4_NEG_SP_2041-1947091-r	SP_2041	1947091	-	81	51.85
TIGR4_NEG_SP_2044-1948430-r	SP_2044	1948430	-	81	40.74
TIGR4_NEG_SP_2045-1949611-r	SP_2045	1949611	-	81	45.68
TIGR4_NEG_SP_2052-1953041-r	SP_2052	1953041	-	81	44.44
TIGR4_NEG_SP_2053-1954395-r	SP_2053	1954395	-	81	40.74
TIGR4_NEG_SP_2055-1955508-r	SP_2055	1955508	-	81	37.04
TIGR4_NEG_SP_2055-1955518-r	SP_2055	1955518	-	81	38.27
TIGR4_NEG_SP_2055-1955588-r	SP_2055	1955588	-	81	45.68
TIGR4_NEG_SP_2055-1955628-r	SP_2055	1955628	-	81	40.74
TIGR4_NEG_SP_2055-1955748-r	SP_2055	1955748	-	81	40.74
TIGR4_NEG_SP_2056-1956629-r	SP_2056	1956629	-	81	48.15
TIGR4_NEG_SP_2056-1957299-r	SP_2056	1957299	-	81	38.27
TIGR4_NEG_SP_2057-1957783-r	SP_2057	1957783	-	81	45.68
TIGR4_NEG_SP_2057-1957973-r	SP_2057	1957973	-	81	41.98
TIGR4_NEG_SP_2057-1958013-r	SP_2057	1958013	-	81	37.04
TIGR4_NEG_SP_2057-1958203-r	SP_2057	1958203	-	81	45.68
TIGR4_NEG_SP_2057-1958423-r	SP_2057	1958423	-	81	45.68
TIGR4_NEG_SP_2057-1958553-r	SP_2057	1958553	-	81	37.04
TIGR4_NEG_SP_2057-1958743-r	SP_2057	1958743	-	81	35.8
TIGR4_NEG_SP_2057-1958763-r	SP_2057	1958763	-	81	43.21
TIGR4_NEG_SP_2059-1961160-f	SP_2059	1961160	+	81	41.98
TIGR4_NEG_SP_2059-1961190-f	SP_2059	1961190	+	81	39.51
TIGR4_NEG_SP_2059-1961390-f	SP_2059	1961390	+	81	39.51
TIGR4_NEG_SP_2059-1961490-f	SP_2059	1961490	+	81	41.98
TIGR4_NEG_SP_2060-1961785-r	SP_2060	1961785	-	81	45.68
TIGR4_NEG_SP_2060-1962145-r	SP_2060	1962145	-	81	44.44
TIGR4_NEG_SP_2061-1962686-r	SP_2061	1962686	-	81	38.27
TIGR4_NEG_SP_2063-1963974-r	SP_2063	1963974	-	81	44.44
TIGR4_NEG_SP_2065-1965886-r	SP_2065	1965886	-	81	43.21
TIGR4_NEG_SP_2066-1967517-r	SP_2066	1967517	-	81	39.51
TIGR4_NEG_SP_2067-1969377-r	SP_2067	1969377	-	81	33.33
TIGR4_NEG_SP_2069-1977467-r	SP_2069	1977467	-	81	45.68
TIGR4_NEG_SP_2069-1977647-r	SP_2069	1977647	-	81	44.44
TIGR4_NEG_SP_2070-1979141-r	SP_2070	1979141	-	81	40.74
TIGR4_NEG_SP_2073-1981538-r	SP_2073	1981538	-	81	45.68
TIGR4_NEG_SP_2073-1981788-r	SP_2073	1981788	-	81	45.68
TIGR4_NEG_SP_2073-1981948-r	SP_2073	1981948	-	81	49.38
TIGR4_NEG_SP_2075-1983666-r	SP_2075	1983666	-	81	48.15
TIGR4_NEG_SP_2075-1984176-r	SP_2075	1984176	-	81	44.44
TIGR4_NEG_SP_2075-1984356-r	SP_2075	1984356	-	81	43.21
TIGR4_NEG_SP_2075-1984496-r	SP_2075	1984496	-	81	38.27
TIGR4_NEG_SP_2077-1987641-r	SP_2077	1987641	-	81	38.27
TIGR4_NEG_SP_2078-1988653-f	SP_2078	1988653	+	81	44.44
TIGR4_NEG_SP_2078-1988953-f	SP_2078	1988953	+	81	43.21
TIGR4_NEG_SP_2078-1989093-f	SP_2078	1989093	+	81	41.98
TIGR4_NEG_SP_2078-1989293-f	SP_2078	1989293	+	81	45.68
TIGR4_NEG_SP_2084-1993494-f	SP_2084	1993494	+	81	48.15
TIGR4_NEG_SP_2085-1994750-f	SP_2085	1994750	+	81	37.04
TIGR4_NEG_SP_2085-1995150-f	SP_2085	1995150	+	81	45.68
TIGR4_NEG_SP_2089-1997758-f	SP_2089	1997758	+	81	40.74
TIGR4_NEG_SP_2090-1998408-r	SP_2090	1998408	-	81	32.1
TIGR4_NEG_SP_2092-1999938-f	SP_2092	1999938	+	81	35.8
TIGR4_NEG_SP_2092-2000238-f	SP_2092	2000238	+	81	49.38
TIGR4_NEG_SP_2092-2000358-f	SP_2092	2000358	+	81	48.15
TIGR4_NEG_SP_2093-2001305-f	SP_2093	2001305	+	81	25.93
TIGR4_NEG_SP_2093-2001505-f	SP_2093	2001505	+	81	22.22
TIGR4_NEG_SP_2095-2003178-r	SP_2095	2003178	-	81	41.98
TIGR4_NEG_SP_2096-2003959-r	SP_2096	2003959	-	81	44.44
TIGR4_NEG_SP_2097-2005037-r	SP_2097	2005037	-	81	55.56
TIGR4_NEG_SP_2098-2005845-r	SP_2098	2005845	-	81	45.68
TIGR4_NEG_SP_2098-2006065-r	SP_2098	2006065	-	81	39.51
TIGR4_NEG_SP_2098-2006225-r	SP_2098	2006225	-	81	37.04
TIGR4_NEG_SP_2098-2006325-r	SP_2098	2006325	-	81	34.57
TIGR4_NEG_SP_2099-2007341-r	SP_2099	2007341	-	81	40.74
TIGR4_NEG_SP_2099-2007361-r	SP_2099	2007361	-	81	37.04
TIGR4_NEG_SP_2099-2008481-r	SP_2099	2008481	-	81	45.68
TIGR4_NEG_SP_2100-2009458-f	SP_2100	2009458	+	81	53.09
TIGR4_NEG_SP_2100-2009488-f	SP_2100	2009488	+	81	53.09
TIGR4_NEG_SP_2100-2009788-f	SP_2100	2009788	+	81	40.74
TIGR4_NEG_SP_2100-2010028-f	SP_2100	2010028	+	81	44.44
TIGR4_NEG_SP_2101-2011632-r	SP_2101	2011632	-	81	38.27
TIGR4_NEG_SP_2101-2011742-r	SP_2101	2011742	-	81	39.51
TIGR4_NEG_SP_2101-2011782-r	SP_2101	2011782	-	81	35.8
TIGR4_NEG_SP_2101-2012162-r	SP_2101	2012162	-	81	37.04
TIGR4_NEG_SP_2101-2012402-r	SP_2101	2012402	-	81	43.21
TIGR4_NEG_SP_2105-2015254-f	SP_2105	2015254	+	81	33.33
TIGR4_NEG_SP_2106-2016849-r	SP_2106	2016849	-	81	38.27
TIGR4_NEG_SP_2106-2017039-r	SP_2106	2017039	-	81	48.15
TIGR4_NEG_SP_2106-2017209-r	SP_2106	2017209	-	81	40.74
TIGR4_NEG_SP_2106-2017439-r	SP_2106	2017439	-	81	37.04
TIGR4_NEG_SP_2106-2017679-r	SP_2106	2017679	-	81	43.21
TIGR4_NEG_SP_2106-2018029-r	SP_2106	2018029	-	81	34.57
TIGR4_NEG_SP_2106-2018299-r	SP_2106	2018299	-	81	46.91
TIGR4_NEG_SP_2107-2018743-r	SP_2107	2018743	-	81	48.15
TIGR4_NEG_SP_2107-2019883-r	SP_2107	2019883	-	81	41.98
TIGR4_NEG_SP_2107-2020013-r	SP_2107	2020013	-	81	44.44
TIGR4_NEG_SP_2108-2021000-f	SP_2108	2021000	+	81	45.68
TIGR4_NEG_SP_2108-2021050-f	SP_2108	2021050	+	81	48.15
TIGR4_NEG_SP_2108-2021130-f	SP_2108	2021130	+	81	40.74
TIGR4_NEG_SP_2108-2021420-f	SP_2108	2021420	+	81	40.74
TIGR4_NEG_SP_2108-2021510-f	SP_2108	2021510	+	81	40.74
TIGR4_NEG_SP_2108-2021540-f	SP_2108	2021540	+	81	41.98
TIGR4_NEG_SP_2108-2021590-f	SP_2108	2021590	+	81	40.74
TIGR4_NEG_SP_2109-2022337-f	SP_2109	2022337	+	81	33.33
TIGR4_NEG_SP_2109-2022947-f	SP_2109	2022947	+	81	45.68
TIGR4_NEG_SP_2109-2022997-f	SP_2109	2022997	+	81	44.44
TIGR4_NEG_SP_2111-2025191-f	SP_2111	2025191	+	81	30.86
TIGR4_NEG_SP_2112-2025561-f	SP_2112	2025561	+	81	45.68
TIGR4_NEG_SP_2112-2025621-f	SP_2112	2025621	+	81	46.91
TIGR4_NEG_SP_2113-2026639-r	SP_2113	2026639	-	81	35.8
TIGR4_NEG_SP_2114-2027948-r	SP_2114	2027948	-	81	51.85
TIGR4_NEG_SP_2114-2028648-r	SP_2114	2028648	-	81	40.74
TIGR4_NEG_SP_2114-2028758-r	SP_2114	2028758	-	81	50.62
TIGR4_NEG_SP_2122-2034195-r	SP_2122	2034195	-	81	30.86
TIGR4_NEG_SP_2122-2034265-r	SP_2122	2034265	-	81	37.04
TIGR4_NEG_SP_2122-2034285-r	SP_2122	2034285	-	81	39.51
TIGR4_NEG_SP_2122-2034875-r	SP_2122	2034875	-	81	43.21
TIGR4_NEG_SP_2127-2039526-r	SP_2127	2039526	-	81	46.91
TIGR4_NEG_SP_2130-2042115-r	SP_2130	2042115	-	81	30.86
TIGR4_NEG_SP_2131-2042873-r	SP_2131	2042873	-	81	34.57
TIGR4_NEG_SP_2132-2044685-f	SP_2132	2044685	+	81	48.15
TIGR4_NEG_SP_2132-2044845-f	SP_2132	2044845	+	81	39.51
TIGR4_NEG_SP_2132-2044915-f	SP_2132	2044915	+	81	45.68
TIGR4_NEG_SP_2139-2049898-r	SP_2139	2049898	-	81	46.91
TIGR4_NEG_SP_2144-2056254-r	SP_2144	2056254	-	81	45.68
TIGR4_NEG_SP_2144-2056964-r	SP_2144	2056964	-	81	50.62
TIGR4_NEG_SP_2145-2058196-f	SP_2145	2058196	+	81	40.74
TIGR4_NEG_SP_2145-2058306-f	SP_2145	2058306	+	81	46.91
TIGR4_NEG_SP_2145-2058536-f	SP_2145	2058536	+	81	44.44
TIGR4_NEG_SP_2145-2059366-f	SP_2145	2059366	+	81	48.15
TIGR4_NEG_SP_2145-2059486-f	SP_2145	2059486	+	81	35.8
TIGR4_NEG_SP_2146-2059950-r	SP_2146	2059950	-	81	37.04
TIGR4_NEG_SP_2146-2060200-r	SP_2146	2060200	-	81	38.27
TIGR4_NEG_SP_2146-2061050-r	SP_2146	2061050	-	81	50.62
TIGR4_NEG_SP_2148-2062354-f	SP_2148	2062354	+	81	44.44
TIGR4_NEG_SP_2152-2065898-f	SP_2152	2065898	+	81	51.85
TIGR4_NEG_SP_2152-2066798-f	SP_2152	2066798	+	81	44.44
TIGR4_NEG_SP_2152-2066918-f	SP_2152	2066918	+	81	38.27
TIGR4_NEG_SP_2156-2070226-r	SP_2156	2070226	-	81	48.15
TIGR4_NEG_SP_2157-2071245-r	SP_2157	2071245	-	81	45.68
TIGR4_NEG_SP_2157-2071865-r	SP_2157	2071865	-	81	44.44
TIGR4_NEG_SP_2169-2087337-r	SP_2169	2087337	-	81	41.98
TIGR4_NEG_SP_2169-2087437-r	SP_2169	2087437	-	81	43.21
TIGR4_NEG_SP_2169-2087707-r	SP_2169	2087707	-	81	41.98
TIGR4_NEG_SP_2169-2087717-r	SP_2169	2087717	-	81	40.74
TIGR4_NEG_SP_2170-2088762-r	SP_2170	2088762	-	81	43.21
TIGR4_NEG_SP_2171-2089571-r	SP_2171	2089571	-	81	34.57
TIGR4_NEG_SP_2171-2089591-r	SP_2171	2089591	-	81	38.27
TIGR4_NEG_SP_2173-2090770-r	SP_2173	2090770	-	81	35.8
TIGR4_NEG_SP_2173-2091030-r	SP_2173	2091030	-	81	37.04
TIGR4_NEG_SP_2175-2092484-r	SP_2175	2092484	-	81	44.44
TIGR4_NEG_SP_2175-2092714-r	SP_2175	2092714	-	81	45.68
TIGR4_NEG_SP_2185-2103369-r	SP_2185	2103369	-	81	45.68
TIGR4_NEG_SP_2185-2103819-r	SP_2185	2103819	-	81	40.74
TIGR4_NEG_SP_2185-2104149-r	SP_2185	2104149	-	81	48.15
TIGR4_NEG_SP_2186-2105657-r	SP_2186	2105657	-	81	46.91
TIGR4_NEG_SP_2186-2105867-r	SP_2186	2105867	-	81	46.91
TIGR4_NEG_SP_2187-2106664-r	SP_2187	2106664	-	81	38.27
TIGR4_NEG_SP_2187-2106994-r	SP_2187	2106994	-	81	43.21
TIGR4_NEG_SP_2187-2107514-r	SP_2187	2107514	-	81	45.68
TIGR4_NEG_SP_2188-2108156-f	SP_2188	2108156	+	81	44.44
TIGR4_NEG_SP_2188-2108706-f	SP_2188	2108706	+	81	40.74
TIGR4_NEG_SP_2189-2109015-f	SP_2189	2109015	+	81	46.91
TIGR4_NEG_SP_2189-2109165-f	SP_2189	2109165	+	81	43.21
TIGR4_NEG_SP_2189-2109445-f	SP_2189	2109445	+	81	53.09
TIGR4_NEG_SP_2189-2109455-f	SP_2189	2109455	+	81	51.85
TIGR4_NEG_SP_2189-2109665-f	SP_2189	2109665	+	81	61.73
TIGR4_NEG_SP_2190-2110535-r	SP_2190	2110535	-	81	43.21
TIGR4_NEG_SP_2190-2111555-r	SP_2190	2111555	-	81	48.15
TIGR4_NEG_SP_2190-2111635-r	SP_2190	2111635	-	81	39.51
TIGR4_NEG_SP_2190-2111725-r	SP_2190	2111725	-	81	30.86
TIGR4_NEG_SP_2192-2113025-r	SP_2192	2113025	-	81	33.33
TIGR4_NEG_SP_2192-2113155-r	SP_2192	2113155	-	81	37.04
TIGR4_NEG_SP_2192-2113975-r	SP_2192	2113975	-	81	32.1
TIGR4_NEG_SP_2194-2117348-r	SP_2194	2117348	-	81	50.62
TIGR4_NEG_SP_2197-2119757-r	SP_2197	2119757	-	81	40.74
TIGR4_NEG_SP_2198-2120543-r	SP_2198	2120543	-	81	43.21
TIGR4_NEG_SP_2198-2120833-r	SP_2198	2120833	-	81	44.44
TIGR4_NEG_SP_2201-2121920-r	SP_2201	2121920	-	81	35.8
TIGR4_NEG_SP_2201-2122050-r	SP_2201	2122050	-	81	38.27
TIGR4_NEG_SP_2201-2122220-r	SP_2201	2122220	-	81	35.8
TIGR4_NEG_SP_2201-2122400-r	SP_2201	2122400	-	81	44.44
TIGR4_NEG_SP_2203-2124063-r	SP_2203	2124063	-	81	43.21
TIGR4_NEG_SP_2204-2124579-r	SP_2204	2124579	-	81	39.51
TIGR4_NEG_SP_2205-2125198-r	SP_2205	2125198	-	81	40.74
TIGR4_NEG_SP_2205-2126568-r	SP_2205	2126568	-	81	39.51
TIGR4_NEG_SP_2206-2127217-r	SP_2206	2127217	-	81	30.86
TIGR4_NEG_SP_2206-2127387-r	SP_2206	2127387	-	81	30.86
TIGR4_NEG_SP_2208-2128814-r	SP_2208	2128814	-	81	34.57
TIGR4_NEG_SP_2210-2130862-f	SP_2210	2130862	+	81	44.44
TIGR4_NEG_SP_2210-2131232-f	SP_2210	2131232	+	81	38.27
TIGR4_NEG_SP_2214-2133675-r	SP_2214	2133675	-	81	40.74
TIGR4_NEG_SP_2216-2135337-r	SP_2216	2135337	-	81	39.51
TIGR4_NEG_SP_2216-2135617-r	SP_2216	2135617	-	81	45.68
TIGR4_NEG_SP_2216-2135657-r	SP_2216	2135657	-	81	39.51
TIGR4_NEG_SP_2216-2135777-r	SP_2216	2135777	-	81	43.21
TIGR4_NEG_SP_2217-2136709-r	SP_2217	2136709	-	81	32.1
TIGR4_NEG_SP_2218-2137723-r	SP_2218	2137723	-	81	39.51
TIGR4_NEG_SP_2220-2139277-r	SP_2220	2139277	-	81	34.57
TIGR4_NEG_SP_2221-2140061-r	SP_2221	2140061	-	81	35.8
TIGR4_NEG_SP_2221-2140091-r	SP_2221	2140091	-	81	40.74
TIGR4_NEG_SP_2224-2142814-r	SP_2224	2142814	-	81	33.33
TIGR4_NEG_SP_2225-2143324-r	SP_2225	2143324	-	81	39.51
TIGR4_NEG_SP_2225-2143604-r	SP_2225	2143604	-	81	32.1
TIGR4_NEG_SP_2226-2144613-f	SP_2226	2144613	+	81	39.51
TIGR4_NEG_SP_2228-2146492-r	SP_2228	2146492	-	81	46.91
TIGR4_NEG_SP_2229-2147732-r	SP_2229	2147732	-	81	46.91
TIGR4_NEG_SP_2230-2149723-f	SP_2230	2149723	+	81	35.8
TIGR4_NEG_SP_2230-2149873-f	SP_2230	2149873	+	81	37.04
TIGR4_NEG_SP_2230-2149943-f	SP_2230	2149943	+	81	40.74
TIGR4_NEG_SP_2231-2151117-f	SP_2231	2151117	+	81	33.33
TIGR4_NEG_SP_2231-2151217-f	SP_2231	2151217	+	81	37.04
TIGR4_NEG_SP_2231-2151267-f	SP_2231	2151267	+	81	37.04
TIGR4_NEG_SP_2231-2152377-f	SP_2231	2152377	+	81	22.22
TIGR4_NEG_SP_2231-2152607-f	SP_2231	2152607	+	81	28.4
TIGR4_NEG_SP_2231-2152747-f	SP_2231	2152747	+	81	32.1
TIGR4_NEG_SP_2233-2154184-r	SP_2233	2154184	-	81	24.69
TIGR4_NEG_SP_2235-2156155-r	SP_2235	2156155	-	81	38.27
TIGR4_NEG_SP_2239-2159357-f	SP_2239	2159357	+	81	44.44
TIGR4_NEG_SP_2239-2159657-f	SP_2239	2159657	+	81	37.04
TIGR4_NEG_SP_2239-2159767-f	SP_2239	2159767	+	81	35.8
TIGR4_NEG_SP_RS00155-26027-f	SP_RS00155	26027	+	81	48.15
TIGR4_NEG_SP_RS00155-26157-f	SP_RS00155	26157	+	81	55.56
TIGR4_NEG_SP_RS00205-34901-f	SP_RS00205	34901	+	81	46.91
TIGR4_NEG_SP_RS00370-72241-f	SP_RS00370	72241	+	81	41.98
TIGR4_NEG_SP_RS00370-72261-f	SP_RS00370	72261	+	81	39.51
TIGR4_NEG_SP_RS01250-229385-f	SP_RS01250	229385	+	81	39.51
TIGR4_NEG_SP_RS01250-229445-f	SP_RS01250	229445	+	81	39.51
TIGR4_NEG_SP_RS01495-279417-f	SP_RS01495	279417	+	81	24.69
TIGR4_NEG_SP_RS01495-279447-f	SP_RS01495	279447	+	81	30.86
TIGR4_NEG_SP_RS01940-371293-r	SP_RS01940	371293	-	81	35.8
TIGR4_NEG_SP_RS01940-371313-r	SP_RS01940	371313	-	81	30.86
TIGR4_NEG_SP_RS02290-443916-f	SP_RS02290	443916	+	81	55.56
TIGR4_NEG_SP_RS02290-444016-f	SP_RS02290	444016	+	81	43.21
TIGR4_NEG_SP_RS02290-444356-f	SP_RS02290	444356	+	81	38.27
TIGR4_NEG_SP_RS03180-622641-r	SP_RS03180	622641	-	81	40.74
TIGR4_NEG_SP_RS03180-622671-r	SP_RS03180	622671	-	81	37.04
TIGR4_NEG_SP_RS03695-713921-f	SP_RS03695	713921	+	81	41.98
TIGR4_NEG_SP_RS03985-767380-f	SP_RS03985	767380	+	81	33.33
TIGR4_NEG_SP_RS04045-776632-f	SP_RS04045	776632	+	81	46.91
TIGR4_NEG_SP_RS04045-777032-f	SP_RS04045	777032	+	81	37.04
TIGR4_NEG_SP_RS04045-777312-f	SP_RS04045	777312	+	81	44.44
TIGR4_NEG_SP_RS04515-867947-r	SP_RS04515	867947	-	81	45.68
TIGR4_NEG_SP_RS04645-891488-f	SP_RS04645	891488	+	81	28.4
TIGR4_NEG_SP_RS05890-1131863-r	SP_RS05890	1131863	-	81	37.04
TIGR4_NEG_SP_RS05915-1137824-r	SP_RS05915	1137824	-	81	50.62
TIGR4_NEG_SP_RS05915-1137854-r	SP_RS05915	1137854	-	81	51.85
TIGR4_NEG_SP_RS05940-1141588-r	SP_RS05940	1141588	-	81	32.1
TIGR4_NEG_SP_RS05970-1146717-r	SP_RS05970	1146717	-	81	37.04
TIGR4_NEG_SP_RS05970-1147197-r	SP_RS05970	1147197	-	81	28.4
TIGR4_NEG_SP_RS07075-1361871-r	SP_RS07075	1361871	-	81	48.15
TIGR4_NEG_SP_RS07255-1390702-r	SP_RS07255	1390702	-	81	35.8
TIGR4_NEG_SP_RS07460-1423011-r	SP_RS07460	1423011	-	81	38.27
TIGR4_NEG_SP_RS07460-1423081-r	SP_RS07460	1423081	-	81	35.8
TIGR4_NEG_SP_RS07520-1437099-r	SP_RS07520	1437099	-	81	33.33
TIGR4_NEG_SP_RS07545-1443651-r	SP_RS07545	1443651	-	81	37.04
TIGR4_NEG_SP_RS08480-1617995-f	SP_RS08480	1617995	+	81	50.62
TIGR4_NEG_SP_RS08485-1618626-f	SP_RS08485	1618626	+	81	39.51
TIGR4_NEG_SP_RS08685-1656071-r	SP_RS08685	1656071	-	81	45.68
TIGR4_NEG_SP_RS10045-1901717-r	SP_RS10045	1901717	-	81	38.27
TIGR4_NEG_SP_RS10215-1924930-r	SP_RS10215	1924930	-	81	29.63
TIGR4_NEG_SP_RS11135-2099476-r	SP_RS11135	2099476	-	81	43.21
TIGR4_NEG_SP_RS11515-20772-f	SP_RS11515	20772	+	81	28.4
TIGR4_NEG_SP_RS11565-117055-f	SP_RS11565	117055	+	81	23.46
TIGR4_NEG_SP_RS11655-275488-f	SP_RS11655	275488	+	81	33.33
TIGR4_NEG_SP_RS11830-514688-f	SP_RS11830	514688	+	81	40.74
TIGR4_NEG_SP_RS11965-765404-f	SP_RS11965	765404	+	81	38.27
TIGR4_NEG_SP_RS11990-783521-r	SP_RS11990	783521	-	81	39.51
TIGR4_NEG_SP_RS12005-832750-f	SP_RS12005	832750	+	81	45.68
TIGR4_NEG_SP_RS12005-832900-f	SP_RS12005	832900	+	81	46.91
TIGR4_NEG_SP_RS12045-891923-r	SP_RS12045	891923	-	81	38.27
TIGR4_NEG_SP_RS12045-892023-r	SP_RS12045	892023	-	81	39.51
TIGR4_NEG_SP_RS12060-928894-r	SP_RS12060	928894	-	81	32.1
TIGR4_NEG_SP_RS12090-985374-f	SP_RS12090	985374	+	81	38.27
TIGR4_NEG_SP_RS12110-1022271-f	SP_RS12110	1022271	+	81	32.1
TIGR4_NEG_SP_RS12125-1073750-r	SP_RS12125	1073750	-	81	38.27
TIGR4_NEG_SP_RS12150-1130880-r	SP_RS12150	1130880	-	81	33.33
TIGR4_NEG_SP_RS12175-1231794-r	SP_RS12175	1231794	-	81	34.57
TIGR4_NEG_SP_rrnaA16S-15709-f	SP_rrnaA16S	15709	+	81	53.09
TIGR4_NEG_SP_rrnaA16S-16249-f	SP_rrnaA16S	16249	+	81	53.09
TIGR4_NEG_SP_rrnaA16S-16789-f	SP_rrnaA16S	16789	+	81	54.32
TIGR4_NEG_SP_rrnaA23S-18331-f	SP_rrnaA23S	18331	+	81	46.91
TIGR4_NEG_SP_rrnaA23S-18871-f	SP_rrnaA23S	18871	+	81	45.68
TIGR4_NEG_SP_rrnaD16S-1814526-r	SP_rrnaD16S	1814526	-	81	53.09
TIGR4_NEG_SP_rrnaD23S-1810762-r	SP_rrnaD23S	1810762	-	81	54.32
TIGR4_NEG_SP_rrnaD23S-1810932-r	SP_rrnaD23S	1810932	-	81	54.32
TIGR4_NEG_SP_rrnaD23S-1811662-r	SP_rrnaD23S	1811662	-	81	41.98
TIGR4_NEG_SP_rrnaD23S-1811832-r	SP_rrnaD23S	1811832	-	81	51.85
TIGR4_NEG_SP_rrnaD23S-1812122-r	SP_rrnaD23S	1812122	-	81	44.44
TIGR4_NEG_SP_rrnaD23S-1813012-r	SP_rrnaD23S	1813012	-	81	48.15
