Sequence_ID	Locus_Tag	Chromosome	TSS_Position	Strand	Upstream_bp	Downstream_bp	Window_Size	GC_Content	UTR5_Length	Location_Type	Confidence_Sheet	Processed_Coverage	Processed_Ratio
TIGR4_SP_0001_TSS_161_+	SP_0001	NC_003028.3	161	+	60	20	81	25.93	36.0	tss_intergenic	High Confidence (TSS_100.4)	642.0	5.83636363636364
TIGR4_SP_RS00015_TSS_2902_+	SP_RS00015	NC_003028.3	2902	+	60	20	81	37.04	16.0	tss_intergenic	High Confidence (TSS_100.4)	2525.0	8.5016835016835
TIGR4_SP_0004_TSS_3167_+	SP_0004	NC_003028.3	3167	+	60	20	81	35.8	29.0	tss_intergenic	High Confidence (TSS_100.4)	4798.0	17.1971326164875
TIGR4_SP_0007_TSS_8507_+	SP_0007	NC_003028.3	8507	+	60	20	81	20.99	12.0	tss_intergenic	High Confidence (TSS_100.4)	7507.0	5.93438735177866
TIGR4_SP_0010_TSS_9188_+	SP_0010	NC_003028.3	9188	+	60	20	81	32.1	78.0	tss_intergenic	High Confidence (TSS_100.4)	382.0	382.0
TIGR4_nan_TSS_11480_+	nan	NC_003028.3	11480	+	60	20	81	37.04	NA		Secondary TSS, High confidence		
TIGR4_SP_0012_TSS_11779_+	SP_0012	NC_003028.3	11779	+	60	20	81	23.46	33.0	tss_within_coding	High Confidence (TSS_100.4)	4719.0	6.6936170212766
TIGR4_SP_0014_TSS_14436_+	SP_0014	NC_003028.3	14436	+	60	20	81	32.1	14.0	tss_intergenic	High Confidence (TSS_100.4)	101.0	11.2222222222222
TIGR4_SP_2242_TSS_15005_+	SP_2242	NC_003028.3	15005	+	60	20	81	25.93	18.0	tss_intergenic	High Confidence (TSS_100.4)	15813.0	90.8793103448276
TIGR4_SP_rrnaA16S_TSS_15198_+	SP_rrnaA16S	NC_003028.3	15198	+	60	20	81	32.1	151.0	tss_intergenic	High Confidence (TSS_100.4)	9466.0	37.2677165354331
TIGR4_SP_rrnaA5S_TSS_20100_+	SP_rrnaA5S	NC_003028.3	20100	+	60	20	81	30.86	20.0	tss_intergenic	High Confidence (TSS_100.4)	539.0	539.0
TIGR4_nan_TSS_20352_+	nan	NC_003028.3	20352	+	60	20	81	34.57	NA		Secondary TSS, High confidence		
TIGR4_SP_RS11515_TSS_20422_+	SP_RS11515	NC_003028.3	20422	+	60	20	81	25.93	0.0	tss_intergenic	High Confidence (TSS_100.4)	5853.0	7.92016238159675
TIGR4_SP_0019_TSS_22759_+	SP_0019	NC_003028.3	22759	+	60	20	81	23.46	73.0	tss_intergenic	High Confidence (TSS_100.4)	39490.0	31.3412698412698
TIGR4_SP_0020_TSS_24292_+	SP_0020	NC_003028.3	24292	+	60	20	81	34.57	27.0	tss_intergenic	High Confidence (TSS_100.4)	1391.0	1391.0
TIGR4_SP_0021_TSS_24944_+	SP_0021	NC_003028.3	24944	+	60	20	81	24.69	29.0	tss_intergenic	High Confidence (TSS_100.4)	127.0	5.52173913043478
TIGR4_SP_0027_TSS_28813_+	SP_0027	NC_003028.3	28813	+	60	20	81	34.57	49.0	tss_intergenic	High Confidence (TSS_100.4)	11244.0	34.3853211009174
TIGR4_SP_0033_TSS_34234_+	SP_0033	NC_003028.3	34234	+	60	20	81	34.57	19.0	tss_intergenic	High Confidence (TSS_100.4)	179.0	179.0
TIGR4_SP_0035_TSS_36144_+	SP_0035	NC_003028.3	36144	+	60	20	81	38.27	24.0	tss_intergenic	High Confidence (TSS_100.4)	3258.0	13.4074074074074
TIGR4_SP_0041_TSS_39821_+	SP_0041	NC_003028.3	39821	+	60	20	81	27.16	50.0	tss_intergenic	High Confidence (TSS_100.4)	4381.0	5.46941323345818
TIGR4_SP_0051_TSS_54713_+	SP_0051	NC_003028.3	54713	+	60	20	81	25.93	27.0	tss_intergenic	High Confidence (TSS_100.4)	2675.0	10.7429718875502
TIGR4_SP_0055_TSS_57883_+	SP_0055	NC_003028.3	57883	+	60	20	81	39.51	98.0	tss_within_coding	High Confidence (TSS_100.4)	22552.0	9.22749590834697
TIGR4_SP_0056_TSS_58183_+	SP_0056	NC_003028.3	58183	+	60	20	81	38.27	88.0	tss_within_coding	High Confidence (TSS_100.4)	181.0	181.0
TIGR4_SP_0060_TSS_64910_+	SP_0060	NC_003028.3	64910	+	60	20	81	28.4	45.0	tss_intergenic	High Confidence (TSS_100.4)	498.0	10.1632653061224
TIGR4_SP_0071_TSS_73652_+	SP_0071	NC_003028.3	73652	+	60	20	81	19.75	109.0	tss_intergenic	High Confidence (TSS_100.4)	599.0	5.87254901960784
TIGR4_SP_0074_TSS_80628_+	SP_0074	NC_003028.3	80628	+	60	20	81	30.86	19.0	tss_intergenic	High Confidence (TSS_100.4)	3527.0	11.2324840764331
TIGR4_SP_0075_TSS_81400_+	SP_0075	NC_003028.3	81400	+	60	20	81	41.98	21.0	tss_intergenic	High Confidence (TSS_100.4)	458.0	6.27397260273973
TIGR4_SP_RS11555_TSS_84967_+	SP_RS11555	NC_003028.3	84967	+	60	20	81	37.04	24.0	tss_intergenic	High Confidence (TSS_100.4)	637.0	6.18446601941748
TIGR4_SP_0083_TSS_89005_+	SP_0083	NC_003028.3	89005	+	60	20	81	24.69	33.0	tss_intergenic	High Confidence (TSS_100.4)	1867.0	7.68312757201646
TIGR4_SP_0085_TSS_90828_+	SP_0085	NC_003028.3	90828	+	60	20	81	33.33	152.0	tss_intergenic	High Confidence (TSS_100.4)	19203.0	30.7740384615385
TIGR4_SpF01_sRNA_TSS_91266_+	SpF01_sRNA	NC_003028.3	91266	+	60	20	81	39.51	327.0	tss_within_coding	High Confidence (TSS_100.4)	341.0	341.0
TIGR4_nan_TSS_91398_+	nan	NC_003028.3	91398	+	60	20	81	45.68	NA		Secondary TSS, High confidence		
TIGR4_SP_0086_TSS_91769_+	SP_0086	NC_003028.3	91769	+	60	20	81	27.16	0.0	tss_intergenic	High Confidence (TSS_100.4)	9247.0	5.75062189054726
TIGR4_SP_0090_TSS_92933_+	SP_0090	NC_003028.3	92933	+	60	20	81	28.4	66.0	tss_intergenic	High Confidence (TSS_100.4)	158.0	9.875
TIGR4_SP_0095_TSS_96820_+	SP_0095	NC_003028.3	96820	+	60	20	81	28.4	50.0	tss_intergenic	High Confidence (TSS_100.4)	7575.0	12.6460767946578
TIGR4_SP_0107_TSS_109379_+	SP_0107	NC_003028.3	109379	+	60	20	81	27.16	25.0	tss_intergenic	High Confidence (TSS_100.4)	15419.0	4.44736083068936
TIGR4_SP_0117_TSS_118380_+	SP_0117	NC_003028.3	118380	+	60	20	81	22.22	43.0	tss_intergenic	High Confidence (TSS_100.4)	34656.0	16.0
TIGR4_F5_TSS_120198_+	F5	NC_003028.3	120198	+	60	20	81	38.27	480.0	tss_within_coding	High Confidence (TSS_100.4)	215.0	215.0
TIGR4_SP_0118_TSS_120985_+	SP_0118	NC_003028.3	120985	+	60	20	81	35.8	73.0	tss_intergenic	High Confidence (TSS_100.4)	8087.0	26.0032154340836
TIGR4_Spd-sr37_TSS_122215_+	Spd-sr37	NC_003028.3	122215	+	60	20	81	29.63	2.0	tss_intergenic	High Confidence (TSS_100.4)	6486.0	10.150234741784
TIGR4_SP_0127_TSS_128277_+	SP_0127	NC_003028.3	128277	+	60	20	81	39.51	23.0	tss_intergenic	High Confidence (TSS_100.4)	1072.0	5.8579235
TIGR4_SP_0129_TSS_129159_+	SP_0129	NC_003028.3	129159	+	60	20	81	44.44	248.0	tss_within_coding	High Confidence (TSS_100.4)	130.0	130.0
TIGR4_SP_0141_TSS_139528_+	SP_0141	NC_003028.3	139528	+	60	20	81	19.75	311.0	tss_intergenic	High Confidence (TSS_100.4)	453.0	15.1
TIGR4_nan_TSS_139819_+	nan	NC_003028.3	139819	+	60	20	81	25.93	NA		Secondary TSS, High confidence		
TIGR4_SP_0142_TSS_140916_+	SP_0142	NC_003028.3	140916	+	60	20	81	29.63	72.0	tss_intergenic	High Confidence (TSS_100.4)	3729.0	5.20810055865922
TIGR4_SP_0148_TSS_145489_+	SP_0148	NC_003028.3	145489	+	60	20	81	28.4	24.0	tss_intergenic	High Confidence (TSS_100.4)	14415.0	14415.0
TIGR4_SP_0149_TSS_146472_+	SP_0149	NC_003028.3	146472	+	60	20	81	25.93	25.0	tss_intergenic	High Confidence (TSS_100.4)	5360.0	12.7923627684964
TIGR4_SP_0151_TSS_148541_+	SP_0151	NC_003028.3	148541	+	60	20	81	35.8	276.0	tss_within_coding	High Confidence (TSS_100.4)	4144.0	4.98076923076923
TIGR4_SP_0154_TSS_151283_+	SP_0154	NC_003028.3	151283	+	60	20	81	28.4	23.0	tss_intergenic	High Confidence (TSS_100.4)	291.0	5.49056603773585
TIGR4_SP_0158_TSS_155490_+	SP_0158	NC_003028.3	155490	+	60	20	81	29.63	39.0	tss_intergenic	High Confidence (TSS_100.4)	2285.0	4.0299823633157
TIGR4_SP_0179_TSS_171819_+	SP_0179	NC_003028.3	171819	+	60	20	81	32.1	24.0	tss_intergenic	High Confidence (TSS_100.4)	1316.0	6.32692308
TIGR4_SP_0186_TSS_176853_+	SP_0186	NC_003028.3	176853	+	60	20	81	32.1	24.0	tss_intergenic	High Confidence (TSS_100.4)	813.0	6.66393442622951
TIGR4_SP_0189_TSS_180869_+	SP_0189	NC_003028.3	180869	+	60	20	81	33.33	25.0	tss_intergenic	High Confidence (TSS_100.4)	37768.0	6.12719013627515
TIGR4_SP_0191_TSS_181357_+	SP_0191	NC_003028.3	181357	+	60	20	81	30.86	1.0	tss_intergenic	High Confidence (TSS_100.4)	109.0	109.0
TIGR4_SP_0192_TSS_181990_+	SP_0192	NC_003028.3	181990	+	60	20	81	33.33	24.0	tss_intergenic	High Confidence (TSS_100.4)	17862.0	7.58471337579618
TIGR4_SP_0194_TSS_182571_+	SP_0194	NC_003028.3	182571	+	60	20	81	45.68	148.0	tss_within_coding	High Confidence (TSS_100.4)	6569.0	6569.0
TIGR4_nan_TSS_182690_+	nan	NC_003028.3	182690	+	60	20	81	25.93	NA		Secondary TSS, High confidence		
TIGR4_SP_0197_TSS_182815_+	SP_0197	NC_003028.3	182815	+	60	20	81	32.1	462.0	tss_within_coding	High Confidence (TSS_100.4)	198.0	198.0
TIGR4_SP_0199_TSS_185181_+	SP_0199	NC_003028.3	185181	+	60	20	81	30.86	40.0	tss_intergenic	High Confidence (TSS_100.4)	107.0	5.35
TIGR4_SP_0200_TSS_186987_+	SP_0200	NC_003028.3	186987	+	60	20	81	37.04	24.0	tss_intergenic	High Confidence (TSS_100.4)	7960.0	12.9220779220779
TIGR4_SP_0202_TSS_188640_+	SP_0202	NC_003028.3	188640	+	60	20	81	20.99	24.0	tss_intergenic	High Confidence (TSS_100.4)	3234.0	9.29310344827586
TIGR4_SP_0206_TSS_192019_+	SP_0206	NC_003028.3	192019	+	60	20	81	37.04	140.0	tss_within_coding	High Confidence (TSS_100.4)	131.0	6.89473684210526
TIGR4_SP_0208_TSS_192910_+	SP_0208	NC_003028.3	192910	+	60	20	81	38.27	132.0	tss_intergenic	High Confidence (TSS_100.4)	6375.0	5.41171477079796
TIGR4_nan_TSS_193269_+	nan	NC_003028.3	193269	+	60	20	81	37.04	NA		Secondary TSS, High confidence		
TIGR4_SP_0209_TSS_193352_+	SP_0209	NC_003028.3	193352	+	60	20	81	32.1	215.0	tss_intergenic	High Confidence (TSS_100.4)	279.0	279.0
TIGR4_SP_0212_TSS_194878_+	SP_0212	NC_003028.3	194878	+	60	20	81	35.8	277.0	tss_within_coding	High Confidence (TSS_100.4)	174.0	174.0
TIGR4_SP_0213_TSS_196070_+	SP_0213	NC_003028.3	196070	+	60	20	81	44.44	22.0	tss_intergenic	High Confidence (TSS_100.4)	1996.0	1996.0
TIGR4_SP_0215_TSS_196402_+	SP_0215	NC_003028.3	196402	+	60	20	81	39.51	340.0	tss_within_coding	High Confidence (TSS_100.4)	949.0	949.0
TIGR4_nan_TSS_196728_+	nan	NC_003028.3	196728	+	60	20	81	43.21	NA		Secondary TSS, High confidence		
TIGR4_SP_0216_TSS_197068_+	SP_0216	NC_003028.3	197068	+	60	20	81	37.04	331.0	tss_within_coding	High Confidence (TSS_100.4)	1547.0	1547.0
TIGR4_SP_0217_TSS_197575_+	SP_0217	NC_003028.3	197575	+	60	20	81	48.15	247.0	tss_within_coding	High Confidence (TSS_100.4)	2473.0	2473.0
TIGR4_SP_0218_TSS_197877_+	SP_0218	NC_003028.3	197877	+	60	20	81	37.04	176.0	tss_within_coding	High Confidence (TSS_100.4)	412.0	412.0
TIGR4_SP_0219_TSS_198091_+	SP_0219	NC_003028.3	198091	+	60	20	81	38.27	248.0	tss_within_coding	High Confidence (TSS_100.4)	631.0	631.0
TIGR4_nan_TSS_198270_+	nan	NC_003028.3	198270	+	60	20	81	45.68	NA		Secondary TSS, High confidence		
TIGR4_SP_0220_TSS_198578_+	SP_0220	NC_003028.3	198578	+	60	20	81	40.74	207.0	tss_within_coding	High Confidence (TSS_100.4)	374.0	374.0
TIGR4_SP_0221_TSS_198873_+	SP_0221	NC_003028.3	198873	+	60	20	81	41.98	241.0	tss_within_coding	High Confidence (TSS_100.4)	1577.0	1577.0
TIGR4_SP_0222_TSS_199478_+	SP_0222	NC_003028.3	199478	+	60	20	81	44.44	196.0	tss_within_coding	High Confidence (TSS_100.4)	751.0	751.0
TIGR4_SP_0224_TSS_200134_+	SP_0224	NC_003028.3	200134	+	60	20	81	40.74	94.0	tss_intergenic	High Confidence (TSS_100.4)	533.0	533.0
TIGR4_nan_TSS_200176_+	nan	NC_003028.3	200176	+	60	20	81	37.04	NA		Secondary TSS, High confidence		
TIGR4_SP_0225_TSS_200748_+	SP_0225	NC_003028.3	200748	+	60	20	81	38.27	70.0	tss_intergenic	High Confidence (TSS_100.4)	797.0	797.0
TIGR4_SP_0226_TSS_201386_+	SP_0226	NC_003028.3	201386	+	60	20	81	38.27	52.0	tss_intergenic	High Confidence (TSS_100.4)	156.0	156.0
TIGR4_SP_0227_TSS_201577_+	SP_0227	NC_003028.3	201577	+	60	20	81	49.38	235.0	tss_within_coding	High Confidence (TSS_100.4)	1469.0	1469.0
TIGR4_nan_TSS_201671_+	nan	NC_003028.3	201671	+	60	20	81	41.98	NA		Secondary TSS, High confidence		
TIGR4_SP_0228_TSS_202064_+	SP_0228	NC_003028.3	202064	+	60	20	81	41.98	214.0	tss_within_coding	High Confidence (TSS_100.4)	268.0	268.0
TIGR4_srn049_TSS_202335_+	srn049	NC_003028.3	202335	+	60	20	81	33.33	184.0	tss_within_coding	High Confidence (TSS_100.4)	253.0	253.0
TIGR4_SP_0229_TSS_202623_+	SP_0229	NC_003028.3	202623	+	60	20	81	44.44	24.0	tss_intergenic	High Confidence (TSS_100.4)	137.0	137.0
TIGR4_SP_0231_TSS_204269_+	SP_0231	NC_003028.3	204269	+	60	20	81	40.74	292.0	tss_within_coding	High Confidence (TSS_100.4)	149.0	149.0
TIGR4_SP_0232_TSS_205249_+	SP_0232	NC_003028.3	205249	+	60	20	81	30.86	67.0	tss_intergenic	High Confidence (TSS_100.4)	333371.0	13.118644734771
TIGR4_SP_0233_TSS_205539_+	SP_0233	NC_003028.3	205539	+	60	20	81	38.27	20.0	tss_intergenic	High Confidence (TSS_100.4)	409.0	409.0
TIGR4_nan_TSS_205685_+	nan	NC_003028.3	205685	+	60	20	81	38.27	NA		Secondary TSS, High confidence		
TIGR4_nan_TSS_205789_+	nan	NC_003028.3	205789	+	60	20	81	38.27	NA		Secondary TSS, High confidence		
TIGR4_SP_0235_TSS_205827_+	SP_0235	NC_003028.3	205827	+	60	20	81	41.98	249.0	tss_within_coding	High Confidence (TSS_100.4)	3797.0	3797.0
TIGR4_SP_0237_TSS_207165_+	SP_0237	NC_003028.3	207165	+	60	20	81	33.33	284.0	tss_within_coding	High Confidence (TSS_100.4)	1814.0	1814.0
TIGR4_L17DE_TSS_207654_+	L17DE	NC_003028.3	207654	+	60	20	81	44.44	197.0	tss_within_coding	High Confidence (TSS_100.4)	133.0	133.0
TIGR4_nan_TSS_207994_+	nan	NC_003028.3	207994	+	60	20	81	34.57	NA		Secondary TSS, High confidence		
TIGR4_SP_0238_TSS_208042_+	SP_0238	NC_003028.3	208042	+	60	20	81	30.86	58.0	tss_intergenic	High Confidence (TSS_100.4)	897.0	5.78709677419355
TIGR4_ccnE_TSS_209768_+	ccnE	NC_003028.3	209768	+	60	20	81	22.22	0.0	tss_intergenic	High Confidence (TSS_100.4)	3426.0	4.73204419889503
TIGR4_SP_0248_TSS_217861_+	SP_0248	NC_003028.3	217861	+	60	20	81	19.75	65.0	tss_intergenic	High Confidence (TSS_100.4)	282.0	8.54545454545454
TIGR4_SP_0251_TSS_220027_+	SP_0251	NC_003028.3	220027	+	60	20	81	17.28	39.0	tss_intergenic	High Confidence (TSS_100.4)	146.0	7.68421052631579
TIGR4_SP_0254_TSS_224730_+	SP_0254	NC_003028.3	224730	+	60	20	81	29.63	22.0	tss_intergenic	High Confidence (TSS_100.4)	4067.0	5.32329842931937
TIGR4_SP_0255_TSS_227411_+	SP_0255	NC_003028.3	227411	+	60	20	81	30.86	37.0	tss_intergenic	High Confidence (TSS_100.4)	1288.0	5.57575757575758
TIGR4_ccnA_TSS_228626_+	ccnA	NC_003028.3	228626	+	60	20	81	27.16	0.0	tss_intergenic	High Confidence (TSS_100.4)	3519.0	3519.0
TIGR4_ccnB_TSS_230776_+	ccnB	NC_003028.3	230776	+	60	20	81	25.93	2.0	tss_intergenic	High Confidence (TSS_100.4)	134.0	6.38095238095238
TIGR4_SP_0259_TSS_231600_+	SP_0259	NC_003028.3	231600	+	60	20	81	33.33	0.0	tss_intergenic	High Confidence (TSS_100.4)	1154.0	6.82840236686391
TIGR4_ccnD_TSS_233186_+	ccnD	NC_003028.3	233186	+	60	20	81	27.16	0.0	tss_intergenic	High Confidence (TSS_100.4)	2687.0	9.52836879432624
TIGR4_SP_0261_TSS_233355_+	SP_0261	NC_003028.3	233355	+	60	20	81	30.86	27.0	tss_intergenic	High Confidence (TSS_100.4)	4600.0	14.1538461538462
TIGR4_SP_0265_TSS_238172_+	SP_0265	NC_003028.3	238172	+	60	20	81	28.4	26.0	tss_intergenic	High Confidence (TSS_100.4)	131.0	13.1
TIGR4_SP_0267_TSS_241660_+	SP_0267	NC_003028.3	241660	+	60	20	81	32.1	37.0	tss_intergenic	High Confidence (TSS_100.4)	3045.0	12.0833333333333
TIGR4_SP_0270_TSS_246991_+	SP_0270	NC_003028.3	246991	+	60	20	81	32.1	35.0	tss_intergenic	High Confidence (TSS_100.4)	162.0	162.0
TIGR4_SP_0272_TSS_247404_+	SP_0272	NC_003028.3	247404	+	60	20	81	56.79	134.0	tss_within_coding	High Confidence (TSS_100.4)	242.0	242.0
TIGR4_srn068_TSS_247807_+	srn068	NC_003028.3	247807	+	60	20	81	49.38	337.0	tss_within_coding	High Confidence (TSS_100.4)	1606.0	1606.0
TIGR4_nan_TSS_248127_+	nan	NC_003028.3	248127	+	60	20	81	40.74	NA		Secondary TSS, High confidence		
TIGR4_nan_TSS_248210_+	nan	NC_003028.3	248210	+	60	20	81	41.98	NA		Secondary TSS, High confidence		
TIGR4_SP_0273_TSS_248401_+	SP_0273	NC_003028.3	248401	+	60	20	81	32.1	32.0	tss_intergenic	High Confidence (TSS_100.4)	23562.0	13.7467911318553
TIGR4_SP_0274_TSS_250286_+	SP_0274	NC_003028.3	250286	+	60	20	81	41.98	332.0	tss_within_coding	High Confidence (TSS_100.4)	1204.0	1204.0
TIGR4_nan_TSS_250597_+	nan	NC_003028.3	250597	+	60	20	81	30.86	NA		Secondary TSS, High confidence		
TIGR4_SP_0275_TSS_255092_+	SP_0275	NC_003028.3	255092	+	60	20	81	30.86	19.0	tss_intergenic	High Confidence (TSS_100.4)	1734.0	6.54339622641509
TIGR4_SP_0276_TSS_255348_+	SP_0276	NC_003028.3	255348	+	60	20	81	39.51	19.0	tss_within_coding	High Confidence (TSS_100.4)	219.0	219.0
TIGR4_SP_0280_TSS_257589_+	SP_0280	NC_003028.3	257589	+	60	20	81	29.63	0.0	tss_intergenic	High Confidence (TSS_100.4)	2356.0	5.91959798994975
TIGR4_SP_0281_TSS_258510_+	SP_0281	NC_003028.3	258510	+	60	20	81	32.1	19.0	tss_intergenic	High Confidence (TSS_100.4)	28094.0	5.08304686086485
TIGR4_SP_0287_TSS_265237_+	SP_0287	NC_003028.3	265237	+	60	20	81	19.75	31.0	tss_intergenic	High Confidence (TSS_100.4)	4343.0	12.6618075801749
TIGR4_SP_0289_TSS_267536_+	SP_0289	NC_003028.3	267536	+	60	20	81	29.63	35.0	tss_intergenic	High Confidence (TSS_100.4)	1351.0	5.97787610619469
TIGR4_SP_0290_TSS_268495_+	SP_0290	NC_003028.3	268495	+	60	20	81	37.04	22.0	tss_within_coding	High Confidence (TSS_100.4)	259.0	259.0
TIGR4_L13_leader_TSS_271945_+	L13_leader	NC_003028.3	271945	+	60	20	81	32.1	0.0	tss_intergenic	High Confidence (TSS_100.4)	60276.0	9.54942965779468
TIGR4_SP_0295_TSS_272497_+	SP_0295	NC_003028.3	272497	+	60	20	81	41.98	20.0	tss_intergenic	High Confidence (TSS_100.4)	688.0	688.0
TIGR4_SP_RS11655_TSS_275308_+	SP_RS11655	NC_003028.3	275308	+	60	20	81	24.69	0.0	tss_intergenic	High Confidence (TSS_100.4)	9220.0	5.65991405770411
TIGR4_SP_0311_TSS_283758_+	SP_0311	NC_003028.3	283758	+	60	20	81	28.4	14.0	tss_intergenic	High Confidence (TSS_100.4)	9995.0	11.731220657277
TIGR4_SP_0314_TSS_287399_+	SP_0314	NC_003028.3	287399	+	60	20	81	27.16	51.0	tss_intergenic	High Confidence (TSS_100.4)	164.0	7.1304347826087
TIGR4_SP_0330_TSS_302885_+	SP_0330	NC_003028.3	302885	+	60	20	81	37.04	18.0	tss_within_coding	High Confidence (TSS_100.4)	1730.0	7.39316239316239
TIGR4_SP_0342_TSS_315311_+	SP_0342	NC_003028.3	315311	+	60	20	81	24.69	27.0	tss_intergenic	High Confidence (TSS_100.4)	836.0	6.63492063492064
TIGR4_SP_0346_TSS_320053_+	SP_0346	NC_003028.3	320053	+	60	20	81	27.16	24.0	tss_intergenic	High Confidence (TSS_100.4)	1960.0	5.93939393939394
TIGR4_SP_0347_TSS_321242_+	SP_0347	NC_003028.3	321242	+	60	20	81	49.38	282.0	tss_within_coding	High Confidence (TSS_100.4)	143.0	143.0
TIGR4_SP_0348_TSS_322236_+	SP_0348	NC_003028.3	322236	+	60	20	81	37.04	28.0	tss_within_coding	High Confidence (TSS_100.4)	244.0	244.0
TIGR4_SP_0349_TSS_322904_+	SP_0349	NC_003028.3	322904	+	60	20	81	38.27	62.0	tss_within_coding	High Confidence (TSS_100.4)	369.0	369.0
TIGR4_SP_0350_TSS_324015_+	SP_0350	NC_003028.3	324015	+	60	20	81	29.63	14.0	tss_intergenic	High Confidence (TSS_100.4)	267.0	267.0
TIGR4_SP_0351_TSS_324398_+	SP_0351	NC_003028.3	324398	+	60	20	81	37.04	236.0	tss_within_coding	High Confidence (TSS_100.4)	225.0	225.0
TIGR4_SP_0352_TSS_325744_+	SP_0352	NC_003028.3	325744	+	60	20	81	28.4	124.0	tss_within_coding	High Confidence (TSS_100.4)	129.0	129.0
TIGR4_SP_0354_TSS_327700_+	SP_0354	NC_003028.3	327700	+	60	20	81	35.8	356.0	tss_within_coding	High Confidence (TSS_100.4)	227.0	227.0
TIGR4_SP_0359_TSS_333738_+	SP_0359	NC_003028.3	333738	+	60	20	81	33.33	292.0	tss_within_coding	High Confidence (TSS_100.4)	299.0	299.0
TIGR4_SP_0371_TSS_349633_+	SP_0371	NC_003028.3	349633	+	60	20	81	28.4	38.0	tss_intergenic	High Confidence (TSS_100.4)	1472.0	6.3175965665236
TIGR4_SP_0372_TSS_350245_+	SP_0372	NC_003028.3	350245	+	60	20	81	32.1	11.0	tss_intergenic	High Confidence (TSS_100.4)	63298.0	9.75466173524426
TIGR4_SP_0373_TSS_351052_+	SP_0373	NC_003028.3	351052	+	60	20	81	33.33	31.0	tss_intergenic	High Confidence (TSS_100.4)	137.0	137.0
TIGR4_SP_0375_TSS_353699_+	SP_0375	NC_003028.3	353699	+	60	20	81	25.93	24.0	tss_intergenic	High Confidence (TSS_100.4)	4757.0	4.15458515283843
TIGR4_SP_0377_TSS_355932_+	SP_0377	NC_003028.3	355932	+	60	20	81	25.93	15.0	tss_intergenic	High Confidence (TSS_100.4)	181.0	15.0833333333333
TIGR4_SP_0381_TSS_361260_+	SP_0381	NC_003028.3	361260	+	60	20	81	25.93	58.0	tss_intergenic	High Confidence (TSS_100.4)	530.0	6.30952380952381
TIGR4_SP_0384_TSS_363671_+	SP_0384	NC_003028.3	363671	+	60	20	81	46.91	438.0	tss_within_coding	High Confidence (TSS_100.4)	116.0	116.0
TIGR4_SP_0389_TSS_368361_+	SP_0389	NC_003028.3	368361	+	60	20	81	35.8	90.0	tss_intergenic	High Confidence (TSS_100.4)	275.0	8.59375
TIGR4_SP_0400_TSS_378449_+	SP_0400	NC_003028.3	378449	+	60	20	81	20.99	32.0	tss_intergenic	High Confidence (TSS_100.4)	19181.0	8.11379018612521
TIGR4_SP_0404_TSS_384031_+	SP_0404	NC_003028.3	384031	+	60	20	81	28.4	12.0	tss_intergenic	High Confidence (TSS_100.4)	7040.0	8.78901373283396
TIGR4_Glycine_TSS_387425_+	Glycine	NC_003028.3	387425	+	60	20	81	23.46	69.0	tss_intergenic	High Confidence (TSS_100.4)	750.0	6.25
TIGR4_SP_0409_TSS_389101_+	SP_0409	NC_003028.3	389101	+	60	20	81	25.93	112.0	tss_intergenic	High Confidence (TSS_100.4)	2834.0	4.96322241681261
TIGR4_SP_0410_TSS_389849_+	SP_0410	NC_003028.3	389849	+	60	20	81	30.86	22.0	tss_intergenic	High Confidence (TSS_100.4)	488.0	6.68493150684932
TIGR4_SP_0416_TSS_395174_+	SP_0416	NC_003028.3	395174	+	60	20	81	20.99	50.0	tss_intergenic	High Confidence (TSS_100.4)	23142.0	9.22359505779195
TIGR4_nan_TSS_396190_+	nan	NC_003028.3	396190	+	60	20	81	48.15	NA		Secondary TSS, High confidence		
TIGR4_S15_TSS_396625_+	S15	NC_003028.3	396625	+	60	20	81	49.38	15.0	tss_within_coding	High Confidence (TSS_100.4)	463.0	463.0
TIGR4_SP_0418_TSS_396668_+	SP_0418	NC_003028.3	396668	+	60	20	81	32.1	24.0	tss_intergenic	High Confidence (TSS_100.4)	4196.0	4196.0
TIGR4_SP_0419_TSS_396968_+	SP_0419	NC_003028.3	396968	+	60	20	81	37.04	67.0	tss_intergenic	High Confidence (TSS_100.4)	10158.0	10158.0
TIGR4_SP_0422_TSS_399369_+	SP_0422	NC_003028.3	399369	+	60	20	81	37.04	340.0	tss_within_coding	High Confidence (TSS_100.4)	2310.0	4.31775700934579
TIGR4_nan_TSS_399457_+	nan	NC_003028.3	399457	+	60	20	81	50.62	NA		Secondary TSS, High confidence		
TIGR4_SP_0423_TSS_400849_+	SP_0423	NC_003028.3	400849	+	60	20	81	39.51	98.0	tss_within_coding	High Confidence (TSS_100.4)	161.0	161.0
TIGR4_SP_0441_TSS_414817_+	SP_0441	NC_003028.3	414817	+	60	20	81	34.57	52.0	tss_intergenic	High Confidence (TSS_100.4)	86228.0	6.3170695970696
TIGR4_nan_TSS_415027_+	nan	NC_003028.3	415027	+	60	20	81	35.8	NA		Secondary TSS, High confidence		
TIGR4_SP_0442_TSS_415191_+	SP_0442	NC_003028.3	415191	+	60	20	81	32.1	23.0	tss_intergenic	High Confidence (TSS_100.4)	19400.0	7.47303543913713
TIGR4_SP_0445_TSS_417417_+	SP_0445	NC_003028.3	417417	+	60	20	81	20.99	32.0	tss_intergenic	High Confidence (TSS_100.4)	896.0	7.2258064516129
TIGR4_SP_0454_TSS_426420_+	SP_0454	NC_003028.3	426420	+	60	20	81	27.16	25.0	tss_intergenic	High Confidence (TSS_100.4)	367.0	10.7941176470588
TIGR4_SP_0457_TSS_429839_+	SP_0457	NC_003028.3	429839	+	60	20	81	43.21	68.0	tss_intergenic	High Confidence (TSS_100.4)	241.0	241.0
TIGR4_SP_0459_TSS_432263_+	SP_0459	NC_003028.3	432263	+	60	20	81	30.86	45.0	tss_intergenic	High Confidence (TSS_100.4)	295507.0	5.15800038
TIGR4_SP_0481_TSS_462113_+	SP_0481	NC_003028.3	462113	+	60	20	81	30.86	15.0	tss_intergenic	High Confidence (TSS_100.4)	456.0	5.62962962962963
TIGR4_SP_0483_TSS_463880_+	SP_0483	NC_003028.3	463880	+	60	20	81	38.27	25.0	tss_intergenic	High Confidence (TSS_100.4)	3292.0	11.7571428571429
TIGR4_23S-methyl_TSS_466470_+	23S-methyl	NC_003028.3	466470	+	60	20	81	27.16	3.0	tss_intergenic	High Confidence (TSS_100.4)	1778.0	5.38787878787879
TIGR4_SP_0488_TSS_467156_+	SP_0488	NC_003028.3	467156	+	60	20	81	34.57	395.0	tss_within_coding	High Confidence (TSS_100.4)	29780.0	16.4439536167863
TIGR4_nan_TSS_469401_+	nan	NC_003028.3	469401	+	60	20	81	41.98	NA		Secondary TSS, High confidence		
TIGR4_SP_0493_TSS_469687_+	SP_0493	NC_003028.3	469687	+	60	20	81	35.8	52.0	tss_intergenic	High Confidence (TSS_100.4)	8148.0	10.4595635430039
TIGR4_F13_TSS_469992_+	F13	NC_003028.3	469992	+	60	20	81	46.91	352.0	tss_within_coding	High Confidence (TSS_100.4)	266.0	266.0
TIGR4_SP_RS02430_TSS_470386_+	SP_RS02430	NC_003028.3	470386	+	60	20	81	35.8	91.0	tss_within_coding	High Confidence (TSS_100.4)	535.0	5.09523809523809
TIGR4_SP_0499_TSS_481568_+	SP_0499	NC_003028.3	481568	+	60	20	81	23.46	30.0	tss_intergenic	High Confidence (TSS_100.4)	14995.0	7.31106777181863
TIGR4_nan_TSS_482529_+	nan	NC_003028.3	482529	+	60	20	81	46.91	NA		Secondary TSS, High confidence		
TIGR4_SP_0500_TSS_482916_+	SP_0500	NC_003028.3	482916	+	60	20	81	28.4	14.0	tss_intergenic	High Confidence (TSS_100.4)	831.0	5.03636363636364
TIGR4_SP_0501_TSS_483516_+	SP_0501	NC_003028.3	483516	+	60	20	81	23.46	18.0	tss_intergenic	High Confidence (TSS_100.4)	10699.0	8.26816074188563
TIGR4_SP_0506_TSS_487347_+	SP_0506	NC_003028.3	487347	+	60	20	81	33.33	44.0	tss_intergenic	High Confidence (TSS_100.4)	193.0	24.125
TIGR4_SP_0515_TSS_495355_+	SP_0515	NC_003028.3	495355	+	60	20	81	33.33	56.0	tss_intergenic	High Confidence (TSS_100.4)	129.0	129.0
TIGR4_SP_0517_TSS_497466_+	SP_0517	NC_003028.3	497466	+	60	20	81	37.04	19.0	tss_intergenic	High Confidence (TSS_100.4)	294.0	294.0
TIGR4_SP_0525_TSS_505204_+	SP_0525	NC_003028.3	505204	+	60	20	81	38.27	14.0	tss_intergenic	High Confidence (TSS_100.4)	136.0	15.1111111111111
TIGR4_SP_0535_TSS_513319_+	SP_0535	NC_003028.3	513319	+	60	20	81	33.33	51.0	tss_intergenic	High Confidence (TSS_100.4)	149.0	7.09523809523809
TIGR4_SP_RS11830_TSS_514138_+	SP_RS11830	NC_003028.3	514138	+	60	20	81	28.4	0.0	tss_intergenic	High Confidence (TSS_100.4)	386.0	5.21621621621622
TIGR4_SP_0549_TSS_519266_+	SP_0549	NC_003028.3	519266	+	60	20	81	38.27	23.0	tss_intergenic	High Confidence (TSS_100.4)	7196.0	8.5973715651135
TIGR4_SP_0552_TSS_520788_+	SP_0552	NC_003028.3	520788	+	60	20	81	37.04	53.0	tss_intergenic	High Confidence (TSS_100.4)	13629.0	6.33612273361227
TIGR4_F16_TSS_528071_+	F16	NC_003028.3	528071	+	60	20	81	30.86	25.0	tss_intergenic	High Confidence (TSS_100.4)	761.0	10.4246575342466
TIGR4_SP_0564_TSS_530183_+	SP_0564	NC_003028.3	530183	+	60	20	81	28.4	47.0	tss_intergenic	High Confidence (TSS_100.4)	2602.0	7.41310541310541
TIGR4_F20_TSS_547541_+	F20	NC_003028.3	547541	+	60	20	81	30.86	0.0	tss_intergenic	High Confidence (TSS_100.4)	14840.0	6.40759930915371
TIGR4_SP_0585_TSS_554074_+	SP_0585	NC_003028.3	554074	+	60	20	81	28.4	25.0	tss_intergenic	High Confidence (TSS_100.4)	113.0	4.52
TIGR4_F21_TSS_557372_+	F21	NC_003028.3	557372	+	60	20	81	25.93	43.0	tss_intergenic	High Confidence (TSS_100.4)	472.0	6.55555555555556
TIGR4_SP_0599_TSS_565783_+	SP_0599	NC_003028.3	565783	+	60	20	81	23.46	19.0	tss_intergenic	High Confidence (TSS_100.4)	195.0	8.47826086956522
TIGR4_nan_TSS_569341_+	nan	NC_003028.3	569341	+	60	20	81	25.93	NA		Secondary TSS, High confidence		
TIGR4_SP_0603_TSS_569432_+	SP_0603	NC_003028.3	569432	+	60	20	81	35.8	50.0	tss_intergenic	High Confidence (TSS_100.4)	1106.0	10.950495049505
TIGR4_SP_0605_TSS_571561_+	SP_0605	NC_003028.3	571561	+	60	20	81	32.1	43.0	tss_intergenic	High Confidence (TSS_100.4)	36964.0	6.57254623044097
TIGR4_SP_0611_TSS_577422_+	SP_0611	NC_003028.3	577422	+	60	20	81	27.16	18.0	tss_intergenic	High Confidence (TSS_100.4)	3586.0	5.97666666666667
TIGR4_SP_0614_TSS_581279_+	SP_0614	NC_003028.3	581279	+	60	20	81	45.68	300.0	tss_within_coding	High Confidence (TSS_100.4)	163.0	163.0
TIGR4_SP_0615_TSS_582442_+	SP_0615	NC_003028.3	582442	+	60	20	81	25.93	28.0	tss_intergenic	High Confidence (TSS_100.4)	279.0	5.36538461538461
TIGR4_SP_0618_TSS_585747_+	SP_0618	NC_003028.3	585747	+	60	20	81	30.86	0.0	tss_intergenic	High Confidence (TSS_100.4)	703.0	8.27058823529412
TIGR4_SP_0622_TSS_589541_+	SP_0622	NC_003028.3	589541	+	60	20	81	30.86	26.0	tss_intergenic	High Confidence (TSS_100.4)	5028.0	8.10967741935484
TIGR4_SP_0623_TSS_590023_+	SP_0623	NC_003028.3	590023	+	60	20	81	38.27	162.0	tss_within_coding	High Confidence (TSS_100.4)	196.0	196.0
TIGR4_SP_0626_TSS_592807_+	SP_0626	NC_003028.3	592807	+	60	20	81	32.1	13.0	tss_intergenic	High Confidence (TSS_100.4)	5029.0	7.71319018404908
TIGR4_SP_0627_TSS_594243_+	SP_0627	NC_003028.3	594243	+	60	20	81	32.1	15.0	tss_intergenic	High Confidence (TSS_100.4)	27320.0	10.1410541945063
TIGR4_SP_0631_TSS_597195_+	SP_0631	NC_003028.3	597195	+	60	20	81	45.68	232.0	tss_within_coding	High Confidence (TSS_100.4)	115.0	115.0
TIGR4_SP_0636_TSS_599956_+	SP_0636	NC_003028.3	599956	+	60	20	81	33.33	109.0	tss_intergenic	High Confidence (TSS_100.4)	1099.0	12.9294117647059
TIGR4_SP_0658_TSS_628942_+	SP_0658	NC_003028.3	628942	+	60	20	81	32.1	26.0	tss_intergenic	High Confidence (TSS_100.4)	189.0	4.2
TIGR4_SP_0661_TSS_631632_+	SP_0661	NC_003028.3	631632	+	60	20	81	35.8	23.0	tss_intergenic	High Confidence (TSS_100.4)	1899.0	13.468085106383
TIGR4_SP_0663_TSS_634175_+	SP_0663	NC_003028.3	634175	+	60	20	81	38.27	0.0	tss_intergenic	High Confidence (TSS_100.4)	23682.0	15.9689817936615
TIGR4_SP_0665_TSS_640562_+	SP_0665	NC_003028.3	640562	+	60	20	81	33.33	0.0	tss_intergenic	High Confidence (TSS_100.4)	5494.0	15.5197740112994
TIGR4_SP_0667_TSS_642920_+	SP_0667	NC_003028.3	642920	+	60	20	81	24.69	31.0	tss_intergenic	High Confidence (TSS_100.4)	244.0	5.30434782608696
TIGR4_SP_0668_TSS_644034_+	SP_0668	NC_003028.3	644034	+	60	20	81	30.86	42.0	tss_intergenic	High Confidence (TSS_100.4)	1723.0	8.65829145728643
TIGR4_SP_0669_TSS_645110_+	SP_0669	NC_003028.3	645110	+	60	20	81	30.86	22.0	tss_intergenic	High Confidence (TSS_100.4)	239.0	5.82926829268293
TIGR4_SP_0671_TSS_646277_+	SP_0671	NC_003028.3	646277	+	60	20	81	34.57	33.0	tss_intergenic	High Confidence (TSS_100.4)	3306.0	3306.0
TIGR4_SP_0677_TSS_651835_+	SP_0677	NC_003028.3	651835	+	60	20	81	32.1	0.0	tss_intergenic	High Confidence (TSS_100.4)	13476.0	7.08890057864282
TIGR4_SP_0681_TSS_653643_+	SP_0681	NC_003028.3	653643	+	60	20	81	22.22	36.0	tss_intergenic	High Confidence (TSS_100.4)	16327.0	10.5881971465629
TIGR4_SP_0688_TSS_659275_+	SP_0688	NC_003028.3	659275	+	60	20	81	33.33	20.0	tss_intergenic	High Confidence (TSS_100.4)	1470.0	6.125
TIGR4_SP_0690_TSS_661701_+	SP_0690	NC_003028.3	661701	+	60	20	81	27.16	16.0	tss_within_coding	High Confidence (TSS_100.4)	155.0	155.0
TIGR4_SP_0703_TSS_669646_+	SP_0703	NC_003028.3	669646	+	60	20	81	19.75	115.0	tss_intergenic	High Confidence (TSS_100.4)	612.0	12.0
TIGR4_SP_0715_TSS_680388_+	SP_0715	NC_003028.3	680388	+	60	20	81	24.69	42.0	tss_intergenic	High Confidence (TSS_100.4)	11956.0	5.60262417994377
TIGR4_TPP_TSS_681808_+	TPP	NC_003028.3	681808	+	60	20	81	29.63	12.0	tss_intergenic	High Confidence (TSS_100.4)	1269.0	11.2300884955752
TIGR4_SP_0730_TSS_694784_+	SP_0730	NC_003028.3	694784	+	60	20	81	29.63	78.0	tss_intergenic	High Confidence (TSS_100.4)	94141.0	4.91906155293134
TIGR4_SP_0731_TSS_696403_+	SP_0731	NC_003028.3	696403	+	60	20	81	46.91	345.0	tss_within_coding	High Confidence (TSS_100.4)	2740.0	2740.0
TIGR4_nan_TSS_696430_+	nan	NC_003028.3	696430	+	60	20	81	40.74	NA		Secondary TSS, High confidence		
TIGR4_SP_0736_TSS_698916_+	SP_0736	NC_003028.3	698916	+	60	20	81	33.33	24.0	tss_intergenic	High Confidence (TSS_100.4)	1759.0	4.98300283286119
TIGR4_SP_0739_TSS_701485_+	SP_0739	NC_003028.3	701485	+	60	20	81	37.04	14.0	tss_intergenic	High Confidence (TSS_100.4)	241.0	4.82
TIGR4_SP_0745_TSS_706052_+	SP_0745	NC_003028.3	706052	+	60	20	81	19.75	27.0	tss_intergenic	High Confidence (TSS_100.4)	4368.0	5.73228346456693
TIGR4_nan_TSS_706430_+	nan	NC_003028.3	706430	+	60	20	81	44.44	NA		Secondary TSS, High confidence		
TIGR4_SP_0746_TSS_706834_+	SP_0746	NC_003028.3	706834	+	60	20	81	30.86	48.0	tss_intergenic	High Confidence (TSS_100.4)	1057.0	4.78280542986425
TIGR4_SP_0748_TSS_707525_+	SP_0748	NC_003028.3	707525	+	60	20	81	35.8	26.0	tss_within_coding	High Confidence (TSS_100.4)	855.0	8.38235294117647
TIGR4_SP_0754_TSS_712916_+	SP_0754	NC_003028.3	712916	+	60	20	81	27.16	23.0	tss_intergenic	High Confidence (TSS_100.4)	1565.0	8.74301675977654
TIGR4_SP_RS11940_TSS_713684_+	SP_RS11940	NC_003028.3	713684	+	60	20	81	24.69	19.0	tss_intergenic	High Confidence (TSS_100.4)	3601.0	8.35498839907193
TIGR4_SP_0758_TSS_716654_+	SP_0758	NC_003028.3	716654	+	60	20	81	20.99	59.0	tss_intergenic	High Confidence (TSS_100.4)	278.0	6.31818181818182
TIGR4_SP_0761_TSS_719879_+	SP_0761	NC_003028.3	719879	+	60	20	81	30.86	21.0	tss_intergenic	High Confidence (TSS_100.4)	6209.0	8.85734664764622
TIGR4_SP_0762_TSS_721358_+	SP_0762	NC_003028.3	721358	+	60	20	81	29.63	100.0	tss_intergenic	High Confidence (TSS_100.4)	3482.0	15.2719298245614
TIGR4_SP_0764_TSS_723173_+	SP_0764	NC_003028.3	723173	+	60	20	81	25.93	28.0	tss_intergenic	High Confidence (TSS_100.4)	5556.0	4.78141135972461
TIGR4_SP_0766_TSS_725355_+	SP_0766	NC_003028.3	725355	+	60	20	81	24.69	25.0	tss_intergenic	High Confidence (TSS_100.4)	27153.0	4.97763519706691
TIGR4_SP_0775_TSS_731739_+	SP_0775	NC_003028.3	731739	+	60	20	81	32.1	59.0	tss_intergenic	High Confidence (TSS_100.4)	28116.0	71.0
TIGR4_SP_0785_TSS_738402_+	SP_0785	NC_003028.3	738402	+	60	20	81	27.16	114.0	tss_intergenic	High Confidence (TSS_100.4)	4782.0	10.1313559322034
TIGR4_nan_TSS_738487_+	nan	NC_003028.3	738487	+	60	20	81	30.86	NA		Secondary TSS, High confidence		
TIGR4_SP_0788_TSS_741745_+	SP_0788	NC_003028.3	741745	+	60	20	81	24.69	40.0	tss_intergenic	High Confidence (TSS_100.4)	8749.0	6.85658307210031
TIGR4_SP_0791_TSS_745430_+	SP_0791	NC_003028.3	745430	+	60	20	81	32.1	32.0	tss_intergenic	High Confidence (TSS_100.4)	523.0	5.50526315789474
TIGR4_SP_0792_TSS_746457_+	SP_0792	NC_003028.3	746457	+	60	20	81	29.63	27.0	tss_intergenic	High Confidence (TSS_100.4)	1097.0	6.94303797468354
TIGR4_SP_0797_TSS_749261_+	SP_0797	NC_003028.3	749261	+	60	20	81	33.33	46.0	tss_intergenic	High Confidence (TSS_100.4)	26930.0	8.55735621226565
TIGR4_SP_0798_TSS_751944_+	SP_0798	NC_003028.3	751944	+	60	20	81	29.63	18.0	tss_intergenic	High Confidence (TSS_100.4)	11742.0	10.3727915194346
TIGR4_SP_0802_TSS_755549_+	SP_0802	NC_003028.3	755549	+	60	20	81	30.86	1.0	tss_intergenic	High Confidence (TSS_100.4)	1158.0	7.98620689655172
TIGR4_SP_0807_TSS_762487_+	SP_0807	NC_003028.3	762487	+	60	20	81	29.63	29.0	tss_intergenic	High Confidence (TSS_100.4)	4018.0	15.756862745098
TIGR4_SP_RS11965_TSS_764779_+	SP_RS11965	NC_003028.3	764779	+	60	20	81	23.46	345.0	tss_intergenic	High Confidence (TSS_100.4)	618.0	7.53658536585366
TIGR4_SP_RS03985_TSS_767076_+	SP_RS03985	NC_003028.3	767076	+	60	20	81	38.27	194.0	tss_within_coding	High Confidence (TSS_100.4)	514.0	5.24489795918367
TIGR4_SP_RS11975_TSS_769198_+	SP_RS11975	NC_003028.3	769198	+	60	20	81	24.69	0.0	tss_intergenic	High Confidence (TSS_100.4)	9203.0	5.24686431014823
TIGR4_SP_0825_TSS_774736_+	SP_0825	NC_003028.3	774736	+	60	20	81	28.4	25.0	tss_intergenic	High Confidence (TSS_100.4)	387.0	5.69117647058824
TIGR4_SP_0826_TSS_775745_+	SP_0826	NC_003028.3	775745	+	60	20	81	29.63	11.0	tss_intergenic	High Confidence (TSS_100.4)	930.0	6.54929577464789
TIGR4_SP_0828_TSS_777706_+	SP_0828	NC_003028.3	777706	+	60	20	81	32.1	23.0	tss_intergenic	High Confidence (TSS_100.4)	15315.0	15.3610832497492
TIGR4_nan_TSS_779899_+	nan	NC_003028.3	779899	+	60	20	81	40.74	NA		Secondary TSS, High confidence		
TIGR4_SP_0831_TSS_780057_+	SP_0831	NC_003028.3	780057	+	60	20	81	34.57	140.0	tss_within_coding	High Confidence (TSS_100.4)	153.0	153.0
TIGR4_SP_0841_TSS_788410_+	SP_0841	NC_003028.3	788410	+	60	20	81	24.69	0.0	tss_intergenic	High Confidence (TSS_100.4)	1587.0	9.50299401197605
TIGR4_SP_0843_TSS_790233_+	SP_0843	NC_003028.3	790233	+	60	20	81	28.4	59.0	tss_within_coding	High Confidence (TSS_100.4)	6391.0	8.3651832460733
TIGR4_SP_0846_TSS_792169_+	SP_0846	NC_003028.3	792169	+	60	20	81	45.68	447.0	tss_within_coding	High Confidence (TSS_100.4)	241.0	241.0
TIGR4_SP_RS04165_TSS_796567_+	SP_RS04165	NC_003028.3	796567	+	60	20	81	40.74	117.0	tss_intergenic	High Confidence (TSS_100.4)	260.0	5.90909090909091
TIGR4_SP_0852_TSS_798314_+	SP_0852	NC_003028.3	798314	+	60	20	81	35.8	23.0	tss_intergenic	High Confidence (TSS_100.4)	1204.0	16.9577464788732
TIGR4_SP_0856_TSS_803274_+	SP_0856	NC_003028.3	803274	+	60	20	81	19.75	29.0	tss_intergenic	High Confidence (TSS_100.4)	355.0	5.81967213114754
TIGR4_SP_0861_TSS_807569_+	SP_0861	NC_003028.3	807569	+	60	20	81	28.4	17.0	tss_intergenic	High Confidence (TSS_100.4)	10812.0	15.6923076923077
TIGR4_SP_2245_TSS_807856_+	SP_2245	NC_003028.3	807856	+	60	20	81	24.69	10.0	tss_intergenic	High Confidence (TSS_100.4)	2339.0	25.4239130434783
TIGR4_SP_0866_TSS_813177_+	SP_0866	NC_003028.3	813177	+	60	20	81	27.16	0.0	tss_intergenic	High Confidence (TSS_100.4)	134.0	4.46666666666667
TIGR4_SP_0867_TSS_813430_+	SP_0867	NC_003028.3	813430	+	60	20	81	30.86	91.0	tss_intergenic	High Confidence (TSS_100.4)	15573.0	11.2847826086957
TIGR4_SP_0869_TSS_815156_+	SP_0869	NC_003028.3	815156	+	60	20	81	45.68	436.0	tss_within_coding	High Confidence (TSS_100.4)	188.0	188.0
TIGR4_SP_0870_TSS_816370_+	SP_0870	NC_003028.3	816370	+	60	20	81	41.98	435.0	tss_within_coding	High Confidence (TSS_100.4)	112.0	112.0
TIGR4_SP_0871_TSS_817116_+	SP_0871	NC_003028.3	817116	+	60	20	81	38.27	183.0	tss_within_coding	High Confidence (TSS_100.4)	172.0	172.0
TIGR4_SP_0873_TSS_820272_+	SP_0873	NC_003028.3	820272	+	60	20	81	25.93	14.0	tss_intergenic	High Confidence (TSS_100.4)	438.0	7.68421052631579
TIGR4_SP_0875_TSS_822682_+	SP_0875	NC_003028.3	822682	+	60	20	81	29.63	25.0	tss_intergenic	High Confidence (TSS_100.4)	1358.0	4.24375
TIGR4_SP_0878_TSS_826390_+	SP_0878	NC_003028.3	826390	+	60	20	81	38.27	0.0	tss_intergenic	High Confidence (TSS_100.4)	2470.0	13.7988826815642
TIGR4_SP_0880_TSS_829279_+	SP_0880	NC_003028.3	829279	+	60	20	81	35.8	25.0	tss_intergenic	High Confidence (TSS_100.4)	4583.0	6.6228323699422
TIGR4_SP_0888_TSS_837746_+	SP_0888	NC_003028.3	837746	+	60	20	81	33.33	16.0	tss_intergenic	High Confidence (TSS_100.4)	734.0	8.73809523809524
TIGR4_SP_0896_TSS_850240_+	SP_0896	NC_003028.3	850240	+	60	20	81	27.16	31.0	tss_intergenic	High Confidence (TSS_100.4)	16062.0	8.9134295227525
TIGR4_SP_0908_TSS_860839_+	SP_0908	NC_003028.3	860839	+	60	20	81	20.99	0.0	tss_intergenic	High Confidence (TSS_100.4)	1523.0	7.9738219895288
TIGR4_SP_0910_TSS_863439_+	SP_0910	NC_003028.3	863439	+	60	20	81	40.74	23.0	tss_intergenic	High Confidence (TSS_100.4)	30093.0	17.4250144759699
TIGR4_SP_0924_TSS_878639_+	SP_0924	NC_003028.3	878639	+	60	20	81	30.86	115.0	tss_intergenic	High Confidence (TSS_100.4)	4142.0	4.89598108747045
TIGR4_SP_0927_TSS_879920_+	SP_0927	NC_003028.3	879920	+	60	20	81	28.4	22.0	tss_within_coding	High Confidence (TSS_100.4)	807.0	4.66473988439306
TIGR4_SP_0931_TSS_884147_+	SP_0931	NC_003028.3	884147	+	60	20	81	30.86	4.0	tss_intergenic	High Confidence (TSS_100.4)	178.0	4.68421052631579
TIGR4_SP_0935_TSS_887447_+	SP_0935	NC_003028.3	887447	+	60	20	81	28.4	23.0	tss_intergenic	High Confidence (TSS_100.4)	2834.0	11.4736842105263
TIGR4_SP_0944_TSS_894357_+	SP_0944	NC_003028.3	894357	+	60	20	81	27.16	21.0	tss_intergenic	High Confidence (TSS_100.4)	14509.0	7.29828973843058
TIGR4_SP_0945_TSS_894948_+	SP_0945	NC_003028.3	894948	+	60	20	81	40.74	176.0	tss_within_coding	High Confidence (TSS_100.4)	121.0	121.0
TIGR4_SP_0948_TSS_896877_+	SP_0948	NC_003028.3	896877	+	60	20	81	33.33	28.0	tss_intergenic	High Confidence (TSS_100.4)	827.0	6.08088235294118
TIGR4_SP_RS04695_TSS_897641_+	SP_RS04695	NC_003028.3	897641	+	60	20	81	46.91	265.0	tss_within_coding	High Confidence (TSS_100.4)	394.0	394.0
TIGR4_SP_RS04700_TSS_897942_+	SP_RS04700	NC_003028.3	897942	+	60	20	81	32.1	437.0	tss_within_coding	High Confidence (TSS_100.4)	653.0	8.26582278481013
TIGR4_SP_0956_TSS_904935_+	SP_0956	NC_003028.3	904935	+	60	20	81	19.75	100.0	tss_intergenic	High Confidence (TSS_100.4)	573.0	9.09523809523809
TIGR4_SP_0961_TSS_908032_+	SP_0961	NC_003028.3	908032	+	60	20	81	43.21	125.0	tss_within_coding	High Confidence (TSS_100.4)	321.0	321.0
TIGR4_F35_TSS_908663_+	F35	NC_003028.3	908663	+	60	20	81	33.33	366.0	tss_within_coding	High Confidence (TSS_100.4)	298.0	298.0
TIGR4_nan_TSS_909022_+	nan	NC_003028.3	909022	+	60	20	81	28.4	NA		Secondary TSS, High confidence		
TIGR4_SP_0967_TSS_914826_+	SP_0967	NC_003028.3	914826	+	60	20	81	29.63	23.0	tss_intergenic	High Confidence (TSS_100.4)	42226.0	10.3216817404058
TIGR4_SP_0979_TSS_924517_+	SP_0979	NC_003028.3	924517	+	60	20	81	33.33	14.0	tss_intergenic	High Confidence (TSS_100.4)	21991.0	6.33016695451929
TIGR4_SP_0981_TSS_927089_+	SP_0981	NC_003028.3	927089	+	60	20	81	27.16	26.0	tss_intergenic	High Confidence (TSS_100.4)	8112.0	8.91428571428571
TIGR4_srn249_TSS_927825_+	srn249	NC_003028.3	927825	+	60	20	81	37.04	252.0	tss_within_coding	High Confidence (TSS_100.4)	121.0	121.0
TIGR4_SP_0988_TSS_932234_+	SP_0988	NC_003028.3	932234	+	60	20	81	29.63	25.0	tss_intergenic	High Confidence (TSS_100.4)	3960.0	10.6166219839142
TIGR4_SP_0992_TSS_935272_+	SP_0992	NC_003028.3	935272	+	60	20	81	29.63	33.0	tss_intergenic	High Confidence (TSS_100.4)	3908.0	5.42777777777778
TIGR4_SP_0993_TSS_935785_+	SP_0993	NC_003028.3	935785	+	60	20	81	40.74	109.0	tss_within_coding	High Confidence (TSS_100.4)	116.0	116.0
TIGR4_SP_RS12065_TSS_938470_+	SP_RS12065	NC_003028.3	938470	+	60	20	81	22.22	0.0	tss_intergenic	High Confidence (TSS_100.4)	5774.0	7.84510869565217
TIGR4_SP_1001_TSS_941782_+	SP_1001	NC_003028.3	941782	+	60	20	81	19.75	23.0	tss_intergenic	High Confidence (TSS_100.4)	1702.0	8.34313725490196
TIGR4_SP_1002_TSS_943311_+	SP_1002	NC_003028.3	943311	+	60	20	81	20.99	28.0	tss_intergenic	High Confidence (TSS_100.4)	304.0	5.96078431372549
TIGR4_SP_1004_TSS_946897_+	SP_1004	NC_003028.3	946897	+	60	20	81	19.75	96.0	tss_intergenic	High Confidence (TSS_100.4)	1194.0	5.57943925233645
TIGR4_SP_1009_TSS_953823_+	SP_1009	NC_003028.3	953823	+	60	20	81	30.86	26.0	tss_intergenic	High Confidence (TSS_100.4)	139.0	4.96428571428571
TIGR4_SP_1013_TSS_956782_+	SP_1013	NC_003028.3	956782	+	60	20	81	30.86	239.0	tss_within_coding	High Confidence (TSS_100.4)	1312.0	4.33003300330033
TIGR4_SP_1018_TSS_962337_+	SP_1018	NC_003028.3	962337	+	60	20	81	25.93	37.0	tss_intergenic	High Confidence (TSS_100.4)	2475.0	15.2777778
TIGR4_SP_1022_TSS_965074_+	SP_1022	NC_003028.3	965074	+	60	20	81	25.93	253.0	tss_within_coding	High Confidence (TSS_100.4)	30960.0	11.9767891682785
TIGR4_nan_TSS_965145_+	nan	NC_003028.3	965145	+	60	20	81	45.68	NA		Secondary TSS, High confidence		
TIGR4_SP_1025_TSS_967467_+	SP_1025	NC_003028.3	967467	+	60	20	81	33.33	215.0	tss_within_coding	High Confidence (TSS_100.4)	220.0	220.0
TIGR4_SP_1027_TSS_969358_+	SP_1027	NC_003028.3	969358	+	60	20	81	30.86	19.0	tss_intergenic	High Confidence (TSS_100.4)	292335.0	15.6521389944852
TIGR4_SP_1029_TSS_970377_+	SP_1029	NC_003028.3	970377	+	60	20	81	38.27	48.0	tss_intergenic	High Confidence (TSS_100.4)	491.0	5.84523809523809
TIGR4_SP_1030_TSS_972765_+	SP_1030	NC_003028.3	972765	+	60	20	81	17.28	30.0	tss_intergenic	High Confidence (TSS_100.4)	524.0	7.70588235294118
TIGR4_SP_1042_TSS_982046_+	SP_1042	NC_003028.3	982046	+	60	20	81	34.57	12.0	tss_intergenic	High Confidence (TSS_100.4)	574.0	5.07964601769912
TIGR4_SP_1045_TSS_984031_+	SP_1045	NC_003028.3	984031	+	60	20	81	32.1	59.0	tss_intergenic	High Confidence (TSS_100.4)	222.0	9.65217391304348
TIGR4_SP_1047_TSS_986934_+	SP_1047	NC_003028.3	986934	+	60	20	81	27.16	29.0	tss_intergenic	High Confidence (TSS_100.4)	332.0	5.1875
TIGR4_SP_1050_TSS_988031_+	SP_1050	NC_003028.3	988031	+	60	20	81	28.4	21.0	tss_intergenic	High Confidence (TSS_100.4)	508.0	4.064
TIGR4_SP_1057_TSS_993924_+	SP_1057	NC_003028.3	993924	+	60	20	81	18.52	30.0	tss_intergenic	High Confidence (TSS_100.4)	171.0	7.43478260869565
TIGR4_SP_1059_TSS_994951_+	SP_1059	NC_003028.3	994951	+	60	20	81	23.46	460.0	tss_intergenic	High Confidence (TSS_100.4)	3720.0	6.4471403812825
TIGR4_SP_1067_TSS_1001213_+	SP_1067	NC_003028.3	1001213	+	60	20	81	27.16	65.0	tss_intergenic	High Confidence (TSS_100.4)	3512.0	9.46630727762803
TIGR4_SP_1069_TSS_1005312_+	SP_1069	NC_003028.3	1005312	+	60	20	81	19.75	324.0	tss_within_coding	High Confidence (TSS_100.4)	1256.0	5.55752212389381
TIGR4_SP_1072_TSS_1008390_+	SP_1072	NC_003028.3	1008390	+	60	20	81	25.93	30.0	tss_intergenic	High Confidence (TSS_100.4)	1556.0	8.54945054945055
TIGR4_nan_TSS_1011536_+	nan	NC_003028.3	1011536	+	60	20	81	41.98	NA		Secondary TSS, High confidence		
TIGR4_SP_1075_TSS_1011750_+	SP_1075	NC_003028.3	1011750	+	60	20	81	29.63	27.0	tss_intergenic	High Confidence (TSS_100.4)	2375.0	10.1063829787234
TIGR4_SP_1078_TSS_1014370_+	SP_1078	NC_003028.3	1014370	+	60	20	81	34.57	30.0	tss_intergenic	High Confidence (TSS_100.4)	195.0	4.43181818181818
TIGR4_SP_1081_TSS_1017176_+	SP_1081	NC_003028.3	1017176	+	60	20	81	20.99	43.0	tss_intergenic	High Confidence (TSS_100.4)	6033.0	8.48523206751055
TIGR4_SP_1084_TSS_1019887_+	SP_1084	NC_003028.3	1019887	+	60	20	81	40.74	444.0	tss_within_coding	High Confidence (TSS_100.4)	310.0	310.0
TIGR4_SP_RS12110_TSS_1021571_+	SP_RS12110	NC_003028.3	1021571	+	60	20	81	24.69	0.0	tss_intergenic	High Confidence (TSS_100.4)	210.0	8.07692307692308
TIGR4_SP_1087_TSS_1022538_+	SP_1087	NC_003028.3	1022538	+	60	20	81	30.86	27.0	tss_intergenic	High Confidence (TSS_100.4)	619.0	6.25252525252525
TIGR4_SP_1097_TSS_1030401_+	SP_1097	NC_003028.3	1030401	+	60	20	81	24.69	75.0	tss_intergenic	High Confidence (TSS_100.4)	1314.0	1314.0
TIGR4_SP_1098_TSS_1031054_+	SP_1098	NC_003028.3	1031054	+	60	20	81	44.44	77.0	tss_within_coding	High Confidence (TSS_100.4)	638.0	638.0
TIGR4_L21_leader_TSS_1037080_+	L21_leader	NC_003028.3	1037080	+	60	20	81	33.33	13.0	tss_intergenic	High Confidence (TSS_100.4)	364698.0	24.9178737359934
TIGR4_SP_1106_TSS_1037380_+	SP_1106	NC_003028.3	1037380	+	60	20	81	43.21	166.0	tss_within_coding	High Confidence (TSS_100.4)	485.0	485.0
TIGR4_nan_TSS_1037627_+	nan	NC_003028.3	1037627	+	60	20	81	55.56	NA		Secondary TSS, High confidence		
TIGR4_SP_1107_TSS_1037692_+	SP_1107	NC_003028.3	1037692	+	60	20	81	39.51	215.0	tss_within_coding	High Confidence (TSS_100.4)	26140.0	26140.0
TIGR4_SP_1110_TSS_1039154_+	SP_1110	NC_003028.3	1039154	+	60	20	81	23.46	0.0	tss_intergenic	High Confidence (TSS_100.4)	1869.0	5.95222929936306
TIGR4_SP_1112_TSS_1041113_+	SP_1112	NC_003028.3	1041113	+	60	20	81	27.16	41.0	tss_intergenic	High Confidence (TSS_100.4)	801.0	10.972602739726
TIGR4_SP_1113_TSS_1042066_+	SP_1113	NC_003028.3	1042066	+	60	20	81	25.93	33.0	tss_intergenic	High Confidence (TSS_100.4)	193119.0	9.54711291279415
TIGR4_nan_TSS_1042500_+	nan	NC_003028.3	1042500	+	60	20	81	24.69	NA		Secondary TSS, High confidence		
TIGR4_SP_1114_TSS_1042800_+	SP_1114	NC_003028.3	1042800	+	60	20	81	29.63	0.0	tss_intergenic	High Confidence (TSS_100.4)	2194.0	7.12337662337662
TIGR4_SP_1117_TSS_1046918_+	SP_1117	NC_003028.3	1046918	+	60	20	81	37.04	0.0	tss_intergenic	High Confidence (TSS_100.4)	597.0	5.63207547169811
TIGR4_SP_1119_TSS_1051788_+	SP_1119	NC_003028.3	1051788	+	60	20	81	25.93	24.0	tss_intergenic	High Confidence (TSS_100.4)	6823.0	6.15794223826715
TIGR4_SP_1121_TSS_1053688_+	SP_1121	NC_003028.3	1053688	+	60	20	81	24.69	31.0	tss_intergenic	High Confidence (TSS_100.4)	2512.0	5.43722943722944
TIGR4_SP_1128_TSS_1061741_+	SP_1128	NC_003028.3	1061741	+	60	20	81	29.63	32.0	tss_intergenic	High Confidence (TSS_100.4)	11372.0	8.7008416220352
TIGR4_SP_1131_TSS_1065412_+	SP_1131	NC_003028.3	1065412	+	60	20	81	20.99	25.0	tss_intergenic	High Confidence (TSS_100.4)	167.0	7.59090909090909
TIGR4_SP_1143_TSS_1071268_+	SP_1143	NC_003028.3	1071268	+	60	20	81	20.99	17.0	tss_intergenic	High Confidence (TSS_100.4)	12388.0	7.7473420888055
TIGR4_SP_1151_TSS_1075332_+	SP_1151	NC_003028.3	1075332	+	60	20	81	35.8	25.0	tss_intergenic	High Confidence (TSS_100.4)	547.0	17.6451612903226
TIGR4_SP_1155_TSS_1090221_+	SP_1155	NC_003028.3	1090221	+	60	20	81	28.4	121.0	tss_intergenic	High Confidence (TSS_100.4)	1182.0	5.05128205128205
TIGR4_SP_1159_TSS_1093678_+	SP_1159	NC_003028.3	1093678	+	60	20	81	18.52	431.0	tss_intergenic	High Confidence (TSS_100.4)	110.0	4.78260869565217
TIGR4_SP_1178_TSS_1115903_+	SP_1178	NC_003028.3	1115903	+	60	20	81	23.46	28.0	tss_intergenic	High Confidence (TSS_100.4)	15384.0	9.00702576112412
TIGR4_SP_1182_TSS_1119809_+	SP_1182	NC_003028.3	1119809	+	60	20	81	28.4	18.0	tss_intergenic	High Confidence (TSS_100.4)	5397.0	10.9030303030303
TIGR4_SP_1220_TSS_1150007_+	SP_1220	NC_003028.3	1150007	+	60	20	81	33.33	45.0	tss_intergenic	High Confidence (TSS_100.4)	12820.0	4.39945092656143
TIGR4_SP_1230_TSS_1163618_+	SP_1230	NC_003028.3	1163618	+	60	20	81	25.93	0.0	tss_intergenic	High Confidence (TSS_100.4)	863.0	5.36024844720497
TIGR4_SP_1233_TSS_1165672_+	SP_1233	NC_003028.3	1165672	+	60	20	81	30.86	27.0	tss_intergenic	High Confidence (TSS_100.4)	387.0	16.125
TIGR4_SP_1234_TSS_1166187_+	SP_1234	NC_003028.3	1166187	+	60	20	81	32.1	51.0	tss_within_coding	High Confidence (TSS_100.4)	2779.0	7.85028248587571
TIGR4_nan_TSS_1174240_+	nan	NC_003028.3	1174240	+	60	20	81	45.68	NA		Secondary TSS, High confidence		
TIGR4_SP_1243_TSS_1174493_+	SP_1243	NC_003028.3	1174493	+	60	20	81	27.16	62.0	tss_intergenic	High Confidence (TSS_100.4)	1053.0	5.29145728643216
TIGR4_SpF43_sRNA_TSS_1216148_+	SpF43_sRNA	NC_003028.3	1216148	+	60	20	81	32.1	0.0	tss_intergenic	High Confidence (TSS_100.4)	351.0	4.3875
TIGR4_SP_1285_TSS_1219464_+	SP_1285	NC_003028.3	1219464	+	60	20	81	25.93	22.0	tss_intergenic	High Confidence (TSS_100.4)	1183.0	8.39007092198582
TIGR4_nan_TSS_1220043_+	nan	NC_003028.3	1220043	+	60	20	81	43.21	NA		Secondary TSS, High confidence		
TIGR4_PyrR_TSS_1220352_+	PyrR	NC_003028.3	1220352	+	60	20	81	28.4	4.0	tss_intergenic	High Confidence (TSS_100.4)	871.0	13.0
TIGR4_SP_1298_TSS_1229949_+	SP_1298	NC_003028.3	1229949	+	60	20	81	23.46	20.0	tss_intergenic	High Confidence (TSS_100.4)	1351.0	5.89956331877729
TIGR4_SP_1299_TSS_1230948_+	SP_1299	NC_003028.3	1230948	+	60	20	81	32.1	52.0	tss_intergenic	High Confidence (TSS_100.4)	111414.0	6.42933810375671
TIGR4_nan_TSS_1230994_+	nan	NC_003028.3	1230994	+	60	20	81	34.57	NA		Secondary TSS, High confidence		
TIGR4_SP_1306_TSS_1232570_+	SP_1306	NC_003028.3	1232570	+	60	20	81	18.52	32.0	tss_intergenic	High Confidence (TSS_100.4)	7665.0	10.6016597510373
TIGR4_SP_1382_TSS_1304755_+	SP_1382	NC_003028.3	1304755	+	60	20	81	33.33	28.0	tss_intergenic	High Confidence (TSS_100.4)	386.0	7.87755102040816
TIGR4_SP_1393_TSS_1316735_+	SP_1393	NC_003028.3	1316735	+	60	20	81	40.74	21.0	tss_intergenic	High Confidence (TSS_100.4)	452.0	5.58024691358025
TIGR4_SP_RS07015_TSS_1349076_+	SP_RS07015	NC_003028.3	1349076	+	60	20	81	16.05	121.0	tss_within_coding	High Confidence (TSS_100.4)	2208.0	2208.0
TIGR4_SP_1446_TSS_1366412_+	SP_1446	NC_003028.3	1366412	+	60	20	81	33.33	26.0	tss_intergenic	High Confidence (TSS_100.4)	2504.0	7.19540229885058
TIGR4_SP_1457_TSS_1373554_+	SP_1457	NC_003028.3	1373554	+	60	20	81	34.57	0.0	tss_intergenic	High Confidence (TSS_100.4)	1795.0	7.41735537190083
TIGR4_SP_1465_TSS_1378782_+	SP_1465	NC_003028.3	1378782	+	60	20	81	22.22	28.0	tss_intergenic	High Confidence (TSS_100.4)	3366.0	3366.0
TIGR4_SP_1470_TSS_1383120_+	SP_1470	NC_003028.3	1383120	+	60	20	81	24.69	83.0	tss_intergenic	High Confidence (TSS_100.4)	1350.0	11.0655737704918
TIGR4_SP_1499_TSS_1407826_+	SP_1499	NC_003028.3	1407826	+	60	20	81	32.1	23.0	tss_intergenic	High Confidence (TSS_100.4)	7976.0	4.17154811715481
TIGR4_SP_1530_TSS_1441425_+	SP_1530	NC_003028.3	1441425	+	60	20	81	28.4	0.0	tss_intergenic	High Confidence (TSS_100.4)	5075.0	5.26452282157676
TIGR4_SP_1546_TSS_1453460_+	SP_1546	NC_003028.3	1453460	+	60	20	81	28.4	45.0	tss_intergenic	High Confidence (TSS_100.4)	4178.0	4178.0
TIGR4_SP_1588_TSS_1492941_+	SP_1588	NC_003028.3	1492941	+	60	20	81	33.33	17.0	tss_intergenic	High Confidence (TSS_100.4)	13357.0	4.8980564723139
TIGR4_SP_1589_TSS_1494373_+	SP_1589	NC_003028.3	1494373	+	60	20	81	29.63	0.0	tss_intergenic	High Confidence (TSS_100.4)	6113.0	11.1347905282332
TIGR4_SP_1591_TSS_1496606_+	SP_1591	NC_003028.3	1496606	+	60	20	81	37.04	18.0	tss_intergenic	High Confidence (TSS_100.4)	12905.0	7.76007215874925
TIGR4_SP_1624_TSS_1525773_+	SP_1624	NC_003028.3	1525773	+	60	20	81	34.57	24.0	tss_intergenic	High Confidence (TSS_100.4)	198.0	6.38709677419355
TIGR4_SP_1630_TSS_1529948_+	SP_1630	NC_003028.3	1529948	+	60	20	81	29.63	227.0	tss_within_coding	High Confidence (TSS_100.4)	1096.0	4.72413793103448
TIGR4_SP_1634_TSS_1534330_+	SP_1634	NC_003028.3	1534330	+	60	20	81	34.57	18.0	tss_intergenic	High Confidence (TSS_100.4)	188.0	9.89473684210526
TIGR4_SP_1638_TSS_1537326_+	SP_1638	NC_003028.3	1537326	+	60	20	81	27.16	23.0	tss_intergenic	High Confidence (TSS_100.4)	3607.0	3607.0
TIGR4_SP_1648_TSS_1547850_+	SP_1648	NC_003028.3	1547850	+	60	20	81	18.52	17.0	tss_intergenic	High Confidence (TSS_100.4)	22450.0	4.20254586297267
TIGR4_SP_1674_TSS_1575198_+	SP_1674	NC_003028.3	1575198	+	60	20	81	25.93	55.0	tss_intergenic	High Confidence (TSS_100.4)	9369.0	8.44815148782687
TIGR4_SP_1714_TSS_1617434_+	SP_1714	NC_003028.3	1617434	+	60	20	81	24.69	31.0	tss_intergenic	High Confidence (TSS_100.4)	50324.0	11.7469654528478
TIGR4_SP_RS12360_TSS_1653710_+	SP_RS12360	NC_003028.3	1653710	+	60	20	81	22.22	87.0	tss_intergenic	High Confidence (TSS_100.4)	1083.0	16.6615384615385
TIGR4_SP_RS08800_TSS_1694250_+	SP_RS08800	NC_003028.3	1694250	+	60	20	81	29.63	25.0	tss_intergenic	High Confidence (TSS_100.4)	54861.0	54861.0
TIGR4_SP_1776_TSS_1694350_+	SP_1776	NC_003028.3	1694350	+	60	20	81	40.74	163.0	tss_within_coding	High Confidence (TSS_100.4)	148.0	148.0
TIGR4_SP_1790_TSS_1705290_+	SP_1790	NC_003028.3	1705290	+	60	20	81	32.1	55.0	tss_intergenic	High Confidence (TSS_100.4)	325.0	9.28571428571429
TIGR4_SP_1804_TSS_1719618_+	SP_1804	NC_003028.3	1719618	+	60	20	81	17.28	19.0	tss_intergenic	High Confidence (TSS_100.4)	224.0	224.0
TIGR4_SP_1805_TSS_1720122_+	SP_1805	NC_003028.3	1720122	+	60	20	81	40.74	154.0	tss_within_coding	High Confidence (TSS_100.4)	193.0	193.0
TIGR4_Purine_TSS_1754773_+	Purine	NC_003028.3	1754773	+	60	20	81	23.46	18.0	tss_intergenic	High Confidence (TSS_100.4)	529.0	7.05333333333333
TIGR4_SP_1858_TSS_1765499_+	SP_1858	NC_003028.3	1765499	+	60	20	81	32.1	103.0	tss_intergenic	High Confidence (TSS_100.4)	324.0	324.0
TIGR4_SP_1869_TSS_1774470_+	SP_1869	NC_003028.3	1774470	+	60	20	81	23.46	27.0	tss_intergenic	High Confidence (TSS_100.4)	152.0	5.06666666666667
TIGR4_SP_1885_TSS_1788790_+	SP_1885	NC_003028.3	1788790	+	60	20	81	28.4	44.0	tss_within_coding	High Confidence (TSS_100.4)	7238.0	13.2321755027422
TIGR4_SP_1899_TSS_1806733_+	SP_1899	NC_003028.3	1806733	+	60	20	81	34.57	12.0	tss_intergenic	High Confidence (TSS_100.4)	1567.0	1567.0
TIGR4_SP_1902_TSS_1816838_+	SP_1902	NC_003028.3	1816838	+	60	20	81	28.4	0.0	tss_intergenic	High Confidence (TSS_100.4)	280.0	6.51162790697674
TIGR4_SP_1903_TSS_1817669_+	SP_1903	NC_003028.3	1817669	+	60	20	81	23.46	34.0	tss_intergenic	High Confidence (TSS_100.4)	7766.0	4.95280612244898
TIGR4_SP_RS12445_TSS_1834929_+	SP_RS12445	NC_003028.3	1834929	+	60	20	81	28.4	0.0	tss_intergenic	High Confidence (TSS_100.4)	354.0	4.91666666666667
TIGR4_SP_1947_TSS_1850068_+	SP_1947	NC_003028.3	1850068	+	60	20	81	20.99	26.0	tss_intergenic	High Confidence (TSS_100.4)	4522.0	8.075
TIGR4_SP_1956_TSS_1859467_+	SP_1956	NC_003028.3	1859467	+	60	20	81	23.46	307.0	tss_within_coding	High Confidence (TSS_100.4)	166.0	4.04878048780488
TIGR4_SP_1996_TSS_1898731_+	SP_1996	NC_003028.3	1898731	+	60	20	81	24.69	24.0	tss_intergenic	High Confidence (TSS_100.4)	3844.0	10.0365535248042
TIGR4_SP_1998_TSS_1900668_+	SP_1998	NC_003028.3	1900668	+	60	20	81	35.8	28.0	tss_intergenic	High Confidence (TSS_100.4)	2694.0	8.36645962732919
TIGR4_SP_2017_TSS_1923155_+	SP_2017	NC_003028.3	1923155	+	60	20	81	32.1	79.0	tss_intergenic	High Confidence (TSS_100.4)	5552.0	13.8453865336658
TIGR4_SP_2059_TSS_1960880_+	SP_2059	NC_003028.3	1960880	+	60	20	81	27.16	0.0	tss_intergenic	High Confidence (TSS_100.4)	1027.0	6.89261744966443
TIGR4_SP_2078_TSS_1988099_+	SP_2078	NC_003028.3	1988099	+	60	20	81	24.69	24.0	tss_intergenic	High Confidence (TSS_100.4)	2174.0	5.10328638497653
TIGR4_SP_2082_TSS_1991226_+	SP_2082	NC_003028.3	1991226	+	60	20	81	28.4	15.0	tss_intergenic	High Confidence (TSS_100.4)	2364.0	8.98859315589354
TIGR4_SP_2091_TSS_1998765_+	SP_2091	NC_003028.3	1998765	+	60	20	81	38.27	25.0	tss_intergenic	High Confidence (TSS_100.4)	8112.0	6.66557107641742
TIGR4_SP_2100_TSS_2009275_+	SP_2100	NC_003028.3	2009275	+	60	20	81	33.33	33.0	tss_intergenic	High Confidence (TSS_100.4)	826.0	11.3150684931507
TIGR4_SP_2105_TSS_2014757_+	SP_2105	NC_003028.3	2014757	+	60	20	81	20.99	27.0	tss_intergenic	High Confidence (TSS_100.4)	985.0	4.97474747474747
TIGR4_SP_2108_TSS_2020687_+	SP_2108	NC_003028.3	2020687	+	60	20	81	27.16	63.0	tss_intergenic	High Confidence (TSS_100.4)	7886.0	6.20456333595594
TIGR4_SP_2111_TSS_2024491_+	SP_2111	NC_003028.3	2024491	+	60	20	81	28.4	30.0	tss_intergenic	High Confidence (TSS_100.4)	213.0	4.3469387755102
TIGR4_SP_2132_TSS_2044431_+	SP_2132	NC_003028.3	2044431	+	60	20	81	22.22	24.0	tss_intergenic	High Confidence (TSS_100.4)	649.0	11.5892857142857
TIGR4_SP_2134_TSS_2045761_+	SP_2134	NC_003028.3	2045761	+	60	20	81	24.69	56.0	tss_intergenic	High Confidence (TSS_100.4)	6454.0	4.59032716927454
TIGR4_SP_2135_TSS_2045975_+	SP_2135	NC_003028.3	2045975	+	60	20	81	40.74	40.0	tss_within_coding	High Confidence (TSS_100.4)	171.0	171.0
TIGR4_SP_2168_TSS_2084860_+	SP_2168	NC_003028.3	2084860	+	60	20	81	25.93	24.0	tss_intergenic	High Confidence (TSS_100.4)	581.0	4.36842105263158
TIGR4_SpF66_sRNA_TSS_2086080_+	SpF66_sRNA	NC_003028.3	2086080	+	60	20	81	32.1	7.0	tss_intergenic	High Confidence (TSS_100.4)	38450.0	25.9797297297297
TIGR4_SpF66_sRNA_TSS_2086423_+	SpF66_sRNA	NC_003028.3	2086423	+	60	20	81	34.57	7.0	tss_intergenic	High Confidence (TSS_100.4)	2610.0	23.3035714285714
TIGR4_SP_2188_TSS_2107946_+	SP_2188	NC_003028.3	2107946	+	60	20	81	34.57	0.0	tss_intergenic	High Confidence (TSS_100.4)	3528.0	10.7560975609756
TIGR4_SP_2209_TSS_2129758_+	SP_2209	NC_003028.3	2129758	+	60	20	81	23.46	0.0	tss_intergenic	High Confidence (TSS_100.4)	5835.0	9.9234693877551
TIGR4_SP_2226_TSS_2144439_+	SP_2226	NC_003028.3	2144439	+	60	20	81	33.33	14.0	tss_intergenic	High Confidence (TSS_100.4)	1918.0	10.8977272727273
TIGR4_SP_2230_TSS_2148810_+	SP_2230	NC_003028.3	2148810	+	60	20	81	18.52	23.0	tss_intergenic	High Confidence (TSS_100.4)	4345.0	5.71710526315789
TIGR4_SP_2239_TSS_2158806_+	SP_2239	NC_003028.3	2158806	+	60	20	81	27.16	11.0	tss_intergenic	High Confidence (TSS_100.4)	13177.0	7.92363199037883
TIGR4_nan_TSS_2159657_+	nan	NC_003028.3	2159657	+	60	20	81	35.8	NA		Secondary TSS, High confidence		
TIGR4_SP_2240_TSS_2160068_+	SP_2240	NC_003028.3	2160068	+	60	20	81	25.93	0.0	tss_intergenic	High Confidence (TSS_100.4)	1751.0	4.97443181818182
TIGR4_SP_0034_TSS_36040_-	SP_0034	NC_003028.3	36040	-	60	20	81	27.16	21.0	tss_intergenic	High Confidence (TSS_100.4)	1913.0	5.37359550561798
TIGR4_SP_0058_TSS_64632_-	SP_0058	NC_003028.3	64632	-	60	20	81	23.46	26.0	tss_intergenic	High Confidence (TSS_100.4)	12035.0	10.4379878577624
TIGR4_SP_0099_TSS_101817_-	SP_0099	NC_003028.3	101817	-	60	20	81	44.44	24.0	tss_within_coding	High Confidence (TSS_100.4)	169.0	169.0
TIGR4_SP_0100_TSS_102156_-	SP_0100	NC_003028.3	102156	-	60	20	81	22.22	50.0	tss_intergenic	High Confidence (TSS_100.4)	2548.0	6.35411471321696
TIGR4_SP_0101_TSS_103441_-	SP_0101	NC_003028.3	103441	-	60	20	81	29.63	30.0	tss_intergenic	High Confidence (TSS_100.4)	413.0	15.8846153846154
TIGR4_SP_0106_TSS_109186_-	SP_0106	NC_003028.3	109186	-	60	20	81	30.86	24.0	tss_intergenic	High Confidence (TSS_100.4)	450.0	7.25806451612903
TIGR4_SP_0122_TSS_127069_-	SP_0122	NC_003028.3	127069	-	60	20	81	30.86	104.0	tss_intergenic	High Confidence (TSS_100.4)	39212.0	8.34475420302192
TIGR4_SP_0161_TSS_158807_-	SP_0161	NC_003028.3	158807	-	60	20	81	39.51	48.0	tss_intergenic	High Confidence (TSS_100.4)	217.0	9.43478260869565
TIGR4_FMN_TSS_171694_-	FMN	NC_003028.3	171694	-	60	20	81	25.93	8.0	tss_intergenic	High Confidence (TSS_100.4)	208.0	208.0
TIGR4_SP_0182_TSS_174875_-	SP_0182	NC_003028.3	174875	-	60	20	81	30.86	24.0	tss_intergenic	High Confidence (TSS_100.4)	824.0	10.4303797468354
TIGR4_SP_0185_TSS_176785_-	SP_0185	NC_003028.3	176785	-	60	20	81	28.4	40.0	tss_intergenic	High Confidence (TSS_100.4)	3984.0	16.8813559322034
TIGR4_SP_0268_TSS_246713_-	SP_0268	NC_003028.3	246713	-	60	20	81	27.16	25.0	tss_intergenic	High Confidence (TSS_100.4)	19795.0	8.37351945854484
TIGR4_SP_0282_TSS_260843_-	SP_0282	NC_003028.3	260843	-	60	20	81	43.21	13.0	tss_intergenic	High Confidence (TSS_100.4)	913.0	913.0
TIGR4_SP_0284_TSS_262727_-	SP_0284	NC_003028.3	262727	-	60	20	81	18.52	53.0	tss_intergenic	High Confidence (TSS_100.4)	99629.0	22.6738734638143
TIGR4_SP_0286_TSS_265110_-	SP_0286	NC_003028.3	265110	-	60	20	81	32.1	32.0	tss_intergenic	High Confidence (TSS_100.4)	2564.0	9.35766423357664
TIGR4_SP_0293_TSS_271717_-	SP_0293	NC_003028.3	271717	-	60	20	81	30.86	21.0	tss_intergenic	High Confidence (TSS_100.4)	2855.0	6.81384248210024
TIGR4_srn081_TSS_274220_-	srn081	NC_003028.3	274220	-	60	20	81	33.33	421.0	tss_within_coding	High Confidence (TSS_100.4)	734.0	4.86092715231788
TIGR4_SP_0333_TSS_305466_-	SP_0333	NC_003028.3	305466	-	60	20	81	20.99	35.0	tss_intergenic	High Confidence (TSS_100.4)	1300.0	8.17610062893082
TIGR4_SP_0340_TSS_313627_-	SP_0340	NC_003028.3	313627	-	60	20	81	41.98	21.0	tss_intergenic	High Confidence (TSS_100.4)	6015.0	7.41676942046856
TIGR4_SP_0341_TSS_315198_-	SP_0341	NC_003028.3	315198	-	60	20	81	24.69	13.0	tss_intergenic	High Confidence (TSS_100.4)	600.0	8.69565217391304
TIGR4_SP_RS11690_TSS_319824_-	SP_RS11690	NC_003028.3	319824	-	60	20	81	29.63	0.0	tss_intergenic	High Confidence (TSS_100.4)	10602.0	5.57706470278801
TIGR4_His_leader_TSS_347114_-	His_leader	NC_003028.3	347114	-	60	20	81	48.15	256.0	tss_within_coding	High Confidence (TSS_100.4)	525.0	525.0
TIGR4_SP_0370_TSS_349632_-	SP_0370	NC_003028.3	349632	-	60	20	81	32.1	27.0	tss_intergenic	High Confidence (TSS_100.4)	5308.0	5308.0
TIGR4_SP_0403_TSS_383956_-	SP_0403	NC_003028.3	383956	-	60	20	81	30.86	0.0	tss_intergenic	High Confidence (TSS_100.4)	1835.0	7.52049180327869
TIGR4_SP_0412_TSS_392884_-	SP_0412	NC_003028.3	392884	-	60	20	81	40.74	231.0	tss_within_coding	High Confidence (TSS_100.4)	460.0	460.0
TIGR4_SP_0413_TSS_394045_-	SP_0413	NC_003028.3	394045	-	60	20	81	29.63	25.0	tss_intergenic	High Confidence (TSS_100.4)	486.0	5.01030927835052
TIGR4_SP_0435_TSS_408919_-	SP_0435	NC_003028.3	408919	-	60	20	81	25.93	29.0	tss_intergenic	High Confidence (TSS_100.4)	29450.0	7.05051472348576
TIGR4_SP_0438_TSS_412263_-	SP_0438	NC_003028.3	412263	-	60	20	81	29.63	34.0	tss_intergenic	High Confidence (TSS_100.4)	7792.0	16.3697478991597
TIGR4_SP_0453_TSS_426341_-	SP_0453	NC_003028.3	426341	-	60	20	81	25.93	34.0	tss_intergenic	High Confidence (TSS_100.4)	1757.0	5.06340057636888
TIGR4_SP_0473_TSS_451977_-	SP_0473	NC_003028.3	451977	-	60	20	81	17.28	15.0	tss_intergenic	High Confidence (TSS_100.4)	834.0	11.9142857142857
TIGR4_SP_0480_TSS_461963_-	SP_0480	NC_003028.3	461963	-	60	20	81	28.4	23.0	tss_intergenic	High Confidence (TSS_100.4)	1738.0	11.2857142857143
TIGR4_SP_0496_TSS_476273_-	SP_0496	NC_003028.3	476273	-	60	20	81	25.93	37.0	tss_intergenic	High Confidence (TSS_100.4)	523.0	7.06756756756757
TIGR4_SP_0521_TSS_502638_-	SP_0521	NC_003028.3	502638	-	60	20	81	28.4	38.0	tss_intergenic	High Confidence (TSS_100.4)	1127.0	4.35135135135135
TIGR4_SP_0524_TSS_504998_-	SP_0524	NC_003028.3	504998	-	60	20	81	23.46	56.0	tss_intergenic	High Confidence (TSS_100.4)	530.0	6.70886075949367
TIGR4_nan_TSS_646239_-	nan	NC_003028.3	646239	-	60	20	81	34.57	NA		Secondary TSS, High confidence		
TIGR4_SP_0670_TSS_646265_-	SP_0670	NC_003028.3	646265	-	60	20	81	24.69	76.0	tss_intergenic	High Confidence (TSS_100.4)	201473.0	5.51587909981931
TIGR4_SP_0676_TSS_651723_-	SP_0676	NC_003028.3	651723	-	60	20	81	30.86	0.0	tss_intergenic	High Confidence (TSS_100.4)	271.0	7.97058823529412
TIGR4_SP_0680_TSS_653520_-	SP_0680	NC_003028.3	653520	-	60	20	81	37.04	3.0	tss_intergenic	High Confidence (TSS_100.4)	183.0	18.3
TIGR4_TPP_TSS_691454_-	TPP	NC_003028.3	691454	-	60	20	81	22.22	13.0	tss_intergenic	High Confidence (TSS_100.4)	163.0	20.375
TIGR4_SP_RS11930_TSS_698458_-	SP_RS11930	NC_003028.3	698458	-	60	20	81	25.93	345.0	tss_intergenic	High Confidence (TSS_100.4)	612.0	7.2
TIGR4_SP_0737_TSS_701350_-	SP_0737	NC_003028.3	701350	-	60	20	81	33.33	79.0	tss_intergenic	High Confidence (TSS_100.4)	364.0	18.2
TIGR4_SP_0741_TSS_703918_-	SP_0741	NC_003028.3	703918	-	60	20	81	32.1	0.0	tss_intergenic	High Confidence (TSS_100.4)	1065.0	10.7575757575758
TIGR4_SP_0742_TSS_704875_-	SP_0742	NC_003028.3	704875	-	60	20	81	33.33	53.0	tss_intergenic	High Confidence (TSS_100.4)	1704.0	6.55384615384615
TIGR4_SP_0771_TSS_730669_-	SP_0771	NC_003028.3	730669	-	60	20	81	32.1	26.0	tss_intergenic	High Confidence (TSS_100.4)	793.0	4.69230769230769
TIGR4_SP_0781_TSS_735664_-	SP_0781	NC_003028.3	735664	-	60	20	81	24.69	11.0	tss_intergenic	High Confidence (TSS_100.4)	129.0	6.14285714285714
TIGR4_SP_0783_TSS_736734_-	SP_0783	NC_003028.3	736734	-	60	20	81	27.16	26.0	tss_intergenic	High Confidence (TSS_100.4)	1812.0	5.68025078369906
TIGR4_SP_0784_TSS_738298_-	SP_0784	NC_003028.3	738298	-	60	20	81	27.16	47.0	tss_intergenic	High Confidence (TSS_100.4)	3297.0	5.50417362270451
TIGR4_SP_0800_TSS_754301_-	SP_0800	NC_003028.3	754301	-	60	20	81	28.4	20.0	tss_intergenic	High Confidence (TSS_100.4)	9849.0	4.12609970674487
TIGR4_SP_0816_TSS_768520_-	SP_0816	NC_003028.3	768520	-	60	20	81	25.93	20.0	tss_intergenic	High Confidence (TSS_100.4)	4862.0	7.50308641975309
TIGR4_SP_0820_TSS_772579_-	SP_0820	NC_003028.3	772579	-	60	20	81	30.86	63.0	tss_intergenic	High Confidence (TSS_100.4)	4519.0	5.55842558425584
TIGR4_SP_0822_TSS_772999_-	SP_0822	NC_003028.3	772999	-	60	20	81	33.33	24.0	tss_intergenic	High Confidence (TSS_100.4)	35450.0	5.80766710353866
TIGR4_SP_0839_TSS_787631_-	SP_0839	NC_003028.3	787631	-	60	20	81	29.63	21.0	tss_intergenic	High Confidence (TSS_100.4)	450.0	8.65384615384615
TIGR4_SP_0851_TSS_798201_-	SP_0851	NC_003028.3	798201	-	60	20	81	29.63	0.0	tss_intergenic	High Confidence (TSS_100.4)	635.0	8.81944444444444
TIGR4_SP_0872_TSS_820186_-	SP_0872	NC_003028.3	820186	-	60	20	81	18.52	3.0	tss_intergenic	High Confidence (TSS_100.4)	384.0	6.98181818181818
TIGR4_SP_0894_TSS_846766_-	SP_0894	NC_003028.3	846766	-	60	20	81	28.4	25.0	tss_intergenic	High Confidence (TSS_100.4)	10243.0	6.52005092297899
TIGR4_SP_0906_TSS_859184_-	SP_0906	NC_003028.3	859184	-	60	20	81	30.86	24.0	tss_intergenic	High Confidence (TSS_100.4)	4759.0	7.17797888386124
TIGR4_SP_0923_TSS_878505_-	SP_0923	NC_003028.3	878505	-	60	20	81	27.16	23.0	tss_intergenic	High Confidence (TSS_100.4)	781.0	5.65942028985507
TIGR4_SP_RS12045_TSS_892517_-	SP_RS12045	NC_003028.3	892517	-	60	20	81	29.63	0.0	tss_intergenic	High Confidence (TSS_100.4)	210.0	7.5
TIGR4_SP_0986_TSS_931256_-	SP_0986	NC_003028.3	931256	-	60	20	81	23.46	36.0	tss_intergenic	High Confidence (TSS_100.4)	1130.0	7.38562091503268
TIGR4_SP_0987_TSS_932117_-	SP_0987	NC_003028.3	932117	-	60	20	81	24.69	2.0	tss_intergenic	High Confidence (TSS_100.4)	3745.0	6.90959409594096
TIGR4_SP_1008_TSS_953721_-	SP_1008	NC_003028.3	953721	-	60	20	81	29.63	27.0	tss_intergenic	High Confidence (TSS_100.4)	335.0	5.0
TIGR4_SP_1016_TSS_961981_-	SP_1016	NC_003028.3	961981	-	60	20	81	27.16	50.0	tss_intergenic	High Confidence (TSS_100.4)	1528.0	6.16129032258065
TIGR4_SP_1017_TSS_962278_-	SP_1017	NC_003028.3	962278	-	60	20	81	28.4	28.0	tss_intergenic	High Confidence (TSS_100.4)	2291.0	6.83880597014925
TIGR4_SP_1090_TSS_1026943_-	SP_1090	NC_003028.3	1026943	-	60	20	81	20.99	19.0	tss_intergenic	High Confidence (TSS_100.4)	2232.0	5.62216624685139
TIGR4_SP_1095_TSS_1029747_-	SP_1095	NC_003028.3	1029747	-	60	20	81	24.69	81.0	tss_intergenic	High Confidence (TSS_100.4)	2629.0	14.4450549450549
TIGR4_nan_TSS_1036012_-	nan	NC_003028.3	1036012	-	60	20	81	29.63	NA		Secondary TSS, High confidence		
TIGR4_SP_1102_TSS_1036037_-	SP_1102	NC_003028.3	1036037	-	60	20	81	28.4	109.0	tss_intergenic	High Confidence (TSS_100.4)	20019.0	10.786099137931
TIGR4_SP_1127_TSS_1061609_-	SP_1127	NC_003028.3	1061609	-	60	20	81	23.46	0.0	tss_intergenic	High Confidence (TSS_100.4)	3337.0	6.33206831119545
TIGR4_SP_1130_TSS_1065332_-	SP_1130	NC_003028.3	1065332	-	60	20	81	19.75	15.0	tss_intergenic	High Confidence (TSS_100.4)	2342.0	10.4088888888889
TIGR4_SP_RS12130_TSS_1074831_-	SP_RS12130	NC_003028.3	1074831	-	60	20	81	23.46	0.0	tss_intergenic	High Confidence (TSS_100.4)	10783.0	5.74480554075653
TIGR4_SP_1164_TSS_1101311_-	SP_1164	NC_003028.3	1101311	-	60	20	81	29.63	28.0	tss_intergenic	High Confidence (TSS_100.4)	4061.0	7.80961538461538
TIGR4_SP_1169_TSS_1105513_-	SP_1169	NC_003028.3	1105513	-	60	20	81	34.57	22.0	tss_intergenic	High Confidence (TSS_100.4)	1111.0	6.57396449704142
TIGR4_SP_1171_TSS_1107031_-	SP_1171	NC_003028.3	1107031	-	60	20	81	20.99	29.0	tss_intergenic	High Confidence (TSS_100.4)	604.0	6.16326530612245
TIGR4_SP_1174_TSS_1110778_-	SP_1174	NC_003028.3	1110778	-	60	20	81	19.75	61.0	tss_intergenic	High Confidence (TSS_100.4)	298.0	5.2280701754386
TIGR4_SP_1175_TSS_1113402_-	SP_1175	NC_003028.3	1113402	-	60	20	81	28.4	78.0	tss_intergenic	High Confidence (TSS_100.4)	155.0	12.9166666666667
TIGR4_SP_1176_TSS_1115326_-	SP_1176	NC_003028.3	1115326	-	60	20	81	43.21	15.0	tss_within_coding	High Confidence (TSS_100.4)	151.0	151.0
TIGR4_SP_1177_TSS_1115635_-	SP_1177	NC_003028.3	1115635	-	60	20	81	28.4	55.0	tss_intergenic	High Confidence (TSS_100.4)	376672.0	10.2153879532449
TIGR4_SP_1187_TSS_1125800_-	SP_1187	NC_003028.3	1125800	-	60	20	81	24.69	136.0	tss_intergenic	High Confidence (TSS_100.4)	364.0	9.83783783783784
TIGR4_SP_1189_TSS_1126839_-	SP_1189	NC_003028.3	1126839	-	60	20	81	22.22	235.0	tss_intergenic	High Confidence (TSS_100.4)	137.0	4.28125
TIGR4_SP_1193_TSS_1129913_-	SP_1193	NC_003028.3	1129913	-	60	20	81	28.4	83.0	tss_intergenic	High Confidence (TSS_100.4)	1340.0	7.92899408284024
TIGR4_SP_1200_TSS_1134429_-	SP_1200	NC_003028.3	1134429	-	60	20	81	30.86	22.0	tss_intergenic	High Confidence (TSS_100.4)	1302.0	6.575757576
TIGR4_SP_1207_TSS_1140557_-	SP_1207	NC_003028.3	1140557	-	60	20	81	29.63	33.0	tss_intergenic	High Confidence (TSS_100.4)	3238.0	8.34536082474227
TIGR4_SP_1208_TSS_1141312_-	SP_1208	NC_003028.3	1141312	-	60	20	81	32.1	22.0	tss_within_coding	High Confidence (TSS_100.4)	13717.0	18.5615696887686
TIGR4_SP_1213_TSS_1144126_-	SP_1213	NC_003028.3	1144126	-	60	20	81	40.74	23.0	tss_intergenic	High Confidence (TSS_100.4)	5392.0	6.10645526613817
TIGR4_SP_1215_TSS_1146426_-	SP_1215	NC_003028.3	1146426	-	60	20	81	24.69	23.0	tss_intergenic	High Confidence (TSS_100.4)	260.0	11.8181818181818
TIGR4_SP_1219_TSS_1149889_-	SP_1219	NC_003028.3	1149889	-	60	20	81	30.86	31.0	tss_intergenic	High Confidence (TSS_100.4)	4828.0	13.638418079096
TIGR4_SP_1221_TSS_1154717_-	SP_1221	NC_003028.3	1154717	-	60	20	81	29.63	115.0	tss_intergenic	High Confidence (TSS_100.4)	5683.0	5.50145208131655
TIGR4_SP_1222_TSS_1156659_-	SP_1222	NC_003028.3	1156659	-	60	20	81	23.46	15.0	tss_intergenic	High Confidence (TSS_100.4)	620.0	4.66165413533835
TIGR4_SP_1223_TSS_1157236_-	SP_1223	NC_003028.3	1157236	-	60	20	81	34.57	260.0	tss_within_coding	High Confidence (TSS_100.4)	377.0	8.19565217391304
TIGR4_SP_1227_TSS_1160174_-	SP_1227	NC_003028.3	1160174	-	60	20	81	32.1	15.0	tss_intergenic	High Confidence (TSS_100.4)	2055.0	20.969387755102
TIGR4_SP_1228_TSS_1161390_-	SP_1228	NC_003028.3	1161390	-	60	20	81	27.16	0.0	tss_intergenic	High Confidence (TSS_100.4)	888.0	7.72173913043478
TIGR4_SP_1229_TSS_1163416_-	SP_1229	NC_003028.3	1163416	-	60	20	81	27.16	28.0	tss_intergenic	High Confidence (TSS_100.4)	6733.0	6.20552995391705
TIGR4_SP_1235_TSS_1167610_-	SP_1235	NC_003028.3	1167610	-	60	20	81	35.8	393.0	tss_within_coding	High Confidence (TSS_100.4)	261.0	261.0
TIGR4_SP_1238_TSS_1170322_-	SP_1238	NC_003028.3	1170322	-	60	20	81	38.27	21.0	tss_intergenic	High Confidence (TSS_100.4)	307.0	5.0327868852459
TIGR4_SP_1240_TSS_1171358_-	SP_1240	NC_003028.3	1171358	-	60	20	81	24.69	27.0	tss_intergenic	High Confidence (TSS_100.4)	182.0	182.0
TIGR4_SP_1248_TSS_1183246_-	SP_1248	NC_003028.3	1183246	-	60	20	81	34.57	28.0	tss_intergenic	High Confidence (TSS_100.4)	315.0	12.1153846153846
TIGR4_SP_1249_TSS_1184594_-	SP_1249	NC_003028.3	1184594	-	60	20	81	24.69	72.0	tss_intergenic	High Confidence (TSS_100.4)	3460.0	16.6346153846154
TIGR4_SP_1260_TSS_1193026_-	SP_1260	NC_003028.3	1193026	-	60	20	81	22.22	24.0	tss_intergenic	High Confidence (TSS_100.4)	702.0	7.23711340206186
TIGR4_SP_1263_TSS_1197213_-	SP_1263	NC_003028.3	1197213	-	60	20	81	27.16	29.0	tss_intergenic	High Confidence (TSS_100.4)	449.0	6.50724637681159
TIGR4_SP_1264_TSS_1198664_-	SP_1264	NC_003028.3	1198664	-	60	20	81	22.22	270.0	tss_intergenic	High Confidence (TSS_100.4)	5342.0	6.66916354556804
TIGR4_SP_1271_TSS_1204453_-	SP_1271	NC_003028.3	1204453	-	60	20	81	32.1	37.0	tss_intergenic	High Confidence (TSS_100.4)	496.0	5.90476190476191
TIGR4_PyrR_TSS_1214371_-	PyrR	NC_003028.3	1214371	-	60	20	81	28.4	7.0	tss_intergenic	High Confidence (TSS_100.4)	2212.0	9.29411764705882
TIGR4_SP_1284_TSS_1219419_-	SP_1284	NC_003028.3	1219419	-	60	20	81	28.4	27.0	tss_intergenic	High Confidence (TSS_100.4)	3353.0	6.36242884250474
TIGR4_R2_TSS_1222233_-	R2	NC_003028.3	1222233	-	60	20	81	39.51	331.0	tss_within_coding	High Confidence (TSS_100.4)	159.0	159.0
TIGR4_SP_1288_TSS_1223895_-	SP_1288	NC_003028.3	1223895	-	60	20	81	33.33	0.0	tss_intergenic	High Confidence (TSS_100.4)	5431.0	7.49103448275862
TIGR4_SP_1289_TSS_1224389_-	SP_1289	NC_003028.3	1224389	-	60	20	81	35.8	26.0	tss_intergenic	High Confidence (TSS_100.4)	3019.0	7.74102564102564
TIGR4_SP_1293_TSS_1228304_-	SP_1293	NC_003028.3	1228304	-	60	20	81	24.69	77.0	tss_intergenic	High Confidence (TSS_100.4)	37061.0	53.2485632183908
TIGR4_SP_1296_TSS_1229323_-	SP_1296	NC_003028.3	1229323	-	60	20	81	34.57	17.0	tss_intergenic	High Confidence (TSS_100.4)	10403.0	6.40973505853358
TIGR4_SP_RS12175_TSS_1232265_-	SP_RS12175	NC_003028.3	1232265	-	60	20	81	23.46	0.0	tss_intergenic	High Confidence (TSS_100.4)	592.0	7.21951219512195
TIGR4_SP_1338_TSS_1261869_-	SP_1338	NC_003028.3	1261869	-	60	20	81	33.33	362.0	tss_intergenic	High Confidence (TSS_100.4)	855.0	5.73825503355705
TIGR4_SP_1344_TSS_1270581_-	SP_1344	NC_003028.3	1270581	-	60	20	81	35.8	334.0	tss_intergenic	High Confidence (TSS_100.4)	1966.0	4.33995584988963
TIGR4_rli38_TSS_1274942_-	rli38	NC_003028.3	1274942	-	60	20	81	29.63	314.0	tss_within_coding	High Confidence (TSS_100.4)	278.0	278.0
TIGR4_SP_1354_TSS_1275001_-	SP_1354	NC_003028.3	1275001	-	60	20	81	27.16	19.0	tss_intergenic	High Confidence (TSS_100.4)	978.0	978.0
TIGR4_srn308_TSS_1275729_-	srn308	NC_003028.3	1275729	-	60	20	81	24.69	18.0	tss_intergenic	High Confidence (TSS_100.4)	112986.0	13.7152221412964
TIGR4_R17_TSS_1277389_-	R17	NC_003028.3	1277389	-	60	20	81	30.86	1.0	tss_intergenic	High Confidence (TSS_100.4)	332.0	4.88235294117647
TIGR4_SP_RS06655_TSS_1282392_-	SP_RS06655	NC_003028.3	1282392	-	60	20	81	45.68	242.0	tss_within_coding	High Confidence (TSS_100.4)	206.0	206.0
TIGR4_SP_1361_TSS_1284408_-	SP_1361	NC_003028.3	1284408	-	60	20	81	24.69	25.0	tss_intergenic	High Confidence (TSS_100.4)	4953.0	4.6638418079096
TIGR4_SP_1362_TSS_1285296_-	SP_1362	NC_003028.3	1285296	-	60	20	81	30.86	25.0	tss_intergenic	High Confidence (TSS_100.4)	902.0	6.68148148148148
TIGR4_SP_1367_TSS_1290926_-	SP_1367	NC_003028.3	1290926	-	60	20	81	32.1	17.0	tss_intergenic	High Confidence (TSS_100.4)	693.0	5.63414634146341
TIGR4_SP_1371_TSS_1295084_-	SP_1371	NC_003028.3	1295084	-	60	20	81	29.63	28.0	tss_intergenic	High Confidence (TSS_100.4)	192.0	5.81818181818182
TIGR4_SP_1372_TSS_1295669_-	SP_1372	NC_003028.3	1295669	-	60	20	81	46.91	183.0	tss_within_coding	High Confidence (TSS_100.4)	148.0	148.0
TIGR4_SP_1381_TSS_1304635_-	SP_1381	NC_003028.3	1304635	-	60	20	81	20.99	31.0	tss_intergenic	High Confidence (TSS_100.4)	351.0	351.0
TIGR4_SP_1384_TSS_1309645_-	SP_1384	NC_003028.3	1309645	-	60	20	81	30.86	193.0	tss_within_coding	High Confidence (TSS_100.4)	5902.0	5.00593723494487
TIGR4_SP_1390_TSS_1315033_-	SP_1390	NC_003028.3	1315033	-	60	20	81	28.4	24.0	tss_intergenic	High Confidence (TSS_100.4)	966.0	7.15555555555556
TIGR4_SP_1392_TSS_1316647_-	SP_1392	NC_003028.3	1316647	-	60	20	81	39.51	33.0	tss_intergenic	High Confidence (TSS_100.4)	967.0	15.109375
TIGR4_SP_1405_TSS_1327287_-	SP_1405	NC_003028.3	1327287	-	60	20	81	27.16	28.0	tss_intergenic	High Confidence (TSS_100.4)	6592.0	9.31073446327684
TIGR4_SP_1409_TSS_1330732_-	SP_1409	NC_003028.3	1330732	-	60	20	81	33.33	0.0	tss_intergenic	High Confidence (TSS_100.4)	11981.0	11.1451162790698
TIGR4_SP_1413_TSS_1333346_-	SP_1413	NC_003028.3	1333346	-	60	20	81	34.57	10.0	tss_intergenic	High Confidence (TSS_100.4)	7245.0	7.18037661050545
TIGR4_SP_1414_TSS_1333655_-	SP_1414	NC_003028.3	1333655	-	60	20	81	29.63	28.0	tss_intergenic	High Confidence (TSS_100.4)	21946.0	6.746387949585
TIGR4_SP_1415_TSS_1334497_-	SP_1415	NC_003028.3	1334497	-	60	20	81	23.46	23.0	tss_within_coding	High Confidence (TSS_100.4)	5100.0	9.15619389587074
TIGR4_SP_RS12215_TSS_1337555_-	SP_RS12215	NC_003028.3	1337555	-	60	20	81	24.69	106.0	tss_intergenic	High Confidence (TSS_100.4)	1078.0	14.7671232876712
TIGR4_SP_1421_TSS_1343158_-	SP_1421	NC_003028.3	1343158	-	60	20	81	29.63	68.0	tss_intergenic	High Confidence (TSS_100.4)	7887.0	9.0447247706422
TIGR4_SP_1422_TSS_1343906_-	SP_1422	NC_003028.3	1343906	-	60	20	81	34.57	212.0	tss_within_coding	High Confidence (TSS_100.4)	283.0	4.22388059701493
TIGR4_SP_1429_TSS_1348612_-	SP_1429	NC_003028.3	1348612	-	60	20	81	25.93	39.0	tss_intergenic	High Confidence (TSS_100.4)	3964.0	25.5741935483871
TIGR4_SP_1433_TSS_1352501_-	SP_1433	NC_003028.3	1352501	-	60	20	81	19.75	58.0	tss_intergenic	High Confidence (TSS_100.4)	1793.0	7.25910931174089
TIGR4_SP_RS07080_TSS_1362458_-	SP_RS07080	NC_003028.3	1362458	-	60	20	81	30.86	33.0	tss_intergenic	High Confidence (TSS_100.4)	139.0	15.4444444444444
TIGR4_SP_1445_TSS_1366327_-	SP_1445	NC_003028.3	1366327	-	60	20	81	30.86	31.0	tss_intergenic	High Confidence (TSS_100.4)	4325.0	9.87442922374429
TIGR4_SP_1449_TSS_1369754_-	SP_1449	NC_003028.3	1369754	-	60	20	81	22.22	13.0	tss_intergenic	High Confidence (TSS_100.4)	1377.0	4.21100917431193
TIGR4_SP_1458_TSS_1375259_-	SP_1458	NC_003028.3	1375259	-	60	20	81	32.1	27.0	tss_intergenic	High Confidence (TSS_100.4)	660.0	5.84070796460177
TIGR4_SP_1459_TSS_1375587_-	SP_1459	NC_003028.3	1375587	-	60	20	81	33.33	53.0	tss_intergenic	High Confidence (TSS_100.4)	1534.0	7.13488372093023
TIGR4_SP_1464_TSS_1378701_-	SP_1464	NC_003028.3	1378701	-	60	20	81	30.86	26.0	tss_intergenic	High Confidence (TSS_100.4)	1753.0	11.9251700680272
TIGR4_SP_1468_TSS_1381412_-	SP_1468	NC_003028.3	1381412	-	60	20	81	29.63	34.0	tss_intergenic	High Confidence (TSS_100.4)	10281.0	10.3222891566265
TIGR4_SP_1469_TSS_1382939_-	SP_1469	NC_003028.3	1382939	-	60	20	81	35.8	30.0	tss_intergenic	High Confidence (TSS_100.4)	12925.0	5.91262580054895
TIGR4_SpR19_sRNA_TSS_1391092_-	SpR19_sRNA	NC_003028.3	1391092	-	60	20	81	25.93	19.0	tss_within_coding	High Confidence (TSS_100.4)	3176.0	6.17898832684825
TIGR4_SP_1479_TSS_1393492_-	SP_1479	NC_003028.3	1393492	-	60	20	81	24.69	0.0	tss_intergenic	High Confidence (TSS_100.4)	21727.0	5.43854818523154
TIGR4_SP_1480_TSS_1394147_-	SP_1480	NC_003028.3	1394147	-	60	20	81	32.1	67.0	tss_intergenic	High Confidence (TSS_100.4)	7754.0	23.7125382262997
TIGR4_SP_1487_TSS_1398952_-	SP_1487	NC_003028.3	1398952	-	60	20	81	22.22	263.0	tss_intergenic	High Confidence (TSS_100.4)	131.0	5.95454545454545
TIGR4_SP_RS12255_TSS_1399597_-	SP_RS12255	NC_003028.3	1399597	-	60	20	81	39.51	468.0	tss_within_coding	High Confidence (TSS_100.4)	333.0	333.0
TIGR4_SP_1491_TSS_1402355_-	SP_1491	NC_003028.3	1402355	-	60	20	81	19.75	32.0	tss_intergenic	High Confidence (TSS_100.4)	953.0	4.09012875536481
TIGR4_SP_1501_TSS_1410161_-	SP_1501	NC_003028.3	1410161	-	60	20	81	40.74	208.0	tss_within_coding	High Confidence (TSS_100.4)	279.0	279.0
TIGR4_SP_1502_TSS_1410626_-	SP_1502	NC_003028.3	1410626	-	60	20	81	29.63	22.0	tss_intergenic	High Confidence (TSS_100.4)	926.0	5.68098159509202
TIGR4_SP_1505_TSS_1414863_-	SP_1505	NC_003028.3	1414863	-	60	20	81	23.46	20.0	tss_intergenic	High Confidence (TSS_100.4)	2135.0	7.49122807017544
TIGR4_SP_1510_TSS_1420764_-	SP_1510	NC_003028.3	1420764	-	60	20	81	39.51	398.0	tss_within_coding	High Confidence (TSS_100.4)	178.0	178.0
TIGR4_SP_1511_TSS_1421328_-	SP_1511	NC_003028.3	1421328	-	60	20	81	24.69	411.0	tss_within_coding	High Confidence (TSS_100.4)	111.0	111.0
TIGR4_SP_1514_TSS_1422405_-	SP_1514	NC_003028.3	1422405	-	60	20	81	27.16	29.0	tss_intergenic	High Confidence (TSS_100.4)	12906.0	10.8453781512605
TIGR4_SP_RS07460_TSS_1423486_-	SP_RS07460	NC_003028.3	1423486	-	60	20	81	35.8	29.0	tss_intergenic	High Confidence (TSS_100.4)	456.0	4.90322580645161
TIGR4_SP_RS12280_TSS_1424260_-	SP_RS12280	NC_003028.3	1424260	-	60	20	81	30.86	433.0	tss_within_coding	High Confidence (TSS_100.4)	160.0	160.0
TIGR4_SP_1517_TSS_1425359_-	SP_1517	NC_003028.3	1425359	-	60	20	81	35.8	74.0	tss_intergenic	High Confidence (TSS_100.4)	1255.0	1255.0
TIGR4_SP_1518_TSS_1427041_-	SP_1518	NC_003028.3	1427041	-	60	20	81	24.69	25.0	tss_intergenic	High Confidence (TSS_100.4)	25941.0	9.05129099790649
TIGR4_SP_1522_TSS_1430042_-	SP_1522	NC_003028.3	1430042	-	60	20	81	32.1	18.0	tss_intergenic	High Confidence (TSS_100.4)	11101.0	11.4798345398139
TIGR4_SP_1523_TSS_1433189_-	SP_1523	NC_003028.3	1433189	-	60	20	81	29.63	19.0	tss_intergenic	High Confidence (TSS_100.4)	1802.0	5.28445747800586
TIGR4_SP_1525_TSS_1435550_-	SP_1525	NC_003028.3	1435550	-	60	20	81	29.63	19.0	tss_intergenic	High Confidence (TSS_100.4)	390.0	4.93670886075949
TIGR4_SP_1527_TSS_1439522_-	SP_1527	NC_003028.3	1439522	-	60	20	81	24.69	28.0	tss_intergenic	High Confidence (TSS_100.4)	1120.0	4.32432432432432
TIGR4_SP_1529_TSS_1441359_-	SP_1529	NC_003028.3	1441359	-	60	20	81	29.63	40.0	tss_intergenic	High Confidence (TSS_100.4)	3650.0	6.75925925925926
TIGR4_SP_1531_TSS_1443152_-	SP_1531	NC_003028.3	1443152	-	60	20	81	33.33	42.0	tss_intergenic	High Confidence (TSS_100.4)	7691.0	6.41451209341118
TIGR4_SP_1534_TSS_1445403_-	SP_1534	NC_003028.3	1445403	-	60	20	81	34.57	26.0	tss_intergenic	High Confidence (TSS_100.4)	533.0	9.03389830508475
TIGR4_SP_1535_TSS_1445890_-	SP_1535	NC_003028.3	1445890	-	60	20	81	38.27	143.0	tss_within_coding	High Confidence (TSS_100.4)	169.0	169.0
TIGR4_SP_1536_TSS_1446486_-	SP_1536	NC_003028.3	1446486	-	60	20	81	23.46	0.0	tss_intergenic	High Confidence (TSS_100.4)	284.0	5.35849056603774
TIGR4_SP_1538_TSS_1448325_-	SP_1538	NC_003028.3	1448325	-	60	20	81	27.16	24.0	tss_intergenic	High Confidence (TSS_100.4)	7724.0	8.51598676957001
TIGR4_nan_TSS_1448854_-	nan	NC_003028.3	1448854	-	60	20	81	32.1	NA		Secondary TSS, High confidence		
TIGR4_SP_1539_TSS_1448993_-	SP_1539	NC_003028.3	1448993	-	60	20	81	53.09	158.0	tss_within_coding	High Confidence (TSS_100.4)	1607.0	1607.0
TIGR4_SP_1541_TSS_1449705_-	SP_1541	NC_003028.3	1449705	-	60	20	81	29.63	66.0	tss_intergenic	High Confidence (TSS_100.4)	28227.0	25.707650273224
TIGR4_SP_1545_TSS_1453184_-	SP_1545	NC_003028.3	1453184	-	60	20	81	25.93	57.0	tss_intergenic	High Confidence (TSS_100.4)	5043.0	28.0166666666667
TIGR4_SP_1547_TSS_1455058_-	SP_1547	NC_003028.3	1455058	-	60	20	81	29.63	0.0	tss_intergenic	High Confidence (TSS_100.4)	1227.0	7.2603550295858
TIGR4_SP_1549_TSS_1457417_-	SP_1549	NC_003028.3	1457417	-	60	20	81	35.8	32.0	tss_intergenic	High Confidence (TSS_100.4)	571.0	6.87951807228916
TIGR4_SSRC10_TSS_1461189_-	SSRC10	NC_003028.3	1461189	-	60	20	81	37.04	1.0	tss_intergenic	High Confidence (TSS_100.4)	85420.0	9.67712699671462
TIGR4_SP_1555_TSS_1466553_-	SP_1555	NC_003028.3	1466553	-	60	20	81	41.98	90.0	tss_intergenic	High Confidence (TSS_100.4)	8623.0	8623.0
TIGR4_SP_1558_TSS_1467989_-	SP_1558	NC_003028.3	1467989	-	60	20	81	29.63	13.0	tss_intergenic	High Confidence (TSS_100.4)	1173.0	4.54651162790698
TIGR4_SP_1561_TSS_1471067_-	SP_1561	NC_003028.3	1471067	-	60	20	81	35.8	30.0	tss_intergenic	High Confidence (TSS_100.4)	2192.0	8.33460076045627
TIGR4_SP_1569_TSS_1477416_-	SP_1569	NC_003028.3	1477416	-	60	20	81	37.04	201.0	tss_within_coding	High Confidence (TSS_100.4)	350.0	350.0
TIGR4_SP_1571_TSS_1477944_-	SP_1571	NC_003028.3	1477944	-	60	20	81	29.63	21.0	tss_intergenic	High Confidence (TSS_100.4)	13195.0	6.69796954314721
TIGR4_SP_1572_TSS_1478619_-	SP_1572	NC_003028.3	1478619	-	60	20	81	29.63	30.0	tss_intergenic	High Confidence (TSS_100.4)	152503.0	25.6912061994609
TIGR4_SP_1573_TSS_1480703_-	SP_1573	NC_003028.3	1480703	-	60	20	81	44.44	164.0	tss_within_coding	High Confidence (TSS_100.4)	170.0	170.0
TIGR4_SP_1574_TSS_1481397_-	SP_1574	NC_003028.3	1481397	-	60	20	81	28.4	30.0	tss_intergenic	High Confidence (TSS_100.4)	27091.0	9.48232411620581
TIGR4_SP_1576_TSS_1483164_-	SP_1576	NC_003028.3	1483164	-	60	20	81	25.93	69.0	tss_intergenic	High Confidence (TSS_100.4)	1507.0	6.72767857142857
TIGR4_SP_1577_TSS_1483816_-	SP_1577	NC_003028.3	1483816	-	60	20	81	20.99	27.0	tss_intergenic	High Confidence (TSS_100.4)	6745.0	13.0717054263566
TIGR4_SP_1578_TSS_1484656_-	SP_1578	NC_003028.3	1484656	-	60	20	81	23.46	22.0	tss_intergenic	High Confidence (TSS_100.4)	366.0	12.6206896551724
TIGR4_SP_1580_TSS_1486291_-	SP_1580	NC_003028.3	1486291	-	60	20	81	24.69	26.0	tss_intergenic	High Confidence (TSS_100.4)	3401.0	6.04085257548845
TIGR4_SP_1584_TSS_1489522_-	SP_1584	NC_003028.3	1489522	-	60	20	81	24.69	20.0	tss_intergenic	High Confidence (TSS_100.4)	9334.0	8.66666666666667
TIGR4_SP_1586_TSS_1491484_-	SP_1586	NC_003028.3	1491484	-	60	20	81	35.8	144.0	tss_intergenic	High Confidence (TSS_100.4)	13949.0	59.8669527896996
TIGR4_SP_1587_TSS_1492815_-	SP_1587	NC_003028.3	1492815	-	60	20	81	23.46	50.0	tss_intergenic	High Confidence (TSS_100.4)	2553.0	11.1484716157205
TIGR4_SP_1599_TSS_1503185_-	SP_1599	NC_003028.3	1503185	-	60	20	81	30.86	0.0	tss_intergenic	High Confidence (TSS_100.4)	542.0	6.86075949367089
TIGR4_SP_1602_TSS_1505916_-	SP_1602	NC_003028.3	1505916	-	60	20	81	27.16	52.0	tss_intergenic	High Confidence (TSS_100.4)	43962.0	22.4754601226994
TIGR4_SP_1603_TSS_1507100_-	SP_1603	NC_003028.3	1507100	-	60	20	81	44.44	434.0	tss_within_coding	High Confidence (TSS_100.4)	143.0	143.0
TIGR4_SP_1607_TSS_1509476_-	SP_1607	NC_003028.3	1509476	-	60	20	81	29.63	30.0	tss_intergenic	High Confidence (TSS_100.4)	6752.0	7.40350877192982
TIGR4_SP_1610_TSS_1512354_-	SP_1610	NC_003028.3	1512354	-	60	20	81	37.04	26.0	tss_intergenic	High Confidence (TSS_100.4)	1053.0	4.63876651982379
TIGR4_SP_1623_TSS_1525664_-	SP_1623	NC_003028.3	1525664	-	60	20	81	18.52	0.0	tss_intergenic	High Confidence (TSS_100.4)	437.0	6.06944444444444
TIGR4_trn0761_TSS_1528401_-	trn0761	NC_003028.3	1528401	-	60	20	81	40.74	226.0	tss_within_coding	High Confidence (TSS_100.4)	790.0	790.0
TIGR4_S15_TSS_1528620_-	S15	NC_003028.3	1528620	-	60	20	81	25.93	23.0	tss_intergenic	High Confidence (TSS_100.4)	522359.0	52.6996569814366
TIGR4_SP_1633_TSS_1534207_-	SP_1633	NC_003028.3	1534207	-	60	20	81	37.04	15.0	tss_intergenic	High Confidence (TSS_100.4)	131.0	11.9090909090909
TIGR4_SP_1636_TSS_1536366_-	SP_1636	NC_003028.3	1536366	-	60	20	81	34.57	47.0	tss_intergenic	High Confidence (TSS_100.4)	542.0	542.0
TIGR4_SP_1637_TSS_1537261_-	SP_1637	NC_003028.3	1537261	-	60	20	81	30.86	18.0	tss_intergenic	High Confidence (TSS_100.4)	1392.0	7.52432432432432
TIGR4_SP_1645_TSS_1543991_-	SP_1645	NC_003028.3	1543991	-	60	20	81	28.4	18.0	tss_intergenic	High Confidence (TSS_100.4)	3471.0	7.20124481327801
TIGR4_SP_1647_TSS_1547601_-	SP_1647	NC_003028.3	1547601	-	60	20	81	24.69	25.0	tss_intergenic	High Confidence (TSS_100.4)	2763.0	5.74428274428274
TIGR4_SP_1653_TSS_1554668_-	SP_1653	NC_003028.3	1554668	-	60	20	81	23.46	152.0	tss_intergenic	High Confidence (TSS_100.4)	900.0	11.5384615384615
TIGR4_SP_1654_TSS_1557177_-	SP_1654	NC_003028.3	1557177	-	60	20	81	23.46	0.0	tss_intergenic	High Confidence (TSS_100.4)	270.0	6.92307692307692
TIGR4_SP_1655_TSS_1557968_-	SP_1655	NC_003028.3	1557968	-	60	20	81	34.57	46.0	tss_intergenic	High Confidence (TSS_100.4)	18355.0	7.39524576954069
TIGR4_SP_1660_TSS_1562621_-	SP_1660	NC_003028.3	1562621	-	60	20	81	43.21	279.0	tss_within_coding	High Confidence (TSS_100.4)	269.0	269.0
TIGR4_SP_1661_TSS_1563242_-	SP_1661	NC_003028.3	1563242	-	60	20	81	35.8	57.0	tss_within_coding	High Confidence (TSS_100.4)	517.0	517.0
TIGR4_SP_1663_TSS_1564572_-	SP_1663	NC_003028.3	1564572	-	60	20	81	43.21	345.0	tss_within_coding	High Confidence (TSS_100.4)	662.0	662.0
TIGR4_SP_1664_TSS_1565083_-	SP_1664	NC_003028.3	1565083	-	60	20	81	33.33	317.0	tss_within_coding	High Confidence (TSS_100.4)	156.0	156.0
TIGR4_SP_1666_TSS_1566939_-	SP_1666	NC_003028.3	1566939	-	60	20	81	39.51	228.0	tss_within_coding	High Confidence (TSS_100.4)	134.0	134.0
TIGR4_SP_1667_TSS_1568177_-	SP_1667	NC_003028.3	1568177	-	60	20	81	29.63	76.0	tss_intergenic	High Confidence (TSS_100.4)	13816.0	9.24765729585007
TIGR4_SP_1668_TSS_1569056_-	SP_1668	NC_003028.3	1569056	-	60	20	81	24.69	32.0	tss_intergenic	High Confidence (TSS_100.4)	1711.0	11.3311258278146
TIGR4_SP_1671_TSS_1572243_-	SP_1671	NC_003028.3	1572243	-	60	20	81	33.33	30.0	tss_intergenic	High Confidence (TSS_100.4)	6808.0	10.7721518987342
TIGR4_SP_1673_TSS_1575072_-	SP_1673	NC_003028.3	1575072	-	60	20	81	25.93	19.0	tss_intergenic	High Confidence (TSS_100.4)	1075.0	12.9518072289157
TIGR4_SP_1676_TSS_1577989_-	SP_1676	NC_003028.3	1577989	-	60	20	81	28.4	50.0	tss_intergenic	High Confidence (TSS_100.4)	323.0	323.0
TIGR4_SP_1694_TSS_1598827_-	SP_1694	NC_003028.3	1598827	-	60	20	81	22.22	130.0	tss_intergenic	High Confidence (TSS_100.4)	151.0	7.94736842105263
TIGR4_SP_1695_TSS_1600698_-	SP_1695	NC_003028.3	1600698	-	60	20	81	34.57	260.0	tss_within_coding	High Confidence (TSS_100.4)	8056.0	9.21739130434783
TIGR4_SP_1702_TSS_1609184_-	SP_1702	NC_003028.3	1609184	-	60	20	81	28.4	39.0	tss_intergenic	High Confidence (TSS_100.4)	1630.0	4.16879795396419
TIGR4_SP_1710_TSS_1614911_-	SP_1710	NC_003028.3	1614911	-	60	20	81	38.27	123.0	tss_within_coding	High Confidence (TSS_100.4)	141.0	141.0
TIGR4_SP_1713_TSS_1617347_-	SP_1713	NC_003028.3	1617347	-	60	20	81	32.1	22.0	tss_intergenic	High Confidence (TSS_100.4)	3769.0	4.67617866004963
TIGR4_SP_1717_TSS_1621835_-	SP_1717	NC_003028.3	1621835	-	60	20	81	33.33	21.0	tss_intergenic	High Confidence (TSS_100.4)	701.0	6.61320754716981
TIGR4_SP_1722_TSS_1627048_-	SP_1722	NC_003028.3	1627048	-	60	20	81	28.4	62.0	tss_intergenic	High Confidence (TSS_100.4)	394.0	9.85
TIGR4_SP_1727_TSS_1632281_-	SP_1727	NC_003028.3	1632281	-	60	20	81	28.4	14.0	tss_intergenic	High Confidence (TSS_100.4)	2272.0	8.70498084291188
TIGR4_SP_1731_TSS_1634605_-	SP_1731	NC_003028.3	1634605	-	60	20	81	35.8	21.0	tss_intergenic	High Confidence (TSS_100.4)	900.0	8.7378640776699
TIGR4_SP_1733_TSS_1637624_-	SP_1733	NC_003028.3	1637624	-	60	20	81	35.8	209.0	tss_within_coding	High Confidence (TSS_100.4)	4159.0	13.1198738170347
TIGR4_SP_1738_TSS_1643191_-	SP_1738	NC_003028.3	1643191	-	60	20	81	27.16	80.0	tss_intergenic	High Confidence (TSS_100.4)	7896.0	8.33790918690602
TIGR4_SP_1739_TSS_1644896_-	SP_1739	NC_003028.3	1644896	-	60	20	81	27.16	42.0	tss_intergenic	High Confidence (TSS_100.4)	18479.0	23.9987012987013
TIGR4_SP_1740_TSS_1645583_-	SP_1740	NC_003028.3	1645583	-	60	20	81	30.86	284.0	tss_within_coding	High Confidence (TSS_100.4)	232.0	12.2105263157895
TIGR4_SP_1750_TSS_1652616_-	SP_1750	NC_003028.3	1652616	-	60	20	81	39.51	500.0	tss_within_coding	High Confidence (TSS_100.4)	122.0	122.0
TIGR4_SP_1751_TSS_1652995_-	SP_1751	NC_003028.3	1652995	-	60	20	81	34.57	19.0	tss_intergenic	High Confidence (TSS_100.4)	2536.0	2536.0
TIGR4_SP_1772_TSS_1692765_-	SP_1772	NC_003028.3	1692765	-	60	20	81	25.93	55.0	tss_intergenic	High Confidence (TSS_100.4)	3634.0	16.0088105726872
TIGR4_SP_1778_TSS_1696882_-	SP_1778	NC_003028.3	1696882	-	60	20	81	27.16	25.0	tss_intergenic	High Confidence (TSS_100.4)	9055.0	17.7897838899804
TIGR4_SP_1785_TSS_1703473_-	SP_1785	NC_003028.3	1703473	-	60	20	81	29.63	81.0	tss_intergenic	High Confidence (TSS_100.4)	107.0	107.0
TIGR4_SP_1786_TSS_1704370_-	SP_1786	NC_003028.3	1704370	-	60	20	81	33.33	235.0	tss_within_coding	High Confidence (TSS_100.4)	1533.0	15.33
TIGR4_SP_1794_TSS_1710000_-	SP_1794	NC_003028.3	1710000	-	60	20	81	33.33	26.0	tss_intergenic	High Confidence (TSS_100.4)	3690.0	6.39514731369151
TIGR4_SP_1799_TSS_1716332_-	SP_1799	NC_003028.3	1716332	-	60	20	81	30.86	16.0	tss_intergenic	High Confidence (TSS_100.4)	4852.0	8.46771378708551
TIGR4_SP_1807_TSS_1721477_-	SP_1807	NC_003028.3	1721477	-	60	20	81	28.4	25.0	tss_intergenic	High Confidence (TSS_100.4)	597.0	5.33035714285714
TIGR4_SP_1810_TSS_1724156_-	SP_1810	NC_003028.3	1724156	-	60	20	81	22.22	26.0	tss_intergenic	High Confidence (TSS_100.4)	1791.0	4.53417721518987
TIGR4_SP_1838_TSS_1748320_-	SP_1838	NC_003028.3	1748320	-	60	20	81	27.16	37.0	tss_intergenic	High Confidence (TSS_100.4)	5413.0	16.6553846153846
TIGR4_SP_1844_TSS_1753079_-	SP_1844	NC_003028.3	1753079	-	60	20	81	29.63	26.0	tss_intergenic	High Confidence (TSS_100.4)	1672.0	8.23645320197044
TIGR4_SP_1850_TSS_1758448_-	SP_1850	NC_003028.3	1758448	-	60	20	81	23.46	56.0	tss_intergenic	High Confidence (TSS_100.4)	954.0	5.67857142857143
TIGR4_SP_1851_TSS_1759000_-	SP_1851	NC_003028.3	1759000	-	60	20	81	35.8	23.0	tss_intergenic	High Confidence (TSS_100.4)	176.0	8.38095238095238
TIGR4_SP_1859_TSS_1767250_-	SP_1859	NC_003028.3	1767250	-	60	20	81	23.46	136.0	tss_intergenic	High Confidence (TSS_100.4)	258.0	11.7272727272727
TIGR4_SP_1863_TSS_1770957_-	SP_1863	NC_003028.3	1770957	-	60	20	81	24.69	34.0	tss_intergenic	High Confidence (TSS_100.4)	2820.0	8.84012539184953
TIGR4_SP_1865_TSS_1773006_-	SP_1865	NC_003028.3	1773006	-	60	20	81	34.57	19.0	tss_intergenic	High Confidence (TSS_100.4)	2928.0	8.89969604863222
TIGR4_SP_1875_TSS_1780435_-	SP_1875	NC_003028.3	1780435	-	60	20	81	49.38	463.0	tss_within_coding	High Confidence (TSS_100.4)	483.0	483.0
TIGR4_SP_1881_TSS_1784266_-	SP_1881	NC_003028.3	1784266	-	60	20	81	32.1	99.0	tss_intergenic	High Confidence (TSS_100.4)	920.0	4.6
TIGR4_SP_1882_TSS_1784650_-	SP_1882	NC_003028.3	1784650	-	60	20	81	43.21	27.0	tss_intergenic	High Confidence (TSS_100.4)	11758.0	6.33854447439353
TIGR4_SP_1891_TSS_1797615_-	SP_1891	NC_003028.3	1797615	-	60	20	81	23.46	34.0	tss_intergenic	High Confidence (TSS_100.4)	6090.0	23.5135135135135
TIGR4_SP_2256_TSS_1809031_-	SP_2256	NC_003028.3	1809031	-	60	20	81	56.79	4.0	tss_intergenic	High Confidence (TSS_100.4)	2011.0	2011.0
TIGR4_SP_2261_TSS_1809473_-	SP_2261	NC_003028.3	1809473	-	60	20	81	45.68	16.0	tss_intergenic	High Confidence (TSS_100.4)	977.0	977.0
TIGR4_SP_2263_TSS_1809649_-	SP_2263	NC_003028.3	1809649	-	60	20	81	64.2	8.0	tss_intergenic	High Confidence (TSS_100.4)	1012.0	1012.0
TIGR4_SP_rrnaD16S_TSS_1815208_-	SP_rrnaD16S	NC_003028.3	1815208	-	60	20	81	32.1	151.0	tss_intergenic	High Confidence (TSS_100.4)	4284.0	37.9115044247788
TIGR4_SP_2271_TSS_1815401_-	SP_2271	NC_003028.3	1815401	-	60	20	81	23.46	18.0	tss_intergenic	High Confidence (TSS_100.4)	14622.0	86.0117647058824
TIGR4_SP_1901_TSS_1816800_-	SP_1901	NC_003028.3	1816800	-	60	20	81	28.4	0.0	tss_intergenic	High Confidence (TSS_100.4)	675.0	8.76623376623377
TIGR4_SP_1911_TSS_1824964_-	SP_1911	NC_003028.3	1824964	-	60	20	81	33.33	289.0	tss_within_coding	High Confidence (TSS_100.4)	148.0	8.22222222222222
TIGR4_SP_1915_TSS_1826800_-	SP_1915	NC_003028.3	1826800	-	60	20	81	35.8	14.0	tss_intergenic	High Confidence (TSS_100.4)	1217.0	1217.0
TIGR4_SP_1917_TSS_1827778_-	SP_1917	NC_003028.3	1827778	-	60	20	81	33.33	16.0	tss_intergenic	High Confidence (TSS_100.4)	210.0	5.67567567567568
TIGR4_SP_1922_TSS_1831044_-	SP_1922	NC_003028.3	1831044	-	60	20	81	23.46	29.0	tss_intergenic	High Confidence (TSS_100.4)	6049.0	13.265350877193
TIGR4_SP_1926_TSS_1834832_-	SP_1926	NC_003028.3	1834832	-	60	20	81	22.22	28.0	tss_intergenic	High Confidence (TSS_100.4)	3694.0	4.41866028708134
TIGR4_SP_1937_TSS_1841611_-	SP_1937	NC_003028.3	1841611	-	60	20	81	23.46	59.0	tss_intergenic	High Confidence (TSS_100.4)	3293.0	4.00121507
TIGR4_SP_1940_TSS_1844613_-	SP_1940	NC_003028.3	1844613	-	60	20	81	33.33	34.0	tss_intergenic	High Confidence (TSS_100.4)	5917.0	7.1289156626506
TIGR4_SP_1944_TSS_1847950_-	SP_1944	NC_003028.3	1847950	-	60	20	81	24.69	0.0	tss_intergenic	High Confidence (TSS_100.4)	2017.0	14.1048951048951
TIGR4_SP_1946_TSS_1849930_-	SP_1946	NC_003028.3	1849930	-	60	20	81	19.75	28.0	tss_intergenic	High Confidence (TSS_100.4)	3114.0	7.57664233576642
TIGR4_SP_1959_TSS_1862559_-	SP_1959	NC_003028.3	1862559	-	60	20	81	35.8	25.0	tss_intergenic	High Confidence (TSS_100.4)	723.0	5.69291338582677
TIGR4_SP_1963_TSS_1872006_-	SP_1963	NC_003028.3	1872006	-	60	20	81	23.46	25.0	tss_intergenic	High Confidence (TSS_100.4)	4610.0	6.32373113854595
TIGR4_SP_RS09885_TSS_1874791_-	SP_RS09885	NC_003028.3	1874791	-	60	20	81	30.86	0.0	tss_intergenic	High Confidence (TSS_100.4)	4457.0	8.13321167883212
TIGR4_SP_1969_TSS_1876887_-	SP_1969	NC_003028.3	1876887	-	60	20	81	33.33	0.0	tss_intergenic	High Confidence (TSS_100.4)	2078.0	6.14792899408284
TIGR4_SP_1972_TSS_1878768_-	SP_1972	NC_003028.3	1878768	-	60	20	81	29.63	29.0	tss_intergenic	High Confidence (TSS_100.4)	1157.0	4.84100418410042
TIGR4_SP_1973_TSS_1879535_-	SP_1973	NC_003028.3	1879535	-	60	20	81	30.86	0.0	tss_intergenic	High Confidence (TSS_100.4)	1754.0	7.04417670682731
TIGR4_SP_1976_TSS_1881748_-	SP_1976	NC_003028.3	1881748	-	60	20	81	28.4	28.0	tss_intergenic	High Confidence (TSS_100.4)	2173.0	5.45979899497487
TIGR4_SP_1978_TSS_1883416_-	SP_1978	NC_003028.3	1883416	-	60	20	81	45.68	320.0	tss_within_coding	High Confidence (TSS_100.4)	115.0	115.0
TIGR4_SP_1979_TSS_1884186_-	SP_1979	NC_003028.3	1884186	-	60	20	81	22.22	196.0	tss_within_coding	High Confidence (TSS_100.4)	1992.0	8.97297297297297
TIGR4_SP_1985_TSS_1889514_-	SP_1985	NC_003028.3	1889514	-	60	20	81	28.4	24.0	tss_intergenic	High Confidence (TSS_100.4)	1504.0	6.51082251082251
TIGR4_SP_1988_TSS_1892695_-	SP_1988	NC_003028.3	1892695	-	60	20	81	30.86	88.0	tss_within_coding	High Confidence (TSS_100.4)	958.0	5.84146341463415
TIGR4_SP_1991_TSS_1895188_-	SP_1991	NC_003028.3	1895188	-	60	20	81	40.74	20.0	tss_intergenic	High Confidence (TSS_100.4)	4863.0	8.09151414309484
TIGR4_SP_1993_TSS_1896852_-	SP_1993	NC_003028.3	1896852	-	60	20	81	33.33	68.0	tss_intergenic	High Confidence (TSS_100.4)	53473.0	16.5193080012357
TIGR4_SP_1994_TSS_1898167_-	SP_1994	NC_003028.3	1898167	-	60	20	81	33.33	24.0	tss_intergenic	High Confidence (TSS_100.4)	14612.0	11.96723996724
TIGR4_SP_1997_TSS_1900656_-	SP_1997	NC_003028.3	1900656	-	60	20	81	35.8	26.0	tss_intergenic	High Confidence (TSS_100.4)	2630.0	6.35265700483092
TIGR4_SP_1999_TSS_1903439_-	SP_1999	NC_003028.3	1903439	-	60	20	81	24.69	115.0	tss_intergenic	High Confidence (TSS_100.4)	35216.0	15.3179643323184
TIGR4_SP_2001_TSS_1905887_-	SP_2001	NC_003028.3	1905887	-	60	20	81	34.57	441.0	tss_within_coding	High Confidence (TSS_100.4)	820.0	7.88461538461539
TIGR4_SP_2275_TSS_1908306_-	SP_2275	NC_003028.3	1908306	-	60	20	81	64.2	8.0	tss_intergenic	High Confidence (TSS_100.4)	943.0	943.0
TIGR4_SP_2279_TSS_1908675_-	SP_2279	NC_003028.3	1908675	-	60	20	81	55.56	25.0	tss_intergenic	High Confidence (TSS_100.4)	3319.0	3319.0
TIGR4_SP_rrnaC16S_TSS_1913865_-	SP_rrnaC16S	NC_003028.3	1913865	-	60	20	81	32.1	151.0	tss_intergenic	High Confidence (TSS_100.4)	4362.0	34.3464566929134
TIGR4_SP_2283_TSS_1914058_-	SP_2283	NC_003028.3	1914058	-	60	20	81	25.93	18.0	tss_intergenic	High Confidence (TSS_100.4)	14754.0	91.639751552795
TIGR4_SP_2009_TSS_1915676_-	SP_2009	NC_003028.3	1915676	-	60	20	81	38.27	13.0	tss_intergenic	High Confidence (TSS_100.4)	235127.0	6.3546120375125
TIGR4_SP_2010_TSS_1917912_-	SP_2010	NC_003028.3	1917912	-	60	20	81	24.69	0.0	tss_intergenic	High Confidence (TSS_100.4)	648.0	5.31147540983607
TIGR4_SP_2012_TSS_1920038_-	SP_2012	NC_003028.3	1920038	-	60	20	81	29.63	89.0	tss_intergenic	High Confidence (TSS_100.4)	1552.0	1552.0
TIGR4_SP_RS12475_TSS_1921994_-	SP_RS12475	NC_003028.3	1921994	-	60	20	81	27.16	0.0	tss_intergenic	High Confidence (TSS_100.4)	10809.0	5.72813990461049
TIGR4_SP_2016_TSS_1923085_-	SP_2016	NC_003028.3	1923085	-	60	20	81	28.4	61.0	tss_intergenic	High Confidence (TSS_100.4)	1898.0	7.97478991596639
TIGR4_SP_2026_TSS_1933476_-	SP_2026	NC_003028.3	1933476	-	60	20	81	23.46	50.0	tss_intergenic	High Confidence (TSS_100.4)	23392.0	7.42367502380197
TIGR4_SP_2029_TSS_1934935_-	SP_2029	NC_003028.3	1934935	-	60	20	81	30.86	24.0	tss_intergenic	High Confidence (TSS_100.4)	20560.0	7.77021919879063
TIGR4_SP_2042_TSS_1947754_-	SP_2042	NC_003028.3	1947754	-	60	20	81	28.4	23.0	tss_intergenic	High Confidence (TSS_100.4)	11734.0	7.98231292517007
TIGR4_SP_2044_TSS_1949098_-	SP_2044	NC_003028.3	1949098	-	60	20	81	24.69	28.0	tss_intergenic	High Confidence (TSS_100.4)	352.0	4.63157894736842
TIGR4_SP_2045_TSS_1950074_-	SP_2045	NC_003028.3	1950074	-	60	20	81	29.63	0.0	tss_intergenic	High Confidence (TSS_100.4)	1186.0	8.35211267605634
TIGR4_SP_2054_TSS_1955035_-	SP_2054	NC_003028.3	1955035	-	60	20	81	30.86	12.0	tss_intergenic	High Confidence (TSS_100.4)	10413.0	8.09090909090909
TIGR4_SP_2055_TSS_1956262_-	SP_2055	NC_003028.3	1956262	-	60	20	81	19.75	36.0	tss_intergenic	High Confidence (TSS_100.4)	691.0	6.28181818181818
TIGR4_SP_2057_TSS_1959537_-	SP_2057	NC_003028.3	1959537	-	60	20	81	22.22	27.0	tss_intergenic	High Confidence (TSS_100.4)	9142.0	7.5616211745244
TIGR4_SP_2058_TSS_1960808_-	SP_2058	NC_003028.3	1960808	-	60	20	81	35.8	58.0	tss_intergenic	High Confidence (TSS_100.4)	2526.0	8.42
TIGR4_SP_2060_TSS_1962449_-	SP_2060	NC_003028.3	1962449	-	60	20	81	25.93	40.0	tss_intergenic	High Confidence (TSS_100.4)	379.0	379.0
TIGR4_SP_2062_TSS_1963350_-	SP_2062	NC_003028.3	1963350	-	60	20	81	22.22	126.0	tss_intergenic	High Confidence (TSS_100.4)	101.0	14.4285714285714
TIGR4_SP_2063_TSS_1964773_-	SP_2063	NC_003028.3	1964773	-	60	20	81	34.57	27.0	tss_intergenic	High Confidence (TSS_100.4)	57600.0	4.99003725201421
TIGR4_SP_2066_TSS_1968386_-	SP_2066	NC_003028.3	1968386	-	60	20	81	30.86	25.0	tss_intergenic	High Confidence (TSS_100.4)	475.0	6.88405797101449
TIGR4_SP_2067_TSS_1969752_-	SP_2067	NC_003028.3	1969752	-	60	20	81	19.75	38.0	tss_intergenic	High Confidence (TSS_100.4)	209.0	4.64444444444444
TIGR4_SP_2290_TSS_1970410_-	SP_2290	NC_003028.3	1970410	-	60	20	81	50.62	11.0	tss_intergenic	High Confidence (TSS_100.4)	1149.0	1149.0
TIGR4_SP_2291_TSS_1970582_-	SP_2291	NC_003028.3	1970582	-	60	20	81	54.32	83.0	tss_intergenic	High Confidence (TSS_100.4)	765.0	765.0
TIGR4_SP_2292_TSS_1970690_-	SP_2292	NC_003028.3	1970690	-	60	20	81	45.68	35.0	tss_intergenic	High Confidence (TSS_100.4)	2714.0	2714.0
TIGR4_SP_rrnaB16S_TSS_1975881_-	SP_rrnaB16S	NC_003028.3	1975881	-	60	20	81	32.1	151.0	tss_intergenic	High Confidence (TSS_100.4)	4424.0	29.4933333333333
TIGR4_SP_2296_TSS_1976075_-	SP_2296	NC_003028.3	1976075	-	60	20	81	23.46	18.0	tss_intergenic	High Confidence (TSS_100.4)	15036.0	88.9704142011834
TIGR4_SP_2069_TSS_1978123_-	SP_2069	NC_003028.3	1978123	-	60	20	81	35.8	36.0	tss_intergenic	High Confidence (TSS_100.4)	3820.0	6.27257799671593
TIGR4_SP_2070_TSS_1979581_-	SP_2070	NC_003028.3	1979581	-	60	20	81	30.86	21.0	tss_within_coding	High Confidence (TSS_100.4)	250.0	4.62962962962963
TIGR4_SP_2072_TSS_1980447_-	SP_2072	NC_003028.3	1980447	-	60	20	81	33.33	28.0	tss_intergenic	High Confidence (TSS_100.4)	101.0	14.4285714285714
TIGR4_SP_2075_TSS_1984877_-	SP_2075	NC_003028.3	1984877	-	60	20	81	34.57	67.0	tss_within_coding	High Confidence (TSS_100.4)	347.0	13.88
TIGR4_SP_2077_TSS_1988024_-	SP_2077	NC_003028.3	1988024	-	60	20	81	17.28	37.0	tss_intergenic	High Confidence (TSS_100.4)	2681.0	6.03828828828829
TIGR4_SP_2098_TSS_2007047_-	SP_2098	NC_003028.3	2007047	-	60	20	81	43.21	411.0	tss_within_coding	High Confidence (TSS_100.4)	556.0	556.0
TIGR4_SP_2099_TSS_2009178_-	SP_2099	NC_003028.3	2009178	-	60	20	81	30.86	12.0	tss_intergenic	High Confidence (TSS_100.4)	444.0	24.6666666666667
TIGR4_SP_2102_TSS_2013000_-	SP_2102	NC_003028.3	2013000	-	60	20	81	20.99	15.0	tss_intergenic	High Confidence (TSS_100.4)	67991.0	8.83
TIGR4_SP_2107_TSS_2020339_-	SP_2107	NC_003028.3	2020339	-	60	20	81	28.4	139.0	tss_intergenic	High Confidence (TSS_100.4)	1723.0	6.02447552447552
TIGR4_SP_2114_TSS_2029313_-	SP_2114	NC_003028.3	2029313	-	60	20	81	34.57	22.0	tss_intergenic	High Confidence (TSS_100.4)	2783.0	2783.0
TIGR4_SP_2115_TSS_2029883_-	SP_2115	NC_003028.3	2029883	-	60	20	81	38.27	10.0	tss_intergenic	High Confidence (TSS_100.4)	11174.0	16.6776119402985
TIGR4_SP_2119_TSS_2032040_-	SP_2119	NC_003028.3	2032040	-	60	20	81	24.69	357.0	tss_within_coding	High Confidence (TSS_100.4)	1201.0	4.01672240802676
TIGR4_SP_2121_TSS_2033750_-	SP_2121	NC_003028.3	2033750	-	60	20	81	24.69	23.0	tss_intergenic	High Confidence (TSS_100.4)	17684.0	4.21047619047619
TIGR4_SP_2124_TSS_2036213_-	SP_2124	NC_003028.3	2036213	-	60	20	81	41.98	11.0	tss_intergenic	High Confidence (TSS_100.4)	170.0	170.0
TIGR4_SP_2126_TSS_2038586_-	SP_2126	NC_003028.3	2038586	-	60	20	81	28.4	23.0	tss_intergenic	High Confidence (TSS_100.4)	1066.0	6.5
TIGR4_SP_2131_TSS_2044277_-	SP_2131	NC_003028.3	2044277	-	60	20	81	23.46	14.0	tss_intergenic	High Confidence (TSS_100.4)	457.0	32.6428571428571
TIGR4_trn1025_TSS_2048654_-	trn1025	NC_003028.3	2048654	-	60	20	81	22.22	10.0	tss_intergenic	High Confidence (TSS_100.4)	678.0	5.69747899159664
TIGR4_SP_2139_TSS_2050356_-	SP_2139	NC_003028.3	2050356	-	60	20	81	30.86	146.0	tss_intergenic	High Confidence (TSS_100.4)	263.0	5.97727272727273
TIGR4_SP_2144_TSS_2057444_-	SP_2144	NC_003028.3	2057444	-	60	20	81	28.4	30.0	tss_intergenic	High Confidence (TSS_100.4)	137.0	8.5625
TIGR4_SP_2146_TSS_2061682_-	SP_2146	NC_003028.3	2061682	-	60	20	81	27.16	293.0	tss_intergenic	High Confidence (TSS_100.4)	202.0	9.18181818181818
TIGR4_SP_2156_TSS_2070891_-	SP_2156	NC_003028.3	2070891	-	60	20	81	34.57	26.0	tss_intergenic	High Confidence (TSS_100.4)	471.0	6.72857142857143
TIGR4_SP_2157_TSS_2072181_-	SP_2157	NC_003028.3	2072181	-	60	20	81	29.63	35.0	tss_intergenic	High Confidence (TSS_100.4)	179.0	5.11428571428571
TIGR4_SP_2172_TSS_2090344_-	SP_2172	NC_003028.3	2090344	-	60	20	81	25.93	69.0	tss_intergenic	High Confidence (TSS_100.4)	2262.0	9.9647577092511
TIGR4_SP_2177_TSS_2094955_-	SP_2177	NC_003028.3	2094955	-	60	20	81	27.16	68.0	tss_intergenic	High Confidence (TSS_100.4)	1211.0	7.52173913043478
TIGR4_SP_2186_TSS_2106238_-	SP_2186	NC_003028.3	2106238	-	60	20	81	25.93	43.0	tss_intergenic	High Confidence (TSS_100.4)	744.0	7.29411764705882
TIGR4_SP_2187_TSS_2107802_-	SP_2187	NC_003028.3	2107802	-	60	20	81	27.16	21.0	tss_intergenic	High Confidence (TSS_100.4)	746.0	5.44525547445255
TIGR4_SP_2190_TSS_2112123_-	SP_2190	NC_003028.3	2112123	-	60	20	81	22.22	27.0	tss_intergenic	High Confidence (TSS_100.4)	210.0	5.1219512195122
TIGR4_SP_2191_TSS_2112724_-	SP_2191	NC_003028.3	2112724	-	60	20	81	24.69	22.0	tss_intergenic	High Confidence (TSS_100.4)	218.0	6.05555555555556
TIGR4_SP_2194_TSS_2118118_-	SP_2194	NC_003028.3	2118118	-	60	20	81	46.91	278.0	tss_within_coding	High Confidence (TSS_100.4)	226.0	226.0
TIGR4_SP_2195_TSS_2118336_-	SP_2195	NC_003028.3	2118336	-	60	20	81	32.1	36.0	tss_intergenic	High Confidence (TSS_100.4)	4742.0	8.45276292335116
TIGR4_SP_2199_TSS_2121369_-	SP_2199	NC_003028.3	2121369	-	60	20	81	30.86	165.0	tss_within_coding	High Confidence (TSS_100.4)	240.0	240.0
TIGR4_SP_2202_TSS_2123545_-	SP_2202	NC_003028.3	2123545	-	60	20	81	38.27	384.0	tss_within_coding	High Confidence (TSS_100.4)	545.0	5.09345794392523
TIGR4_SP_2203_TSS_2124926_-	SP_2203	NC_003028.3	2124926	-	60	20	81	33.33	411.0	tss_within_coding	High Confidence (TSS_100.4)	584.0	584.0
TIGR4_SP_2205_TSS_2126994_-	SP_2205	NC_003028.3	2126994	-	60	20	81	32.1	13.0	tss_intergenic	High Confidence (TSS_100.4)	4829.0	11.8068459657702
TIGR4_SP_2206_TSS_2127700_-	SP_2206	NC_003028.3	2127700	-	60	20	81	23.46	35.0	tss_intergenic	High Confidence (TSS_100.4)	13434.0	5.14121699196326
TIGR4_SP_2214_TSS_2134257_-	SP_2214	NC_003028.3	2134257	-	60	20	81	34.57	72.0	tss_intergenic	High Confidence (TSS_100.4)	202.0	202.0
TIGR4_SP_2215_TSS_2135152_-	SP_2215	NC_003028.3	2135152	-	60	20	81	24.69	109.0	tss_intergenic	High Confidence (TSS_100.4)	11624.0	15.8581173260573
TIGR4_SP_2216_TSS_2136474_-	SP_2216	NC_003028.3	2136474	-	60	20	81	28.4	29.0	tss_intergenic	High Confidence (TSS_100.4)	63910.0	63910.0
TIGR4_SP_2225_TSS_2144315_-	SP_2225	NC_003028.3	2144315	-	60	20	81	29.63	21.0	tss_intergenic	High Confidence (TSS_100.4)	8606.0	9.62639821029083
TIGR4_SP_2228_TSS_2147498_-	SP_2228	NC_003028.3	2147498	-	60	20	81	25.93	48.0	tss_intergenic	High Confidence (TSS_100.4)	2617.0	4.03858024691358
TIGR4_SP_2229_TSS_2148649_-	SP_2229	NC_003028.3	2148649	-	60	20	81	25.93	22.0	tss_intergenic	High Confidence (TSS_100.4)	6068.0	4.88566827697263
TIGR4_SP_2298_TSS_2155630_-	SP_2298	NC_003028.3	2155630	-	60	20	81	28.4	17.0	tss_intergenic	High Confidence (TSS_100.4)	144.0	24.0
TIGR4_SP_2237_TSS_2157927_-	SP_2237	NC_003028.3	2157927	-	60	20	81	24.69	42.0	tss_intergenic	High Confidence (TSS_100.4)	105.0	21.0
TIGR4_SP_2238_TSS_2158646_-	SP_2238	NC_003028.3	2158646	-	60	20	81	20.99	0.0	tss_intergenic	High Confidence (TSS_100.4)	1183.0	5.52803738317757
