Sequence_ID	Locus_Tag	Chromosome	TSS_Position	Strand	Upstream_bp	Downstream_bp	Window_Size	GC_Content	UTR5_Length	Location_Type	Confidence_Sheet	Processed_Coverage	Processed_Ratio
TIGR4_SP_0001_TSS_161_+	SP_0001	NC_003028.3	161	+	60	20	81	25.93	36.0	tss_intergenic	High Confidence (TSS_100.4)	642.0	5.83636363636364
TIGR4_SP_0002_TSS_1341_+	SP_0002	NC_003028.3	1341	+	60	20	81	33.33	376.0	tss_within_coding	Low Confidence (TSS_2.1)	26.0	1.04
TIGR4_SP_RS00015_TSS_2902_+	SP_RS00015	NC_003028.3	2902	+	60	20	81	37.04	16.0	tss_intergenic	High Confidence (TSS_100.4)	2525.0	8.5016835016835
TIGR4_SP_0004_TSS_3167_+	SP_0004	NC_003028.3	3167	+	60	20	81	35.8	29.0	tss_intergenic	High Confidence (TSS_100.4)	4798.0	17.1971326164875
TIGR4_SP_0005_TSS_4319_+	SP_0005	NC_003028.3	4319	+	60	20	81	30.86	63.0	tss_intergenic	Low Confidence (TSS_2.1)	34.0	1.13333333333333
TIGR4_SP_0006_TSS_4626_+	SP_0006	NC_003028.3	4626	+	60	20	81	33.33	326.0	tss_within_coding	Low Confidence (TSS_2.1)	40.0	1.0
TIGR4_SP_0007_TSS_8507_+	SP_0007	NC_003028.3	8507	+	60	20	81	20.99	12.0	tss_intergenic	High Confidence (TSS_100.4)	7507.0	5.93438735177866
TIGR4_SP_0008_TSS_8549_+	SP_0008	NC_003028.3	8549	+	60	20	81	28.4	229.0	tss_within_coding	Low Confidence (TSS_2.1)	133.0	1.11764705882353
TIGR4_SP_0010_TSS_9188_+	SP_0010	NC_003028.3	9188	+	60	20	81	32.1	78.0	tss_intergenic	High Confidence (TSS_100.4)	382.0	382.0
TIGR4_SP_0011_TSS_10372_+	SP_0011	NC_003028.3	10372	+	60	20	81	34.57	159.0	tss_within_coding	Low Confidence (TSS_2.1)	14.0	1.75
TIGR4_nan_TSS_11480_+	nan	NC_003028.3	11480	+	60	20	81	37.04	NA		Secondary TSS, High confidence		
TIGR4_SP_0012_TSS_11779_+	SP_0012	NC_003028.3	11779	+	60	20	81	23.46	33.0	tss_within_coding	High Confidence (TSS_100.4)	4719.0	6.6936170212766
TIGR4_SP_0013_TSS_12161_+	SP_0013	NC_003028.3	12161	+	60	20	81	32.1	209.0	tss_within_coding	Low Confidence (TSS_2.1)	133.0	1.04724409448819
TIGR4_nan_TSS_14006_+	nan	NC_003028.3	14006	+	60	20	81	43.21	NA		Secondary TSS, Low confidence		
TIGR4_SP_0014_TSS_14436_+	SP_0014	NC_003028.3	14436	+	60	20	81	32.1	14.0	tss_intergenic	High Confidence (TSS_100.4)	101.0	11.2222222222222
TIGR4_SP_2242_TSS_15005_+	SP_2242	NC_003028.3	15005	+	60	20	81	25.93	18.0	tss_intergenic	High Confidence (TSS_100.4)	15813.0	90.8793103448276
TIGR4_SP_rrnaA16S_TSS_15198_+	SP_rrnaA16S	NC_003028.3	15198	+	60	20	81	32.1	151.0	tss_intergenic	High Confidence (TSS_100.4)	9466.0	37.2677165354331
TIGR4_SP_2243_TSS_16543_+	SP_2243	NC_003028.3	16543	+	60	20	81	50.62	402.0	tss_within_coding	Low Confidence (TSS_2.1)	1762.0	2.14616321559074
TIGR4_SP_rrnaA23S_TSS_17052_+	SP_rrnaA23S	NC_003028.3	17052	+	60	20	81	40.74	89.0	tss_intergenic	Low Confidence (TSS_2.1)	18081.0	1.64119088681129
TIGR4_5_8S_rRNA_TSS_17144_+	5_8S_rRNA	NC_003028.3	17144	+	60	20	81	34.57	10.0	tss_intergenic	Low Confidence (TSS_2.1)	525774.0	2.81907284484145
TIGR4_SP_rrnaA5S_TSS_20100_+	SP_rrnaA5S	NC_003028.3	20100	+	60	20	81	30.86	20.0	tss_intergenic	High Confidence (TSS_100.4)	539.0	539.0
TIGR4_SP_2244_TSS_20170_+	SP_2244	NC_003028.3	20170	+	60	20	81	49.38	71.0	tss_within_coding	Low Confidence (TSS_2.1)	731.0	1.10090361445783
TIGR4_nan_TSS_20352_+	nan	NC_003028.3	20352	+	60	20	81	34.57	NA		Secondary TSS, High confidence		
TIGR4_SP_RS11515_TSS_20422_+	SP_RS11515	NC_003028.3	20422	+	60	20	81	25.93	0.0	tss_intergenic	High Confidence (TSS_100.4)	5853.0	7.92016238159675
TIGR4_SP_0018_TSS_22292_+	SP_0018	NC_003028.3	22292	+	60	20	81	28.4	67.0	tss_intergenic	Low Confidence (TSS_2.1)	6.0	1.2
TIGR4_SP_0019_TSS_22759_+	SP_0019	NC_003028.3	22759	+	60	20	81	23.46	73.0	tss_intergenic	High Confidence (TSS_100.4)	39490.0	31.3412698412698
TIGR4_csRNA_TSS_24164_+	csRNA	NC_003028.3	24164	+	60	20	81	35.8	1.0	tss_intergenic	Low Confidence (TSS_2.1)	3412.0	2.99298245614035
TIGR4_SP_0020_TSS_24292_+	SP_0020	NC_003028.3	24292	+	60	20	81	34.57	27.0	tss_intergenic	High Confidence (TSS_100.4)	1391.0	1391.0
TIGR4_Bacteria_small_SRP_TSS_24450_+	Bacteria_small_SRP	NC_003028.3	24450	+	60	20	81	43.21	369.0	tss_within_coding	Low Confidence (TSS_2.1)	33.0	1.1
TIGR4_nan_TSS_24827_+	nan	NC_003028.3	24827	+	60	20	81	29.63	NA		Secondary TSS, Low confidence		
TIGR4_SP_0021_TSS_24944_+	SP_0021	NC_003028.3	24944	+	60	20	81	24.69	29.0	tss_intergenic	High Confidence (TSS_100.4)	127.0	5.52173913043478
TIGR4_SP_0022_TSS_25328_+	SP_0022	NC_003028.3	25328	+	60	20	81	44.44	27.0	tss_intergenic	Low Confidence (TSS_2.1)	77.0	1.60416666666667
TIGR4_SP_RS00155_TSS_25834_+	SP_RS00155	NC_003028.3	25834	+	60	20	81	41.98	113.0	tss_within_coding	Low Confidence (TSS_2.1)	162.0	1.06578947368421
TIGR4_SP_0024_TSS_27035_+	SP_0024	NC_003028.3	27035	+	60	20	81	44.44	277.0	tss_within_coding	Low Confidence (TSS_2.1)	110.0	1.02803738317757
TIGR4_SP_0025_TSS_27627_+	SP_0025	NC_003028.3	27627	+	60	20	81	40.74	276.0	tss_within_coding	Low Confidence (TSS_2.1)	132.0	1.056
TIGR4_SP_0026_TSS_28009_+	SP_0026	NC_003028.3	28009	+	60	20	81	43.21	85.0	tss_within_coding	Low Confidence (TSS_2.1)	81.0	1.06578947368421
TIGR4_SP_0027_TSS_28813_+	SP_0027	NC_003028.3	28813	+	60	20	81	34.57	49.0	tss_intergenic	High Confidence (TSS_100.4)	11244.0	34.3853211009174
TIGR4_SP_0032_TSS_31533_+	SP_0032	NC_003028.3	31533	+	60	20	81	28.4	2.0	tss_intergenic	Low Confidence (TSS_2.1)	23.0	11.5
TIGR4_SP_0033_TSS_34234_+	SP_0033	NC_003028.3	34234	+	60	20	81	34.57	19.0	tss_intergenic	High Confidence (TSS_100.4)	179.0	179.0
TIGR4_SP_RS00205_TSS_34544_+	SP_RS00205	NC_003028.3	34544	+	60	20	81	43.21	187.0	tss_within_coding	Low Confidence (TSS_2.1)	17.0	17.0
TIGR4_SP_0035_TSS_36144_+	SP_0035	NC_003028.3	36144	+	60	20	81	38.27	24.0	tss_intergenic	High Confidence (TSS_100.4)	3258.0	13.4074074074074
TIGR4_SP_0036_TSS_37217_+	SP_0036	NC_003028.3	37217	+	60	20	81	46.91	117.0	tss_within_coding	Low Confidence (TSS_2.1)	34.0	1.47826086956522
TIGR4_SP_0037_TSS_37945_+	SP_0037	NC_003028.3	37945	+	60	20	81	38.27	156.0	tss_within_coding	Low Confidence (TSS_2.1)	167.0	1.03726708074534
TIGR4_SP_0038_TSS_38922_+	SP_0038	NC_003028.3	38922	+	60	20	81	45.68	177.0	tss_within_coding	Low Confidence (TSS_2.1)	486.0	1.0020618556701
TIGR4_SP_0039_TSS_39278_+	SP_0039	NC_003028.3	39278	+	60	20	81	37.04	85.0	tss_within_coding	Low Confidence (TSS_2.1)	160.0	1.0958904109589
TIGR4_SP_0041_TSS_39821_+	SP_0041	NC_003028.3	39821	+	60	20	81	27.16	50.0	tss_intergenic	High Confidence (TSS_100.4)	4381.0	5.46941323345818
TIGR4_F52_TSS_39890_+	F52	NC_003028.3	39890	+	60	20	81	23.46	446.0	tss_within_coding	Low Confidence (TSS_2.1)	277.0	1.01094890510949
TIGR4_SP_0042_TSS_40417_+	SP_0042	NC_003028.3	40417	+	60	20	81	33.33	399.0	tss_intergenic	Low Confidence (TSS_2.1)	50.0	1.04166666666667
TIGR4_SP_0043_TSS_42619_+	SP_0043	NC_003028.3	42619	+	60	20	81	55.56	363.0	tss_within_coding	Low Confidence (TSS_2.1)	21.0	3.0
TIGR4_SP_RS11535_TSS_44895_+	SP_RS11535	NC_003028.3	44895	+	60	20	81	34.57	315.0	tss_within_coding	Low Confidence (TSS_2.1)	44.0	1.41935483870968
TIGR4_SP_0045_TSS_45298_+	SP_0045	NC_003028.3	45298	+	60	20	81	44.44	112.0	tss_within_coding	Low Confidence (TSS_2.1)	25.0	1.13636363636364
TIGR4_SP_0047_TSS_50532_+	SP_0047	NC_003028.3	50532	+	60	20	81	41.98	357.0	tss_within_coding	Low Confidence (TSS_2.1)	31.0	1.40909090909091
TIGR4_SP_0048_TSS_51677_+	SP_0048	NC_003028.3	51677	+	60	20	81	45.68	231.0	tss_within_coding	Low Confidence (TSS_2.1)	20.0	1.05263157894737
TIGR4_SP_0049_TSS_52192_+	SP_0049	NC_003028.3	52192	+	60	20	81	44.44	345.0	tss_within_coding	Low Confidence (TSS_2.1)	17.0	3.4
TIGR4_SP_0050_TSS_52882_+	SP_0050	NC_003028.3	52882	+	60	20	81	27.16	189.0	tss_within_coding	Low Confidence (TSS_2.1)	74.0	1.19354838709677
TIGR4_SP_0051_TSS_54713_+	SP_0051	NC_003028.3	54713	+	60	20	81	25.93	27.0	tss_intergenic	High Confidence (TSS_100.4)	2675.0	10.7429718875502
TIGR4_SP_RS11540_TSS_55912_+	SP_RS11540	NC_003028.3	55912	+	60	20	81	49.38	163.0	tss_within_coding	Low Confidence (TSS_2.1)	111.0	1.12121212121212
TIGR4_SP_0052_TSS_56245_+	SP_0052	NC_003028.3	56245	+	60	20	81	39.51	14.0	tss_intergenic	Low Confidence (TSS_2.1)	29.0	1.26086956521739
TIGR4_SSRC8_2_TSS_56290_+	SSRC8_2	NC_003028.3	56290	+	60	20	81	41.98	8.0	tss_intergenic	Low Confidence (TSS_2.1)	4.0	2.0
TIGR4_SP_0053_TSS_56391_+	SP_0053	NC_003028.3	56391	+	60	20	81	45.68	14.0	tss_intergenic	Low Confidence (TSS_2.1)	9.0	1.0
TIGR4_SP_0054_TSS_56712_+	SP_0054	NC_003028.3	56712	+	60	20	81	51.85	168.0	tss_within_coding	Low Confidence (TSS_2.1)	38.0	1.80952380952381
TIGR4_SP_0055_TSS_57883_+	SP_0055	NC_003028.3	57883	+	60	20	81	39.51	98.0	tss_within_coding	High Confidence (TSS_100.4)	22552.0	9.22749590834697
TIGR4_nan_TSS_58074_+	nan	NC_003028.3	58074	+	60	20	81	38.27	NA		Secondary TSS, Low confidence		
TIGR4_SP_0056_TSS_58183_+	SP_0056	NC_003028.3	58183	+	60	20	81	38.27	88.0	tss_within_coding	High Confidence (TSS_100.4)	181.0	181.0
TIGR4_SP_0060_TSS_64910_+	SP_0060	NC_003028.3	64910	+	60	20	81	28.4	45.0	tss_intergenic	High Confidence (TSS_100.4)	498.0	10.1632653061224
TIGR4_SP_0065_TSS_69546_+	SP_0065	NC_003028.3	69546	+	60	20	81	46.91	114.0	tss_intergenic	Low Confidence (TSS_2.1)	14.0	14.0
TIGR4_SP_RS00370_TSS_72059_+	SP_RS00370	NC_003028.3	72059	+	60	20	81	34.57	82.0	tss_intergenic	Low Confidence (TSS_2.1)	8.0	8.0
TIGR4_SP_0071_TSS_73652_+	SP_0071	NC_003028.3	73652	+	60	20	81	19.75	109.0	tss_intergenic	High Confidence (TSS_100.4)	599.0	5.87254901960784
TIGR4_trn0027_TSS_78983_+	trn0027	NC_003028.3	78983	+	60	20	81	44.44	353.0	tss_within_coding	Low Confidence (TSS_2.1)	66.0	1.32
TIGR4_SP_0073_TSS_79653_+	SP_0073	NC_003028.3	79653	+	60	20	81	32.1	34.0	tss_intergenic	Low Confidence (TSS_2.1)	79.0	4.64705882352941
TIGR4_SP_0074_TSS_80628_+	SP_0074	NC_003028.3	80628	+	60	20	81	30.86	19.0	tss_intergenic	High Confidence (TSS_100.4)	3527.0	11.2324840764331
TIGR4_SP_0075_TSS_81400_+	SP_0075	NC_003028.3	81400	+	60	20	81	41.98	21.0	tss_intergenic	High Confidence (TSS_100.4)	458.0	6.27397260273973
TIGR4_SP_0079_TSS_84161_+	SP_0079	NC_003028.3	84161	+	60	20	81	30.86	30.0	tss_within_coding	Low Confidence (TSS_2.1)	249.0	1.06410256410256
TIGR4_SP_RS11555_TSS_84967_+	SP_RS11555	NC_003028.3	84967	+	60	20	81	37.04	24.0	tss_intergenic	High Confidence (TSS_100.4)	637.0	6.18446601941748
TIGR4_SP_RS00415_TSS_85059_+	SP_RS00415	NC_003028.3	85059	+	60	20	81	41.98	107.0	tss_within_coding	Low Confidence (TSS_2.1)	19.0	1.11764705882353
TIGR4_SP_RS00420_TSS_85472_+	SP_RS00420	NC_003028.3	85472	+	60	20	81	41.98	300.0	tss_within_coding	Low Confidence (TSS_2.1)	24.0	1.0
TIGR4_SP_0082_TSS_86266_+	SP_0082	NC_003028.3	86266	+	60	20	81	23.46	32.0	tss_intergenic	Low Confidence (TSS_2.1)	52.0	5.2
TIGR4_SP_0083_TSS_89005_+	SP_0083	NC_003028.3	89005	+	60	20	81	24.69	33.0	tss_intergenic	High Confidence (TSS_100.4)	1867.0	7.68312757201646
TIGR4_SP_0084_TSS_89312_+	SP_0084	NC_003028.3	89312	+	60	20	81	48.15	421.0	tss_within_coding	Low Confidence (TSS_2.1)	83.0	1.01219512195122
TIGR4_SP_0085_TSS_90828_+	SP_0085	NC_003028.3	90828	+	60	20	81	33.33	152.0	tss_intergenic	High Confidence (TSS_100.4)	19203.0	30.7740384615385
TIGR4_SpF01_sRNA_TSS_91266_+	SpF01_sRNA	NC_003028.3	91266	+	60	20	81	39.51	327.0	tss_within_coding	High Confidence (TSS_100.4)	341.0	341.0
TIGR4_nan_TSS_91398_+	nan	NC_003028.3	91398	+	60	20	81	45.68	NA		Secondary TSS, High confidence		
TIGR4_SP_0086_TSS_91769_+	SP_0086	NC_003028.3	91769	+	60	20	81	27.16	0.0	tss_intergenic	High Confidence (TSS_100.4)	9247.0	5.75062189054726
TIGR4_SP_0088_TSS_92142_+	SP_0088	NC_003028.3	92142	+	60	20	81	30.86	94.0	tss_intergenic	Low Confidence (TSS_2.1)	66.0	66.0
TIGR4_SP_RS00455_TSS_92364_+	SP_RS00455	NC_003028.3	92364	+	60	20	81	39.51	95.0	tss_within_coding	Low Confidence (TSS_2.1)	119.0	1.72463768115942
TIGR4_SP_0090_TSS_92933_+	SP_0090	NC_003028.3	92933	+	60	20	81	28.4	66.0	tss_intergenic	High Confidence (TSS_100.4)	158.0	9.875
TIGR4_SP_0095_TSS_96820_+	SP_0095	NC_003028.3	96820	+	60	20	81	28.4	50.0	tss_intergenic	High Confidence (TSS_100.4)	7575.0	12.6460767946578
TIGR4_SP_RS11560_TSS_97471_+	SP_RS11560	NC_003028.3	97471	+	60	20	81	50.62	445.0	tss_within_coding	Low Confidence (TSS_2.1)	298.0	1.0
TIGR4_SP_0096_TSS_98106_+	SP_0096	NC_003028.3	98106	+	60	20	81	28.4	25.0	tss_within_coding	Low Confidence (TSS_2.1)	93.0	5.47058823529412
TIGR4_SP_0102_TSS_103467_+	SP_0102	NC_003028.3	103467	+	60	20	81	28.4	2.0	tss_intergenic	Low Confidence (TSS_2.1)	2.0	2.0
TIGR4_SP_0103_TSS_104634_+	SP_0103	NC_003028.3	104634	+	60	20	81	19.75	34.0	tss_intergenic	Low Confidence (TSS_2.1)	301.0	2.89423076923077
TIGR4_F2_TSS_106253_+	F2	NC_003028.3	106253	+	60	20	81	44.44	280.0	tss_within_coding	Low Confidence (TSS_2.1)	62.0	62.0
TIGR4_SP_0107_TSS_109379_+	SP_0107	NC_003028.3	109379	+	60	20	81	27.16	25.0	tss_intergenic	High Confidence (TSS_100.4)	15419.0	4.44736083068936
TIGR4_SP_0109_TSS_110516_+	SP_0109	NC_003028.3	110516	+	60	20	81	25.93	278.0	tss_intergenic	Low Confidence (TSS_2.1)	6877.0	3.5485036119711
TIGR4_SP_0112_TSS_114051_+	SP_0112	NC_003028.3	114051	+	60	20	81	22.22	35.0	tss_intergenic	Low Confidence (TSS_2.1)	6.0	6.0
TIGR4_SP_0113_TSS_114784_+	SP_0113	NC_003028.3	114784	+	60	20	81	40.74	125.0	tss_within_coding	Low Confidence (TSS_2.1)	18.0	1.5
TIGR4_SP_0115_TSS_116209_+	SP_0115	NC_003028.3	116209	+	60	20	81	28.4	384.0	tss_intergenic	Low Confidence (TSS_2.1)	27.0	1.125
TIGR4_SP_RS11565_TSS_116649_+	SP_RS11565	NC_003028.3	116649	+	60	20	81	38.27	326.0	tss_within_coding	Low Confidence (TSS_2.1)	250.0	1.14678899082569
TIGR4_SP_0116_TSS_117313_+	SP_0116	NC_003028.3	117313	+	60	20	81	24.69	318.0	tss_intergenic	Low Confidence (TSS_2.1)	3.0	3.0
TIGR4_F4_TSS_118101_+	F4	NC_003028.3	118101	+	60	20	81	32.1	17.0	tss_intergenic	Low Confidence (TSS_2.1)	5.0	5.0
TIGR4_SP_0117_TSS_118380_+	SP_0117	NC_003028.3	118380	+	60	20	81	22.22	43.0	tss_intergenic	High Confidence (TSS_100.4)	34656.0	16.0
TIGR4_F5_TSS_120198_+	F5	NC_003028.3	120198	+	60	20	81	38.27	480.0	tss_within_coding	High Confidence (TSS_100.4)	215.0	215.0
TIGR4_trn0052_TSS_120744_+	trn0052	NC_003028.3	120744	+	60	20	81	25.93	22.0	tss_intergenic	Low Confidence (TSS_2.1)	8.0	8.0
TIGR4_SP_0118_TSS_120985_+	SP_0118	NC_003028.3	120985	+	60	20	81	35.8	73.0	tss_intergenic	High Confidence (TSS_100.4)	8087.0	26.0032154340836
TIGR4_Spd-sr37_TSS_122215_+	Spd-sr37	NC_003028.3	122215	+	60	20	81	29.63	2.0	tss_intergenic	High Confidence (TSS_100.4)	6486.0	10.150234741784
TIGR4_SP_0120_TSS_122466_+	SP_0120	NC_003028.3	122466	+	60	20	81	44.44	319.0	tss_within_coding	Low Confidence (TSS_2.1)	104.0	1.3
TIGR4_SP_0127_TSS_128277_+	SP_0127	NC_003028.3	128277	+	60	20	81	39.51	23.0	tss_intergenic	High Confidence (TSS_100.4)	1072.0	5.8579235
TIGR4_SP_0128_TSS_128716_+	SP_0128	NC_003028.3	128716	+	60	20	81	39.51	264.0	tss_within_coding	Low Confidence (TSS_2.1)	20.0	1.0
TIGR4_SP_0129_TSS_129159_+	SP_0129	NC_003028.3	129159	+	60	20	81	44.44	248.0	tss_within_coding	High Confidence (TSS_100.4)	130.0	130.0
TIGR4_nan_TSS_129217_+	nan	NC_003028.3	129217	+	60	20	81	49.38	NA		Secondary TSS, Low confidence		
TIGR4_F6_TSS_130197_+	F6	NC_003028.3	130197	+	60	20	81	41.98	242.0	tss_within_coding	Low Confidence (TSS_2.1)	29.0	1.0
TIGR4_SP_0133_TSS_132900_+	SP_0133	NC_003028.3	132900	+	60	20	81	33.33	124.0	tss_intergenic	Low Confidence (TSS_2.1)	5.0	1.66666666666667
TIGR4_SP_0134_TSS_133565_+	SP_0134	NC_003028.3	133565	+	60	20	81	25.93	0.0	tss_intergenic	Low Confidence (TSS_2.1)	19.0	2.375
TIGR4_SP_0136_TSS_134022_+	SP_0136	NC_003028.3	134022	+	60	20	81	38.27	209.0	tss_within_coding	Low Confidence (TSS_2.1)	30.0	1.07142857142857
TIGR4_SP_0137_TSS_134856_+	SP_0137	NC_003028.3	134856	+	60	20	81	32.1	337.0	tss_within_coding	Low Confidence (TSS_2.1)	16.0	1.0
TIGR4_SP_0141_TSS_139528_+	SP_0141	NC_003028.3	139528	+	60	20	81	19.75	311.0	tss_intergenic	High Confidence (TSS_100.4)	453.0	15.1
TIGR4_nan_TSS_139819_+	nan	NC_003028.3	139819	+	60	20	81	25.93	NA		Secondary TSS, High confidence		
TIGR4_SP_0142_TSS_140916_+	SP_0142	NC_003028.3	140916	+	60	20	81	29.63	72.0	tss_intergenic	High Confidence (TSS_100.4)	3729.0	5.20810055865922
TIGR4_SP_0143_TSS_141068_+	SP_0143	NC_003028.3	141068	+	60	20	81	44.44	175.0	tss_within_coding	Low Confidence (TSS_2.1)	175.0	1.15131578947368
TIGR4_SP_0144_TSS_141450_+	SP_0144	NC_003028.3	141450	+	60	20	81	39.51	482.0	tss_within_coding	Low Confidence (TSS_2.1)	34.0	1.0
TIGR4_srn026_TSS_144176_+	srn026	NC_003028.3	144176	+	60	20	81	44.44	41.0	tss_intergenic	Low Confidence (TSS_2.1)	3.0	3.0
TIGR4_SP_0147_TSS_144950_+	SP_0147	NC_003028.3	144950	+	60	20	81	41.98	136.0	tss_within_coding	Low Confidence (TSS_2.1)	14.0	2.0
TIGR4_SP_0148_TSS_145489_+	SP_0148	NC_003028.3	145489	+	60	20	81	28.4	24.0	tss_intergenic	High Confidence (TSS_100.4)	14415.0	14415.0
TIGR4_SP_0149_TSS_146472_+	SP_0149	NC_003028.3	146472	+	60	20	81	25.93	25.0	tss_intergenic	High Confidence (TSS_100.4)	5360.0	12.7923627684964
TIGR4_SP_0150_TSS_147159_+	SP_0150	NC_003028.3	147159	+	60	20	81	38.27	292.0	tss_within_coding	Low Confidence (TSS_2.1)	59.0	1.01724137931034
TIGR4_SP_0151_TSS_148541_+	SP_0151	NC_003028.3	148541	+	60	20	81	35.8	276.0	tss_within_coding	High Confidence (TSS_100.4)	4144.0	4.98076923076923
TIGR4_SP_0152_TSS_149421_+	SP_0152	NC_003028.3	149421	+	60	20	81	38.27	459.0	tss_within_coding	Low Confidence (TSS_2.1)	66.0	1.15789473684211
TIGR4_SP_0154_TSS_151283_+	SP_0154	NC_003028.3	151283	+	60	20	81	28.4	23.0	tss_intergenic	High Confidence (TSS_100.4)	291.0	5.49056603773585
TIGR4_SP_0155_TSS_151895_+	SP_0155	NC_003028.3	151895	+	60	20	81	37.04	3.0	tss_intergenic	Low Confidence (TSS_2.1)	8.0	1.0
TIGR4_SP_0156_TSS_153426_+	SP_0156	NC_003028.3	153426	+	60	20	81	38.27	154.0	tss_within_coding	Low Confidence (TSS_2.1)	53.0	1.51428571428571
TIGR4_SP_0157_TSS_154437_+	SP_0157	NC_003028.3	154437	+	60	20	81	34.57	433.0	tss_within_coding	Low Confidence (TSS_2.1)	18.0	3.0
TIGR4_SP_0158_TSS_155490_+	SP_0158	NC_003028.3	155490	+	60	20	81	29.63	39.0	tss_intergenic	High Confidence (TSS_100.4)	2285.0	4.0299823633157
TIGR4_SP_RS11585_TSS_155702_+	SP_RS11585	NC_003028.3	155702	+	60	20	81	39.51	304.0	tss_within_coding	Low Confidence (TSS_2.1)	144.0	1.33333333333333
TIGR4_SP_0162_TSS_158823_+	SP_0162	NC_003028.3	158823	+	60	20	81	34.57	26.0	tss_intergenic	Low Confidence (TSS_2.1)	4.0	4.0
TIGR4_SP_0165_TSS_160189_+	SP_0165	NC_003028.3	160189	+	60	20	81	22.22	195.0	tss_intergenic	Low Confidence (TSS_2.1)	115.0	3.83333333333333
TIGR4_SP_0166_TSS_160919_+	SP_0166	NC_003028.3	160919	+	60	20	81	32.1	243.0	tss_within_coding	Low Confidence (TSS_2.1)	427.0	1.05432098765432
TIGR4_SP_0167_TSS_161833_+	SP_0167	NC_003028.3	161833	+	60	20	81	27.16	411.0	tss_within_coding	Low Confidence (TSS_2.1)	20.0	1.05263157894737
TIGR4_SP_RS11595_TSS_164845_+	SP_RS11595	NC_003028.3	164845	+	60	20	81	22.22	3.0	tss_intergenic	Low Confidence (TSS_2.1)	6.0	6.0
TIGR4_SP_0171_TSS_164878_+	SP_0171	NC_003028.3	164878	+	60	20	81	29.63	357.0	tss_within_coding	Low Confidence (TSS_2.1)	14.0	3.5
TIGR4_SP_RS11605_TSS_165576_+	SP_RS11605	NC_003028.3	165576	+	60	20	81	37.04	59.0	tss_intergenic	Low Confidence (TSS_2.1)	7.0	7.0
TIGR4_SP_0179_TSS_171819_+	SP_0179	NC_003028.3	171819	+	60	20	81	32.1	24.0	tss_intergenic	High Confidence (TSS_100.4)	1316.0	6.32692308
TIGR4_SP_0180_TSS_172225_+	SP_0180	NC_003028.3	172225	+	60	20	81	48.15	221.0	tss_within_coding	Low Confidence (TSS_2.1)	66.0	1.0
TIGR4_SP_0181_TSS_172512_+	SP_0181	NC_003028.3	172512	+	60	20	81	54.32	494.0	tss_within_coding	Low Confidence (TSS_2.1)	27.0	1.03846153846154
TIGR4_SP_0186_TSS_176853_+	SP_0186	NC_003028.3	176853	+	60	20	81	32.1	24.0	tss_intergenic	High Confidence (TSS_100.4)	813.0	6.66393442622951
TIGR4_SP_0187_TSS_179462_+	SP_0187	NC_003028.3	179462	+	60	20	81	48.15	239.0	tss_within_coding	Low Confidence (TSS_2.1)	190.0	1.24183006535948
TIGR4_SP_0188_TSS_180569_+	SP_0188	NC_003028.3	180569	+	60	20	81	44.44	198.0	tss_within_coding	Low Confidence (TSS_2.1)	19.0	1.11764705882353
TIGR4_SP_0189_TSS_180869_+	SP_0189	NC_003028.3	180869	+	60	20	81	33.33	25.0	tss_intergenic	High Confidence (TSS_100.4)	37768.0	6.12719013627515
TIGR4_SP_0191_TSS_181357_+	SP_0191	NC_003028.3	181357	+	60	20	81	30.86	1.0	tss_intergenic	High Confidence (TSS_100.4)	109.0	109.0
TIGR4_SP_0192_TSS_181990_+	SP_0192	NC_003028.3	181990	+	60	20	81	33.33	24.0	tss_intergenic	High Confidence (TSS_100.4)	17862.0	7.58471337579618
TIGR4_SP_RS00945_TSS_182282_+	SP_RS00945	NC_003028.3	182282	+	60	20	81	40.74	2.0	tss_intergenic	Low Confidence (TSS_2.1)	563.0	1.03683241252302
TIGR4_SP_0194_TSS_182571_+	SP_0194	NC_003028.3	182571	+	60	20	81	45.68	148.0	tss_within_coding	High Confidence (TSS_100.4)	6569.0	6569.0
TIGR4_nan_TSS_182690_+	nan	NC_003028.3	182690	+	60	20	81	25.93	NA		Secondary TSS, High confidence		
TIGR4_SP_0197_TSS_182815_+	SP_0197	NC_003028.3	182815	+	60	20	81	32.1	462.0	tss_within_coding	High Confidence (TSS_100.4)	198.0	198.0
TIGR4_SP_0198_TSS_184176_+	SP_0198	NC_003028.3	184176	+	60	20	81	53.09	354.0	tss_within_coding	Low Confidence (TSS_2.1)	54.0	1.25581395348837
TIGR4_nan_TSS_184820_+	nan	NC_003028.3	184820	+	60	20	81	48.15	NA		Secondary TSS, Low confidence		
TIGR4_SP_0199_TSS_185181_+	SP_0199	NC_003028.3	185181	+	60	20	81	30.86	40.0	tss_intergenic	High Confidence (TSS_100.4)	107.0	5.35
TIGR4_SP_0200_TSS_186987_+	SP_0200	NC_003028.3	186987	+	60	20	81	37.04	24.0	tss_intergenic	High Confidence (TSS_100.4)	7960.0	12.9220779220779
TIGR4_SP_0202_TSS_188640_+	SP_0202	NC_003028.3	188640	+	60	20	81	20.99	24.0	tss_intergenic	High Confidence (TSS_100.4)	3234.0	9.29310344827586
TIGR4_SP_0203_TSS_190834_+	SP_0203	NC_003028.3	190834	+	60	20	81	45.68	55.0	tss_within_coding	Low Confidence (TSS_2.1)	121.0	1.03418803418803
TIGR4_SP_0204_TSS_191045_+	SP_0204	NC_003028.3	191045	+	60	20	81	35.8	28.0	tss_intergenic	Low Confidence (TSS_2.1)	31.0	1.0
TIGR4_SP_0205_TSS_191400_+	SP_0205	NC_003028.3	191400	+	60	20	81	49.38	172.0	tss_within_coding	Low Confidence (TSS_2.1)	14.0	1.75
TIGR4_SP_0206_TSS_192019_+	SP_0206	NC_003028.3	192019	+	60	20	81	37.04	140.0	tss_within_coding	High Confidence (TSS_100.4)	131.0	6.89473684210526
TIGR4_SP_0207_TSS_192314_+	SP_0207	NC_003028.3	192314	+	60	20	81	37.04	123.0	tss_within_coding	Low Confidence (TSS_2.1)	21.0	1.10526315789474
TIGR4_SP_0208_TSS_192910_+	SP_0208	NC_003028.3	192910	+	60	20	81	38.27	132.0	tss_intergenic	High Confidence (TSS_100.4)	6375.0	5.41171477079796
TIGR4_nan_TSS_193269_+	nan	NC_003028.3	193269	+	60	20	81	37.04	NA		Secondary TSS, High confidence		
TIGR4_SP_0209_TSS_193352_+	SP_0209	NC_003028.3	193352	+	60	20	81	32.1	215.0	tss_intergenic	High Confidence (TSS_100.4)	279.0	279.0
TIGR4_SP_0210_TSS_194045_+	SP_0210	NC_003028.3	194045	+	60	20	81	55.56	173.0	tss_within_coding	Low Confidence (TSS_2.1)	1157.0	1.190329218107
TIGR4_SP_0211_TSS_194691_+	SP_0211	NC_003028.3	194691	+	60	20	81	37.04	150.0	tss_within_coding	Low Confidence (TSS_2.1)	79.0	1.31666666666667
TIGR4_SP_0212_TSS_194878_+	SP_0212	NC_003028.3	194878	+	60	20	81	35.8	277.0	tss_within_coding	High Confidence (TSS_100.4)	174.0	174.0
TIGR4_nan_TSS_195120_+	nan	NC_003028.3	195120	+	60	20	81	34.57	NA		Secondary TSS, Low confidence		
TIGR4_nan_TSS_195879_+	nan	NC_003028.3	195879	+	60	20	81	49.38	NA		Secondary TSS, Low confidence		
TIGR4_SP_0213_TSS_196070_+	SP_0213	NC_003028.3	196070	+	60	20	81	44.44	22.0	tss_intergenic	High Confidence (TSS_100.4)	1996.0	1996.0
TIGR4_nan_TSS_196210_+	nan	NC_003028.3	196210	+	60	20	81	37.04	NA		Secondary TSS, Low confidence		
TIGR4_SP_0215_TSS_196402_+	SP_0215	NC_003028.3	196402	+	60	20	81	39.51	340.0	tss_within_coding	High Confidence (TSS_100.4)	949.0	949.0
TIGR4_nan_TSS_196728_+	nan	NC_003028.3	196728	+	60	20	81	43.21	NA		Secondary TSS, High confidence		
TIGR4_nan_TSS_197020_+	nan	NC_003028.3	197020	+	60	20	81	39.51	NA		Secondary TSS, Low confidence		
TIGR4_SP_0216_TSS_197068_+	SP_0216	NC_003028.3	197068	+	60	20	81	37.04	331.0	tss_within_coding	High Confidence (TSS_100.4)	1547.0	1547.0
TIGR4_SP_0217_TSS_197575_+	SP_0217	NC_003028.3	197575	+	60	20	81	48.15	247.0	tss_within_coding	High Confidence (TSS_100.4)	2473.0	2473.0
TIGR4_nan_TSS_197648_+	nan	NC_003028.3	197648	+	60	20	81	44.44	NA		Secondary TSS, Low confidence		
TIGR4_SP_0218_TSS_197877_+	SP_0218	NC_003028.3	197877	+	60	20	81	37.04	176.0	tss_within_coding	High Confidence (TSS_100.4)	412.0	412.0
TIGR4_nan_TSS_197992_+	nan	NC_003028.3	197992	+	60	20	81	40.74	NA		Secondary TSS, Low confidence		
TIGR4_SP_0219_TSS_198091_+	SP_0219	NC_003028.3	198091	+	60	20	81	38.27	248.0	tss_within_coding	High Confidence (TSS_100.4)	631.0	631.0
TIGR4_nan_TSS_198270_+	nan	NC_003028.3	198270	+	60	20	81	45.68	NA		Secondary TSS, High confidence		
TIGR4_nan_TSS_198433_+	nan	NC_003028.3	198433	+	60	20	81	43.21	NA		Secondary TSS, Low confidence		
TIGR4_SP_0220_TSS_198578_+	SP_0220	NC_003028.3	198578	+	60	20	81	40.74	207.0	tss_within_coding	High Confidence (TSS_100.4)	374.0	374.0
TIGR4_SP_0221_TSS_198873_+	SP_0221	NC_003028.3	198873	+	60	20	81	41.98	241.0	tss_within_coding	High Confidence (TSS_100.4)	1577.0	1577.0
TIGR4_nan_TSS_198943_+	nan	NC_003028.3	198943	+	60	20	81	40.74	NA		Secondary TSS, Low confidence		
TIGR4_SP_0222_TSS_199478_+	SP_0222	NC_003028.3	199478	+	60	20	81	44.44	196.0	tss_within_coding	High Confidence (TSS_100.4)	751.0	751.0
TIGR4_nan_TSS_199537_+	nan	NC_003028.3	199537	+	60	20	81	41.98	NA		Secondary TSS, Low confidence		
TIGR4_trn0093_TSS_199936_+	trn0093	NC_003028.3	199936	+	60	20	81	38.27	88.0	tss_within_coding	Low Confidence (TSS_2.1)	138.0	1.04545454545455
TIGR4_SP_0224_TSS_200134_+	SP_0224	NC_003028.3	200134	+	60	20	81	40.74	94.0	tss_intergenic	High Confidence (TSS_100.4)	533.0	533.0
TIGR4_nan_TSS_200176_+	nan	NC_003028.3	200176	+	60	20	81	37.04	NA		Secondary TSS, High confidence		
TIGR4_nan_TSS_200711_+	nan	NC_003028.3	200711	+	60	20	81	34.57	NA		Secondary TSS, Low confidence		
TIGR4_SP_0225_TSS_200748_+	SP_0225	NC_003028.3	200748	+	60	20	81	38.27	70.0	tss_intergenic	High Confidence (TSS_100.4)	797.0	797.0
TIGR4_nan_TSS_201185_+	nan	NC_003028.3	201185	+	60	20	81	39.51	NA		Secondary TSS, Low confidence		
TIGR4_SP_0226_TSS_201386_+	SP_0226	NC_003028.3	201386	+	60	20	81	38.27	52.0	tss_intergenic	High Confidence (TSS_100.4)	156.0	156.0
TIGR4_SP_0227_TSS_201577_+	SP_0227	NC_003028.3	201577	+	60	20	81	49.38	235.0	tss_within_coding	High Confidence (TSS_100.4)	1469.0	1469.0
TIGR4_nan_TSS_201671_+	nan	NC_003028.3	201671	+	60	20	81	41.98	NA		Secondary TSS, High confidence		
TIGR4_nan_TSS_201847_+	nan	NC_003028.3	201847	+	60	20	81	38.27	NA		Secondary TSS, Low confidence		
TIGR4_SP_0228_TSS_202064_+	SP_0228	NC_003028.3	202064	+	60	20	81	41.98	214.0	tss_within_coding	High Confidence (TSS_100.4)	268.0	268.0
TIGR4_srn049_TSS_202335_+	srn049	NC_003028.3	202335	+	60	20	81	33.33	184.0	tss_within_coding	High Confidence (TSS_100.4)	253.0	253.0
TIGR4_nan_TSS_202506_+	nan	NC_003028.3	202506	+	60	20	81	39.51	NA		Secondary TSS, Low confidence		
TIGR4_nan_TSS_202584_+	nan	NC_003028.3	202584	+	60	20	81	43.21	NA		Secondary TSS, Low confidence		
TIGR4_SP_0229_TSS_202623_+	SP_0229	NC_003028.3	202623	+	60	20	81	44.44	24.0	tss_intergenic	High Confidence (TSS_100.4)	137.0	137.0
TIGR4_SP_0230_TSS_202650_+	SP_0230	NC_003028.3	202650	+	60	20	81	34.57	450.0	tss_within_coding	Low Confidence (TSS_2.1)	170.0	1.19718309859155
TIGR4_SP_0231_TSS_204269_+	SP_0231	NC_003028.3	204269	+	60	20	81	40.74	292.0	tss_within_coding	High Confidence (TSS_100.4)	149.0	149.0
TIGR4_SP_0232_TSS_205249_+	SP_0232	NC_003028.3	205249	+	60	20	81	30.86	67.0	tss_intergenic	High Confidence (TSS_100.4)	333371.0	13.118644734771
TIGR4_nan_TSS_205321_+	nan	NC_003028.3	205321	+	60	20	81	41.98	NA		Secondary TSS, Low confidence		
TIGR4_SP_0233_TSS_205539_+	SP_0233	NC_003028.3	205539	+	60	20	81	38.27	20.0	tss_intergenic	High Confidence (TSS_100.4)	409.0	409.0
TIGR4_nan_TSS_205685_+	nan	NC_003028.3	205685	+	60	20	81	38.27	NA		Secondary TSS, High confidence		
TIGR4_nan_TSS_205789_+	nan	NC_003028.3	205789	+	60	20	81	38.27	NA		Secondary TSS, High confidence		
TIGR4_SP_0235_TSS_205827_+	SP_0235	NC_003028.3	205827	+	60	20	81	41.98	249.0	tss_within_coding	High Confidence (TSS_100.4)	3797.0	3797.0
TIGR4_SP_0236_TSS_206428_+	SP_0236	NC_003028.3	206428	+	60	20	81	51.85	74.0	tss_within_coding	Low Confidence (TSS_2.1)	231.0	1.06944444444444
TIGR4_SP_0237_TSS_207165_+	SP_0237	NC_003028.3	207165	+	60	20	81	33.33	284.0	tss_within_coding	High Confidence (TSS_100.4)	1814.0	1814.0
TIGR4_nan_TSS_207370_+	nan	NC_003028.3	207370	+	60	20	81	38.27	NA		Secondary TSS, Low confidence		
TIGR4_nan_TSS_207550_+	nan	NC_003028.3	207550	+	60	20	81	43.21	NA		Secondary TSS, Low confidence		
TIGR4_L17DE_TSS_207654_+	L17DE	NC_003028.3	207654	+	60	20	81	44.44	197.0	tss_within_coding	High Confidence (TSS_100.4)	133.0	133.0
TIGR4_nan_TSS_207994_+	nan	NC_003028.3	207994	+	60	20	81	34.57	NA		Secondary TSS, High confidence		
TIGR4_SP_0238_TSS_208042_+	SP_0238	NC_003028.3	208042	+	60	20	81	30.86	58.0	tss_intergenic	High Confidence (TSS_100.4)	897.0	5.78709677419355
TIGR4_SP_0239_TSS_208357_+	SP_0239	NC_003028.3	208357	+	60	20	81	34.57	19.0	tss_within_coding	Low Confidence (TSS_2.1)	23.0	1.0952380952381
TIGR4_ccnE_TSS_209768_+	ccnE	NC_003028.3	209768	+	60	20	81	22.22	0.0	tss_intergenic	High Confidence (TSS_100.4)	3426.0	4.73204419889503
TIGR4_SP_0240_TSS_209866_+	SP_0240	NC_003028.3	209866	+	60	20	81	23.46	34.0	tss_within_coding	Low Confidence (TSS_2.1)	411.0	2.56875
TIGR4_SP_0247_TSS_216657_+	SP_0247	NC_003028.3	216657	+	60	20	81	29.63	94.0	tss_within_coding	Low Confidence (TSS_2.1)	34.0	1.25925925925926
TIGR4_SP_0248_TSS_217861_+	SP_0248	NC_003028.3	217861	+	60	20	81	19.75	65.0	tss_intergenic	High Confidence (TSS_100.4)	282.0	8.54545454545454
TIGR4_SP_0250_TSS_218418_+	SP_0250	NC_003028.3	218418	+	60	20	81	41.98	175.0	tss_within_coding	Low Confidence (TSS_2.1)	24.0	1.26315789473684
TIGR4_SP_0251_TSS_220027_+	SP_0251	NC_003028.3	220027	+	60	20	81	17.28	39.0	tss_intergenic	High Confidence (TSS_100.4)	146.0	7.68421052631579
TIGR4_SP_0252_TSS_222023_+	SP_0252	NC_003028.3	222023	+	60	20	81	35.8	500.0	tss_within_coding	Low Confidence (TSS_2.1)	46.0	1.27777777777778
TIGR4_SP_0253_TSS_223178_+	SP_0253	NC_003028.3	223178	+	60	20	81	35.8	31.0	tss_within_coding	Low Confidence (TSS_2.1)	16.0	1.06666666666667
TIGR4_SP_0254_TSS_224730_+	SP_0254	NC_003028.3	224730	+	60	20	81	29.63	22.0	tss_intergenic	High Confidence (TSS_100.4)	4067.0	5.32329842931937
TIGR4_SP_0255_TSS_227411_+	SP_0255	NC_003028.3	227411	+	60	20	81	30.86	37.0	tss_intergenic	High Confidence (TSS_100.4)	1288.0	5.57575757575758
TIGR4_SP_0256_TSS_227790_+	SP_0256	NC_003028.3	227790	+	60	20	81	44.44	365.0	tss_within_coding	Low Confidence (TSS_2.1)	13.0	2.16666666666667
TIGR4_ccnA_TSS_228626_+	ccnA	NC_003028.3	228626	+	60	20	81	27.16	0.0	tss_intergenic	High Confidence (TSS_100.4)	3519.0	3519.0
TIGR4_group-II-D1D4-3_TSS_228724_+	group-II-D1D4-3	NC_003028.3	228724	+	60	20	81	43.21	43.0	tss_intergenic	Low Confidence (TSS_2.1)	22.0	11.0
TIGR4_group-II-D1D4-1_TSS_229034_+	group-II-D1D4-1	NC_003028.3	229034	+	60	20	81	38.27	51.0	tss_intergenic	Low Confidence (TSS_2.1)	11.0	1.375
TIGR4_SP_RS01250_TSS_229132_+	SP_RS01250	NC_003028.3	229132	+	60	20	81	46.91	233.0	tss_within_coding	Low Confidence (TSS_2.1)	15.0	1.5
TIGR4_Intron_gpII_TSS_230136_+	Intron_gpII	NC_003028.3	230136	+	60	20	81	35.8	485.0	tss_within_coding	Low Confidence (TSS_2.1)	21.0	1.16666666666667
TIGR4_ccnB_TSS_230776_+	ccnB	NC_003028.3	230776	+	60	20	81	25.93	2.0	tss_intergenic	High Confidence (TSS_100.4)	134.0	6.38095238095238
TIGR4_F9_TSS_230822_+	F9	NC_003028.3	230822	+	60	20	81	20.99	488.0	tss_within_coding	Low Confidence (TSS_2.1)	146.0	1.10606060606061
TIGR4_SP_0259_TSS_231600_+	SP_0259	NC_003028.3	231600	+	60	20	81	33.33	0.0	tss_intergenic	High Confidence (TSS_100.4)	1154.0	6.82840236686391
TIGR4_SP_0260_TSS_232505_+	SP_0260	NC_003028.3	232505	+	60	20	81	38.27	74.0	tss_within_coding	Low Confidence (TSS_2.1)	56.0	1.27272727272727
TIGR4_ccnD_TSS_233186_+	ccnD	NC_003028.3	233186	+	60	20	81	27.16	0.0	tss_intergenic	High Confidence (TSS_100.4)	2687.0	9.52836879432624
TIGR4_SP_0261_TSS_233355_+	SP_0261	NC_003028.3	233355	+	60	20	81	30.86	27.0	tss_intergenic	High Confidence (TSS_100.4)	4600.0	14.1538461538462
TIGR4_SP_0262_TSS_233897_+	SP_0262	NC_003028.3	233897	+	60	20	81	41.98	252.0	tss_within_coding	Low Confidence (TSS_2.1)	100.0	100.0
TIGR4_SP_0263_TSS_234535_+	SP_0263	NC_003028.3	234535	+	60	20	81	45.68	439.0	tss_within_coding	Low Confidence (TSS_2.1)	64.0	1.20754716981132
TIGR4_SP_0264_TSS_236028_+	SP_0264	NC_003028.3	236028	+	60	20	81	33.33	218.0	tss_within_coding	Low Confidence (TSS_2.1)	56.0	1.16666666666667
TIGR4_SP_0265_TSS_238172_+	SP_0265	NC_003028.3	238172	+	60	20	81	28.4	26.0	tss_intergenic	High Confidence (TSS_100.4)	131.0	13.1
TIGR4_SP_0266_TSS_239695_+	SP_0266	NC_003028.3	239695	+	60	20	81	25.93	75.0	tss_intergenic	Low Confidence (TSS_2.1)	5064.0	2.18275862068965
TIGR4_SP_0267_TSS_241660_+	SP_0267	NC_003028.3	241660	+	60	20	81	32.1	37.0	tss_intergenic	High Confidence (TSS_100.4)	3045.0	12.0833333333333
TIGR4_SP_0270_TSS_246991_+	SP_0270	NC_003028.3	246991	+	60	20	81	32.1	35.0	tss_intergenic	High Confidence (TSS_100.4)	162.0	162.0
TIGR4_nan_TSS_247376_+	nan	NC_003028.3	247376	+	60	20	81	53.09	NA		Secondary TSS, Low confidence		
TIGR4_SP_0272_TSS_247404_+	SP_0272	NC_003028.3	247404	+	60	20	81	56.79	134.0	tss_within_coding	High Confidence (TSS_100.4)	242.0	242.0
TIGR4_srn068_TSS_247807_+	srn068	NC_003028.3	247807	+	60	20	81	49.38	337.0	tss_within_coding	High Confidence (TSS_100.4)	1606.0	1606.0
TIGR4_nan_TSS_248127_+	nan	NC_003028.3	248127	+	60	20	81	40.74	NA		Secondary TSS, High confidence		
TIGR4_nan_TSS_248210_+	nan	NC_003028.3	248210	+	60	20	81	41.98	NA		Secondary TSS, High confidence		
TIGR4_SP_0273_TSS_248401_+	SP_0273	NC_003028.3	248401	+	60	20	81	32.1	32.0	tss_intergenic	High Confidence (TSS_100.4)	23562.0	13.7467911318553
TIGR4_SP_0274_TSS_250286_+	SP_0274	NC_003028.3	250286	+	60	20	81	41.98	332.0	tss_within_coding	High Confidence (TSS_100.4)	1204.0	1204.0
TIGR4_nan_TSS_250597_+	nan	NC_003028.3	250597	+	60	20	81	30.86	NA		Secondary TSS, High confidence		
TIGR4_SP_0275_TSS_255092_+	SP_0275	NC_003028.3	255092	+	60	20	81	30.86	19.0	tss_intergenic	High Confidence (TSS_100.4)	1734.0	6.54339622641509
TIGR4_SP_0276_TSS_255348_+	SP_0276	NC_003028.3	255348	+	60	20	81	39.51	19.0	tss_within_coding	High Confidence (TSS_100.4)	219.0	219.0
TIGR4_SP_0277_TSS_255449_+	SP_0277	NC_003028.3	255449	+	60	20	81	30.86	217.0	tss_within_coding	Low Confidence (TSS_2.1)	41.0	1.025
TIGR4_SP_0278_TSS_255737_+	SP_0278	NC_003028.3	255737	+	60	20	81	35.8	103.0	tss_within_coding	Low Confidence (TSS_2.1)	15.0	1.875
TIGR4_SP_0279_TSS_256919_+	SP_0279	NC_003028.3	256919	+	60	20	81	50.62	172.0	tss_within_coding	Low Confidence (TSS_2.1)	138.0	1.24324324324324
TIGR4_SP_RS01365_TSS_257167_+	SP_RS01365	NC_003028.3	257167	+	60	20	81	44.44	175.0	tss_within_coding	Low Confidence (TSS_2.1)	236.0	1.28260869565217
TIGR4_SP_0280_TSS_257589_+	SP_0280	NC_003028.3	257589	+	60	20	81	29.63	0.0	tss_intergenic	High Confidence (TSS_100.4)	2356.0	5.91959798994975
TIGR4_SP_RS01375_TSS_258069_+	SP_RS01375	NC_003028.3	258069	+	60	20	81	45.68	339.0	tss_within_coding	Low Confidence (TSS_2.1)	30.0	1.57894736842105
TIGR4_SP_0281_TSS_258510_+	SP_0281	NC_003028.3	258510	+	60	20	81	32.1	19.0	tss_intergenic	High Confidence (TSS_100.4)	28094.0	5.08304686086485
TIGR4_SP_0287_TSS_265237_+	SP_0287	NC_003028.3	265237	+	60	20	81	19.75	31.0	tss_intergenic	High Confidence (TSS_100.4)	4343.0	12.6618075801749
TIGR4_SP_0288_TSS_266572_+	SP_0288	NC_003028.3	266572	+	60	20	81	39.51	164.0	tss_within_coding	Low Confidence (TSS_2.1)	23.0	2.55555555555556
TIGR4_SP_0289_TSS_267536_+	SP_0289	NC_003028.3	267536	+	60	20	81	29.63	35.0	tss_intergenic	High Confidence (TSS_100.4)	1351.0	5.97787610619469
TIGR4_SP_0290_TSS_268495_+	SP_0290	NC_003028.3	268495	+	60	20	81	37.04	22.0	tss_within_coding	High Confidence (TSS_100.4)	259.0	259.0
TIGR4_SP_0291_TSS_269646_+	SP_0291	NC_003028.3	269646	+	60	20	81	50.62	174.0	tss_within_coding	Low Confidence (TSS_2.1)	184.0	1.11515151515152
TIGR4_SP_0292_TSS_270031_+	SP_0292	NC_003028.3	270031	+	60	20	81	32.1	386.0	tss_within_coding	Low Confidence (TSS_2.1)	54.0	1.03846153846154
TIGR4_L13_leader_TSS_271945_+	L13_leader	NC_003028.3	271945	+	60	20	81	32.1	0.0	tss_intergenic	High Confidence (TSS_100.4)	60276.0	9.54942965779468
TIGR4_nan_TSS_272425_+	nan	NC_003028.3	272425	+	60	20	81	41.98	NA		Secondary TSS, Low confidence		
TIGR4_SP_0295_TSS_272497_+	SP_0295	NC_003028.3	272497	+	60	20	81	41.98	20.0	tss_intergenic	High Confidence (TSS_100.4)	688.0	688.0
TIGR4_SP_RS11655_TSS_275308_+	SP_RS11655	NC_003028.3	275308	+	60	20	81	24.69	0.0	tss_intergenic	High Confidence (TSS_100.4)	9220.0	5.65991405770411
TIGR4_SP_0301_TSS_275846_+	SP_0301	NC_003028.3	275846	+	60	20	81	39.51	296.0	tss_within_coding	Low Confidence (TSS_2.1)	19.0	1.1875
TIGR4_SP_0303_TSS_276816_+	SP_0303	NC_003028.3	276816	+	60	20	81	28.4	22.0	tss_intergenic	Low Confidence (TSS_2.1)	26.0	3.71428571428571
TIGR4_SP_RS01495_TSS_279097_+	SP_RS01495	NC_003028.3	279097	+	60	20	81	22.22	30.0	tss_intergenic	Low Confidence (TSS_2.1)	22.0	4.4
TIGR4_SP_0311_TSS_283758_+	SP_0311	NC_003028.3	283758	+	60	20	81	28.4	14.0	tss_intergenic	High Confidence (TSS_100.4)	9995.0	11.731220657277
TIGR4_SP_RS11670_TSS_283817_+	SP_RS11670	NC_003028.3	283817	+	60	20	81	34.57	131.0	tss_within_coding	Low Confidence (TSS_2.1)	6527.0	1.13296302725221
TIGR4_trn0156_TSS_284000_+	trn0156	NC_003028.3	284000	+	60	20	81	37.04	18.0	tss_intergenic	Low Confidence (TSS_2.1)	6.0	3.0
TIGR4_SpF10_sRNA_TSS_284189_+	SpF10_sRNA	NC_003028.3	284189	+	60	20	81	28.4	72.0	tss_intergenic	Low Confidence (TSS_2.1)	10.0	1.11111111111111
TIGR4_SpF11_sRNA_TSS_286115_+	SpF11_sRNA	NC_003028.3	286115	+	60	20	81	40.74	499.0	tss_within_coding	Low Confidence (TSS_2.1)	23.0	1.76923076923077
TIGR4_SP_0314_TSS_287399_+	SP_0314	NC_003028.3	287399	+	60	20	81	27.16	51.0	tss_intergenic	High Confidence (TSS_100.4)	164.0	7.1304347826087
TIGR4_SP_RS01535_TSS_291032_+	SP_RS01535	NC_003028.3	291032	+	60	20	81	41.98	35.0	tss_intergenic	Low Confidence (TSS_2.1)	7.0	2.33333333333333
TIGR4_SP_0321_TSS_295209_+	SP_0321	NC_003028.3	295209	+	60	20	81	24.69	39.0	tss_intergenic	Low Confidence (TSS_2.1)	6.0	6.0
TIGR4_SP_0328_TSS_301023_+	SP_0328	NC_003028.3	301023	+	60	20	81	30.86	33.0	tss_intergenic	Low Confidence (TSS_2.1)	2.0	2.0
TIGR4_SP_0330_TSS_302885_+	SP_0330	NC_003028.3	302885	+	60	20	81	37.04	18.0	tss_within_coding	High Confidence (TSS_100.4)	1730.0	7.39316239316239
TIGR4_SP_0335_TSS_306474_+	SP_0335	NC_003028.3	306474	+	60	20	81	49.38	85.0	tss_within_coding	Low Confidence (TSS_2.1)	386.0	1.24919093851133
TIGR4_SP_0336_TSS_306873_+	SP_0336	NC_003028.3	306873	+	60	20	81	30.86	7.0	tss_within_coding	Low Confidence (TSS_2.1)	228.0	3.73770491803279
TIGR4_SP_0337_TSS_308723_+	SP_0337	NC_003028.3	308723	+	60	20	81	41.98	411.0	tss_within_coding	Low Confidence (TSS_2.1)	41.0	1.07894736842105
TIGR4_SP_RS11680_TSS_309789_+	SP_RS11680	NC_003028.3	309789	+	60	20	81	43.21	480.0	tss_within_coding	Low Confidence (TSS_2.1)	13.0	1.44444444444444
TIGR4_SP_0338_TSS_310489_+	SP_0338	NC_003028.3	310489	+	60	20	81	32.1	234.0	tss_intergenic	Low Confidence (TSS_2.1)	187.0	3.81632653061224
TIGR4_SP_0342_TSS_315311_+	SP_0342	NC_003028.3	315311	+	60	20	81	24.69	27.0	tss_intergenic	High Confidence (TSS_100.4)	836.0	6.63492063492064
TIGR4_SP_RS01670_TSS_316710_+	SP_RS01670	NC_003028.3	316710	+	60	20	81	40.74	394.0	tss_within_coding	Low Confidence (TSS_2.1)	26.0	1.1304347826087
TIGR4_SP_RS11685_TSS_318702_+	SP_RS11685	NC_003028.3	318702	+	60	20	81	32.1	155.0	tss_intergenic	Low Confidence (TSS_2.1)	16.0	16.0
TIGR4_SP_0346_TSS_320053_+	SP_0346	NC_003028.3	320053	+	60	20	81	27.16	24.0	tss_intergenic	High Confidence (TSS_100.4)	1960.0	5.93939393939394
TIGR4_nan_TSS_321180_+	nan	NC_003028.3	321180	+	60	20	81	53.09	NA		Secondary TSS, Low confidence		
TIGR4_SP_0347_TSS_321242_+	SP_0347	NC_003028.3	321242	+	60	20	81	49.38	282.0	tss_within_coding	High Confidence (TSS_100.4)	143.0	143.0
TIGR4_nan_TSS_322073_+	nan	NC_003028.3	322073	+	60	20	81	34.57	NA		Secondary TSS, Low confidence		
TIGR4_SP_0348_TSS_322236_+	SP_0348	NC_003028.3	322236	+	60	20	81	37.04	28.0	tss_within_coding	High Confidence (TSS_100.4)	244.0	244.0
TIGR4_SP_0349_TSS_322904_+	SP_0349	NC_003028.3	322904	+	60	20	81	38.27	62.0	tss_within_coding	High Confidence (TSS_100.4)	369.0	369.0
TIGR4_SP_0350_TSS_324015_+	SP_0350	NC_003028.3	324015	+	60	20	81	29.63	14.0	tss_intergenic	High Confidence (TSS_100.4)	267.0	267.0
TIGR4_nan_TSS_324278_+	nan	NC_003028.3	324278	+	60	20	81	40.74	NA		Secondary TSS, Low confidence		
TIGR4_SP_0351_TSS_324398_+	SP_0351	NC_003028.3	324398	+	60	20	81	37.04	236.0	tss_within_coding	High Confidence (TSS_100.4)	225.0	225.0
TIGR4_nan_TSS_325660_+	nan	NC_003028.3	325660	+	60	20	81	35.8	NA		Secondary TSS, Low confidence		
TIGR4_SP_0352_TSS_325744_+	SP_0352	NC_003028.3	325744	+	60	20	81	28.4	124.0	tss_within_coding	High Confidence (TSS_100.4)	129.0	129.0
TIGR4_SP_0353_TSS_326785_+	SP_0353	NC_003028.3	326785	+	60	20	81	33.33	152.0	tss_within_coding	Low Confidence (TSS_2.1)	450.0	1.13350125944584
TIGR4_SP_0354_TSS_327700_+	SP_0354	NC_003028.3	327700	+	60	20	81	35.8	356.0	tss_within_coding	High Confidence (TSS_100.4)	227.0	227.0
TIGR4_nan_TSS_327914_+	nan	NC_003028.3	327914	+	60	20	81	34.57	NA		Secondary TSS, Low confidence		
TIGR4_SP_0355_TSS_329430_+	SP_0355	NC_003028.3	329430	+	60	20	81	25.93	41.0	tss_within_coding	Low Confidence (TSS_2.1)	51.0	51.0
TIGR4_SP_RS01740_TSS_330148_+	SP_RS01740	NC_003028.3	330148	+	60	20	81	30.86	380.0	tss_within_coding	Low Confidence (TSS_2.1)	69.0	69.0
TIGR4_SP_0357_TSS_331728_+	SP_0357	NC_003028.3	331728	+	60	20	81	33.33	46.0	tss_within_coding	Low Confidence (TSS_2.1)	174.0	1.02352941176471
TIGR4_SP_0358_TSS_332456_+	SP_0358	NC_003028.3	332456	+	60	20	81	32.1	419.0	tss_within_coding	Low Confidence (TSS_2.1)	311.0	1.01967213114754
TIGR4_SP_0359_TSS_333738_+	SP_0359	NC_003028.3	333738	+	60	20	81	33.33	292.0	tss_within_coding	High Confidence (TSS_100.4)	299.0	299.0
TIGR4_nan_TSS_333835_+	nan	NC_003028.3	333835	+	60	20	81	29.63	NA		Secondary TSS, Low confidence		
TIGR4_SP_0360_TSS_335185_+	SP_0360	NC_003028.3	335185	+	60	20	81	30.86	75.0	tss_within_coding	Low Confidence (TSS_2.1)	186.0	1.0391061452514
TIGR4_SP_RS11700_TSS_340823_+	SP_RS11700	NC_003028.3	340823	+	60	20	81	43.21	262.0	tss_within_coding	Low Confidence (TSS_2.1)	64.0	1.04918032786885
TIGR4_SP_0368_TSS_341274_+	SP_0368	NC_003028.3	341274	+	60	20	81	17.28	109.0	tss_within_coding	Low Confidence (TSS_2.1)	380.0	3.42342342342342
TIGR4_SP_0371_TSS_349633_+	SP_0371	NC_003028.3	349633	+	60	20	81	28.4	38.0	tss_intergenic	High Confidence (TSS_100.4)	1472.0	6.3175965665236
TIGR4_SP_0372_TSS_350245_+	SP_0372	NC_003028.3	350245	+	60	20	81	32.1	11.0	tss_intergenic	High Confidence (TSS_100.4)	63298.0	9.75466173524426
TIGR4_RNaseP_bact_b_TSS_350289_+	RNaseP_bact_b	NC_003028.3	350289	+	60	20	81	29.63	329.0	tss_within_coding	Low Confidence (TSS_2.1)	1548.0	1.1373989713446
TIGR4_srn098_TSS_350623_+	srn098	NC_003028.3	350623	+	60	20	81	29.63	1.0	tss_intergenic	Low Confidence (TSS_2.1)	348.0	1.10126582278481
TIGR4_SP_0373_TSS_351052_+	SP_0373	NC_003028.3	351052	+	60	20	81	33.33	31.0	tss_intergenic	High Confidence (TSS_100.4)	137.0	137.0
TIGR4_SP_0374_TSS_352113_+	SP_0374	NC_003028.3	352113	+	60	20	81	41.98	140.0	tss_within_coding	Low Confidence (TSS_2.1)	103.0	1.04040404040404
TIGR4_SP_0375_TSS_353699_+	SP_0375	NC_003028.3	353699	+	60	20	81	25.93	24.0	tss_intergenic	High Confidence (TSS_100.4)	4757.0	4.15458515283843
TIGR4_SP_0376_TSS_354852_+	SP_0376	NC_003028.3	354852	+	60	20	81	43.21	307.0	tss_within_coding	Low Confidence (TSS_2.1)	455.0	1.01336302895323
TIGR4_nan_TSS_355687_+	nan	NC_003028.3	355687	+	60	20	81	46.91	NA		Secondary TSS, Low confidence		
TIGR4_SP_0377_TSS_355932_+	SP_0377	NC_003028.3	355932	+	60	20	81	25.93	15.0	tss_intergenic	High Confidence (TSS_100.4)	181.0	15.0833333333333
TIGR4_SP_0378_TSS_356547_+	SP_0378	NC_003028.3	356547	+	60	20	81	39.51	440.0	tss_within_coding	Low Confidence (TSS_2.1)	16.0	2.28571428571429
TIGR4_SP_RS01865_TSS_360865_+	SP_RS01865	NC_003028.3	360865	+	60	20	81	30.86	0.0	tss_intergenic	Low Confidence (TSS_2.1)	33.0	6.6
TIGR4_SP_0381_TSS_361260_+	SP_0381	NC_003028.3	361260	+	60	20	81	25.93	58.0	tss_intergenic	High Confidence (TSS_100.4)	530.0	6.30952380952381
TIGR4_SP_0382_TSS_361947_+	SP_0382	NC_003028.3	361947	+	60	20	81	45.68	231.0	tss_within_coding	Low Confidence (TSS_2.1)	90.0	1.52542372881356
TIGR4_SP_0383_TSS_362698_+	SP_0383	NC_003028.3	362698	+	60	20	81	37.04	420.0	tss_within_coding	Low Confidence (TSS_2.1)	19.0	1.26666666666667
TIGR4_SP_0384_TSS_363671_+	SP_0384	NC_003028.3	363671	+	60	20	81	46.91	438.0	tss_within_coding	High Confidence (TSS_100.4)	116.0	116.0
TIGR4_nan_TSS_363879_+	nan	NC_003028.3	363879	+	60	20	81	44.44	NA		Secondary TSS, Low confidence		
TIGR4_SP_0385_TSS_365182_+	SP_0385	NC_003028.3	365182	+	60	20	81	39.51	14.0	tss_intergenic	Low Confidence (TSS_2.1)	266.0	3.16666666666667
TIGR4_SP_0386_TSS_365666_+	SP_0386	NC_003028.3	365666	+	60	20	81	43.21	225.0	tss_within_coding	Low Confidence (TSS_2.1)	35.0	1.52173913043478
TIGR4_SP_0387_TSS_366582_+	SP_0387	NC_003028.3	366582	+	60	20	81	37.04	318.0	tss_within_coding	Low Confidence (TSS_2.1)	18.0	1.5
TIGR4_SP_RS01905_TSS_367516_+	SP_RS01905	NC_003028.3	367516	+	60	20	81	50.62	17.0	tss_within_coding	Low Confidence (TSS_2.1)	41.0	1.05128205128205
TIGR4_SP_RS01910_TSS_367689_+	SP_RS01910	NC_003028.3	367689	+	60	20	81	33.33	67.0	tss_within_coding	Low Confidence (TSS_2.1)	14.0	1.07692307692308
TIGR4_SP_RS11710_TSS_367920_+	SP_RS11710	NC_003028.3	367920	+	60	20	81	35.8	109.0	tss_within_coding	Low Confidence (TSS_2.1)	25.0	1.78571428571429
TIGR4_SP_0389_TSS_368361_+	SP_0389	NC_003028.3	368361	+	60	20	81	35.8	90.0	tss_intergenic	High Confidence (TSS_100.4)	275.0	8.59375
TIGR4_SP_0390_TSS_368732_+	SP_0390	NC_003028.3	368732	+	60	20	81	28.4	39.0	tss_intergenic	Low Confidence (TSS_2.1)	119.0	1.08181818181818
TIGR4_SP_0391_TSS_369166_+	SP_0391	NC_003028.3	369166	+	60	20	81	24.69	445.0	tss_within_coding	Low Confidence (TSS_2.1)	114.0	1.07547169811321
TIGR4_SP_0394_TSS_372290_+	SP_0394	NC_003028.3	372290	+	60	20	81	25.93	20.0	tss_intergenic	Low Confidence (TSS_2.1)	61.0	10.1666666666667
TIGR4_SP_0400_TSS_378449_+	SP_0400	NC_003028.3	378449	+	60	20	81	20.99	32.0	tss_intergenic	High Confidence (TSS_100.4)	19181.0	8.11379018612521
TIGR4_SP_0404_TSS_384031_+	SP_0404	NC_003028.3	384031	+	60	20	81	28.4	12.0	tss_intergenic	High Confidence (TSS_100.4)	7040.0	8.78901373283396
TIGR4_SP_0406_TSS_384626_+	SP_0406	NC_003028.3	384626	+	60	20	81	41.98	368.0	tss_within_coding	Low Confidence (TSS_2.1)	78.0	78.0
TIGR4_Glycine_TSS_387425_+	Glycine	NC_003028.3	387425	+	60	20	81	23.46	69.0	tss_intergenic	High Confidence (TSS_100.4)	750.0	6.25
TIGR4_SP_0408_TSS_387613_+	SP_0408	NC_003028.3	387613	+	60	20	81	39.51	60.0	tss_intergenic	Low Confidence (TSS_2.1)	10.0	5.0
TIGR4_SP_0409_TSS_389101_+	SP_0409	NC_003028.3	389101	+	60	20	81	25.93	112.0	tss_intergenic	High Confidence (TSS_100.4)	2834.0	4.96322241681261
TIGR4_SP_0410_TSS_389849_+	SP_0410	NC_003028.3	389849	+	60	20	81	30.86	22.0	tss_intergenic	High Confidence (TSS_100.4)	488.0	6.68493150684932
TIGR4_SP_0416_TSS_395174_+	SP_0416	NC_003028.3	395174	+	60	20	81	20.99	50.0	tss_intergenic	High Confidence (TSS_100.4)	23142.0	9.22359505779195
TIGR4_SP_0417_TSS_395352_+	SP_0417	NC_003028.3	395352	+	60	20	81	41.98	306.0	tss_within_coding	Low Confidence (TSS_2.1)	789.0	1.06477732793522
TIGR4_nan_TSS_396190_+	nan	NC_003028.3	396190	+	60	20	81	48.15	NA		Secondary TSS, High confidence		
TIGR4_S15_TSS_396625_+	S15	NC_003028.3	396625	+	60	20	81	49.38	15.0	tss_within_coding	High Confidence (TSS_100.4)	463.0	463.0
TIGR4_SP_0418_TSS_396668_+	SP_0418	NC_003028.3	396668	+	60	20	81	32.1	24.0	tss_intergenic	High Confidence (TSS_100.4)	4196.0	4196.0
TIGR4_SP_0419_TSS_396968_+	SP_0419	NC_003028.3	396968	+	60	20	81	37.04	67.0	tss_intergenic	High Confidence (TSS_100.4)	10158.0	10158.0
TIGR4_SP_0420_TSS_397520_+	SP_0420	NC_003028.3	397520	+	60	20	81	46.91	482.0	tss_within_coding	Low Confidence (TSS_2.1)	1193.0	1.12018779342723
TIGR4_SP_0421_TSS_398937_+	SP_0421	NC_003028.3	398937	+	60	20	81	28.4	19.0	tss_intergenic	Low Confidence (TSS_2.1)	82.0	1.26153846153846
TIGR4_SP_0422_TSS_399369_+	SP_0422	NC_003028.3	399369	+	60	20	81	37.04	340.0	tss_within_coding	High Confidence (TSS_100.4)	2310.0	4.31775700934579
TIGR4_nan_TSS_399457_+	nan	NC_003028.3	399457	+	60	20	81	50.62	NA		Secondary TSS, High confidence		
TIGR4_nan_TSS_400561_+	nan	NC_003028.3	400561	+	60	20	81	50.62	NA		Secondary TSS, Low confidence		
TIGR4_SP_0423_TSS_400849_+	SP_0423	NC_003028.3	400849	+	60	20	81	39.51	98.0	tss_within_coding	High Confidence (TSS_100.4)	161.0	161.0
TIGR4_SP_0424_TSS_401149_+	SP_0424	NC_003028.3	401149	+	60	20	81	54.32	280.0	tss_within_coding	Low Confidence (TSS_2.1)	87.0	1.02352941176471
TIGR4_SP_0425_TSS_401751_+	SP_0425	NC_003028.3	401751	+	60	20	81	44.44	112.0	tss_within_coding	Low Confidence (TSS_2.1)	52.0	1.01960784313725
TIGR4_SP_0426_TSS_402806_+	SP_0426	NC_003028.3	402806	+	60	20	81	43.21	461.0	tss_within_coding	Low Confidence (TSS_2.1)	130.0	1.03174603174603
TIGR4_SP_0427_TSS_403850_+	SP_0427	NC_003028.3	403850	+	60	20	81	45.68	280.0	tss_within_coding	Low Confidence (TSS_2.1)	192.0	1.06077348066298
TIGR4_SP_0428_TSS_404666_+	SP_0428	NC_003028.3	404666	+	60	20	81	44.44	242.0	tss_within_coding	Low Confidence (TSS_2.1)	53.0	1.17777777777778
TIGR4_SP_0429_TSS_405045_+	SP_0429	NC_003028.3	405045	+	60	20	81	27.16	11.0	tss_within_coding	Low Confidence (TSS_2.1)	39.0	1.14705882352941
TIGR4_SP_0430_TSS_405108_+	SP_0430	NC_003028.3	405108	+	60	20	81	39.51	151.0	tss_within_coding	Low Confidence (TSS_2.1)	28.0	1.03703703703704
TIGR4_SP_0432_TSS_406154_+	SP_0432	NC_003028.3	406154	+	60	20	81	28.4	9.0	tss_intergenic	Low Confidence (TSS_2.1)	17.0	1.7
TIGR4_SP_0439_TSS_412432_+	SP_0439	NC_003028.3	412432	+	60	20	81	24.69	10.0	tss_intergenic	Low Confidence (TSS_2.1)	23.0	1.0
TIGR4_SP_RS11740_TSS_414194_+	SP_RS11740	NC_003028.3	414194	+	60	20	81	35.8	75.0	tss_intergenic	Low Confidence (TSS_2.1)	70.0	1.16666666666667
TIGR4_SP_RS11745_TSS_414530_+	SP_RS11745	NC_003028.3	414530	+	60	20	81	37.04	11.0	tss_intergenic	Low Confidence (TSS_2.1)	18.0	1.125
TIGR4_SP_0441_TSS_414817_+	SP_0441	NC_003028.3	414817	+	60	20	81	34.57	52.0	tss_intergenic	High Confidence (TSS_100.4)	86228.0	6.3170695970696
TIGR4_nan_TSS_415027_+	nan	NC_003028.3	415027	+	60	20	81	35.8	NA		Secondary TSS, High confidence		
TIGR4_SP_0442_TSS_415191_+	SP_0442	NC_003028.3	415191	+	60	20	81	32.1	23.0	tss_intergenic	High Confidence (TSS_100.4)	19400.0	7.47303543913713
TIGR4_SP_0443_TSS_415264_+	SP_0443	NC_003028.3	415264	+	60	20	81	35.8	318.0	tss_within_coding	Low Confidence (TSS_2.1)	244.0	1.02521008403361
TIGR4_SP_0445_TSS_417417_+	SP_0445	NC_003028.3	417417	+	60	20	81	20.99	32.0	tss_intergenic	High Confidence (TSS_100.4)	896.0	7.2258064516129
TIGR4_SP_0446_TSS_418691_+	SP_0446	NC_003028.3	418691	+	60	20	81	45.68	451.0	tss_within_coding	Low Confidence (TSS_2.1)	28.0	1.16666666666667
TIGR4_SP_0447_TSS_419636_+	SP_0447	NC_003028.3	419636	+	60	20	81	38.27	48.0	tss_intergenic	Low Confidence (TSS_2.1)	47.0	1.51612903225806
TIGR4_SP_0448_TSS_420747_+	SP_0448	NC_003028.3	420747	+	60	20	81	25.93	66.0	tss_intergenic	Low Confidence (TSS_2.1)	31.0	1.10714285714286
TIGR4_SP_0449_TSS_421094_+	SP_0449	NC_003028.3	421094	+	60	20	81	28.4	193.0	tss_intergenic	Low Confidence (TSS_2.1)	36.0	1.05882352941176
TIGR4_SP_0450_TSS_421540_+	SP_0450	NC_003028.3	421540	+	60	20	81	28.4	153.0	tss_within_coding	Low Confidence (TSS_2.1)	70.0	4.11764705882353
TIGR4_SP_0451_TSS_423653_+	SP_0451	NC_003028.3	423653	+	60	20	81	19.75	25.0	tss_intergenic	Low Confidence (TSS_2.1)	5010.0	2.26287262872629
TIGR4_SP_0454_TSS_426420_+	SP_0454	NC_003028.3	426420	+	60	20	81	27.16	25.0	tss_intergenic	High Confidence (TSS_100.4)	367.0	10.7941176470588
TIGR4_SP_0457_TSS_429839_+	SP_0457	NC_003028.3	429839	+	60	20	81	43.21	68.0	tss_intergenic	High Confidence (TSS_100.4)	241.0	241.0
TIGR4_SP_RS11765_TSS_431976_+	SP_RS11765	NC_003028.3	431976	+	60	20	81	30.86	0.0	tss_intergenic	Low Confidence (TSS_2.1)	7.0	1.75
TIGR4_SP_0459_TSS_432263_+	SP_0459	NC_003028.3	432263	+	60	20	81	30.86	45.0	tss_intergenic	High Confidence (TSS_100.4)	295507.0	5.15800038
TIGR4_SP_0462_TSS_438335_+	SP_0462	NC_003028.3	438335	+	60	20	81	32.1	13.0	tss_intergenic	Low Confidence (TSS_2.1)	2.0	1.0
TIGR4_SP_0463_TSS_441033_+	SP_0463	NC_003028.3	441033	+	60	20	81	33.33	199.0	tss_intergenic	Low Confidence (TSS_2.1)	29.0	1.11538461538462
TIGR4_SP_RS02290_TSS_443545_+	SP_RS02290	NC_003028.3	443545	+	60	20	81	37.04	1.0	tss_intergenic	Low Confidence (TSS_2.1)	5.0	1.0
TIGR4_SP_0466_TSS_444721_+	SP_0466	NC_003028.3	444721	+	60	20	81	35.8	74.0	tss_intergenic	Low Confidence (TSS_2.1)	2.0	2.0
TIGR4_SP_0467_TSS_445616_+	SP_0467	NC_003028.3	445616	+	60	20	81	37.04	164.0	tss_within_coding	Low Confidence (TSS_2.1)	15.0	1.15384615384615
TIGR4_SP_0476_TSS_455482_+	SP_0476	NC_003028.3	455482	+	60	20	81	32.1	26.0	tss_intergenic	Low Confidence (TSS_2.1)	7.0	7.0
TIGR4_SP_0481_TSS_462113_+	SP_0481	NC_003028.3	462113	+	60	20	81	30.86	15.0	tss_intergenic	High Confidence (TSS_100.4)	456.0	5.62962962962963
TIGR4_SP_0482_TSS_462676_+	SP_0482	NC_003028.3	462676	+	60	20	81	48.15	315.0	tss_within_coding	Low Confidence (TSS_2.1)	24.0	1.5
TIGR4_SP_RS02385_TSS_463349_+	SP_RS02385	NC_003028.3	463349	+	60	20	81	34.57	197.0	tss_within_coding	Low Confidence (TSS_2.1)	34.0	1.17241379310345
TIGR4_srn141_TSS_463569_+	srn141	NC_003028.3	463569	+	60	20	81	41.98	44.0	tss_intergenic	Low Confidence (TSS_2.1)	32.0	1.39130434782609
TIGR4_SP_0483_TSS_463880_+	SP_0483	NC_003028.3	463880	+	60	20	81	38.27	25.0	tss_intergenic	High Confidence (TSS_100.4)	3292.0	11.7571428571429
TIGR4_SP_0484_TSS_465164_+	SP_0484	NC_003028.3	465164	+	60	20	81	35.8	408.0	tss_within_coding	Low Confidence (TSS_2.1)	25.0	25.0
TIGR4_23S-methyl_TSS_466470_+	23S-methyl	NC_003028.3	466470	+	60	20	81	27.16	3.0	tss_intergenic	High Confidence (TSS_100.4)	1778.0	5.38787878787879
TIGR4_SP_0488_TSS_467156_+	SP_0488	NC_003028.3	467156	+	60	20	81	34.57	395.0	tss_within_coding	High Confidence (TSS_100.4)	29780.0	16.4439536167863
TIGR4_SP_0489_TSS_468098_+	SP_0489	NC_003028.3	468098	+	60	20	81	32.1	6.0	tss_intergenic	Low Confidence (TSS_2.1)	118.0	1.10280373831776
TIGR4_SP_0490_TSS_468430_+	SP_0490	NC_003028.3	468430	+	60	20	81	44.44	352.0	tss_within_coding	Low Confidence (TSS_2.1)	47.0	1.20512820512821
TIGR4_SP_RS02420_TSS_469144_+	SP_RS02420	NC_003028.3	469144	+	60	20	81	37.04	159.0	tss_within_coding	Low Confidence (TSS_2.1)	45.0	1.09756097560976
TIGR4_nan_TSS_469401_+	nan	NC_003028.3	469401	+	60	20	81	41.98	NA		Secondary TSS, High confidence		
TIGR4_SP_0493_TSS_469687_+	SP_0493	NC_003028.3	469687	+	60	20	81	35.8	52.0	tss_intergenic	High Confidence (TSS_100.4)	8148.0	10.4595635430039
TIGR4_F13_TSS_469992_+	F13	NC_003028.3	469992	+	60	20	81	46.91	352.0	tss_within_coding	High Confidence (TSS_100.4)	266.0	266.0
TIGR4_SP_RS02430_TSS_470386_+	SP_RS02430	NC_003028.3	470386	+	60	20	81	35.8	91.0	tss_within_coding	High Confidence (TSS_100.4)	535.0	5.09523809523809
TIGR4_srn145_TSS_470533_+	srn145	NC_003028.3	470533	+	60	20	81	40.74	28.0	tss_intergenic	Low Confidence (TSS_2.1)	20.0	1.33333333333333
TIGR4_SP_0494_TSS_470665_+	SP_0494	NC_003028.3	470665	+	60	20	81	35.8	66.0	tss_intergenic	Low Confidence (TSS_2.1)	25.0	1.25
TIGR4_SP_0498_TSS_476438_+	SP_0498	NC_003028.3	476438	+	60	20	81	25.93	91.0	tss_intergenic	Low Confidence (TSS_2.1)	57.0	19.0
TIGR4_SP_0499_TSS_481568_+	SP_0499	NC_003028.3	481568	+	60	20	81	23.46	30.0	tss_intergenic	High Confidence (TSS_100.4)	14995.0	7.31106777181863
TIGR4_nan_TSS_482529_+	nan	NC_003028.3	482529	+	60	20	81	46.91	NA		Secondary TSS, High confidence		
TIGR4_SP_0500_TSS_482916_+	SP_0500	NC_003028.3	482916	+	60	20	81	28.4	14.0	tss_intergenic	High Confidence (TSS_100.4)	831.0	5.03636363636364
TIGR4_SP_0501_TSS_483516_+	SP_0501	NC_003028.3	483516	+	60	20	81	23.46	18.0	tss_intergenic	High Confidence (TSS_100.4)	10699.0	8.26816074188563
TIGR4_SP_0502_TSS_483549_+	SP_0502	NC_003028.3	483549	+	60	20	81	29.63	378.0	tss_within_coding	Low Confidence (TSS_2.1)	634.0	1.07640067911715
TIGR4_SP_RS02475_TSS_485429_+	SP_RS02475	NC_003028.3	485429	+	60	20	81	30.86	24.0	tss_intergenic	Low Confidence (TSS_2.1)	28.0	9.33333333333333
TIGR4_SP_0506_TSS_487347_+	SP_0506	NC_003028.3	487347	+	60	20	81	33.33	44.0	tss_intergenic	High Confidence (TSS_100.4)	193.0	24.125
TIGR4_SP_0515_TSS_495355_+	SP_0515	NC_003028.3	495355	+	60	20	81	33.33	56.0	tss_intergenic	High Confidence (TSS_100.4)	129.0	129.0
TIGR4_SP_0516_TSS_496455_+	SP_0516	NC_003028.3	496455	+	60	20	81	37.04	17.0	tss_intergenic	Low Confidence (TSS_2.1)	129.0	1.0
TIGR4_SSRC8_2_TSS_497323_+	SSRC8_2	NC_003028.3	497323	+	60	20	81	40.74	24.0	tss_intergenic	Low Confidence (TSS_2.1)	1855.0	1.07723577235772
TIGR4_trn0290_TSS_497385_+	trn0290	NC_003028.3	497385	+	60	20	81	45.68	8.0	tss_intergenic	Low Confidence (TSS_2.1)	1316.0	1.10774410774411
TIGR4_SP_0517_TSS_497466_+	SP_0517	NC_003028.3	497466	+	60	20	81	37.04	19.0	tss_intergenic	High Confidence (TSS_100.4)	294.0	294.0
TIGR4_SP_RS02535_TSS_498825_+	SP_RS02535	NC_003028.3	498825	+	60	20	81	44.44	485.0	tss_within_coding	Low Confidence (TSS_2.1)	187.0	1.22222222222222
TIGR4_SpF14_sRNA_TSS_499523_+	SpF14_sRNA	NC_003028.3	499523	+	60	20	81	37.04	47.0	tss_intergenic	Low Confidence (TSS_2.1)	26.0	1.625
TIGR4_SP_0519_TSS_499986_+	SP_0519	NC_003028.3	499986	+	60	20	81	40.74	81.0	tss_intergenic	Low Confidence (TSS_2.1)	447.0	1.05424528301887
TIGR4_srn151_TSS_501224_+	srn151	NC_003028.3	501224	+	60	20	81	38.27	36.0	tss_intergenic	Low Confidence (TSS_2.1)	8.0	8.0
TIGR4_SP_0523_TSS_503237_+	SP_0523	NC_003028.3	503237	+	60	20	81	46.91	159.0	tss_within_coding	Low Confidence (TSS_2.1)	142.0	1.19327731092437
TIGR4_SP_0525_TSS_505204_+	SP_0525	NC_003028.3	505204	+	60	20	81	38.27	14.0	tss_intergenic	High Confidence (TSS_100.4)	136.0	15.1111111111111
TIGR4_SP_0526_TSS_505531_+	SP_0526	NC_003028.3	505531	+	60	20	81	44.44	30.0	tss_within_coding	Low Confidence (TSS_2.1)	60.0	1.03448275862069
TIGR4_SP_0527_TSS_505913_+	SP_0527	NC_003028.3	505913	+	60	20	81	46.91	399.0	tss_within_coding	Low Confidence (TSS_2.1)	76.0	1.13432835820896
TIGR4_SP_0532_TSS_512372_+	SP_0532	NC_003028.3	512372	+	60	20	81	20.99	11.0	tss_intergenic	Low Confidence (TSS_2.1)	147.0	1.18548387096774
TIGR4_SP_0533_TSS_512638_+	SP_0533	NC_003028.3	512638	+	60	20	81	41.98	83.0	tss_within_coding	Low Confidence (TSS_2.1)	66.0	66.0
TIGR4_SP_RS02625_TSS_512780_+	SP_RS02625	NC_003028.3	512780	+	60	20	81	39.51	174.0	tss_within_coding	Low Confidence (TSS_2.1)	31.0	1.34782608695652
TIGR4_SP_0535_TSS_513319_+	SP_0535	NC_003028.3	513319	+	60	20	81	33.33	51.0	tss_intergenic	High Confidence (TSS_100.4)	149.0	7.09523809523809
TIGR4_SP_RS11830_TSS_514138_+	SP_RS11830	NC_003028.3	514138	+	60	20	81	28.4	0.0	tss_intergenic	High Confidence (TSS_100.4)	386.0	5.21621621621622
TIGR4_SP_0539_TSS_515043_+	SP_0539	NC_003028.3	515043	+	60	20	81	25.93	49.0	tss_intergenic	Low Confidence (TSS_2.1)	13.0	6.5
TIGR4_SP_0540_TSS_515190_+	SP_0540	NC_003028.3	515190	+	60	20	81	37.04	172.0	tss_within_coding	Low Confidence (TSS_2.1)	15.0	2.5
TIGR4_SP_RS02670_TSS_516051_+	SP_RS02670	NC_003028.3	516051	+	60	20	81	44.44	11.0	tss_intergenic	Low Confidence (TSS_2.1)	21.0	21.0
TIGR4_SP_RS02675_TSS_516429_+	SP_RS02675	NC_003028.3	516429	+	60	20	81	29.63	87.0	tss_intergenic	Low Confidence (TSS_2.1)	518.0	3.67375886524823
TIGR4_SP_0544_TSS_516874_+	SP_0544	NC_003028.3	516874	+	60	20	81	37.04	78.0	tss_intergenic	Low Confidence (TSS_2.1)	8.0	4.0
TIGR4_SP_RS11840_TSS_518317_+	SP_RS11840	NC_003028.3	518317	+	60	20	81	35.8	27.0	tss_within_coding	Low Confidence (TSS_2.1)	18.0	4.5
TIGR4_SP_0549_TSS_519266_+	SP_0549	NC_003028.3	519266	+	60	20	81	38.27	23.0	tss_intergenic	High Confidence (TSS_100.4)	7196.0	8.5973715651135
TIGR4_SP_0550_TSS_520013_+	SP_0550	NC_003028.3	520013	+	60	20	81	32.1	67.0	tss_within_coding	Low Confidence (TSS_2.1)	282.0	1.1417004048583
TIGR4_SP_0552_TSS_520788_+	SP_0552	NC_003028.3	520788	+	60	20	81	37.04	53.0	tss_intergenic	High Confidence (TSS_100.4)	13629.0	6.33612273361227
TIGR4_SP_0553_TSS_521190_+	SP_0553	NC_003028.3	521190	+	60	20	81	48.15	174.0	tss_within_coding	Low Confidence (TSS_2.1)	430.0	1.22507122507123
TIGR4_SP_0554_TSS_522448_+	SP_0554	NC_003028.3	522448	+	60	20	81	48.15	74.0	tss_within_coding	Low Confidence (TSS_2.1)	97.0	1.2125
TIGR4_SP_0555_TSS_522526_+	SP_0555	NC_003028.3	522526	+	60	20	81	37.04	282.0	tss_within_coding	Low Confidence (TSS_2.1)	137.0	1.0703125
TIGR4_SP_0556_TSS_522840_+	SP_0556	NC_003028.3	522840	+	60	20	81	45.68	284.0	tss_within_coding	Low Confidence (TSS_2.1)	245.0	1.06521739130435
TIGR4_SP_0557_TSS_526090_+	SP_0557	NC_003028.3	526090	+	60	20	81	44.44	161.0	tss_intergenic	Low Confidence (TSS_2.1)	57.0	1.14
TIGR4_F16_TSS_528071_+	F16	NC_003028.3	528071	+	60	20	81	30.86	25.0	tss_intergenic	High Confidence (TSS_100.4)	761.0	10.4246575342466
TIGR4_SP_0563_TSS_529549_+	SP_0563	NC_003028.3	529549	+	60	20	81	37.04	331.0	tss_within_coding	Low Confidence (TSS_2.1)	57.0	1.425
TIGR4_SP_0564_TSS_530183_+	SP_0564	NC_003028.3	530183	+	60	20	81	28.4	47.0	tss_intergenic	High Confidence (TSS_100.4)	2602.0	7.41310541310541
TIGR4_T-box_TSS_530334_+	T-box	NC_003028.3	530334	+	60	20	81	49.38	327.0	tss_within_coding	Low Confidence (TSS_2.1)	57.0	1.14
TIGR4_F17_TSS_530674_+	F17	NC_003028.3	530674	+	60	20	81	35.8	95.0	tss_within_coding	Low Confidence (TSS_2.1)	1948.0	2.96499238964992
TIGR4_SP_0565_TSS_530961_+	SP_0565	NC_003028.3	530961	+	60	20	81	27.16	77.0	tss_intergenic	Low Confidence (TSS_2.1)	35.0	1.16666666666667
TIGR4_SP_0566_TSS_531098_+	SP_0566	NC_003028.3	531098	+	60	20	81	39.51	376.0	tss_within_coding	Low Confidence (TSS_2.1)	79.0	1.06756756756757
TIGR4_SP_0567_TSS_531999_+	SP_0567	NC_003028.3	531999	+	60	20	81	49.38	35.0	tss_within_coding	Low Confidence (TSS_2.1)	52.0	1.01960784313725
TIGR4_SP_0568_TSS_532336_+	SP_0568	NC_003028.3	532336	+	60	20	81	32.1	269.0	tss_within_coding	Low Confidence (TSS_2.1)	74.0	74.0
TIGR4_SP_0569_TSS_535316_+	SP_0569	NC_003028.3	535316	+	60	20	81	29.63	21.0	tss_intergenic	Low Confidence (TSS_2.1)	230.0	3.15068493150685
TIGR4_SP_0570_TSS_535547_+	SP_0570	NC_003028.3	535547	+	60	20	81	29.63	5.0	tss_intergenic	Low Confidence (TSS_2.1)	14.0	1.0
TIGR4_SP_0571_TSS_537424_+	SP_0571	NC_003028.3	537424	+	60	20	81	32.1	112.0	tss_intergenic	Low Confidence (TSS_2.1)	16.0	1.23076923076923
TIGR4_SP_0574_TSS_539953_+	SP_0574	NC_003028.3	539953	+	60	20	81	34.57	189.0	tss_intergenic	Low Confidence (TSS_2.1)	64.0	4.57142857142857
TIGR4_SpF19_sRNA_TSS_543003_+	SpF19_sRNA	NC_003028.3	543003	+	60	20	81	16.05	49.0	tss_intergenic	Low Confidence (TSS_2.1)	88.0	8.8
TIGR4_SP_0578_TSS_545430_+	SP_0578	NC_003028.3	545430	+	60	20	81	29.63	442.0	tss_within_coding	Low Confidence (TSS_2.1)	37.0	4.11111111111111
TIGR4_F20_TSS_547541_+	F20	NC_003028.3	547541	+	60	20	81	30.86	0.0	tss_intergenic	High Confidence (TSS_100.4)	14840.0	6.40759930915371
TIGR4_SP_0579_TSS_547755_+	SP_0579	NC_003028.3	547755	+	60	20	81	44.44	14.0	tss_intergenic	Low Confidence (TSS_2.1)	59.0	1.01724137931034
TIGR4_SP_0580_TSS_548711_+	SP_0580	NC_003028.3	548711	+	60	20	81	48.15	104.0	tss_within_coding	Low Confidence (TSS_2.1)	131.0	1.01550387596899
TIGR4_SP_0581_TSS_548934_+	SP_0581	NC_003028.3	548934	+	60	20	81	37.04	467.0	tss_within_coding	Low Confidence (TSS_2.1)	83.0	1.09210526315789
TIGR4_SP_0583_TSS_552738_+	SP_0583	NC_003028.3	552738	+	60	20	81	34.57	293.0	tss_within_coding	Low Confidence (TSS_2.1)	404.0	1.04123711340206
TIGR4_SP_RS02895_TSS_553521_+	SP_RS02895	NC_003028.3	553521	+	60	20	81	29.63	51.0	tss_intergenic	Low Confidence (TSS_2.1)	10.0	2.5
TIGR4_F57_TSS_553610_+	F57	NC_003028.3	553610	+	60	20	81	41.98	313.0	tss_within_coding	Low Confidence (TSS_2.1)	29.0	1.61111111111111
TIGR4_SP_0585_TSS_554074_+	SP_0585	NC_003028.3	554074	+	60	20	81	28.4	25.0	tss_intergenic	High Confidence (TSS_100.4)	113.0	4.52
TIGR4_F21_TSS_557372_+	F21	NC_003028.3	557372	+	60	20	81	25.93	43.0	tss_intergenic	High Confidence (TSS_100.4)	472.0	6.55555555555556
TIGR4_SP_0589_TSS_560091_+	SP_0589	NC_003028.3	560091	+	60	20	81	53.09	101.0	tss_within_coding	Low Confidence (TSS_2.1)	343.0	1.12459016393443
TIGR4_SP_0590_TSS_560556_+	SP_0590	NC_003028.3	560556	+	60	20	81	56.79	265.0	tss_within_coding	Low Confidence (TSS_2.1)	255.0	1.26865671641791
TIGR4_SP_0591_TSS_561721_+	SP_0591	NC_003028.3	561721	+	60	20	81	38.27	66.0	tss_intergenic	Low Confidence (TSS_2.1)	18.0	1.63636363636364
TIGR4_SP_0592_TSS_563105_+	SP_0592	NC_003028.3	563105	+	60	20	81	48.15	18.0	tss_within_coding	Low Confidence (TSS_2.1)	58.0	1.45
TIGR4_SP_0593_TSS_563373_+	SP_0593	NC_003028.3	563373	+	60	20	81	41.98	140.0	tss_within_coding	Low Confidence (TSS_2.1)	65.0	1.08333333333333
TIGR4_SP_0595_TSS_564041_+	SP_0595	NC_003028.3	564041	+	60	20	81	46.91	493.0	tss_within_coding	Low Confidence (TSS_2.1)	45.0	1.04651162790698
TIGR4_SP_RS02945_TSS_565211_+	SP_RS02945	NC_003028.3	565211	+	60	20	81	30.86	58.0	tss_intergenic	Low Confidence (TSS_2.1)	23.0	1.64285714285714
TIGR4_Intron_gpII_TSS_565278_+	Intron_gpII	NC_003028.3	565278	+	60	20	81	33.33	386.0	tss_within_coding	Low Confidence (TSS_2.1)	20.0	1.05263157894737
TIGR4_SP_0599_TSS_565783_+	SP_0599	NC_003028.3	565783	+	60	20	81	23.46	19.0	tss_intergenic	High Confidence (TSS_100.4)	195.0	8.47826086956522
TIGR4_SP_0601_TSS_567687_+	SP_0601	NC_003028.3	567687	+	60	20	81	37.04	104.0	tss_within_coding	Low Confidence (TSS_2.1)	36.0	1.05882352941176
TIGR4_nan_TSS_569341_+	nan	NC_003028.3	569341	+	60	20	81	25.93	NA		Secondary TSS, High confidence		
TIGR4_SP_0603_TSS_569432_+	SP_0603	NC_003028.3	569432	+	60	20	81	35.8	50.0	tss_intergenic	High Confidence (TSS_100.4)	1106.0	10.950495049505
TIGR4_SP_0605_TSS_571561_+	SP_0605	NC_003028.3	571561	+	60	20	81	32.1	43.0	tss_intergenic	High Confidence (TSS_100.4)	36964.0	6.57254623044097
TIGR4_SP_0611_TSS_577422_+	SP_0611	NC_003028.3	577422	+	60	20	81	27.16	18.0	tss_intergenic	High Confidence (TSS_100.4)	3586.0	5.97666666666667
TIGR4_SP_0613_TSS_579760_+	SP_0613	NC_003028.3	579760	+	60	20	81	29.63	89.0	tss_intergenic	Low Confidence (TSS_2.1)	382.0	2.74820143884892
TIGR4_SP_0614_TSS_581279_+	SP_0614	NC_003028.3	581279	+	60	20	81	45.68	300.0	tss_within_coding	High Confidence (TSS_100.4)	163.0	163.0
TIGR4_nan_TSS_581421_+	nan	NC_003028.3	581421	+	60	20	81	41.98	NA		Secondary TSS, Low confidence		
TIGR4_SP_0615_TSS_582442_+	SP_0615	NC_003028.3	582442	+	60	20	81	25.93	28.0	tss_intergenic	High Confidence (TSS_100.4)	279.0	5.36538461538461
TIGR4_SP_0616_TSS_583474_+	SP_0616	NC_003028.3	583474	+	60	20	81	37.04	221.0	tss_within_coding	Low Confidence (TSS_2.1)	39.0	1.05405405405405
TIGR4_SP_0617_TSS_584980_+	SP_0617	NC_003028.3	584980	+	60	20	81	27.16	26.0	tss_intergenic	Low Confidence (TSS_2.1)	4631.0	3.77117263843648
TIGR4_SP_0618_TSS_585747_+	SP_0618	NC_003028.3	585747	+	60	20	81	30.86	0.0	tss_intergenic	High Confidence (TSS_100.4)	703.0	8.27058823529412
TIGR4_SP_0619_TSS_587410_+	SP_0619	NC_003028.3	587410	+	60	20	81	43.21	171.0	tss_within_coding	Low Confidence (TSS_2.1)	835.0	1.08020698576973
TIGR4_F53_TSS_588270_+	F53	NC_003028.3	588270	+	60	20	81	39.51	242.0	tss_within_coding	Low Confidence (TSS_2.1)	169.0	1.14189189189189
TIGR4_SP_0622_TSS_589541_+	SP_0622	NC_003028.3	589541	+	60	20	81	30.86	26.0	tss_intergenic	High Confidence (TSS_100.4)	5028.0	8.10967741935484
TIGR4_nan_TSS_589970_+	nan	NC_003028.3	589970	+	60	20	81	48.15	NA		Secondary TSS, Low confidence		
TIGR4_SP_0623_TSS_590023_+	SP_0623	NC_003028.3	590023	+	60	20	81	38.27	162.0	tss_within_coding	High Confidence (TSS_100.4)	196.0	196.0
TIGR4_SP_0624_TSS_591170_+	SP_0624	NC_003028.3	591170	+	60	20	81	44.44	469.0	tss_within_coding	Low Confidence (TSS_2.1)	39.0	1.05405405405405
TIGR4_SP_RS11875_TSS_592002_+	SP_RS11875	NC_003028.3	592002	+	60	20	81	41.98	219.0	tss_within_coding	Low Confidence (TSS_2.1)	34.0	1.13333333333333
TIGR4_SP_RS03065_TSS_592345_+	SP_RS03065	NC_003028.3	592345	+	60	20	81	44.44	32.0	tss_within_coding	Low Confidence (TSS_2.1)	131.0	1.07377049180328
TIGR4_SpF22_sRNA_TSS_592537_+	SpF22_sRNA	NC_003028.3	592537	+	60	20	81	38.27	36.0	tss_intergenic	Low Confidence (TSS_2.1)	2.0	1.0
TIGR4_SP_0626_TSS_592807_+	SP_0626	NC_003028.3	592807	+	60	20	81	32.1	13.0	tss_intergenic	High Confidence (TSS_100.4)	5029.0	7.71319018404908
TIGR4_SP_0627_TSS_594243_+	SP_0627	NC_003028.3	594243	+	60	20	81	32.1	15.0	tss_intergenic	High Confidence (TSS_100.4)	27320.0	10.1410541945063
TIGR4_SP_0628_TSS_595172_+	SP_0628	NC_003028.3	595172	+	60	20	81	53.09	92.0	tss_within_coding	Low Confidence (TSS_2.1)	65.0	1.015625
TIGR4_SP_0629_TSS_595665_+	SP_0629	NC_003028.3	595665	+	60	20	81	49.38	105.0	tss_within_coding	Low Confidence (TSS_2.1)	562.0	1.0
TIGR4_srn164_TSS_596507_+	srn164	NC_003028.3	596507	+	60	20	81	44.44	26.0	tss_intergenic	Low Confidence (TSS_2.1)	35.0	1.16666666666667
TIGR4_SP_0631_TSS_597195_+	SP_0631	NC_003028.3	597195	+	60	20	81	45.68	232.0	tss_within_coding	High Confidence (TSS_100.4)	115.0	115.0
TIGR4_nan_TSS_597274_+	nan	NC_003028.3	597274	+	60	20	81	37.04	NA		Secondary TSS, Low confidence		
TIGR4_Intron_gpII_TSS_597864_+	Intron_gpII	NC_003028.3	597864	+	60	20	81	44.44	479.0	tss_within_coding	Low Confidence (TSS_2.1)	57.0	1.0
TIGR4_SP_RS03110_TSS_599256_+	SP_RS03110	NC_003028.3	599256	+	60	20	81	32.1	163.0	tss_intergenic	Low Confidence (TSS_2.1)	155.0	3.97435897435897
TIGR4_SP_0636_TSS_599956_+	SP_0636	NC_003028.3	599956	+	60	20	81	33.33	109.0	tss_intergenic	High Confidence (TSS_100.4)	1099.0	12.9294117647059
TIGR4_SP_0637_TSS_600622_+	SP_0637	NC_003028.3	600622	+	60	20	81	46.91	437.0	tss_within_coding	Low Confidence (TSS_2.1)	61.0	1.19607843137255
TIGR4_SP_0639_TSS_602667_+	SP_0639	NC_003028.3	602667	+	60	20	81	37.04	36.0	tss_intergenic	Low Confidence (TSS_2.1)	28.0	1.33333333333333
TIGR4_F23_TSS_603204_+	F23	NC_003028.3	603204	+	60	20	81	32.1	0.0	tss_intergenic	Low Confidence (TSS_2.1)	49.0	12.25
TIGR4_trn0329_TSS_603759_+	trn0329	NC_003028.3	603759	+	60	20	81	13.58	72.0	tss_intergenic	Low Confidence (TSS_2.1)	2993.0	2.83696682464455
TIGR4_F24_TSS_610052_+	F24	NC_003028.3	610052	+	60	20	81	33.33	476.0	tss_within_coding	Low Confidence (TSS_2.1)	66.0	1.2
TIGR4_SP_0645_TSS_612675_+	SP_0645	NC_003028.3	612675	+	60	20	81	30.86	30.0	tss_intergenic	Low Confidence (TSS_2.1)	414.0	3.11278195488722
TIGR4_SP_0646_TSS_613187_+	SP_0646	NC_003028.3	613187	+	60	20	81	32.1	32.0	tss_intergenic	Low Confidence (TSS_2.1)	8.0	2.66666666666667
TIGR4_SP_RS03170_TSS_614792_+	SP_RS03170	NC_003028.3	614792	+	60	20	81	40.74	281.0	tss_within_coding	Low Confidence (TSS_2.1)	14.0	14.0
TIGR4_SP_0648_TSS_615282_+	SP_0648	NC_003028.3	615282	+	60	20	81	38.27	160.0	tss_within_coding	Low Confidence (TSS_2.1)	22.0	1.0
TIGR4_SP_0652_TSS_624678_+	SP_0652	NC_003028.3	624678	+	60	20	81	40.74	170.0	tss_within_coding	Low Confidence (TSS_2.1)	18.0	6.0
TIGR4_SP_0653_TSS_625310_+	SP_0653	NC_003028.3	625310	+	60	20	81	46.91	88.0	tss_within_coding	Low Confidence (TSS_2.1)	64.0	1.08474576271186
TIGR4_SP_0655_TSS_625480_+	SP_0655	NC_003028.3	625480	+	60	20	81	51.85	184.0	tss_within_coding	Low Confidence (TSS_2.1)	29.0	1.11538461538462
TIGR4_SP_0658_TSS_628942_+	SP_0658	NC_003028.3	628942	+	60	20	81	32.1	26.0	tss_intergenic	High Confidence (TSS_100.4)	189.0	4.2
TIGR4_SP_0659_TSS_629675_+	SP_0659	NC_003028.3	629675	+	60	20	81	29.63	23.0	tss_within_coding	Low Confidence (TSS_2.1)	91.0	1.08333333333333
TIGR4_SP_0660_TSS_630255_+	SP_0660	NC_003028.3	630255	+	60	20	81	40.74	20.0	tss_within_coding	Low Confidence (TSS_2.1)	17.0	2.125
TIGR4_SP_0661_TSS_631632_+	SP_0661	NC_003028.3	631632	+	60	20	81	35.8	23.0	tss_intergenic	High Confidence (TSS_100.4)	1899.0	13.468085106383
TIGR4_SP_0662_TSS_632197_+	SP_0662	NC_003028.3	632197	+	60	20	81	43.21	192.0	tss_within_coding	Low Confidence (TSS_2.1)	185.0	1.26712328767123
TIGR4_SP_0663_TSS_634175_+	SP_0663	NC_003028.3	634175	+	60	20	81	38.27	0.0	tss_intergenic	High Confidence (TSS_100.4)	23682.0	15.9689817936615
TIGR4_SP_0664_TSS_634493_+	SP_0664	NC_003028.3	634493	+	60	20	81	51.85	288.0	tss_within_coding	Low Confidence (TSS_2.1)	81.0	1.47272727272727
TIGR4_SP_0665_TSS_640562_+	SP_0665	NC_003028.3	640562	+	60	20	81	33.33	0.0	tss_intergenic	High Confidence (TSS_100.4)	5494.0	15.5197740112994
TIGR4_SP_0666_TSS_641928_+	SP_0666	NC_003028.3	641928	+	60	20	81	44.44	356.0	tss_within_coding	Low Confidence (TSS_2.1)	72.0	1.05882352941176
TIGR4_SP_0667_TSS_642920_+	SP_0667	NC_003028.3	642920	+	60	20	81	24.69	31.0	tss_intergenic	High Confidence (TSS_100.4)	244.0	5.30434782608696
TIGR4_SP_0668_TSS_644034_+	SP_0668	NC_003028.3	644034	+	60	20	81	30.86	42.0	tss_intergenic	High Confidence (TSS_100.4)	1723.0	8.65829145728643
TIGR4_nan_TSS_644732_+	nan	NC_003028.3	644732	+	60	20	81	45.68	NA		Secondary TSS, Low confidence		
TIGR4_SP_0669_TSS_645110_+	SP_0669	NC_003028.3	645110	+	60	20	81	30.86	22.0	tss_intergenic	High Confidence (TSS_100.4)	239.0	5.82926829268293
TIGR4_SP_0671_TSS_646277_+	SP_0671	NC_003028.3	646277	+	60	20	81	34.57	33.0	tss_intergenic	High Confidence (TSS_100.4)	3306.0	3306.0
TIGR4_SP_0672_TSS_647017_+	SP_0672	NC_003028.3	647017	+	60	20	81	45.68	170.0	tss_within_coding	Low Confidence (TSS_2.1)	119.0	1.10185185185185
TIGR4_SP_0673_TSS_648248_+	SP_0673	NC_003028.3	648248	+	60	20	81	38.27	170.0	tss_within_coding	Low Confidence (TSS_2.1)	143.0	1.3
TIGR4_SP_0674_TSS_648802_+	SP_0674	NC_003028.3	648802	+	60	20	81	38.27	254.0	tss_within_coding	Low Confidence (TSS_2.1)	69.0	1.16949152542373
TIGR4_SP_0675_TSS_649909_+	SP_0675	NC_003028.3	649909	+	60	20	81	46.91	97.0	tss_within_coding	Low Confidence (TSS_2.1)	55.0	1.0377358490566
TIGR4_SP_0677_TSS_651835_+	SP_0677	NC_003028.3	651835	+	60	20	81	32.1	0.0	tss_intergenic	High Confidence (TSS_100.4)	13476.0	7.08890057864282
TIGR4_SP_0681_TSS_653643_+	SP_0681	NC_003028.3	653643	+	60	20	81	22.22	36.0	tss_intergenic	High Confidence (TSS_100.4)	16327.0	10.5881971465629
TIGR4_SP_0682_TSS_655369_+	SP_0682	NC_003028.3	655369	+	60	20	81	44.44	171.0	tss_within_coding	Low Confidence (TSS_2.1)	182.0	1.14465408805031
TIGR4_SP_RS03355_TSS_655615_+	SP_RS03355	NC_003028.3	655615	+	60	20	81	40.74	495.0	tss_within_coding	Low Confidence (TSS_2.1)	128.0	1.00787401574803
TIGR4_SP_0686_TSS_656249_+	SP_0686	NC_003028.3	656249	+	60	20	81	38.27	278.0	tss_within_coding	Low Confidence (TSS_2.1)	19.0	9.5
TIGR4_SP_0688_TSS_659275_+	SP_0688	NC_003028.3	659275	+	60	20	81	33.33	20.0	tss_intergenic	High Confidence (TSS_100.4)	1470.0	6.125
TIGR4_SP_0689_TSS_660607_+	SP_0689	NC_003028.3	660607	+	60	20	81	45.68	42.0	tss_within_coding	Low Confidence (TSS_2.1)	45.0	1.04651162790698
TIGR4_SP_0690_TSS_661701_+	SP_0690	NC_003028.3	661701	+	60	20	81	27.16	16.0	tss_within_coding	High Confidence (TSS_100.4)	155.0	155.0
TIGR4_SP_0694_TSS_663366_+	SP_0694	NC_003028.3	663366	+	60	20	81	27.16	361.0	tss_intergenic	Low Confidence (TSS_2.1)	12.0	1.2
TIGR4_SP_RS03395_TSS_664295_+	SP_RS03395	NC_003028.3	664295	+	60	20	81	32.1	0.0	tss_intergenic	Low Confidence (TSS_2.1)	25.0	1.08695652173913
TIGR4_SP_0695_TSS_664584_+	SP_0695	NC_003028.3	664584	+	60	20	81	20.99	1.0	tss_intergenic	Low Confidence (TSS_2.1)	75.0	1.08695652173913
TIGR4_SP_0696_TSS_665126_+	SP_0696	NC_003028.3	665126	+	60	20	81	39.51	160.0	tss_within_coding	Low Confidence (TSS_2.1)	50.0	1.19047619047619
TIGR4_PyrR_TSS_668004_+	PyrR	NC_003028.3	668004	+	60	20	81	32.1	2.0	tss_intergenic	Low Confidence (TSS_2.1)	61.0	61.0
TIGR4_SP_0702_TSS_668695_+	SP_0702	NC_003028.3	668695	+	60	20	81	46.91	201.0	tss_within_coding	Low Confidence (TSS_2.1)	18.0	2.57142857142857
TIGR4_SP_0703_TSS_669646_+	SP_0703	NC_003028.3	669646	+	60	20	81	19.75	115.0	tss_intergenic	High Confidence (TSS_100.4)	612.0	12.0
TIGR4_SP_0704_TSS_669884_+	SP_0704	NC_003028.3	669884	+	60	20	81	41.98	323.0	tss_within_coding	Low Confidence (TSS_2.1)	16.0	1.6
TIGR4_SP_0706_TSS_671600_+	SP_0706	NC_003028.3	671600	+	60	20	81	27.16	127.0	tss_within_coding	Low Confidence (TSS_2.1)	102.0	4.08
TIGR4_SP_0712_TSS_676263_+	SP_0712	NC_003028.3	676263	+	60	20	81	19.75	72.0	tss_intergenic	Low Confidence (TSS_2.1)	2.0	2.0
TIGR4_SP_0715_TSS_680388_+	SP_0715	NC_003028.3	680388	+	60	20	81	24.69	42.0	tss_intergenic	High Confidence (TSS_100.4)	11956.0	5.60262417994377
TIGR4_TPP_TSS_681808_+	TPP	NC_003028.3	681808	+	60	20	81	29.63	12.0	tss_intergenic	High Confidence (TSS_100.4)	1269.0	11.2300884955752
TIGR4_SP_0716_TSS_682076_+	SP_0716	NC_003028.3	682076	+	60	20	81	32.1	47.0	tss_intergenic	Low Confidence (TSS_2.1)	15.0	1.36363636363636
TIGR4_SP_0717_TSS_682954_+	SP_0717	NC_003028.3	682954	+	60	20	81	32.1	53.0	tss_intergenic	Low Confidence (TSS_2.1)	57.0	1.23913043478261
TIGR4_SP_0718_TSS_683470_+	SP_0718	NC_003028.3	683470	+	60	20	81	39.51	342.0	tss_within_coding	Low Confidence (TSS_2.1)	87.0	1.359375
TIGR4_TPP_TSS_684638_+	TPP	NC_003028.3	684638	+	60	20	81	23.46	12.0	tss_intergenic	Low Confidence (TSS_2.1)	61.0	5.54545454545455
TIGR4_SP_0723_TSS_688065_+	SP_0723	NC_003028.3	688065	+	60	20	81	37.04	241.0	tss_within_coding	Low Confidence (TSS_2.1)	17.0	1.30769230769231
TIGR4_SP_0728_TSS_692020_+	SP_0728	NC_003028.3	692020	+	60	20	81	33.33	11.0	tss_intergenic	Low Confidence (TSS_2.1)	76.0	1.28813559322034
TIGR4_SP_0729_TSS_692209_+	SP_0729	NC_003028.3	692209	+	60	20	81	46.91	203.0	tss_within_coding	Low Confidence (TSS_2.1)	48.0	1.37142857142857
TIGR4_SP_0730_TSS_694784_+	SP_0730	NC_003028.3	694784	+	60	20	81	29.63	78.0	tss_intergenic	High Confidence (TSS_100.4)	94141.0	4.91906155293134
TIGR4_SP_0731_TSS_696403_+	SP_0731	NC_003028.3	696403	+	60	20	81	46.91	345.0	tss_within_coding	High Confidence (TSS_100.4)	2740.0	2740.0
TIGR4_nan_TSS_696430_+	nan	NC_003028.3	696430	+	60	20	81	40.74	NA		Secondary TSS, High confidence		
TIGR4_SP_0735_TSS_698367_+	SP_0735	NC_003028.3	698367	+	60	20	81	32.1	156.0	tss_intergenic	Low Confidence (TSS_2.1)	17.0	1.21428571428571
TIGR4_SP_0736_TSS_698916_+	SP_0736	NC_003028.3	698916	+	60	20	81	33.33	24.0	tss_intergenic	High Confidence (TSS_100.4)	1759.0	4.98300283286119
TIGR4_SP_0739_TSS_701485_+	SP_0739	NC_003028.3	701485	+	60	20	81	37.04	14.0	tss_intergenic	High Confidence (TSS_100.4)	241.0	4.82
TIGR4_SP_0743_TSS_704889_+	SP_0743	NC_003028.3	704889	+	60	20	81	30.86	58.0	tss_intergenic	Low Confidence (TSS_2.1)	54.0	4.15384615384615
TIGR4_SP_0744_TSS_705363_+	SP_0744	NC_003028.3	705363	+	60	20	81	38.27	160.0	tss_within_coding	Low Confidence (TSS_2.1)	72.0	1.0
TIGR4_SP_0745_TSS_706052_+	SP_0745	NC_003028.3	706052	+	60	20	81	19.75	27.0	tss_intergenic	High Confidence (TSS_100.4)	4368.0	5.73228346456693
TIGR4_nan_TSS_706430_+	nan	NC_003028.3	706430	+	60	20	81	44.44	NA		Secondary TSS, High confidence		
TIGR4_SP_0746_TSS_706834_+	SP_0746	NC_003028.3	706834	+	60	20	81	30.86	48.0	tss_intergenic	High Confidence (TSS_100.4)	1057.0	4.78280542986425
TIGR4_SP_0748_TSS_707525_+	SP_0748	NC_003028.3	707525	+	60	20	81	35.8	26.0	tss_within_coding	High Confidence (TSS_100.4)	855.0	8.38235294117647
TIGR4_F28_TSS_708586_+	F28	NC_003028.3	708586	+	60	20	81	43.21	478.0	tss_within_coding	Low Confidence (TSS_2.1)	20.0	1.66666666666667
TIGR4_SP_0750_TSS_709148_+	SP_0750	NC_003028.3	709148	+	60	20	81	39.51	180.0	tss_intergenic	Low Confidence (TSS_2.1)	5.0	2.5
TIGR4_SP_0751_TSS_710100_+	SP_0751	NC_003028.3	710100	+	60	20	81	49.38	101.0	tss_within_coding	Low Confidence (TSS_2.1)	16.0	1.45454545454545
TIGR4_SP_0753_TSS_711828_+	SP_0753	NC_003028.3	711828	+	60	20	81	35.8	93.0	tss_within_coding	Low Confidence (TSS_2.1)	57.0	1.11764705882353
TIGR4_SP_0754_TSS_712916_+	SP_0754	NC_003028.3	712916	+	60	20	81	27.16	23.0	tss_intergenic	High Confidence (TSS_100.4)	1565.0	8.74301675977654
TIGR4_SP_RS11940_TSS_713684_+	SP_RS11940	NC_003028.3	713684	+	60	20	81	24.69	19.0	tss_intergenic	High Confidence (TSS_100.4)	3601.0	8.35498839907193
TIGR4_SP_0756_TSS_714357_+	SP_0756	NC_003028.3	714357	+	60	20	81	45.68	459.0	tss_within_coding	Low Confidence (TSS_2.1)	830.0	1.10079575596817
TIGR4_SP_0757_TSS_715101_+	SP_0757	NC_003028.3	715101	+	60	20	81	38.27	400.0	tss_within_coding	Low Confidence (TSS_2.1)	76.0	76.0
TIGR4_F58_TSS_716270_+	F58	NC_003028.3	716270	+	60	20	81	33.33	173.0	tss_within_coding	Low Confidence (TSS_2.1)	766.0	1.12316715542522
TIGR4_SP_0758_TSS_716654_+	SP_0758	NC_003028.3	716654	+	60	20	81	20.99	59.0	tss_intergenic	High Confidence (TSS_100.4)	278.0	6.31818181818182
TIGR4_SP_0761_TSS_719879_+	SP_0761	NC_003028.3	719879	+	60	20	81	30.86	21.0	tss_intergenic	High Confidence (TSS_100.4)	6209.0	8.85734664764622
TIGR4_SP_0762_TSS_721358_+	SP_0762	NC_003028.3	721358	+	60	20	81	29.63	100.0	tss_intergenic	High Confidence (TSS_100.4)	3482.0	15.2719298245614
TIGR4_SP_0764_TSS_723173_+	SP_0764	NC_003028.3	723173	+	60	20	81	25.93	28.0	tss_intergenic	High Confidence (TSS_100.4)	5556.0	4.78141135972461
TIGR4_SP_0765_TSS_723944_+	SP_0765	NC_003028.3	723944	+	60	20	81	43.21	226.0	tss_within_coding	Low Confidence (TSS_2.1)	229.0	1.10096153846154
TIGR4_SP_0766_TSS_725355_+	SP_0766	NC_003028.3	725355	+	60	20	81	24.69	25.0	tss_intergenic	High Confidence (TSS_100.4)	27153.0	4.97763519706691
TIGR4_SP_0767_TSS_726113_+	SP_0767	NC_003028.3	726113	+	60	20	81	27.16	28.0	tss_intergenic	Low Confidence (TSS_2.1)	917.0	3.20629370629371
TIGR4_SP_0768_TSS_726439_+	SP_0768	NC_003028.3	726439	+	60	20	81	34.57	235.0	tss_within_coding	Low Confidence (TSS_2.1)	82.0	1.025
TIGR4_SP_0769_TSS_727279_+	SP_0769	NC_003028.3	727279	+	60	20	81	44.44	480.0	tss_within_coding	Low Confidence (TSS_2.1)	56.0	1.0
TIGR4_SP_0770_TSS_728123_+	SP_0770	NC_003028.3	728123	+	60	20	81	34.57	120.0	tss_within_coding	Low Confidence (TSS_2.1)	33.0	1.1
TIGR4_SP_0775_TSS_731739_+	SP_0775	NC_003028.3	731739	+	60	20	81	32.1	59.0	tss_intergenic	High Confidence (TSS_100.4)	28116.0	71.0
TIGR4_SP_RS11950_TSS_732184_+	SP_RS11950	NC_003028.3	732184	+	60	20	81	33.33	375.0	tss_within_coding	Low Confidence (TSS_2.1)	47.0	1.67857142857143
TIGR4_SP_0777_TSS_732860_+	SP_0777	NC_003028.3	732860	+	60	20	81	32.1	46.0	tss_intergenic	Low Confidence (TSS_2.1)	1331.0	3.51187335092348
TIGR4_SP_0778_TSS_733621_+	SP_0778	NC_003028.3	733621	+	60	20	81	32.1	104.0	tss_within_coding	Low Confidence (TSS_2.1)	125.0	1.03305785123967
TIGR4_SP_0779_TSS_733853_+	SP_0779	NC_003028.3	733853	+	60	20	81	38.27	380.0	tss_within_coding	Low Confidence (TSS_2.1)	56.0	1.03703703703704
TIGR4_SP_0780_TSS_734565_+	SP_0780	NC_003028.3	734565	+	60	20	81	43.21	399.0	tss_within_coding	Low Confidence (TSS_2.1)	442.0	1.13917525773196
TIGR4_SP_0782_TSS_735655_+	SP_0782	NC_003028.3	735655	+	60	20	81	27.16	72.0	tss_intergenic	Low Confidence (TSS_2.1)	34.0	34.0
TIGR4_SP_0785_TSS_738402_+	SP_0785	NC_003028.3	738402	+	60	20	81	27.16	114.0	tss_intergenic	High Confidence (TSS_100.4)	4782.0	10.1313559322034
TIGR4_nan_TSS_738487_+	nan	NC_003028.3	738487	+	60	20	81	30.86	NA		Secondary TSS, High confidence		
TIGR4_SP_0786_TSS_739201_+	SP_0786	NC_003028.3	739201	+	60	20	81	35.8	498.0	tss_within_coding	Low Confidence (TSS_2.1)	24.0	1.14285714285714
TIGR4_SP_0787_TSS_740102_+	SP_0787	NC_003028.3	740102	+	60	20	81	40.74	300.0	tss_within_coding	Low Confidence (TSS_2.1)	47.0	1.27027027027027
TIGR4_SP_0788_TSS_741745_+	SP_0788	NC_003028.3	741745	+	60	20	81	24.69	40.0	tss_intergenic	High Confidence (TSS_100.4)	8749.0	6.85658307210031
TIGR4_F29_TSS_743431_+	F29	NC_003028.3	743431	+	60	20	81	41.98	361.0	tss_within_coding	Low Confidence (TSS_2.1)	144.0	1.05882352941176
TIGR4_F30_TSS_743869_+	F30	NC_003028.3	743869	+	60	20	81	34.57	17.0	tss_intergenic	Low Confidence (TSS_2.1)	23.0	1.27777777777778
TIGR4_SP_0789_TSS_744203_+	SP_0789	NC_003028.3	744203	+	60	20	81	30.86	42.0	tss_intergenic	Low Confidence (TSS_2.1)	18077.0	2.17480750721848
TIGR4_SP_0790_TSS_744396_+	SP_0790	NC_003028.3	744396	+	60	20	81	35.8	176.0	tss_within_coding	Low Confidence (TSS_2.1)	226.0	1.08133971291866
TIGR4_SP_0791_TSS_745430_+	SP_0791	NC_003028.3	745430	+	60	20	81	32.1	32.0	tss_intergenic	High Confidence (TSS_100.4)	523.0	5.50526315789474
TIGR4_SP_0792_TSS_746457_+	SP_0792	NC_003028.3	746457	+	60	20	81	29.63	27.0	tss_intergenic	High Confidence (TSS_100.4)	1097.0	6.94303797468354
TIGR4_SP_0793_TSS_746593_+	SP_0793	NC_003028.3	746593	+	60	20	81	45.68	120.0	tss_within_coding	Low Confidence (TSS_2.1)	215.0	1.51408450704225
TIGR4_SP_0794_TSS_747380_+	SP_0794	NC_003028.3	747380	+	60	20	81	44.44	42.0	tss_within_coding	Low Confidence (TSS_2.1)	39.0	1.77272727272727
TIGR4_SP_0795_TSS_747441_+	SP_0795	NC_003028.3	747441	+	60	20	81	43.21	459.0	tss_within_coding	Low Confidence (TSS_2.1)	59.0	1.84375
TIGR4_SP_0796_TSS_748581_+	SP_0796	NC_003028.3	748581	+	60	20	81	34.57	163.0	tss_within_coding	Low Confidence (TSS_2.1)	91.0	1.02247191011236
TIGR4_SP_0797_TSS_749261_+	SP_0797	NC_003028.3	749261	+	60	20	81	33.33	46.0	tss_intergenic	High Confidence (TSS_100.4)	26930.0	8.55735621226565
TIGR4_SP_0798_TSS_751944_+	SP_0798	NC_003028.3	751944	+	60	20	81	29.63	18.0	tss_intergenic	High Confidence (TSS_100.4)	11742.0	10.3727915194346
TIGR4_SP_0799_TSS_752147_+	SP_0799	NC_003028.3	752147	+	60	20	81	34.57	479.0	tss_within_coding	Low Confidence (TSS_2.1)	81.0	81.0
TIGR4_SP_0801_TSS_754421_+	SP_0801	NC_003028.3	754421	+	60	20	81	30.86	0.0	tss_intergenic	Low Confidence (TSS_2.1)	3704.0	2.87801087801088
TIGR4_SP_RS03925_TSS_754969_+	SP_RS03925	NC_003028.3	754969	+	60	20	81	39.51	409.0	tss_within_coding	Low Confidence (TSS_2.1)	36.0	1.8
TIGR4_SP_0802_TSS_755549_+	SP_0802	NC_003028.3	755549	+	60	20	81	30.86	1.0	tss_intergenic	High Confidence (TSS_100.4)	1158.0	7.98620689655172
TIGR4_SP_0804_TSS_759259_+	SP_0804	NC_003028.3	759259	+	60	20	81	29.63	12.0	tss_intergenic	Low Confidence (TSS_2.1)	58.0	1.07407407407407
TIGR4_SP_0805_TSS_759536_+	SP_0805	NC_003028.3	759536	+	60	20	81	41.98	365.0	tss_within_coding	Low Confidence (TSS_2.1)	28.0	2.33333333333333
TIGR4_SP_0806_TSS_760325_+	SP_0806	NC_003028.3	760325	+	60	20	81	37.04	163.0	tss_within_coding	Low Confidence (TSS_2.1)	52.0	1.08333333333333
TIGR4_SP_0807_TSS_762487_+	SP_0807	NC_003028.3	762487	+	60	20	81	29.63	29.0	tss_intergenic	High Confidence (TSS_100.4)	4018.0	15.756862745098
TIGR4_SP_RS11955_TSS_763862_+	SP_RS11955	NC_003028.3	763862	+	60	20	81	38.27	404.0	tss_within_coding	Low Confidence (TSS_2.1)	34.0	1.09677419354839
TIGR4_SP_RS11965_TSS_764779_+	SP_RS11965	NC_003028.3	764779	+	60	20	81	23.46	345.0	tss_intergenic	High Confidence (TSS_100.4)	618.0	7.53658536585366
TIGR4_SP_RS11970_TSS_765969_+	SP_RS11970	NC_003028.3	765969	+	60	20	81	35.8	129.0	tss_within_coding	Low Confidence (TSS_2.1)	20.0	1.42857142857143
TIGR4_SP_RS03980_TSS_767023_+	SP_RS03980	NC_003028.3	767023	+	60	20	81	40.74	2.0	tss_intergenic	Low Confidence (TSS_2.1)	5.0	5.0
TIGR4_SP_RS03985_TSS_767076_+	SP_RS03985	NC_003028.3	767076	+	60	20	81	38.27	194.0	tss_within_coding	High Confidence (TSS_100.4)	514.0	5.24489795918367
TIGR4_SP_RS11975_TSS_769198_+	SP_RS11975	NC_003028.3	769198	+	60	20	81	24.69	0.0	tss_intergenic	High Confidence (TSS_100.4)	9203.0	5.24686431014823
TIGR4_SP_0823_TSS_773139_+	SP_0823	NC_003028.3	773139	+	60	20	81	17.28	26.0	tss_intergenic	Low Confidence (TSS_2.1)	11.0	2.2
TIGR4_SP_0824_TSS_773683_+	SP_0824	NC_003028.3	773683	+	60	20	81	46.91	165.0	tss_within_coding	Low Confidence (TSS_2.1)	26.0	1.08333333333333
TIGR4_SP_0825_TSS_774736_+	SP_0825	NC_003028.3	774736	+	60	20	81	28.4	25.0	tss_intergenic	High Confidence (TSS_100.4)	387.0	5.69117647058824
TIGR4_SP_0826_TSS_775745_+	SP_0826	NC_003028.3	775745	+	60	20	81	29.63	11.0	tss_intergenic	High Confidence (TSS_100.4)	930.0	6.54929577464789
TIGR4_SP_RS04045_TSS_776421_+	SP_RS04045	NC_003028.3	776421	+	60	20	81	28.4	171.0	tss_within_coding	Low Confidence (TSS_2.1)	18.0	18.0
TIGR4_SP_0828_TSS_777706_+	SP_0828	NC_003028.3	777706	+	60	20	81	32.1	23.0	tss_intergenic	High Confidence (TSS_100.4)	15315.0	15.3610832497492
TIGR4_SP_0829_TSS_778310_+	SP_0829	NC_003028.3	778310	+	60	20	81	45.68	116.0	tss_within_coding	Low Confidence (TSS_2.1)	140.0	1.1965811965812
TIGR4_SP_0830_TSS_779532_+	SP_0830	NC_003028.3	779532	+	60	20	81	43.21	107.0	tss_within_coding	Low Confidence (TSS_2.1)	44.0	44.0
TIGR4_nan_TSS_779899_+	nan	NC_003028.3	779899	+	60	20	81	40.74	NA		Secondary TSS, High confidence		
TIGR4_SP_0831_TSS_780057_+	SP_0831	NC_003028.3	780057	+	60	20	81	34.57	140.0	tss_within_coding	High Confidence (TSS_100.4)	153.0	153.0
TIGR4_SP_0834_TSS_782013_+	SP_0834	NC_003028.3	782013	+	60	20	81	37.04	474.0	tss_within_coding	Low Confidence (TSS_2.1)	89.0	89.0
TIGR4_SP_0835_TSS_783508_+	SP_0835	NC_003028.3	783508	+	60	20	81	33.33	145.0	tss_within_coding	Low Confidence (TSS_2.1)	17.0	17.0
TIGR4_SP_RS04110_TSS_787708_+	SP_RS04110	NC_003028.3	787708	+	60	20	81	25.93	92.0	tss_intergenic	Low Confidence (TSS_2.1)	11.0	11.0
TIGR4_SP_0841_TSS_788410_+	SP_0841	NC_003028.3	788410	+	60	20	81	24.69	0.0	tss_intergenic	High Confidence (TSS_100.4)	1587.0	9.50299401197605
TIGR4_SP_0842_TSS_788789_+	SP_0842	NC_003028.3	788789	+	60	20	81	41.98	208.0	tss_within_coding	Low Confidence (TSS_2.1)	46.0	1.21052631578947
TIGR4_SP_0843_TSS_790233_+	SP_0843	NC_003028.3	790233	+	60	20	81	28.4	59.0	tss_within_coding	High Confidence (TSS_100.4)	6391.0	8.3651832460733
TIGR4_SP_0844_TSS_790781_+	SP_0844	NC_003028.3	790781	+	60	20	81	43.21	160.0	tss_within_coding	Low Confidence (TSS_2.1)	1297.0	1.07013201320132
TIGR4_SP_0845_TSS_791270_+	SP_0845	NC_003028.3	791270	+	60	20	81	40.74	150.0	tss_within_coding	Low Confidence (TSS_2.1)	8933.0	1.0126969731323
TIGR4_SP_0846_TSS_792169_+	SP_0846	NC_003028.3	792169	+	60	20	81	45.68	447.0	tss_within_coding	High Confidence (TSS_100.4)	241.0	241.0
TIGR4_nan_TSS_792549_+	nan	NC_003028.3	792549	+	60	20	81	41.98	NA		Secondary TSS, Low confidence		
TIGR4_SP_0847_TSS_793895_+	SP_0847	NC_003028.3	793895	+	60	20	81	41.98	249.0	tss_within_coding	Low Confidence (TSS_2.1)	255.0	1.39344262295082
TIGR4_SP_0848_TSS_794849_+	SP_0848	NC_003028.3	794849	+	60	20	81	41.98	356.0	tss_within_coding	Low Confidence (TSS_2.1)	143.0	1.06716417910448
TIGR4_SP_RS04155_TSS_796092_+	SP_RS04155	NC_003028.3	796092	+	60	20	81	40.74	97.0	tss_within_coding	Low Confidence (TSS_2.1)	248.0	1.09251101321586
TIGR4_SP_RS04165_TSS_796567_+	SP_RS04165	NC_003028.3	796567	+	60	20	81	40.74	117.0	tss_intergenic	High Confidence (TSS_100.4)	260.0	5.90909090909091
TIGR4_SP_0852_TSS_798314_+	SP_0852	NC_003028.3	798314	+	60	20	81	35.8	23.0	tss_intergenic	High Confidence (TSS_100.4)	1204.0	16.9577464788732
TIGR4_trn0423_TSS_800288_+	trn0423	NC_003028.3	800288	+	60	20	81	28.4	307.0	tss_intergenic	Low Confidence (TSS_2.1)	49.0	1.08888888888889
TIGR4_SP_0856_TSS_803274_+	SP_0856	NC_003028.3	803274	+	60	20	81	19.75	29.0	tss_intergenic	High Confidence (TSS_100.4)	355.0	5.81967213114754
TIGR4_SP_RS04200_TSS_804278_+	SP_RS04200	NC_003028.3	804278	+	60	20	81	40.74	103.0	tss_within_coding	Low Confidence (TSS_2.1)	280.0	1.21212121212121
TIGR4_SP_0858_TSS_804661_+	SP_0858	NC_003028.3	804661	+	60	20	81	40.74	468.0	tss_within_coding	Low Confidence (TSS_2.1)	36.0	1.38461538461538
TIGR4_SP_0859_TSS_805495_+	SP_0859	NC_003028.3	805495	+	60	20	81	38.27	341.0	tss_within_coding	Low Confidence (TSS_2.1)	86.0	1.02380952380952
TIGR4_SP_0860_TSS_806323_+	SP_0860	NC_003028.3	806323	+	60	20	81	35.8	451.0	tss_within_coding	Low Confidence (TSS_2.1)	125.0	1.10619469026549
TIGR4_SP_0861_TSS_807569_+	SP_0861	NC_003028.3	807569	+	60	20	81	28.4	17.0	tss_intergenic	High Confidence (TSS_100.4)	10812.0	15.6923076923077
TIGR4_SP_2245_TSS_807856_+	SP_2245	NC_003028.3	807856	+	60	20	81	24.69	10.0	tss_intergenic	High Confidence (TSS_100.4)	2339.0	25.4239130434783
TIGR4_srn218_TSS_808047_+	srn218	NC_003028.3	808047	+	60	20	81	39.51	0.0	tss_intergenic	Low Confidence (TSS_2.1)	43.0	1.48275862068966
TIGR4_SP_0862_TSS_808139_+	SP_0862	NC_003028.3	808139	+	60	20	81	30.86	50.0	tss_within_coding	Low Confidence (TSS_2.1)	622.0	1.05245346869712
TIGR4_SP_0865_TSS_811326_+	SP_0865	NC_003028.3	811326	+	60	20	81	38.27	168.0	tss_within_coding	Low Confidence (TSS_2.1)	24.0	24.0
TIGR4_SP_0866_TSS_813177_+	SP_0866	NC_003028.3	813177	+	60	20	81	27.16	0.0	tss_intergenic	High Confidence (TSS_100.4)	134.0	4.46666666666667
TIGR4_SP_0867_TSS_813430_+	SP_0867	NC_003028.3	813430	+	60	20	81	30.86	91.0	tss_intergenic	High Confidence (TSS_100.4)	15573.0	11.2847826086957
TIGR4_SP_0868_TSS_814102_+	SP_0868	NC_003028.3	814102	+	60	20	81	41.98	217.0	tss_within_coding	Low Confidence (TSS_2.1)	156.0	1.0
TIGR4_SP_0869_TSS_815156_+	SP_0869	NC_003028.3	815156	+	60	20	81	45.68	436.0	tss_within_coding	High Confidence (TSS_100.4)	188.0	188.0
TIGR4_nan_TSS_815433_+	nan	NC_003028.3	815433	+	60	20	81	46.91	NA		Secondary TSS, Low confidence		
TIGR4_SP_0870_TSS_816370_+	SP_0870	NC_003028.3	816370	+	60	20	81	41.98	435.0	tss_within_coding	High Confidence (TSS_100.4)	112.0	112.0
TIGR4_nan_TSS_816650_+	nan	NC_003028.3	816650	+	60	20	81	50.62	NA		Secondary TSS, Low confidence		
TIGR4_SP_0871_TSS_817116_+	SP_0871	NC_003028.3	817116	+	60	20	81	38.27	183.0	tss_within_coding	High Confidence (TSS_100.4)	172.0	172.0
TIGR4_SP_0873_TSS_820272_+	SP_0873	NC_003028.3	820272	+	60	20	81	25.93	14.0	tss_intergenic	High Confidence (TSS_100.4)	438.0	7.68421052631579
TIGR4_SP_0875_TSS_822682_+	SP_0875	NC_003028.3	822682	+	60	20	81	29.63	25.0	tss_intergenic	High Confidence (TSS_100.4)	1358.0	4.24375
TIGR4_SP_0876_TSS_823425_+	SP_0876	NC_003028.3	823425	+	60	20	81	41.98	19.0	tss_within_coding	Low Confidence (TSS_2.1)	18.0	1.28571428571429
TIGR4_SP_0877_TSS_824049_+	SP_0877	NC_003028.3	824049	+	60	20	81	38.27	303.0	tss_within_coding	Low Confidence (TSS_2.1)	20.0	1.33333333333333
TIGR4_SP_0878_TSS_826390_+	SP_0878	NC_003028.3	826390	+	60	20	81	38.27	0.0	tss_intergenic	High Confidence (TSS_100.4)	2470.0	13.7988826815642
TIGR4_SP_0880_TSS_829279_+	SP_0880	NC_003028.3	829279	+	60	20	81	35.8	25.0	tss_intergenic	High Confidence (TSS_100.4)	4583.0	6.6228323699422
TIGR4_SP_0881_TSS_830283_+	SP_0881	NC_003028.3	830283	+	60	20	81	43.21	172.0	tss_within_coding	Low Confidence (TSS_2.1)	105.0	1.22093023255814
TIGR4_SP_0882_TSS_831359_+	SP_0882	NC_003028.3	831359	+	60	20	81	43.21	445.0	tss_within_coding	Low Confidence (TSS_2.1)	253.0	1.07203389830508
TIGR4_SP_RS12005_TSS_832409_+	SP_RS12005	NC_003028.3	832409	+	60	20	81	45.68	241.0	tss_within_coding	Low Confidence (TSS_2.1)	26.0	1.3
TIGR4_SP_0886_TSS_835039_+	SP_0886	NC_003028.3	835039	+	60	20	81	24.69	36.0	tss_intergenic	Low Confidence (TSS_2.1)	326.0	2.69421487603306
TIGR4_SP_0888_TSS_837746_+	SP_0888	NC_003028.3	837746	+	60	20	81	33.33	16.0	tss_intergenic	High Confidence (TSS_100.4)	734.0	8.73809523809524
TIGR4_SP_0889_TSS_837844_+	SP_0889	NC_003028.3	837844	+	60	20	81	32.1	151.0	tss_within_coding	Low Confidence (TSS_2.1)	17.0	1.0
TIGR4_SP_0890_TSS_838149_+	SP_0890	NC_003028.3	838149	+	60	20	81	33.33	377.0	tss_within_coding	Low Confidence (TSS_2.1)	54.0	1.0188679245283
TIGR4_SP_0892_TSS_840098_+	SP_0892	NC_003028.3	840098	+	60	20	81	28.4	27.0	tss_intergenic	Low Confidence (TSS_2.1)	97.0	8.81818181818182
TIGR4_SP_RS12015_TSS_843541_+	SP_RS12015	NC_003028.3	843541	+	60	20	81	27.16	205.0	tss_intergenic	Low Confidence (TSS_2.1)	7.0	3.5
TIGR4_SP_0895_TSS_847060_+	SP_0895	NC_003028.3	847060	+	60	20	81	32.1	1.0	tss_intergenic	Low Confidence (TSS_2.1)	14.0	1.55555555555556
TIGR4_SP_0896_TSS_850240_+	SP_0896	NC_003028.3	850240	+	60	20	81	27.16	31.0	tss_intergenic	High Confidence (TSS_100.4)	16062.0	8.9134295227525
TIGR4_SP_0897_TSS_851283_+	SP_0897	NC_003028.3	851283	+	60	20	81	33.33	54.0	tss_intergenic	Low Confidence (TSS_2.1)	220.0	1.01851851851852
TIGR4_SP_0901_TSS_856127_+	SP_0901	NC_003028.3	856127	+	60	20	81	24.69	24.0	tss_intergenic	Low Confidence (TSS_2.1)	35.0	2.69230769230769
TIGR4_SP_0908_TSS_860839_+	SP_0908	NC_003028.3	860839	+	60	20	81	20.99	0.0	tss_intergenic	High Confidence (TSS_100.4)	1523.0	7.9738219895288
TIGR4_SP_0909_TSS_862638_+	SP_0909	NC_003028.3	862638	+	60	20	81	41.98	317.0	tss_within_coding	Low Confidence (TSS_2.1)	52.0	1.3
TIGR4_SP_0910_TSS_863439_+	SP_0910	NC_003028.3	863439	+	60	20	81	40.74	23.0	tss_intergenic	High Confidence (TSS_100.4)	30093.0	17.4250144759699
TIGR4_F33_TSS_863591_+	F33	NC_003028.3	863591	+	60	20	81	39.51	145.0	tss_within_coding	Low Confidence (TSS_2.1)	358.0	1.44354838709677
TIGR4_Spd-sr07_TSS_863740_+	Spd-sr07	NC_003028.3	863740	+	60	20	81	40.74	0.0	tss_intergenic	Low Confidence (TSS_2.1)	2.0	2.0
TIGR4_SP_0912_TSS_864559_+	SP_0912	NC_003028.3	864559	+	60	20	81	34.57	148.0	tss_intergenic	Low Confidence (TSS_2.1)	266.0	2.18032786885246
TIGR4_SP_0913_TSS_865201_+	SP_0913	NC_003028.3	865201	+	60	20	81	54.32	266.0	tss_within_coding	Low Confidence (TSS_2.1)	14.0	1.0
TIGR4_SP_0918_TSS_872193_+	SP_0918	NC_003028.3	872193	+	60	20	81	41.98	89.0	tss_intergenic	Low Confidence (TSS_2.1)	53.0	1.26190476190476
TIGR4_SP_0919_TSS_872644_+	SP_0919	NC_003028.3	872644	+	60	20	81	46.91	495.0	tss_within_coding	Low Confidence (TSS_2.1)	194.0	1.03743315508021
TIGR4_SP_0920_TSS_874198_+	SP_0920	NC_003028.3	874198	+	60	20	81	43.21	200.0	tss_within_coding	Low Confidence (TSS_2.1)	37.0	1.60869565217391
TIGR4_SP_0921_TSS_875502_+	SP_0921	NC_003028.3	875502	+	60	20	81	40.74	20.0	tss_within_coding	Low Confidence (TSS_2.1)	266.0	1.00757575757576
TIGR4_SP_0922_TSS_876345_+	SP_0922	NC_003028.3	876345	+	60	20	81	43.21	272.0	tss_within_coding	Low Confidence (TSS_2.1)	83.0	1.01219512195122
TIGR4_SP_0924_TSS_878639_+	SP_0924	NC_003028.3	878639	+	60	20	81	30.86	115.0	tss_intergenic	High Confidence (TSS_100.4)	4142.0	4.89598108747045
TIGR4_SP_0925_TSS_879007_+	SP_0925	NC_003028.3	879007	+	60	20	81	32.1	22.0	tss_intergenic	Low Confidence (TSS_2.1)	5.0	1.25
TIGR4_SP_0927_TSS_879920_+	SP_0927	NC_003028.3	879920	+	60	20	81	28.4	22.0	tss_within_coding	High Confidence (TSS_100.4)	807.0	4.66473988439306
TIGR4_SP_0928_TSS_880579_+	SP_0928	NC_003028.3	880579	+	60	20	81	41.98	268.0	tss_within_coding	Low Confidence (TSS_2.1)	87.0	1.07407407407407
TIGR4_SP_0929_TSS_881215_+	SP_0929	NC_003028.3	881215	+	60	20	81	40.74	83.0	tss_within_coding	Low Confidence (TSS_2.1)	57.0	2.47826086956522
TIGR4_SP_0930_TSS_882178_+	SP_0930	NC_003028.3	882178	+	60	20	81	33.33	10.0	tss_within_coding	Low Confidence (TSS_2.1)	116.0	1.27472527472527
TIGR4_SP_0931_TSS_884147_+	SP_0931	NC_003028.3	884147	+	60	20	81	30.86	4.0	tss_intergenic	High Confidence (TSS_100.4)	178.0	4.68421052631579
TIGR4_SP_0932_TSS_885077_+	SP_0932	NC_003028.3	885077	+	60	20	81	44.44	214.0	tss_within_coding	Low Confidence (TSS_2.1)	22.0	1.04761904761905
TIGR4_SP_0933_TSS_886082_+	SP_0933	NC_003028.3	886082	+	60	20	81	45.68	475.0	tss_within_coding	Low Confidence (TSS_2.1)	55.0	1.14583333333333
TIGR4_SP_0935_TSS_887447_+	SP_0935	NC_003028.3	887447	+	60	20	81	28.4	23.0	tss_intergenic	High Confidence (TSS_100.4)	2834.0	11.4736842105263
TIGR4_SP_0936_TSS_887797_+	SP_0936	NC_003028.3	887797	+	60	20	81	44.44	308.0	tss_within_coding	Low Confidence (TSS_2.1)	34.0	1.25925925925926
TIGR4_SP_0937_TSS_888892_+	SP_0937	NC_003028.3	888892	+	60	20	81	44.44	143.0	tss_within_coding	Low Confidence (TSS_2.1)	89.0	1.05952380952381
TIGR4_SP_0938_TSS_889177_+	SP_0938	NC_003028.3	889177	+	60	20	81	44.44	178.0	tss_within_coding	Low Confidence (TSS_2.1)	45.0	1.125
TIGR4_SP_0939_TSS_890006_+	SP_0939	NC_003028.3	890006	+	60	20	81	38.27	418.0	tss_within_coding	Low Confidence (TSS_2.1)	38.0	1.1875
TIGR4_SP_RS04645_TSS_890795_+	SP_RS04645	NC_003028.3	890795	+	60	20	81	28.4	283.0	tss_within_coding	Low Confidence (TSS_2.1)	18.0	1.38461538461538
TIGR4_SP_0944_TSS_894357_+	SP_0944	NC_003028.3	894357	+	60	20	81	27.16	21.0	tss_intergenic	High Confidence (TSS_100.4)	14509.0	7.29828973843058
TIGR4_SP_0945_TSS_894948_+	SP_0945	NC_003028.3	894948	+	60	20	81	40.74	176.0	tss_within_coding	High Confidence (TSS_100.4)	121.0	121.0
TIGR4_SP_0946_TSS_895405_+	SP_0946	NC_003028.3	895405	+	60	20	81	45.68	336.0	tss_within_coding	Low Confidence (TSS_2.1)	517.0	1.01372549019608
TIGR4_SP_0947_TSS_896579_+	SP_0947	NC_003028.3	896579	+	60	20	81	43.21	25.0	tss_within_coding	Low Confidence (TSS_2.1)	38.0	1.72727272727273
TIGR4_SP_0948_TSS_896877_+	SP_0948	NC_003028.3	896877	+	60	20	81	33.33	28.0	tss_intergenic	High Confidence (TSS_100.4)	827.0	6.08088235294118
TIGR4_SP_RS04695_TSS_897641_+	SP_RS04695	NC_003028.3	897641	+	60	20	81	46.91	265.0	tss_within_coding	High Confidence (TSS_100.4)	394.0	394.0
TIGR4_SP_RS04700_TSS_897942_+	SP_RS04700	NC_003028.3	897942	+	60	20	81	32.1	437.0	tss_within_coding	High Confidence (TSS_100.4)	653.0	8.26582278481013
TIGR4_SP_0950_TSS_898770_+	SP_0950	NC_003028.3	898770	+	60	20	81	37.04	169.0	tss_within_coding	Low Confidence (TSS_2.1)	79.0	1.12857142857143
TIGR4_SP_0951_TSS_899441_+	SP_0951	NC_003028.3	899441	+	60	20	81	40.74	1.0	tss_intergenic	Low Confidence (TSS_2.1)	19.0	2.375
TIGR4_SP_0953_TSS_901317_+	SP_0953	NC_003028.3	901317	+	60	20	81	33.33	28.0	tss_intergenic	Low Confidence (TSS_2.1)	99.0	4.95
TIGR4_SP_0954_TSS_901687_+	SP_0954	NC_003028.3	901687	+	60	20	81	37.04	295.0	tss_within_coding	Low Confidence (TSS_2.1)	24.0	1.71428571428571
TIGR4_SP_0955_TSS_902119_+	SP_0955	NC_003028.3	902119	+	60	20	81	44.44	497.0	tss_within_coding	Low Confidence (TSS_2.1)	17.0	2.125
TIGR4_SP_0956_TSS_904935_+	SP_0956	NC_003028.3	904935	+	60	20	81	19.75	100.0	tss_intergenic	High Confidence (TSS_100.4)	573.0	9.09523809523809
TIGR4_SP_0957_TSS_905089_+	SP_0957	NC_003028.3	905089	+	60	20	81	39.51	167.0	tss_within_coding	Low Confidence (TSS_2.1)	55.0	1.48648648648649
TIGR4_SP_0958_TSS_905536_+	SP_0958	NC_003028.3	905536	+	60	20	81	43.21	311.0	tss_within_coding	Low Confidence (TSS_2.1)	15.0	1.0
TIGR4_L20_leader_TSS_907193_+	L20_leader	NC_003028.3	907193	+	60	20	81	28.4	2.0	tss_intergenic	Low Confidence (TSS_2.1)	19103.0	2.96630434782609
TIGR4_SP_0960_TSS_907827_+	SP_0960	NC_003028.3	907827	+	60	20	81	40.74	78.0	tss_within_coding	Low Confidence (TSS_2.1)	480.0	1.15107913669065
TIGR4_SP_0961_TSS_908032_+	SP_0961	NC_003028.3	908032	+	60	20	81	43.21	125.0	tss_within_coding	High Confidence (TSS_100.4)	321.0	321.0
TIGR4_nan_TSS_908074_+	nan	NC_003028.3	908074	+	60	20	81	39.51	NA		Secondary TSS, Low confidence		
TIGR4_SP_0962_TSS_908208_+	SP_0962	NC_003028.3	908208	+	60	20	81	37.04	366.0	tss_within_coding	Low Confidence (TSS_2.1)	514.0	1.01984126984127
TIGR4_F35_TSS_908663_+	F35	NC_003028.3	908663	+	60	20	81	33.33	366.0	tss_within_coding	High Confidence (TSS_100.4)	298.0	298.0
TIGR4_nan_TSS_909022_+	nan	NC_003028.3	909022	+	60	20	81	28.4	NA		Secondary TSS, High confidence		
TIGR4_SP_0964_TSS_909826_+	SP_0964	NC_003028.3	909826	+	60	20	81	39.51	189.0	tss_within_coding	Low Confidence (TSS_2.1)	25.0	2.27272727272727
TIGR4_SP_0965_TSS_910780_+	SP_0965	NC_003028.3	910780	+	60	20	81	49.38	215.0	tss_within_coding	Low Confidence (TSS_2.1)	18.0	1.05882352941176
TIGR4_SP_0967_TSS_914826_+	SP_0967	NC_003028.3	914826	+	60	20	81	29.63	23.0	tss_intergenic	High Confidence (TSS_100.4)	42226.0	10.3216817404058
TIGR4_SP_0968_TSS_915315_+	SP_0968	NC_003028.3	915315	+	60	20	81	44.44	12.0	tss_intergenic	Low Confidence (TSS_2.1)	8.0	2.0
TIGR4_SP_0969_TSS_915707_+	SP_0969	NC_003028.3	915707	+	60	20	81	37.04	32.0	tss_within_coding	Low Confidence (TSS_2.1)	148.0	1.0962962962963
TIGR4_SP_0970_TSS_916332_+	SP_0970	NC_003028.3	916332	+	60	20	81	43.21	355.0	tss_within_coding	Low Confidence (TSS_2.1)	112.0	1.10891089108911
TIGR4_SP_0971_TSS_917133_+	SP_0971	NC_003028.3	917133	+	60	20	81	40.74	378.0	tss_within_coding	Low Confidence (TSS_2.1)	184.0	1.15723270440252
TIGR4_SP_0972_TSS_917831_+	SP_0972	NC_003028.3	917831	+	60	20	81	43.21	272.0	tss_within_coding	Low Confidence (TSS_2.1)	23.0	1.76923076923077
TIGR4_SP_0973_TSS_919143_+	SP_0973	NC_003028.3	919143	+	60	20	81	45.68	159.0	tss_within_coding	Low Confidence (TSS_2.1)	22.0	1.375
TIGR4_SP_0974_TSS_919473_+	SP_0974	NC_003028.3	919473	+	60	20	81	28.4	18.0	tss_intergenic	Low Confidence (TSS_2.1)	1544.0	2.92979127134725
TIGR4_SP_0975_TSS_919716_+	SP_0975	NC_003028.3	919716	+	60	20	81	37.04	110.0	tss_within_coding	Low Confidence (TSS_2.1)	19.0	1.26666666666667
TIGR4_SP_0976_TSS_921882_+	SP_0976	NC_003028.3	921882	+	60	20	81	48.15	261.0	tss_within_coding	Low Confidence (TSS_2.1)	343.0	1.00292397660819
TIGR4_SP_0977_TSS_922453_+	SP_0977	NC_003028.3	922453	+	60	20	81	39.51	173.0	tss_within_coding	Low Confidence (TSS_2.1)	144.0	1.125
TIGR4_SP_0978_TSS_923348_+	SP_0978	NC_003028.3	923348	+	60	20	81	44.44	211.0	tss_within_coding	Low Confidence (TSS_2.1)	48.0	1.26315789473684
TIGR4_SP_0979_TSS_924517_+	SP_0979	NC_003028.3	924517	+	60	20	81	33.33	14.0	tss_intergenic	High Confidence (TSS_100.4)	21991.0	6.33016695451929
TIGR4_SP_0980_TSS_925854_+	SP_0980	NC_003028.3	925854	+	60	20	81	39.51	481.0	tss_within_coding	Low Confidence (TSS_2.1)	51.0	1.45714285714286
TIGR4_SP_0981_TSS_927089_+	SP_0981	NC_003028.3	927089	+	60	20	81	27.16	26.0	tss_intergenic	High Confidence (TSS_100.4)	8112.0	8.91428571428571
TIGR4_srn249_TSS_927825_+	srn249	NC_003028.3	927825	+	60	20	81	37.04	252.0	tss_within_coding	High Confidence (TSS_100.4)	121.0	121.0
TIGR4_SP_0988_TSS_932234_+	SP_0988	NC_003028.3	932234	+	60	20	81	29.63	25.0	tss_intergenic	High Confidence (TSS_100.4)	3960.0	10.6166219839142
TIGR4_SP_0989_TSS_933192_+	SP_0989	NC_003028.3	933192	+	60	20	81	43.21	456.0	tss_within_coding	Low Confidence (TSS_2.1)	168.0	1.08387096774194
TIGR4_SP_0990_TSS_934085_+	SP_0990	NC_003028.3	934085	+	60	20	81	46.91	120.0	tss_within_coding	Low Confidence (TSS_2.1)	236.0	1.15121951219512
TIGR4_SP_0991_TSS_934231_+	SP_0991	NC_003028.3	934231	+	60	20	81	34.57	305.0	tss_within_coding	Low Confidence (TSS_2.1)	94.0	1.03296703296703
TIGR4_SP_0992_TSS_935272_+	SP_0992	NC_003028.3	935272	+	60	20	81	29.63	33.0	tss_intergenic	High Confidence (TSS_100.4)	3908.0	5.42777777777778
TIGR4_nan_TSS_935485_+	nan	NC_003028.3	935485	+	60	20	81	34.57	NA		Secondary TSS, Low confidence		
TIGR4_SP_0993_TSS_935785_+	SP_0993	NC_003028.3	935785	+	60	20	81	40.74	109.0	tss_within_coding	High Confidence (TSS_100.4)	116.0	116.0
TIGR4_SP_0994_TSS_936260_+	SP_0994	NC_003028.3	936260	+	60	20	81	39.51	227.0	tss_within_coding	Low Confidence (TSS_2.1)	84.0	1.13513513513514
TIGR4_SP_RS12065_TSS_938470_+	SP_RS12065	NC_003028.3	938470	+	60	20	81	22.22	0.0	tss_intergenic	High Confidence (TSS_100.4)	5774.0	7.84510869565217
TIGR4_SP_0997_TSS_938940_+	SP_0997	NC_003028.3	938940	+	60	20	81	34.57	339.0	tss_within_coding	Low Confidence (TSS_2.1)	24.0	1.09090909090909
TIGR4_SP_0999_TSS_940129_+	SP_0999	NC_003028.3	940129	+	60	20	81	27.16	27.0	tss_intergenic	Low Confidence (TSS_2.1)	1029.0	2.7007874015748
TIGR4_SP_1000_TSS_940859_+	SP_1000	NC_003028.3	940859	+	60	20	81	28.4	15.0	tss_within_coding	Low Confidence (TSS_2.1)	16.0	1.33333333333333
TIGR4_SpF36_sRNA_TSS_941088_+	SpF36_sRNA	NC_003028.3	941088	+	60	20	81	34.57	347.0	tss_within_coding	Low Confidence (TSS_2.1)	33.0	1.0
TIGR4_SP_1001_TSS_941782_+	SP_1001	NC_003028.3	941782	+	60	20	81	19.75	23.0	tss_intergenic	High Confidence (TSS_100.4)	1702.0	8.34313725490196
TIGR4_nan_TSS_942847_+	nan	NC_003028.3	942847	+	60	20	81	44.44	NA		Secondary TSS, Low confidence		
TIGR4_SP_1002_TSS_943311_+	SP_1002	NC_003028.3	943311	+	60	20	81	20.99	28.0	tss_intergenic	High Confidence (TSS_100.4)	304.0	5.96078431372549
TIGR4_SP_1003_TSS_944052_+	SP_1003	NC_003028.3	944052	+	60	20	81	39.51	212.0	tss_within_coding	Low Confidence (TSS_2.1)	15.0	1.25
TIGR4_SP_1004_TSS_946897_+	SP_1004	NC_003028.3	946897	+	60	20	81	19.75	96.0	tss_intergenic	High Confidence (TSS_100.4)	1194.0	5.57943925233645
TIGR4_trn0485_TSS_949619_+	trn0485	NC_003028.3	949619	+	60	20	81	35.8	500.0	tss_within_coding	Low Confidence (TSS_2.1)	101.0	1.34666666666667
TIGR4_SP_RS12070_TSS_950281_+	SP_RS12070	NC_003028.3	950281	+	60	20	81	18.52	57.0	tss_intergenic	Low Confidence (TSS_2.1)	6.0	6.0
TIGR4_SP_RS04985_TSS_950643_+	SP_RS04985	NC_003028.3	950643	+	60	20	81	38.27	299.0	tss_within_coding	Low Confidence (TSS_2.1)	26.0	1.625
TIGR4_SP_1009_TSS_953823_+	SP_1009	NC_003028.3	953823	+	60	20	81	30.86	26.0	tss_intergenic	High Confidence (TSS_100.4)	139.0	4.96428571428571
TIGR4_preQ1-II_TSS_955903_+	preQ1-II	NC_003028.3	955903	+	60	20	81	27.16	1.0	tss_intergenic	Low Confidence (TSS_2.1)	2.0	2.0
TIGR4_SP_2248_TSS_956603_+	SP_2248	NC_003028.3	956603	+	60	20	81	29.63	4.0	tss_intergenic	Low Confidence (TSS_2.1)	89.0	44.5
TIGR4_SP_1013_TSS_956782_+	SP_1013	NC_003028.3	956782	+	60	20	81	30.86	239.0	tss_within_coding	High Confidence (TSS_100.4)	1312.0	4.33003300330033
TIGR4_nan_TSS_956982_+	nan	NC_003028.3	956982	+	60	20	81	20.99	NA		Secondary TSS, Low confidence		
TIGR4_SP_1014_TSS_957771_+	SP_1014	NC_003028.3	957771	+	60	20	81	40.74	382.0	tss_within_coding	Low Confidence (TSS_2.1)	255.0	1.06694560669456
TIGR4_trn0489_TSS_959237_+	trn0489	NC_003028.3	959237	+	60	20	81	34.57	54.0	tss_intergenic	Low Confidence (TSS_2.1)	5.0	1.0
TIGR4_SP_1018_TSS_962337_+	SP_1018	NC_003028.3	962337	+	60	20	81	25.93	37.0	tss_intergenic	High Confidence (TSS_100.4)	2475.0	15.2777778
TIGR4_SP_1019_TSS_962850_+	SP_1019	NC_003028.3	962850	+	60	20	81	49.38	113.0	tss_within_coding	Low Confidence (TSS_2.1)	33.0	1.22222222222222
TIGR4_SP_1020_TSS_963435_+	SP_1020	NC_003028.3	963435	+	60	20	81	29.63	17.0	tss_within_coding	Low Confidence (TSS_2.1)	198.0	1.05882352941176
TIGR4_SP_1021_TSS_964126_+	SP_1021	NC_003028.3	964126	+	60	20	81	44.44	405.0	tss_within_coding	Low Confidence (TSS_2.1)	43.0	1.075
TIGR4_SP_1022_TSS_965074_+	SP_1022	NC_003028.3	965074	+	60	20	81	25.93	253.0	tss_within_coding	High Confidence (TSS_100.4)	30960.0	11.9767891682785
TIGR4_nan_TSS_965145_+	nan	NC_003028.3	965145	+	60	20	81	45.68	NA		Secondary TSS, High confidence		
TIGR4_SP_1023_TSS_965803_+	SP_1023	NC_003028.3	965803	+	60	20	81	45.68	155.0	tss_within_coding	Low Confidence (TSS_2.1)	144.0	1.10769230769231
TIGR4_SP_1024_TSS_966060_+	SP_1024	NC_003028.3	966060	+	60	20	81	46.91	391.0	tss_within_coding	Low Confidence (TSS_2.1)	88.0	1.3134328358209
TIGR4_SP_1025_TSS_967467_+	SP_1025	NC_003028.3	967467	+	60	20	81	33.33	215.0	tss_within_coding	High Confidence (TSS_100.4)	220.0	220.0
TIGR4_SP_1026_TSS_968605_+	SP_1026	NC_003028.3	968605	+	60	20	81	40.74	84.0	tss_within_coding	Low Confidence (TSS_2.1)	82.0	1.01234567901235
TIGR4_SP_1027_TSS_969358_+	SP_1027	NC_003028.3	969358	+	60	20	81	30.86	19.0	tss_intergenic	High Confidence (TSS_100.4)	292335.0	15.6521389944852
TIGR4_SP_1029_TSS_970377_+	SP_1029	NC_003028.3	970377	+	60	20	81	38.27	48.0	tss_intergenic	High Confidence (TSS_100.4)	491.0	5.84523809523809
TIGR4_SP_RS05110_TSS_971943_+	SP_RS05110	NC_003028.3	971943	+	60	20	81	24.69	312.0	tss_within_coding	Low Confidence (TSS_2.1)	34.0	1.17241379310345
TIGR4_SpF61_sRNA_TSS_972273_+	SpF61_sRNA	NC_003028.3	972273	+	60	20	81	24.69	54.0	tss_intergenic	Low Confidence (TSS_2.1)	6.0	1.2
TIGR4_SP_1030_TSS_972765_+	SP_1030	NC_003028.3	972765	+	60	20	81	17.28	30.0	tss_intergenic	High Confidence (TSS_100.4)	524.0	7.70588235294118
TIGR4_SP_1032_TSS_973384_+	SP_1032	NC_003028.3	973384	+	60	20	81	20.99	22.0	tss_intergenic	Low Confidence (TSS_2.1)	1676.0	2.86006825938567
TIGR4_SP_1033_TSS_974086_+	SP_1033	NC_003028.3	974086	+	60	20	81	27.16	323.0	tss_within_coding	Low Confidence (TSS_2.1)	67.0	1.046875
TIGR4_SP_1034_TSS_975057_+	SP_1034	NC_003028.3	975057	+	60	20	81	25.93	371.0	tss_within_coding	Low Confidence (TSS_2.1)	22.0	1.04761904761905
TIGR4_SP_RS12080_TSS_977259_+	SP_RS12080	NC_003028.3	977259	+	60	20	81	32.1	358.0	tss_intergenic	Low Confidence (TSS_2.1)	43.0	1.1025641025641
TIGR4_SP_1038_TSS_978025_+	SP_1038	NC_003028.3	978025	+	60	20	81	38.27	106.0	tss_intergenic	Low Confidence (TSS_2.1)	104.0	1.1063829787234
TIGR4_SP_1039_TSS_978619_+	SP_1039	NC_003028.3	978619	+	60	20	81	20.99	351.0	tss_intergenic	Low Confidence (TSS_2.1)	20.0	1.05263157894737
TIGR4_SP_1040_TSS_979153_+	SP_1040	NC_003028.3	979153	+	60	20	81	28.4	70.0	tss_intergenic	Low Confidence (TSS_2.1)	111.0	3.08333333333333
TIGR4_SP_1041_TSS_980860_+	SP_1041	NC_003028.3	980860	+	60	20	81	30.86	310.0	tss_within_coding	Low Confidence (TSS_2.1)	32.0	1.52380952380952
TIGR4_SP_1042_TSS_982046_+	SP_1042	NC_003028.3	982046	+	60	20	81	34.57	12.0	tss_intergenic	High Confidence (TSS_100.4)	574.0	5.07964601769912
TIGR4_SP_1045_TSS_984031_+	SP_1045	NC_003028.3	984031	+	60	20	81	32.1	59.0	tss_intergenic	High Confidence (TSS_100.4)	222.0	9.65217391304348
TIGR4_SP_RS12090_TSS_985082_+	SP_RS12090	NC_003028.3	985082	+	60	20	81	32.1	32.0	tss_intergenic	Low Confidence (TSS_2.1)	94.0	7.23076923076923
TIGR4_SP_1047_TSS_986934_+	SP_1047	NC_003028.3	986934	+	60	20	81	27.16	29.0	tss_intergenic	High Confidence (TSS_100.4)	332.0	5.1875
TIGR4_SP_1050_TSS_988031_+	SP_1050	NC_003028.3	988031	+	60	20	81	28.4	21.0	tss_intergenic	High Confidence (TSS_100.4)	508.0	4.064
TIGR4_SP_1051_TSS_988459_+	SP_1051	NC_003028.3	988459	+	60	20	81	29.63	69.0	tss_within_coding	Low Confidence (TSS_2.1)	21.0	1.4
TIGR4_SP_1052_TSS_988844_+	SP_1052	NC_003028.3	988844	+	60	20	81	29.63	473.0	tss_within_coding	Low Confidence (TSS_2.1)	63.0	1.21153846153846
TIGR4_group-II-D1D4-3_TSS_990113_+	group-II-D1D4-3	NC_003028.3	990113	+	60	20	81	30.86	489.0	tss_within_coding	Low Confidence (TSS_2.1)	194.0	1.03743315508021
TIGR4_SP_1054_TSS_991133_+	SP_1054	NC_003028.3	991133	+	60	20	81	41.98	171.0	tss_intergenic	Low Confidence (TSS_2.1)	2.0	2.0
TIGR4_SP_1057_TSS_993924_+	SP_1057	NC_003028.3	993924	+	60	20	81	18.52	30.0	tss_intergenic	High Confidence (TSS_100.4)	171.0	7.43478260869565
TIGR4_SP_1059_TSS_994951_+	SP_1059	NC_003028.3	994951	+	60	20	81	23.46	460.0	tss_intergenic	High Confidence (TSS_100.4)	3720.0	6.4471403812825
TIGR4_SP_1060_TSS_995794_+	SP_1060	NC_003028.3	995794	+	60	20	81	24.69	97.0	tss_intergenic	Low Confidence (TSS_2.1)	7.0	7.0
TIGR4_SP_1064_TSS_999381_+	SP_1064	NC_003028.3	999381	+	60	20	81	39.51	41.0	tss_within_coding	Low Confidence (TSS_2.1)	27.0	9.0
TIGR4_SP_1066_TSS_1000820_+	SP_1066	NC_003028.3	1000820	+	60	20	81	28.4	0.0	tss_intergenic	Low Confidence (TSS_2.1)	18.0	18.0
TIGR4_SP_1067_TSS_1001213_+	SP_1067	NC_003028.3	1001213	+	60	20	81	27.16	65.0	tss_intergenic	High Confidence (TSS_100.4)	3512.0	9.46630727762803
TIGR4_SP_1068_TSS_1002203_+	SP_1068	NC_003028.3	1002203	+	60	20	81	33.33	324.0	tss_within_coding	Low Confidence (TSS_2.1)	104.0	1.33333333333333
TIGR4_T-box_TSS_1004922_+	T-box	NC_003028.3	1004922	+	60	20	81	27.16	384.0	tss_within_coding	Low Confidence (TSS_2.1)	89.0	1.01136363636364
TIGR4_SP_1069_TSS_1005312_+	SP_1069	NC_003028.3	1005312	+	60	20	81	19.75	324.0	tss_within_coding	High Confidence (TSS_100.4)	1256.0	5.55752212389381
TIGR4_SP_1070_TSS_1006706_+	SP_1070	NC_003028.3	1006706	+	60	20	81	28.4	3.0	tss_intergenic	Low Confidence (TSS_2.1)	10.0	2.0
TIGR4_SP_1072_TSS_1008390_+	SP_1072	NC_003028.3	1008390	+	60	20	81	25.93	30.0	tss_intergenic	High Confidence (TSS_100.4)	1556.0	8.54945054945055
TIGR4_SP_1073_TSS_1010080_+	SP_1073	NC_003028.3	1010080	+	60	20	81	40.74	103.0	tss_within_coding	Low Confidence (TSS_2.1)	720.0	1.17839607201309
TIGR4_SP_1074_TSS_1011088_+	SP_1074	NC_003028.3	1011088	+	60	20	81	38.27	218.0	tss_within_coding	Low Confidence (TSS_2.1)	306.0	1.0625
TIGR4_nan_TSS_1011536_+	nan	NC_003028.3	1011536	+	60	20	81	41.98	NA		Secondary TSS, High confidence		
TIGR4_SP_1075_TSS_1011750_+	SP_1075	NC_003028.3	1011750	+	60	20	81	29.63	27.0	tss_intergenic	High Confidence (TSS_100.4)	2375.0	10.1063829787234
TIGR4_SP_1076_TSS_1012460_+	SP_1076	NC_003028.3	1012460	+	60	20	81	39.51	349.0	tss_within_coding	Low Confidence (TSS_2.1)	57.0	1.0
TIGR4_SP_1077_TSS_1013845_+	SP_1077	NC_003028.3	1013845	+	60	20	81	44.44	320.0	tss_within_coding	Low Confidence (TSS_2.1)	79.0	1.08219178082192
TIGR4_SP_1078_TSS_1014370_+	SP_1078	NC_003028.3	1014370	+	60	20	81	34.57	30.0	tss_intergenic	High Confidence (TSS_100.4)	195.0	4.43181818181818
TIGR4_SP_1079_TSS_1014570_+	SP_1079	NC_003028.3	1014570	+	60	20	81	34.57	28.0	tss_intergenic	Low Confidence (TSS_2.1)	42.0	1.23529411764706
TIGR4_SP_1080_TSS_1015561_+	SP_1080	NC_003028.3	1015561	+	60	20	81	39.51	357.0	tss_within_coding	Low Confidence (TSS_2.1)	164.0	1.07894736842105
TIGR4_trn0510_TSS_1015939_+	trn0510	NC_003028.3	1015939	+	60	20	81	39.51	478.0	tss_within_coding	Low Confidence (TSS_2.1)	56.0	1.0
TIGR4_SP_1081_TSS_1017176_+	SP_1081	NC_003028.3	1017176	+	60	20	81	20.99	43.0	tss_intergenic	High Confidence (TSS_100.4)	6033.0	8.48523206751055
TIGR4_SP_1082_TSS_1018021_+	SP_1082	NC_003028.3	1018021	+	60	20	81	35.8	473.0	tss_within_coding	Low Confidence (TSS_2.1)	50.0	1.11111111111111
TIGR4_SP_1083_TSS_1018827_+	SP_1083	NC_003028.3	1018827	+	60	20	81	35.8	211.0	tss_within_coding	Low Confidence (TSS_2.1)	120.0	1.0
TIGR4_SP_1084_TSS_1019887_+	SP_1084	NC_003028.3	1019887	+	60	20	81	40.74	444.0	tss_within_coding	High Confidence (TSS_100.4)	310.0	310.0
TIGR4_SP_RS05365_TSS_1020828_+	SP_RS05365	NC_003028.3	1020828	+	60	20	81	40.74	462.0	tss_within_coding	Low Confidence (TSS_2.1)	166.0	1.13698630136986
TIGR4_SP_RS12110_TSS_1021571_+	SP_RS12110	NC_003028.3	1021571	+	60	20	81	24.69	0.0	tss_intergenic	High Confidence (TSS_100.4)	210.0	8.07692307692308
TIGR4_SP_1087_TSS_1022538_+	SP_1087	NC_003028.3	1022538	+	60	20	81	30.86	27.0	tss_intergenic	High Confidence (TSS_100.4)	619.0	6.25252525252525
TIGR4_SP_1097_TSS_1030401_+	SP_1097	NC_003028.3	1030401	+	60	20	81	24.69	75.0	tss_intergenic	High Confidence (TSS_100.4)	1314.0	1314.0
TIGR4_SP_1098_TSS_1031054_+	SP_1098	NC_003028.3	1031054	+	60	20	81	44.44	77.0	tss_within_coding	High Confidence (TSS_100.4)	638.0	638.0
TIGR4_SP_1099_TSS_1031785_+	SP_1099	NC_003028.3	1031785	+	60	20	81	35.8	161.0	tss_within_coding	Low Confidence (TSS_2.1)	37.0	1.27586206896552
TIGR4_SP_1100_TSS_1032412_+	SP_1100	NC_003028.3	1032412	+	60	20	81	46.91	474.0	tss_within_coding	Low Confidence (TSS_2.1)	46.0	1.02222222222222
TIGR4_SP_1104_TSS_1036317_+	SP_1104	NC_003028.3	1036317	+	60	20	81	28.4	13.0	tss_intergenic	Low Confidence (TSS_2.1)	393.0	2.97727272727273
TIGR4_L21_leader_TSS_1037080_+	L21_leader	NC_003028.3	1037080	+	60	20	81	33.33	13.0	tss_intergenic	High Confidence (TSS_100.4)	364698.0	24.9178737359934
TIGR4_SP_1105_TSS_1037195_+	SP_1105	NC_003028.3	1037195	+	60	20	81	44.44	21.0	tss_intergenic	Low Confidence (TSS_2.1)	261.0	1.01953125
TIGR4_SP_1106_TSS_1037380_+	SP_1106	NC_003028.3	1037380	+	60	20	81	43.21	166.0	tss_within_coding	High Confidence (TSS_100.4)	485.0	485.0
TIGR4_nan_TSS_1037415_+	nan	NC_003028.3	1037415	+	60	20	81	41.98	NA		Secondary TSS, Low confidence		
TIGR4_nan_TSS_1037627_+	nan	NC_003028.3	1037627	+	60	20	81	55.56	NA		Secondary TSS, High confidence		
TIGR4_SP_1107_TSS_1037692_+	SP_1107	NC_003028.3	1037692	+	60	20	81	39.51	215.0	tss_within_coding	High Confidence (TSS_100.4)	26140.0	26140.0
TIGR4_srn270_TSS_1037989_+	srn270	NC_003028.3	1037989	+	60	20	81	44.44	209.0	tss_within_coding	Low Confidence (TSS_2.1)	77.0	77.0
TIGR4_SP_1110_TSS_1039154_+	SP_1110	NC_003028.3	1039154	+	60	20	81	23.46	0.0	tss_intergenic	High Confidence (TSS_100.4)	1869.0	5.95222929936306
TIGR4_SP_1112_TSS_1041113_+	SP_1112	NC_003028.3	1041113	+	60	20	81	27.16	41.0	tss_intergenic	High Confidence (TSS_100.4)	801.0	10.972602739726
TIGR4_SP_1113_TSS_1042066_+	SP_1113	NC_003028.3	1042066	+	60	20	81	25.93	33.0	tss_intergenic	High Confidence (TSS_100.4)	193119.0	9.54711291279415
TIGR4_nan_TSS_1042500_+	nan	NC_003028.3	1042500	+	60	20	81	24.69	NA		Secondary TSS, High confidence		
TIGR4_SP_1114_TSS_1042800_+	SP_1114	NC_003028.3	1042800	+	60	20	81	29.63	0.0	tss_intergenic	High Confidence (TSS_100.4)	2194.0	7.12337662337662
TIGR4_SP_1115_TSS_1044488_+	SP_1115	NC_003028.3	1044488	+	60	20	81	40.74	216.0	tss_within_coding	Low Confidence (TSS_2.1)	315.0	1.20689655172414
TIGR4_SP_1116_TSS_1045207_+	SP_1116	NC_003028.3	1045207	+	60	20	81	39.51	440.0	tss_within_coding	Low Confidence (TSS_2.1)	29.0	1.11538461538462
TIGR4_SP_1117_TSS_1046918_+	SP_1117	NC_003028.3	1046918	+	60	20	81	37.04	0.0	tss_intergenic	High Confidence (TSS_100.4)	597.0	5.63207547169811
TIGR4_SP_1118_TSS_1048763_+	SP_1118	NC_003028.3	1048763	+	60	20	81	44.44	225.0	tss_within_coding	Low Confidence (TSS_2.1)	62.0	1.0
TIGR4_SP_1119_TSS_1051788_+	SP_1119	NC_003028.3	1051788	+	60	20	81	25.93	24.0	tss_intergenic	High Confidence (TSS_100.4)	6823.0	6.15794223826715
TIGR4_SP_1121_TSS_1053688_+	SP_1121	NC_003028.3	1053688	+	60	20	81	24.69	31.0	tss_intergenic	High Confidence (TSS_100.4)	2512.0	5.43722943722944
TIGR4_SP_1122_TSS_1055445_+	SP_1122	NC_003028.3	1055445	+	60	20	81	44.44	192.0	tss_within_coding	Low Confidence (TSS_2.1)	21.0	1.23529411764706
TIGR4_SP_1123_TSS_1056540_+	SP_1123	NC_003028.3	1056540	+	60	20	81	44.44	229.0	tss_within_coding	Low Confidence (TSS_2.1)	127.0	1.12389380530973
TIGR4_SP_1124_TSS_1057677_+	SP_1124	NC_003028.3	1057677	+	60	20	81	35.8	228.0	tss_within_coding	Low Confidence (TSS_2.1)	22.0	1.46666666666667
TIGR4_SP_1128_TSS_1061741_+	SP_1128	NC_003028.3	1061741	+	60	20	81	29.63	32.0	tss_intergenic	High Confidence (TSS_100.4)	11372.0	8.7008416220352
TIGR4_SpF01_sRNA_TSS_1062831_+	SpF01_sRNA	NC_003028.3	1062831	+	60	20	81	38.27	249.0	tss_within_coding	Low Confidence (TSS_2.1)	122.0	1.11926605504587
TIGR4_SP_1131_TSS_1065412_+	SP_1131	NC_003028.3	1065412	+	60	20	81	20.99	25.0	tss_intergenic	High Confidence (TSS_100.4)	167.0	7.59090909090909
TIGR4_SP_1134_TSS_1066271_+	SP_1134	NC_003028.3	1066271	+	60	20	81	33.33	253.0	tss_intergenic	Low Confidence (TSS_2.1)	2.0	2.0
TIGR4_SP_1140_TSS_1069429_+	SP_1140	NC_003028.3	1069429	+	60	20	81	34.57	484.0	tss_within_coding	Low Confidence (TSS_2.1)	40.0	1.21212121212121
TIGR4_SP_1141_TSS_1070067_+	SP_1141	NC_003028.3	1070067	+	60	20	81	41.98	282.0	tss_within_coding	Low Confidence (TSS_2.1)	31.0	1.06896551724138
TIGR4_SP_1142_TSS_1070664_+	SP_1142	NC_003028.3	1070664	+	60	20	81	32.1	14.0	tss_intergenic	Low Confidence (TSS_2.1)	27.0	1.35
TIGR4_SpF41_sRNA_TSS_1071112_+	SpF41_sRNA	NC_003028.3	1071112	+	60	20	81	35.8	0.0	tss_intergenic	Low Confidence (TSS_2.1)	206.0	2.16842105263158
TIGR4_SP_1143_TSS_1071268_+	SP_1143	NC_003028.3	1071268	+	60	20	81	20.99	17.0	tss_intergenic	High Confidence (TSS_100.4)	12388.0	7.7473420888055
TIGR4_SP_1144_TSS_1071629_+	SP_1144	NC_003028.3	1071629	+	60	20	81	33.33	11.0	tss_intergenic	Low Confidence (TSS_2.1)	213.0	1.0390243902439
TIGR4_SP_1145_TSS_1071657_+	SP_1145	NC_003028.3	1071657	+	60	20	81	32.1	294.0	tss_within_coding	Low Confidence (TSS_2.1)	110.0	1.05769230769231
TIGR4_SP_1151_TSS_1075332_+	SP_1151	NC_003028.3	1075332	+	60	20	81	35.8	25.0	tss_intergenic	High Confidence (TSS_100.4)	547.0	17.6451612903226
TIGR4_SP_1152_TSS_1078506_+	SP_1152	NC_003028.3	1078506	+	60	20	81	48.15	123.0	tss_within_coding	Low Confidence (TSS_2.1)	17.0	1.88888888888889
TIGR4_SP_1153_TSS_1082420_+	SP_1153	NC_003028.3	1082420	+	60	20	81	43.21	74.0	tss_within_coding	Low Confidence (TSS_2.1)	47.0	47.0
TIGR4_SP_1154_TSS_1083794_+	SP_1154	NC_003028.3	1083794	+	60	20	81	25.93	87.0	tss_intergenic	Low Confidence (TSS_2.1)	384.0	2.08695652173913
TIGR4_SP_RS12140_TSS_1089802_+	SP_RS12140	NC_003028.3	1089802	+	60	20	81	38.27	145.0	tss_within_coding	Low Confidence (TSS_2.1)	27.0	1.5
TIGR4_F63_TSS_1090018_+	F63	NC_003028.3	1090018	+	60	20	81	34.57	42.0	tss_intergenic	Low Confidence (TSS_2.1)	4.0	4.0
TIGR4_SP_1155_TSS_1090221_+	SP_1155	NC_003028.3	1090221	+	60	20	81	28.4	121.0	tss_intergenic	High Confidence (TSS_100.4)	1182.0	5.05128205128205
TIGR4_SP_1156_TSS_1091006_+	SP_1156	NC_003028.3	1091006	+	60	20	81	34.57	174.0	tss_within_coding	Low Confidence (TSS_2.1)	126.0	1.34042553191489
TIGR4_SP_1157_TSS_1091590_+	SP_1157	NC_003028.3	1091590	+	60	20	81	41.98	385.0	tss_within_coding	Low Confidence (TSS_2.1)	99.0	1.04210526315789
TIGR4_F42_TSS_1093081_+	F42	NC_003028.3	1093081	+	60	20	81	39.51	451.0	tss_within_coding	Low Confidence (TSS_2.1)	20.0	1.33333333333333
TIGR4_SP_1159_TSS_1093678_+	SP_1159	NC_003028.3	1093678	+	60	20	81	18.52	431.0	tss_intergenic	High Confidence (TSS_100.4)	110.0	4.78260869565217
TIGR4_nan_TSS_1094086_+	nan	NC_003028.3	1094086	+	60	20	81	24.69	NA		Secondary TSS, Low confidence		
TIGR4_SP_1178_TSS_1115903_+	SP_1178	NC_003028.3	1115903	+	60	20	81	23.46	28.0	tss_intergenic	High Confidence (TSS_100.4)	15384.0	9.00702576112412
TIGR4_SP_1179_TSS_1116217_+	SP_1179	NC_003028.3	1116217	+	60	20	81	33.33	13.0	tss_intergenic	Low Confidence (TSS_2.1)	19.0	1.72727272727273
TIGR4_F64_TSS_1118272_+	F64	NC_003028.3	1118272	+	60	20	81	41.98	144.0	tss_within_coding	Low Confidence (TSS_2.1)	65.0	1.14035087719298
TIGR4_SP_1180_TSS_1118536_+	SP_1180	NC_003028.3	1118536	+	60	20	81	35.8	41.0	tss_intergenic	Low Confidence (TSS_2.1)	109.0	1.62686567164179
TIGR4_SP_1182_TSS_1119809_+	SP_1182	NC_003028.3	1119809	+	60	20	81	28.4	18.0	tss_intergenic	High Confidence (TSS_100.4)	5397.0	10.9030303030303
TIGR4_SP_1220_TSS_1150007_+	SP_1220	NC_003028.3	1150007	+	60	20	81	33.33	45.0	tss_intergenic	High Confidence (TSS_100.4)	12820.0	4.39945092656143
TIGR4_trn0573_TSS_1150813_+	trn0573	NC_003028.3	1150813	+	60	20	81	44.44	463.0	tss_within_coding	Low Confidence (TSS_2.1)	49.0	1.08888888888889
TIGR4_SP_RS12170_TSS_1161481_+	SP_RS12170	NC_003028.3	1161481	+	60	20	81	22.22	6.0	tss_intergenic	Low Confidence (TSS_2.1)	2.0	2.0
TIGR4_SP_1230_TSS_1163618_+	SP_1230	NC_003028.3	1163618	+	60	20	81	25.93	0.0	tss_intergenic	High Confidence (TSS_100.4)	863.0	5.36024844720497
TIGR4_SP_1231_TSS_1164153_+	SP_1231	NC_003028.3	1164153	+	60	20	81	38.27	166.0	tss_within_coding	Low Confidence (TSS_2.1)	15.0	1.25
TIGR4_SP_1232_TSS_1164757_+	SP_1232	NC_003028.3	1164757	+	60	20	81	39.51	97.0	tss_within_coding	Low Confidence (TSS_2.1)	65.0	1.08333333333333
TIGR4_SP_1233_TSS_1165672_+	SP_1233	NC_003028.3	1165672	+	60	20	81	30.86	27.0	tss_intergenic	High Confidence (TSS_100.4)	387.0	16.125
TIGR4_SP_1234_TSS_1166187_+	SP_1234	NC_003028.3	1166187	+	60	20	81	32.1	51.0	tss_within_coding	High Confidence (TSS_100.4)	2779.0	7.85028248587571
TIGR4_SP_1241_TSS_1171478_+	SP_1241	NC_003028.3	1171478	+	60	20	81	24.69	23.0	tss_intergenic	Low Confidence (TSS_2.1)	7122.0	2.90575275397797
TIGR4_SP_1242_TSS_1173468_+	SP_1242	NC_003028.3	1173468	+	60	20	81	37.04	198.0	tss_within_coding	Low Confidence (TSS_2.1)	52.0	1.2093023255814
TIGR4_nan_TSS_1174240_+	nan	NC_003028.3	1174240	+	60	20	81	45.68	NA		Secondary TSS, High confidence		
TIGR4_SP_1243_TSS_1174493_+	SP_1243	NC_003028.3	1174493	+	60	20	81	27.16	62.0	tss_intergenic	High Confidence (TSS_100.4)	1053.0	5.29145728643216
TIGR4_SP_1262_TSS_1193804_+	SP_1262	NC_003028.3	1193804	+	60	20	81	28.4	10.0	tss_intergenic	Low Confidence (TSS_2.1)	25.0	1.0
TIGR4_SP_1273_TSS_1205838_+	SP_1273	NC_003028.3	1205838	+	60	20	81	38.27	412.0	tss_within_coding	Low Confidence (TSS_2.1)	35.0	1.25
TIGR4_SP_1274_TSS_1206886_+	SP_1274	NC_003028.3	1206886	+	60	20	81	34.57	169.0	tss_within_coding	Low Confidence (TSS_2.1)	25.0	1.04166666666667
TIGR4_SP_1281_TSS_1215739_+	SP_1281	NC_003028.3	1215739	+	60	20	81	23.46	33.0	tss_intergenic	Low Confidence (TSS_2.1)	35.0	17.5
TIGR4_SpF43_sRNA_TSS_1216148_+	SpF43_sRNA	NC_003028.3	1216148	+	60	20	81	32.1	0.0	tss_intergenic	High Confidence (TSS_100.4)	351.0	4.3875
TIGR4_SP_1282_TSS_1216295_+	SP_1282	NC_003028.3	1216295	+	60	20	81	34.57	33.0	tss_intergenic	Low Confidence (TSS_2.1)	19.0	1.35714285714286
TIGR4_SP_1285_TSS_1219464_+	SP_1285	NC_003028.3	1219464	+	60	20	81	25.93	22.0	tss_intergenic	High Confidence (TSS_100.4)	1183.0	8.39007092198582
TIGR4_nan_TSS_1220043_+	nan	NC_003028.3	1220043	+	60	20	81	43.21	NA		Secondary TSS, High confidence		
TIGR4_PyrR_TSS_1220352_+	PyrR	NC_003028.3	1220352	+	60	20	81	28.4	4.0	tss_intergenic	High Confidence (TSS_100.4)	871.0	13.0
TIGR4_SP_1290_TSS_1224434_+	SP_1290	NC_003028.3	1224434	+	60	20	81	34.57	1.0	tss_intergenic	Low Confidence (TSS_2.1)	20.0	5.0
TIGR4_SP_1291_TSS_1225601_+	SP_1291	NC_003028.3	1225601	+	60	20	81	50.62	151.0	tss_within_coding	Low Confidence (TSS_2.1)	60.0	1.22448979591837
TIGR4_SP_1292_TSS_1226472_+	SP_1292	NC_003028.3	1226472	+	60	20	81	44.44	129.0	tss_within_coding	Low Confidence (TSS_2.1)	25.0	1.13636363636364
TIGR4_SP_1298_TSS_1229949_+	SP_1298	NC_003028.3	1229949	+	60	20	81	23.46	20.0	tss_intergenic	High Confidence (TSS_100.4)	1351.0	5.89956331877729
TIGR4_SP_1299_TSS_1230948_+	SP_1299	NC_003028.3	1230948	+	60	20	81	32.1	52.0	tss_intergenic	High Confidence (TSS_100.4)	111414.0	6.42933810375671
TIGR4_nan_TSS_1230994_+	nan	NC_003028.3	1230994	+	60	20	81	34.57	NA		Secondary TSS, High confidence		
TIGR4_SP_1306_TSS_1232570_+	SP_1306	NC_003028.3	1232570	+	60	20	81	18.52	32.0	tss_intergenic	High Confidence (TSS_100.4)	7665.0	10.6016597510373
TIGR4_SP_1382_TSS_1304755_+	SP_1382	NC_003028.3	1304755	+	60	20	81	33.33	28.0	tss_intergenic	High Confidence (TSS_100.4)	386.0	7.87755102040816
TIGR4_SP_1393_TSS_1316735_+	SP_1393	NC_003028.3	1316735	+	60	20	81	40.74	21.0	tss_intergenic	High Confidence (TSS_100.4)	452.0	5.58024691358025
TIGR4_SP_1418_TSS_1337985_+	SP_1418	NC_003028.3	1337985	+	60	20	81	29.63	18.0	tss_intergenic	Low Confidence (TSS_2.1)	4.0	1.33333333333333
TIGR4_SP_RS07015_TSS_1349076_+	SP_RS07015	NC_003028.3	1349076	+	60	20	81	16.05	121.0	tss_within_coding	High Confidence (TSS_100.4)	2208.0	2208.0
TIGR4_SP_1430_TSS_1349340_+	SP_1430	NC_003028.3	1349340	+	60	20	81	28.4	49.0	tss_within_coding	Low Confidence (TSS_2.1)	183.0	1.25342465753425
TIGR4_SP_1431_TSS_1349430_+	SP_1431	NC_003028.3	1349430	+	60	20	81	25.93	321.0	tss_within_coding	Low Confidence (TSS_2.1)	30.0	2.30769230769231
TIGR4_F65_TSS_1350477_+	F65	NC_003028.3	1350477	+	60	20	81	35.8	469.0	tss_within_coding	Low Confidence (TSS_2.1)	29.0	1.45
TIGR4_SP_1436_TSS_1355778_+	SP_1436	NC_003028.3	1355778	+	60	20	81	44.44	295.0	tss_within_coding	Low Confidence (TSS_2.1)	16.0	1.14285714285714
TIGR4_SP_1438_TSS_1357085_+	SP_1438	NC_003028.3	1357085	+	60	20	81	38.27	63.0	tss_within_coding	Low Confidence (TSS_2.1)	13.0	1.0
TIGR4_SP_1439_TSS_1358397_+	SP_1439	NC_003028.3	1358397	+	60	20	81	28.4	16.0	tss_intergenic	Low Confidence (TSS_2.1)	2.0	2.0
TIGR4_SP_1446_TSS_1366412_+	SP_1446	NC_003028.3	1366412	+	60	20	81	33.33	26.0	tss_intergenic	High Confidence (TSS_100.4)	2504.0	7.19540229885058
TIGR4_SP_1456_TSS_1372879_+	SP_1456	NC_003028.3	1372879	+	60	20	81	39.51	19.0	tss_intergenic	Low Confidence (TSS_2.1)	82.0	1.12328767123288
TIGR4_SP_1457_TSS_1373554_+	SP_1457	NC_003028.3	1373554	+	60	20	81	34.57	0.0	tss_intergenic	High Confidence (TSS_100.4)	1795.0	7.41735537190083
TIGR4_SP_1465_TSS_1378782_+	SP_1465	NC_003028.3	1378782	+	60	20	81	22.22	28.0	tss_intergenic	High Confidence (TSS_100.4)	3366.0	3366.0
TIGR4_SP_1466_TSS_1379184_+	SP_1466	NC_003028.3	1379184	+	60	20	81	43.21	69.0	tss_within_coding	Low Confidence (TSS_2.1)	98.0	98.0
TIGR4_SP_1470_TSS_1383120_+	SP_1470	NC_003028.3	1383120	+	60	20	81	24.69	83.0	tss_intergenic	High Confidence (TSS_100.4)	1350.0	11.0655737704918
TIGR4_SP_1471_TSS_1384158_+	SP_1471	NC_003028.3	1384158	+	60	20	81	30.86	28.0	tss_intergenic	Low Confidence (TSS_2.1)	96.0	1.31506849315068
TIGR4_SP_1472_TSS_1384676_+	SP_1472	NC_003028.3	1384676	+	60	20	81	41.98	134.0	tss_within_coding	Low Confidence (TSS_2.1)	25.0	25.0
TIGR4_SP_1483_TSS_1395135_+	SP_1483	NC_003028.3	1395135	+	60	20	81	46.91	158.0	tss_within_coding	Low Confidence (TSS_2.1)	102.0	1.02
TIGR4_SP_RS07335_TSS_1401051_+	SP_RS07335	NC_003028.3	1401051	+	60	20	81	34.57	43.0	tss_intergenic	Low Confidence (TSS_2.1)	14.0	14.0
TIGR4_SP_1499_TSS_1407826_+	SP_1499	NC_003028.3	1407826	+	60	20	81	32.1	23.0	tss_intergenic	High Confidence (TSS_100.4)	7976.0	4.17154811715481
TIGR4_F45_TSS_1407870_+	F45	NC_003028.3	1407870	+	60	20	81	34.57	334.0	tss_within_coding	Low Confidence (TSS_2.1)	70.0	1.14754098360656
TIGR4_SP_1506_TSS_1414964_+	SP_1506	NC_003028.3	1414964	+	60	20	81	25.93	23.0	tss_intergenic	Low Confidence (TSS_2.1)	41.0	3.41666666666667
TIGR4_SP_1530_TSS_1441425_+	SP_1530	NC_003028.3	1441425	+	60	20	81	28.4	0.0	tss_intergenic	High Confidence (TSS_100.4)	5075.0	5.26452282157676
TIGR4_SP_1546_TSS_1453460_+	SP_1546	NC_003028.3	1453460	+	60	20	81	28.4	45.0	tss_intergenic	High Confidence (TSS_100.4)	4178.0	4178.0
TIGR4_SP_RS11495_TSS_1453834_+	SP_RS11495	NC_003028.3	1453834	+	60	20	81	48.15	230.0	tss_within_coding	Low Confidence (TSS_2.1)	65.0	65.0
TIGR4_F46_TSS_1454066_+	F46	NC_003028.3	1454066	+	60	20	81	33.33	154.0	tss_within_coding	Low Confidence (TSS_2.1)	39.0	3.25
TIGR4_trn0723_TSS_1462195_+	trn0723	NC_003028.3	1462195	+	60	20	81	38.27	355.0	tss_within_coding	Low Confidence (TSS_2.1)	73.0	73.0
TIGR4_SP_1582_TSS_1486581_+	SP_1582	NC_003028.3	1486581	+	60	20	81	29.63	12.0	tss_intergenic	Low Confidence (TSS_2.1)	5.0	5.0
TIGR4_SP_1588_TSS_1492941_+	SP_1588	NC_003028.3	1492941	+	60	20	81	33.33	17.0	tss_intergenic	High Confidence (TSS_100.4)	13357.0	4.8980564723139
TIGR4_SP_1589_TSS_1494373_+	SP_1589	NC_003028.3	1494373	+	60	20	81	29.63	0.0	tss_intergenic	High Confidence (TSS_100.4)	6113.0	11.1347905282332
TIGR4_SP_1590_TSS_1495526_+	SP_1590	NC_003028.3	1495526	+	60	20	81	49.38	190.0	tss_within_coding	Low Confidence (TSS_2.1)	33.0	1.83333333333333
TIGR4_SP_1591_TSS_1496606_+	SP_1591	NC_003028.3	1496606	+	60	20	81	37.04	18.0	tss_intergenic	High Confidence (TSS_100.4)	12905.0	7.76007215874925
TIGR4_SP_1595_TSS_1499252_+	SP_1595	NC_003028.3	1499252	+	60	20	81	30.86	13.0	tss_intergenic	Low Confidence (TSS_2.1)	5.0	1.0
TIGR4_SP_1612_TSS_1512554_+	SP_1612	NC_003028.3	1512554	+	60	20	81	18.52	323.0	tss_intergenic	Low Confidence (TSS_2.1)	68.0	4.25
TIGR4_SP_1622_TSS_1522683_+	SP_1622	NC_003028.3	1522683	+	60	20	81	39.51	41.0	tss_within_coding	Low Confidence (TSS_2.1)	23.0	3.83333333333333
TIGR4_SP_1624_TSS_1525773_+	SP_1624	NC_003028.3	1525773	+	60	20	81	34.57	24.0	tss_intergenic	High Confidence (TSS_100.4)	198.0	6.38709677419355
TIGR4_SP_1628_TSS_1529498_+	SP_1628	NC_003028.3	1529498	+	60	20	81	24.69	37.0	tss_intergenic	Low Confidence (TSS_2.1)	263.0	3.92537313432836
TIGR4_SP_1630_TSS_1529948_+	SP_1630	NC_003028.3	1529948	+	60	20	81	29.63	227.0	tss_within_coding	High Confidence (TSS_100.4)	1096.0	4.72413793103448
TIGR4_SP_1631_TSS_1530179_+	SP_1631	NC_003028.3	1530179	+	60	20	81	40.74	377.0	tss_within_coding	Low Confidence (TSS_2.1)	41.0	1.13888888888889
TIGR4_SP_1634_TSS_1534330_+	SP_1634	NC_003028.3	1534330	+	60	20	81	34.57	18.0	tss_intergenic	High Confidence (TSS_100.4)	188.0	9.89473684210526
TIGR4_SP_1638_TSS_1537326_+	SP_1638	NC_003028.3	1537326	+	60	20	81	27.16	23.0	tss_intergenic	High Confidence (TSS_100.4)	3607.0	3607.0
TIGR4_SP_RS08085_TSS_1539339_+	SP_RS08085	NC_003028.3	1539339	+	60	20	81	27.16	87.0	tss_within_coding	Low Confidence (TSS_2.1)	23.0	23.0
TIGR4_SP_1641_TSS_1540371_+	SP_1641	NC_003028.3	1540371	+	60	20	81	34.57	23.0	tss_intergenic	Low Confidence (TSS_2.1)	60.0	4.0
TIGR4_SP_RS12340_TSS_1544791_+	SP_RS12340	NC_003028.3	1544791	+	60	20	81	27.16	7.0	tss_intergenic	Low Confidence (TSS_2.1)	1789.0	3.42065009560229
TIGR4_SP_1646_TSS_1544895_+	SP_1646	NC_003028.3	1544895	+	60	20	81	39.51	55.0	tss_within_coding	Low Confidence (TSS_2.1)	27.0	27.0
TIGR4_SP_1648_TSS_1547850_+	SP_1648	NC_003028.3	1547850	+	60	20	81	18.52	17.0	tss_intergenic	High Confidence (TSS_100.4)	22450.0	4.20254586297267
TIGR4_SP_1649_TSS_1548192_+	SP_1649	NC_003028.3	1548192	+	60	20	81	40.74	394.0	tss_within_coding	Low Confidence (TSS_2.1)	74.0	1.0
TIGR4_SP_1650_TSS_1549453_+	SP_1650	NC_003028.3	1549453	+	60	20	81	28.4	13.0	tss_intergenic	Low Confidence (TSS_2.1)	29.0	1.26086956521739
TIGR4_SP_1651_TSS_1550495_+	SP_1651	NC_003028.3	1550495	+	60	20	81	35.8	23.0	tss_intergenic	Low Confidence (TSS_2.1)	4508.0	3.68300653594771
TIGR4_SP_1674_TSS_1575198_+	SP_1674	NC_003028.3	1575198	+	60	20	81	25.93	55.0	tss_intergenic	High Confidence (TSS_100.4)	9369.0	8.44815148782687
TIGR4_SP_1692_TSS_1593962_+	SP_1692	NC_003028.3	1593962	+	60	20	81	28.4	10.0	tss_intergenic	Low Confidence (TSS_2.1)	24.0	1.09090909090909
TIGR4_SP_1714_TSS_1617434_+	SP_1714	NC_003028.3	1617434	+	60	20	81	24.69	31.0	tss_intergenic	High Confidence (TSS_100.4)	50324.0	11.7469654528478
TIGR4_SP_RS08480_TSS_1617826_+	SP_RS08480	NC_003028.3	1617826	+	60	20	81	35.8	9.0	tss_within_coding	Low Confidence (TSS_2.1)	61.0	1.24489795918367
TIGR4_SP_RS08485_TSS_1618259_+	SP_RS08485	NC_003028.3	1618259	+	60	20	81	38.27	287.0	tss_within_coding	Low Confidence (TSS_2.1)	84.0	1.13513513513514
TIGR4_SP_1720_TSS_1623106_+	SP_1720	NC_003028.3	1623106	+	60	20	81	33.33	24.0	tss_intergenic	Low Confidence (TSS_2.1)	284.0	2.75728155339806
TIGR4_SSRC8_2_TSS_1623464_+	SSRC8_2	NC_003028.3	1623464	+	60	20	81	45.68	294.0	tss_within_coding	Low Confidence (TSS_2.1)	68.0	1.23636363636364
TIGR4_SP_1725_TSS_1628793_+	SP_1725	NC_003028.3	1628793	+	60	20	81	38.27	4.0	tss_intergenic	Low Confidence (TSS_2.1)	9.0	3.0
TIGR4_SP_RS12360_TSS_1653710_+	SP_RS12360	NC_003028.3	1653710	+	60	20	81	22.22	87.0	tss_intergenic	High Confidence (TSS_100.4)	1083.0	16.6615384615385
TIGR4_SP_1754_TSS_1654826_+	SP_1754	NC_003028.3	1654826	+	60	20	81	38.27	183.0	tss_within_coding	Low Confidence (TSS_2.1)	25.0	1.25
TIGR4_SP_RS08800_TSS_1694250_+	SP_RS08800	NC_003028.3	1694250	+	60	20	81	29.63	25.0	tss_intergenic	High Confidence (TSS_100.4)	54861.0	54861.0
TIGR4_SP_1776_TSS_1694350_+	SP_1776	NC_003028.3	1694350	+	60	20	81	40.74	163.0	tss_within_coding	High Confidence (TSS_100.4)	148.0	148.0
TIGR4_nan_TSS_1694406_+	nan	NC_003028.3	1694406	+	60	20	81	43.21	NA		Secondary TSS, Low confidence		
TIGR4_SP_1777_TSS_1694910_+	SP_1777	NC_003028.3	1694910	+	60	20	81	30.86	291.0	tss_intergenic	Low Confidence (TSS_2.1)	59.0	7.375
TIGR4_F55_TSS_1695751_+	F55	NC_003028.3	1695751	+	60	20	81	44.44	315.0	tss_within_coding	Low Confidence (TSS_2.1)	32.0	1.68421052631579
TIGR4_SP_1790_TSS_1705290_+	SP_1790	NC_003028.3	1705290	+	60	20	81	32.1	55.0	tss_intergenic	High Confidence (TSS_100.4)	325.0	9.28571428571429
TIGR4_6S_TSS_1706680_+	6S	NC_003028.3	1706680	+	60	20	81	30.86	3.0	tss_intergenic	Low Confidence (TSS_2.1)	387.0	3.51818181818182
TIGR4_SP_2252_TSS_1706786_+	SP_2252	NC_003028.3	1706786	+	60	20	81	39.51	95.0	tss_within_coding	Low Confidence (TSS_2.1)	809.0	1.37351443123939
TIGR4_SP_RS08940_TSS_1718481_+	SP_RS08940	NC_003028.3	1718481	+	60	20	81	13.58	121.0	tss_intergenic	Low Confidence (TSS_2.1)	25336.0	2.77199124726477
TIGR4_SP_1802_TSS_1718660_+	SP_1802	NC_003028.3	1718660	+	60	20	81	46.91	190.0	tss_within_coding	Low Confidence (TSS_2.1)	41.0	1.0
TIGR4_SP_1803_TSS_1719289_+	SP_1803	NC_003028.3	1719289	+	60	20	81	33.33	139.0	tss_within_coding	Low Confidence (TSS_2.1)	751.0	1.13102409638554
TIGR4_SP_1804_TSS_1719618_+	SP_1804	NC_003028.3	1719618	+	60	20	81	17.28	19.0	tss_intergenic	High Confidence (TSS_100.4)	224.0	224.0
TIGR4_SP_1805_TSS_1720122_+	SP_1805	NC_003028.3	1720122	+	60	20	81	40.74	154.0	tss_within_coding	High Confidence (TSS_100.4)	193.0	193.0
TIGR4_nan_TSS_1720171_+	nan	NC_003028.3	1720171	+	60	20	81	38.27	NA		Secondary TSS, Low confidence		
TIGR4_SP_1808_TSS_1721465_+	SP_1808	NC_003028.3	1721465	+	60	20	81	37.04	57.0	tss_intergenic	Low Confidence (TSS_2.1)	2.0	2.0
TIGR4_SP_RS09155_TSS_1753622_+	SP_RS09155	NC_003028.3	1753622	+	60	20	81	48.15	404.0	tss_within_coding	Low Confidence (TSS_2.1)	47.0	1.34285714285714
TIGR4_SP_RS09160_TSS_1754140_+	SP_RS09160	NC_003028.3	1754140	+	60	20	81	40.74	140.0	tss_within_coding	Low Confidence (TSS_2.1)	34.0	1.0
TIGR4_Purine_TSS_1754773_+	Purine	NC_003028.3	1754773	+	60	20	81	23.46	18.0	tss_intergenic	High Confidence (TSS_100.4)	529.0	7.05333333333333
TIGR4_SP_1847_TSS_1755263_+	SP_1847	NC_003028.3	1755263	+	60	20	81	25.93	14.0	tss_intergenic	Low Confidence (TSS_2.1)	59.0	59.0
TIGR4_SP_1848_TSS_1755587_+	SP_1848	NC_003028.3	1755587	+	60	20	81	48.15	271.0	tss_within_coding	Low Confidence (TSS_2.1)	103.0	1.07291666666667
TIGR4_SP_1854_TSS_1761876_+	SP_1854	NC_003028.3	1761876	+	60	20	81	23.46	15.0	tss_intergenic	Low Confidence (TSS_2.1)	51.0	5.66666666666667
TIGR4_SP_1858_TSS_1765499_+	SP_1858	NC_003028.3	1765499	+	60	20	81	32.1	103.0	tss_intergenic	High Confidence (TSS_100.4)	324.0	324.0
TIGR4_SP_1867_TSS_1773264_+	SP_1867	NC_003028.3	1773264	+	60	20	81	29.63	124.0	tss_intergenic	Low Confidence (TSS_2.1)	5.0	5.0
TIGR4_SP_1869_TSS_1774470_+	SP_1869	NC_003028.3	1774470	+	60	20	81	23.46	27.0	tss_intergenic	High Confidence (TSS_100.4)	152.0	5.06666666666667
TIGR4_SP_1871_TSS_1776312_+	SP_1871	NC_003028.3	1776312	+	60	20	81	41.98	102.0	tss_within_coding	Low Confidence (TSS_2.1)	23.0	1.76923076923077
TIGR4_SP_1872_TSS_1776948_+	SP_1872	NC_003028.3	1776948	+	60	20	81	50.62	314.0	tss_within_coding	Low Confidence (TSS_2.1)	23.0	1.4375
TIGR4_SP_RS12400_TSS_1777837_+	SP_RS12400	NC_003028.3	1777837	+	60	20	81	41.98	418.0	tss_within_coding	Low Confidence (TSS_2.1)	46.0	1.21052631578947
TIGR4_SP_1885_TSS_1788790_+	SP_1885	NC_003028.3	1788790	+	60	20	81	28.4	44.0	tss_within_coding	High Confidence (TSS_100.4)	7238.0	13.2321755027422
TIGR4_SP_1899_TSS_1806733_+	SP_1899	NC_003028.3	1806733	+	60	20	81	34.57	12.0	tss_intergenic	High Confidence (TSS_100.4)	1567.0	1567.0
TIGR4_SP_1900_TSS_1807316_+	SP_1900	NC_003028.3	1807316	+	60	20	81	35.8	286.0	tss_within_coding	Low Confidence (TSS_2.1)	62.0	62.0
TIGR4_SP_1902_TSS_1816838_+	SP_1902	NC_003028.3	1816838	+	60	20	81	28.4	0.0	tss_intergenic	High Confidence (TSS_100.4)	280.0	6.51162790697674
TIGR4_SP_1903_TSS_1817669_+	SP_1903	NC_003028.3	1817669	+	60	20	81	23.46	34.0	tss_intergenic	High Confidence (TSS_100.4)	7766.0	4.95280612244898
TIGR4_SP_1905_TSS_1818948_+	SP_1905	NC_003028.3	1818948	+	60	20	81	29.63	9.0	tss_intergenic	Low Confidence (TSS_2.1)	42.0	1.16666666666667
TIGR4_SP_RS12445_TSS_1834929_+	SP_RS12445	NC_003028.3	1834929	+	60	20	81	28.4	0.0	tss_intergenic	High Confidence (TSS_100.4)	354.0	4.91666666666667
TIGR4_SP_1947_TSS_1850068_+	SP_1947	NC_003028.3	1850068	+	60	20	81	20.99	26.0	tss_intergenic	High Confidence (TSS_100.4)	4522.0	8.075
TIGR4_SP_1949_TSS_1850528_+	SP_1949	NC_003028.3	1850528	+	60	20	81	46.91	70.0	tss_within_coding	Low Confidence (TSS_2.1)	22.0	2.2
TIGR4_SP_1950_TSS_1850638_+	SP_1950	NC_003028.3	1850638	+	60	20	81	25.93	264.0	tss_within_coding	Low Confidence (TSS_2.1)	22.0	2.2
TIGR4_SP_1951_TSS_1854047_+	SP_1951	NC_003028.3	1854047	+	60	20	81	24.69	195.0	tss_intergenic	Low Confidence (TSS_2.1)	9.0	1.5
TIGR4_SP_1952_TSS_1854613_+	SP_1952	NC_003028.3	1854613	+	60	20	81	44.44	314.0	tss_within_coding	Low Confidence (TSS_2.1)	28.0	28.0
TIGR4_SP_1954_TSS_1857860_+	SP_1954	NC_003028.3	1857860	+	60	20	81	34.57	125.0	tss_within_coding	Low Confidence (TSS_2.1)	13.0	2.6
TIGR4_SP_1956_TSS_1859467_+	SP_1956	NC_003028.3	1859467	+	60	20	81	23.46	307.0	tss_within_coding	High Confidence (TSS_100.4)	166.0	4.04878048780488
TIGR4_SP_1957_TSS_1860353_+	SP_1957	NC_003028.3	1860353	+	60	20	81	39.51	190.0	tss_within_coding	Low Confidence (TSS_2.1)	23.0	2.3
TIGR4_SP_1974_TSS_1879557_+	SP_1974	NC_003028.3	1879557	+	60	20	81	30.86	12.0	tss_intergenic	Low Confidence (TSS_2.1)	4.0	1.33333333333333
TIGR4_SP_1996_TSS_1898731_+	SP_1996	NC_003028.3	1898731	+	60	20	81	24.69	24.0	tss_intergenic	High Confidence (TSS_100.4)	3844.0	10.0365535248042
TIGR4_SP_1998_TSS_1900668_+	SP_1998	NC_003028.3	1900668	+	60	20	81	35.8	28.0	tss_intergenic	High Confidence (TSS_100.4)	2694.0	8.36645962732919
TIGR4_SP_2011_TSS_1917998_+	SP_2011	NC_003028.3	1917998	+	60	20	81	29.63	1.0	tss_intergenic	Low Confidence (TSS_2.1)	16.0	3.2
TIGR4_SP_2017_TSS_1923155_+	SP_2017	NC_003028.3	1923155	+	60	20	81	32.1	79.0	tss_intergenic	High Confidence (TSS_100.4)	5552.0	13.8453865336658
TIGR4_SP_2018_TSS_1924587_+	SP_2018	NC_003028.3	1924587	+	60	20	81	30.86	35.0	tss_within_coding	Low Confidence (TSS_2.1)	18.0	18.0
TIGR4_SP_2021_TSS_1926388_+	SP_2021	NC_003028.3	1926388	+	60	20	81	22.22	19.0	tss_intergenic	Low Confidence (TSS_2.1)	11.0	1.0
TIGR4_SP_2022_TSS_1927522_+	SP_2022	NC_003028.3	1927522	+	60	20	81	33.33	354.0	tss_within_coding	Low Confidence (TSS_2.1)	647.0	1.0109375
TIGR4_SP_2023_TSS_1929137_+	SP_2023	NC_003028.3	1929137	+	60	20	81	30.86	39.0	tss_within_coding	Low Confidence (TSS_2.1)	14.0	1.0
TIGR4_SP_2024_TSS_1929372_+	SP_2024	NC_003028.3	1929372	+	60	20	81	38.27	91.0	tss_within_coding	Low Confidence (TSS_2.1)	64.0	1.08474576271186
TIGR4_SP_2059_TSS_1960880_+	SP_2059	NC_003028.3	1960880	+	60	20	81	27.16	0.0	tss_intergenic	High Confidence (TSS_100.4)	1027.0	6.89261744966443
TIGR4_SP_2078_TSS_1988099_+	SP_2078	NC_003028.3	1988099	+	60	20	81	24.69	24.0	tss_intergenic	High Confidence (TSS_100.4)	2174.0	5.10328638497653
TIGR4_SP_2081_TSS_1990483_+	SP_2081	NC_003028.3	1990483	+	60	20	81	34.57	165.0	tss_within_coding	Low Confidence (TSS_2.1)	49.0	1.25641025641026
TIGR4_SP_2082_TSS_1991226_+	SP_2082	NC_003028.3	1991226	+	60	20	81	28.4	15.0	tss_intergenic	High Confidence (TSS_100.4)	2364.0	8.98859315589354
TIGR4_SP_2083_TSS_1991476_+	SP_2083	NC_003028.3	1991476	+	60	20	81	44.44	473.0	tss_within_coding	Low Confidence (TSS_2.1)	75.0	1.07142857142857
TIGR4_SP_2084_TSS_1993043_+	SP_2084	NC_003028.3	1993043	+	60	20	81	40.74	341.0	tss_within_coding	Low Confidence (TSS_2.1)	70.0	1.1864406779661
TIGR4_SP_2085_TSS_1994199_+	SP_2085	NC_003028.3	1994199	+	60	20	81	39.51	241.0	tss_within_coding	Low Confidence (TSS_2.1)	19.0	1.05555555555556
TIGR4_SP_2088_TSS_1996628_+	SP_2088	NC_003028.3	1996628	+	60	20	81	49.38	252.0	tss_within_coding	Low Confidence (TSS_2.1)	78.0	1.2
TIGR4_SP_2089_TSS_1997251_+	SP_2089	NC_003028.3	1997251	+	60	20	81	40.74	347.0	tss_within_coding	Low Confidence (TSS_2.1)	13.0	1.625
TIGR4_SP_2091_TSS_1998765_+	SP_2091	NC_003028.3	1998765	+	60	20	81	38.27	25.0	tss_intergenic	High Confidence (TSS_100.4)	8112.0	6.66557107641742
TIGR4_SP_2092_TSS_1999683_+	SP_2092	NC_003028.3	1999683	+	60	20	81	45.68	145.0	tss_within_coding	Low Confidence (TSS_2.1)	66.0	1.32
TIGR4_SP_2093_TSS_2001106_+	SP_2093	NC_003028.3	2001106	+	60	20	81	23.46	39.0	tss_intergenic	Low Confidence (TSS_2.1)	61.0	1.0
TIGR4_SP_2100_TSS_2009275_+	SP_2100	NC_003028.3	2009275	+	60	20	81	33.33	33.0	tss_intergenic	High Confidence (TSS_100.4)	826.0	11.3150684931507
TIGR4_SP_2105_TSS_2014757_+	SP_2105	NC_003028.3	2014757	+	60	20	81	20.99	27.0	tss_intergenic	High Confidence (TSS_100.4)	985.0	4.97474747474747
TIGR4_SP_RS11510_TSS_2016085_+	SP_RS11510	NC_003028.3	2016085	+	60	20	81	20.99	210.0	tss_intergenic	Low Confidence (TSS_2.1)	31.0	15.5
TIGR4_SP_2108_TSS_2020687_+	SP_2108	NC_003028.3	2020687	+	60	20	81	27.16	63.0	tss_intergenic	High Confidence (TSS_100.4)	7886.0	6.20456333595594
TIGR4_SP_2109_TSS_2022108_+	SP_2109	NC_003028.3	2022108	+	60	20	81	28.4	9.0	tss_intergenic	Low Confidence (TSS_2.1)	170.0	1.00591715976331
TIGR4_SP_2111_TSS_2024491_+	SP_2111	NC_003028.3	2024491	+	60	20	81	28.4	30.0	tss_intergenic	High Confidence (TSS_100.4)	213.0	4.3469387755102
TIGR4_SP_2112_TSS_2024924_+	SP_2112	NC_003028.3	2024924	+	60	20	81	46.91	407.0	tss_within_coding	Low Confidence (TSS_2.1)	33.0	1.17857142857143
TIGR4_F49_TSS_2025895_+	F49	NC_003028.3	2025895	+	60	20	81	40.74	442.0	tss_within_coding	Low Confidence (TSS_2.1)	27.0	27.0
TIGR4_SP_2132_TSS_2044431_+	SP_2132	NC_003028.3	2044431	+	60	20	81	22.22	24.0	tss_intergenic	High Confidence (TSS_100.4)	649.0	11.5892857142857
TIGR4_SP_2133_TSS_2045262_+	SP_2133	NC_003028.3	2045262	+	60	20	81	44.44	203.0	tss_within_coding	Low Confidence (TSS_2.1)	223.0	1.2816091954023
TIGR4_SP_2134_TSS_2045761_+	SP_2134	NC_003028.3	2045761	+	60	20	81	24.69	56.0	tss_intergenic	High Confidence (TSS_100.4)	6454.0	4.59032716927454
TIGR4_nan_TSS_2045838_+	nan	NC_003028.3	2045838	+	60	20	81	37.04	NA		Secondary TSS, Low confidence		
TIGR4_SP_2135_TSS_2045975_+	SP_2135	NC_003028.3	2045975	+	60	20	81	40.74	40.0	tss_within_coding	High Confidence (TSS_100.4)	171.0	171.0
TIGR4_SP_2145_TSS_2057562_+	SP_2145	NC_003028.3	2057562	+	60	20	81	29.63	24.0	tss_intergenic	Low Confidence (TSS_2.1)	99.0	5.82352941176471
TIGR4_SP_2148_TSS_2062092_+	SP_2148	NC_003028.3	2062092	+	60	20	81	34.57	52.0	tss_intergenic	Low Confidence (TSS_2.1)	33.0	5.5
TIGR4_SP_2152_TSS_2065637_+	SP_2152	NC_003028.3	2065637	+	60	20	81	19.75	131.0	tss_intergenic	Low Confidence (TSS_2.1)	4.0	4.0
TIGR4_SP_2168_TSS_2084860_+	SP_2168	NC_003028.3	2084860	+	60	20	81	25.93	24.0	tss_intergenic	High Confidence (TSS_100.4)	581.0	4.36842105263158
TIGR4_SP_RS12535_TSS_2085525_+	SP_RS12535	NC_003028.3	2085525	+	60	20	81	25.93	173.0	tss_within_coding	Low Confidence (TSS_2.1)	14.0	1.07692307692308
TIGR4_F50_TSS_2085772_+	F50	NC_003028.3	2085772	+	60	20	81	40.74	115.0	tss_within_coding	Low Confidence (TSS_2.1)	15.0	1.07142857142857
TIGR4_SpF66_sRNA_TSS_2086080_+	SpF66_sRNA	NC_003028.3	2086080	+	60	20	81	32.1	7.0	tss_intergenic	High Confidence (TSS_100.4)	38450.0	25.9797297297297
TIGR4_SpF66_sRNA_TSS_2086423_+	SpF66_sRNA	NC_003028.3	2086423	+	60	20	81	34.57	7.0	tss_intergenic	High Confidence (TSS_100.4)	2610.0	23.3035714285714
TIGR4_SP_RS12540_TSS_2097086_+	SP_RS12540	NC_003028.3	2097086	+	60	20	81	32.1	61.0	tss_intergenic	Low Confidence (TSS_2.1)	10.0	10.0
TIGR4_SP_2188_TSS_2107946_+	SP_2188	NC_003028.3	2107946	+	60	20	81	34.57	0.0	tss_intergenic	High Confidence (TSS_100.4)	3528.0	10.7560975609756
TIGR4_SP_2189_TSS_2108448_+	SP_2189	NC_003028.3	2108448	+	60	20	81	53.09	327.0	tss_within_coding	Low Confidence (TSS_2.1)	122.0	1.17307692307692
TIGR4_SP_2209_TSS_2129758_+	SP_2209	NC_003028.3	2129758	+	60	20	81	23.46	0.0	tss_intergenic	High Confidence (TSS_100.4)	5835.0	9.9234693877551
TIGR4_SP_2210_TSS_2130603_+	SP_2210	NC_003028.3	2130603	+	60	20	81	28.4	39.0	tss_intergenic	Low Confidence (TSS_2.1)	60.0	1.3953488372093
TIGR4_SpF51_sRNA_TSS_2132692_+	SpF51_sRNA	NC_003028.3	2132692	+	60	20	81	38.27	309.0	tss_within_coding	Low Confidence (TSS_2.1)	28.0	1.64705882352941
TIGR4_SP_2226_TSS_2144439_+	SP_2226	NC_003028.3	2144439	+	60	20	81	33.33	14.0	tss_intergenic	High Confidence (TSS_100.4)	1918.0	10.8977272727273
TIGR4_SP_2230_TSS_2148810_+	SP_2230	NC_003028.3	2148810	+	60	20	81	18.52	23.0	tss_intergenic	High Confidence (TSS_100.4)	4345.0	5.71710526315789
TIGR4_SP_2231_TSS_2150352_+	SP_2231	NC_003028.3	2150352	+	60	20	81	37.04	165.0	tss_within_coding	Low Confidence (TSS_2.1)	16.0	2.28571428571429
TIGR4_SP_2234_TSS_2154802_+	SP_2234	NC_003028.3	2154802	+	60	20	81	16.05	78.0	tss_intergenic	Low Confidence (TSS_2.1)	96.0	3.84
TIGR4_SP_2239_TSS_2158806_+	SP_2239	NC_003028.3	2158806	+	60	20	81	27.16	11.0	tss_intergenic	High Confidence (TSS_100.4)	13177.0	7.92363199037883
TIGR4_nan_TSS_2159657_+	nan	NC_003028.3	2159657	+	60	20	81	35.8	NA		Secondary TSS, High confidence		
TIGR4_SP_2240_TSS_2160068_+	SP_2240	NC_003028.3	2160068	+	60	20	81	25.93	0.0	tss_intergenic	High Confidence (TSS_100.4)	1751.0	4.97443181818182
TIGR4_SP_RS00180_TSS_30257_-	SP_RS00180	NC_003028.3	30257	-	60	20	81	29.63	12.0	tss_intergenic	Low Confidence (TSS_2.1)	14.0	2.0
TIGR4_SP_0029_TSS_30847_-	SP_0029	NC_003028.3	30847	-	60	20	81	40.74	137.0	tss_within_coding	Low Confidence (TSS_2.1)	23.0	1.27777777777778
TIGR4_SP_0030_TSS_30918_-	SP_0030	NC_003028.3	30918	-	60	20	81	39.51	77.0	tss_intergenic	Low Confidence (TSS_2.1)	14.0	2.0
TIGR4_SP_0031_TSS_31513_-	SP_0031	NC_003028.3	31513	-	60	20	81	28.4	234.0	tss_intergenic	Low Confidence (TSS_2.1)	53.0	53.0
TIGR4_SP_0034_TSS_36040_-	SP_0034	NC_003028.3	36040	-	60	20	81	27.16	21.0	tss_intergenic	High Confidence (TSS_100.4)	1913.0	5.37359550561798
TIGR4_SP_0057_TSS_64040_-	SP_0057	NC_003028.3	64040	-	60	20	81	41.98	478.0	tss_within_coding	Low Confidence (TSS_2.1)	62.0	1.19230769230769
TIGR4_SP_0058_TSS_64632_-	SP_0058	NC_003028.3	64632	-	60	20	81	23.46	26.0	tss_intergenic	High Confidence (TSS_100.4)	12035.0	10.4379878577624
TIGR4_SP_0097_TSS_100264_-	SP_0097	NC_003028.3	100264	-	60	20	81	33.33	31.0	tss_intergenic	Low Confidence (TSS_2.1)	219.0	2.54651162790698
TIGR4_SP_0098_TSS_101665_-	SP_0098	NC_003028.3	101665	-	60	20	81	48.15	458.0	tss_within_coding	Low Confidence (TSS_2.1)	118.0	1.31111111111111
TIGR4_SP_0099_TSS_101817_-	SP_0099	NC_003028.3	101817	-	60	20	81	44.44	24.0	tss_within_coding	High Confidence (TSS_100.4)	169.0	169.0
TIGR4_SP_0100_TSS_102156_-	SP_0100	NC_003028.3	102156	-	60	20	81	22.22	50.0	tss_intergenic	High Confidence (TSS_100.4)	2548.0	6.35411471321696
TIGR4_SP_0101_TSS_103441_-	SP_0101	NC_003028.3	103441	-	60	20	81	29.63	30.0	tss_intergenic	High Confidence (TSS_100.4)	413.0	15.8846153846154
TIGR4_SP_RS00525_TSS_107403_-	SP_RS00525	NC_003028.3	107403	-	60	20	81	46.91	497.0	tss_within_coding	Low Confidence (TSS_2.1)	23.0	23.0
TIGR4_SP_0104_TSS_107589_-	SP_0104	NC_003028.3	107589	-	60	20	81	40.74	1.0	tss_intergenic	Low Confidence (TSS_2.1)	5.0	5.0
TIGR4_SP_0105_TSS_108942_-	SP_0105	NC_003028.3	108942	-	60	20	81	45.68	460.0	tss_within_coding	Low Confidence (TSS_2.1)	49.0	1.25641025641026
TIGR4_SP_0106_TSS_109186_-	SP_0106	NC_003028.3	109186	-	60	20	81	30.86	24.0	tss_intergenic	High Confidence (TSS_100.4)	450.0	7.25806451612903
TIGR4_SP_0108_TSS_110381_-	SP_0108	NC_003028.3	110381	-	60	20	81	37.04	18.0	tss_intergenic	Low Confidence (TSS_2.1)	2.0	2.0
TIGR4_SP_0114_TSS_116165_-	SP_0114	NC_003028.3	116165	-	60	20	81	27.16	330.0	tss_intergenic	Low Confidence (TSS_2.1)	18.0	18.0
TIGR4_SP_RS00615_TSS_124986_-	SP_RS00615	NC_003028.3	124986	-	60	20	81	37.04	7.0	tss_intergenic	Low Confidence (TSS_2.1)	2.0	2.0
TIGR4_SP_0121_TSS_126862_-	SP_0121	NC_003028.3	126862	-	60	20	81	55.56	132.0	tss_within_coding	Low Confidence (TSS_2.1)	133.0	1.24299065420561
TIGR4_SP_0122_TSS_127069_-	SP_0122	NC_003028.3	127069	-	60	20	81	30.86	104.0	tss_intergenic	High Confidence (TSS_100.4)	39212.0	8.34475420302192
TIGR4_SP_0124_TSS_128148_-	SP_0124	NC_003028.3	128148	-	60	20	81	23.46	213.0	tss_within_coding	Low Confidence (TSS_2.1)	66.0	5.07692307692308
TIGR4_SP_RS00665_TSS_131869_-	SP_RS00665	NC_003028.3	131869	-	60	20	81	41.98	58.0	tss_intergenic	Low Confidence (TSS_2.1)	8.0	8.0
TIGR4_SP_RS00670_TSS_132980_-	SP_RS00670	NC_003028.3	132980	-	60	20	81	24.69	307.0	tss_intergenic	Low Confidence (TSS_2.1)	3.0	3.0
TIGR4_SP_0153_TSS_151199_-	SP_0153	NC_003028.3	151199	-	60	20	81	32.1	28.0	tss_intergenic	Low Confidence (TSS_2.1)	15.0	15.0
TIGR4_SP_0159_TSS_157597_-	SP_0159	NC_003028.3	157597	-	60	20	81	19.75	43.0	tss_intergenic	Low Confidence (TSS_2.1)	24.0	24.0
TIGR4_SP_0161_TSS_158807_-	SP_0161	NC_003028.3	158807	-	60	20	81	39.51	48.0	tss_intergenic	High Confidence (TSS_100.4)	217.0	9.43478260869565
TIGR4_SP_RS11600_TSS_165594_-	SP_RS11600	NC_003028.3	165594	-	60	20	81	38.27	29.0	tss_intergenic	Low Confidence (TSS_2.1)	72.0	6.54545454545455
TIGR4_SP_0175_TSS_168970_-	SP_0175	NC_003028.3	168970	-	60	20	81	32.1	478.0	tss_within_coding	Low Confidence (TSS_2.1)	86.0	1.26470588235294
TIGR4_SP_0176_TSS_170159_-	SP_0176	NC_003028.3	170159	-	60	20	81	34.57	461.0	tss_within_coding	Low Confidence (TSS_2.1)	46.0	1.76923076923077
TIGR4_FMN_TSS_171694_-	FMN	NC_003028.3	171694	-	60	20	81	25.93	8.0	tss_intergenic	High Confidence (TSS_100.4)	208.0	208.0
TIGR4_SP_0182_TSS_174875_-	SP_0182	NC_003028.3	174875	-	60	20	81	30.86	24.0	tss_intergenic	High Confidence (TSS_100.4)	824.0	10.4303797468354
TIGR4_SP_RS11610_TSS_175350_-	SP_RS11610	NC_003028.3	175350	-	60	20	81	41.98	308.0	tss_within_coding	Low Confidence (TSS_2.1)	49.0	1.63333333333333
TIGR4_SP_0184_TSS_176104_-	SP_0184	NC_003028.3	176104	-	60	20	81	43.21	315.0	tss_within_coding	Low Confidence (TSS_2.1)	92.0	1.39393939393939
TIGR4_SP_0185_TSS_176785_-	SP_0185	NC_003028.3	176785	-	60	20	81	28.4	40.0	tss_intergenic	High Confidence (TSS_100.4)	3984.0	16.8813559322034
TIGR4_SP_0243_TSS_214711_-	SP_0243	NC_003028.3	214711	-	60	20	81	29.63	204.0	tss_intergenic	Low Confidence (TSS_2.1)	2.0	2.0
TIGR4_SP_0245_TSS_215889_-	SP_0245	NC_003028.3	215889	-	60	20	81	32.1	19.0	tss_intergenic	Low Confidence (TSS_2.1)	458.0	3.72357723577236
TIGR4_SP_0258_TSS_231505_-	SP_0258	NC_003028.3	231505	-	60	20	81	41.98	40.0	tss_intergenic	Low Confidence (TSS_2.1)	71.0	71.0
TIGR4_SP_0268_TSS_246713_-	SP_0268	NC_003028.3	246713	-	60	20	81	27.16	25.0	tss_intergenic	High Confidence (TSS_100.4)	19795.0	8.37351945854484
TIGR4_SP_0282_TSS_260843_-	SP_0282	NC_003028.3	260843	-	60	20	81	43.21	13.0	tss_intergenic	High Confidence (TSS_100.4)	913.0	913.0
TIGR4_SP_0283_TSS_261726_-	SP_0283	NC_003028.3	261726	-	60	20	81	32.1	69.0	tss_within_coding	Low Confidence (TSS_2.1)	165.0	1.23134328358209
TIGR4_SP_0284_TSS_262727_-	SP_0284	NC_003028.3	262727	-	60	20	81	18.52	53.0	tss_intergenic	High Confidence (TSS_100.4)	99629.0	22.6738734638143
TIGR4_SP_0285_TSS_264022_-	SP_0285	NC_003028.3	264022	-	60	20	81	34.57	96.0	tss_intergenic	Low Confidence (TSS_2.1)	5920.0	3.91793514228987
TIGR4_SP_RS11645_TSS_264573_-	SP_RS11645	NC_003028.3	264573	-	60	20	81	43.21	324.0	tss_within_coding	Low Confidence (TSS_2.1)	114.0	1.04587155963303
TIGR4_SP_0286_TSS_265110_-	SP_0286	NC_003028.3	265110	-	60	20	81	32.1	32.0	tss_intergenic	High Confidence (TSS_100.4)	2564.0	9.35766423357664
TIGR4_SP_0293_TSS_271717_-	SP_0293	NC_003028.3	271717	-	60	20	81	30.86	21.0	tss_intergenic	High Confidence (TSS_100.4)	2855.0	6.81384248210024
TIGR4_srn081_TSS_274220_-	srn081	NC_003028.3	274220	-	60	20	81	33.33	421.0	tss_within_coding	High Confidence (TSS_100.4)	734.0	4.86092715231788
TIGR4_SP_0298_TSS_275173_-	SP_0298	NC_003028.3	275173	-	60	20	81	17.28	12.0	tss_intergenic	Low Confidence (TSS_2.1)	1009.0	3.2031746031746
TIGR4_SP_0313_TSS_287281_-	SP_0313	NC_003028.3	287281	-	60	20	81	34.57	21.0	tss_intergenic	Low Confidence (TSS_2.1)	80.0	2.96296296296296
TIGR4_SP_0320_TSS_295014_-	SP_0320	NC_003028.3	295014	-	60	20	81	18.52	37.0	tss_intergenic	Low Confidence (TSS_2.1)	40.0	5.71428571428571
TIGR4_SP_2241_TSS_304415_-	SP_2241	NC_003028.3	304415	-	60	20	81	39.51	0.0	tss_intergenic	Low Confidence (TSS_2.1)	10.0	3.33333333333333
TIGR4_SP_RS01615_TSS_305075_-	SP_RS01615	NC_003028.3	305075	-	60	20	81	38.27	407.0	tss_within_coding	Low Confidence (TSS_2.1)	30.0	1.15384615384615
TIGR4_SP_0332_TSS_305374_-	SP_0332	NC_003028.3	305374	-	60	20	81	46.91	153.0	tss_within_coding	Low Confidence (TSS_2.1)	38.0	1.1875
TIGR4_SP_0333_TSS_305466_-	SP_0333	NC_003028.3	305466	-	60	20	81	20.99	35.0	tss_intergenic	High Confidence (TSS_100.4)	1300.0	8.17610062893082
TIGR4_SP_0340_TSS_313627_-	SP_0340	NC_003028.3	313627	-	60	20	81	41.98	21.0	tss_intergenic	High Confidence (TSS_100.4)	6015.0	7.41676942046856
TIGR4_SP_0341_TSS_315198_-	SP_0341	NC_003028.3	315198	-	60	20	81	24.69	13.0	tss_intergenic	High Confidence (TSS_100.4)	600.0	8.69565217391304
TIGR4_SP_0343_TSS_318714_-	SP_0343	NC_003028.3	318714	-	60	20	81	30.86	13.0	tss_intergenic	Low Confidence (TSS_2.1)	3.0	1.0
TIGR4_SP_RS11690_TSS_319824_-	SP_RS11690	NC_003028.3	319824	-	60	20	81	29.63	0.0	tss_intergenic	High Confidence (TSS_100.4)	10602.0	5.57706470278801
TIGR4_nan_TSS_347032_-	nan	NC_003028.3	347032	-	60	20	81	43.21	NA		Secondary TSS, Low confidence		
TIGR4_His_leader_TSS_347114_-	His_leader	NC_003028.3	347114	-	60	20	81	48.15	256.0	tss_within_coding	High Confidence (TSS_100.4)	525.0	525.0
TIGR4_SP_0369_TSS_349302_-	SP_0369	NC_003028.3	349302	-	60	20	81	38.27	290.0	tss_within_coding	Low Confidence (TSS_2.1)	82.0	1.06493506493506
TIGR4_SP_0370_TSS_349632_-	SP_0370	NC_003028.3	349632	-	60	20	81	32.1	27.0	tss_intergenic	High Confidence (TSS_100.4)	5308.0	5308.0
TIGR4_SP_0380_TSS_360577_-	SP_0380	NC_003028.3	360577	-	60	20	81	19.75	237.0	tss_intergenic	Low Confidence (TSS_2.1)	28.0	4.66666666666667
TIGR4_SP_RS01940_TSS_371645_-	SP_RS01940	NC_003028.3	371645	-	60	20	81	44.44	53.0	tss_intergenic	Low Confidence (TSS_2.1)	15.0	1.07142857142857
TIGR4_SP_RS01950_TSS_372185_-	SP_RS01950	NC_003028.3	372185	-	60	20	81	34.57	27.0	tss_intergenic	Low Confidence (TSS_2.1)	2.0	2.0
TIGR4_SP_0401_TSS_382323_-	SP_0401	NC_003028.3	382323	-	60	20	81	38.27	145.0	tss_within_coding	Low Confidence (TSS_2.1)	49.0	1.11363636363636
TIGR4_SP_RS11715_TSS_382663_-	SP_RS11715	NC_003028.3	382663	-	60	20	81	41.98	286.0	tss_within_coding	Low Confidence (TSS_2.1)	28.0	1.0
TIGR4_SP_0403_TSS_383956_-	SP_0403	NC_003028.3	383956	-	60	20	81	30.86	0.0	tss_intergenic	High Confidence (TSS_100.4)	1835.0	7.52049180327869
TIGR4_SP_0411_TSS_392077_-	SP_0411	NC_003028.3	392077	-	60	20	81	44.44	8.0	tss_intergenic	Low Confidence (TSS_2.1)	106.0	1.15217391304348
TIGR4_trn0218_TSS_392260_-	trn0218	NC_003028.3	392260	-	60	20	81	24.69	105.0	tss_within_coding	Low Confidence (TSS_2.1)	11827.0	2.12639338367494
TIGR4_T-box_TSS_392608_-	T-box	NC_003028.3	392608	-	60	20	81	45.68	335.0	tss_within_coding	Low Confidence (TSS_2.1)	41.0	1.36666666666667
TIGR4_SP_0412_TSS_392884_-	SP_0412	NC_003028.3	392884	-	60	20	81	40.74	231.0	tss_within_coding	High Confidence (TSS_100.4)	460.0	460.0
TIGR4_SP_0413_TSS_394045_-	SP_0413	NC_003028.3	394045	-	60	20	81	29.63	25.0	tss_intergenic	High Confidence (TSS_100.4)	486.0	5.01030927835052
TIGR4_SP_0414_TSS_394325_-	SP_0414	NC_003028.3	394325	-	60	20	81	34.57	117.0	tss_intergenic	Low Confidence (TSS_2.1)	2.0	2.0
TIGR4_SP_0433_TSS_408058_-	SP_0433	NC_003028.3	408058	-	60	20	81	44.44	132.0	tss_within_coding	Low Confidence (TSS_2.1)	458.0	1.04805491990847
TIGR4_SP_0434_TSS_408745_-	SP_0434	NC_003028.3	408745	-	60	20	81	43.21	437.0	tss_within_coding	Low Confidence (TSS_2.1)	338.0	1.45064377682403
TIGR4_SP_0435_TSS_408919_-	SP_0435	NC_003028.3	408919	-	60	20	81	25.93	29.0	tss_intergenic	High Confidence (TSS_100.4)	29450.0	7.05051472348576
TIGR4_SP_0436_TSS_410548_-	SP_0436	NC_003028.3	410548	-	60	20	81	48.15	87.0	tss_within_coding	Low Confidence (TSS_2.1)	42.0	1.23529411764706
TIGR4_SP_0437_TSS_412157_-	SP_0437	NC_003028.3	412157	-	60	20	81	41.98	230.0	tss_within_coding	Low Confidence (TSS_2.1)	125.0	1.02459016393443
TIGR4_SP_0438_TSS_412263_-	SP_0438	NC_003028.3	412263	-	60	20	81	29.63	34.0	tss_intergenic	High Confidence (TSS_100.4)	7792.0	16.3697478991597
TIGR4_SP_RS11750_TSS_423238_-	SP_RS11750	NC_003028.3	423238	-	60	20	81	40.74	117.0	tss_intergenic	Low Confidence (TSS_2.1)	3.0	3.0
TIGR4_SP_0452_TSS_424937_-	SP_0452	NC_003028.3	424937	-	60	20	81	32.1	195.0	tss_within_coding	Low Confidence (TSS_2.1)	22.0	22.0
TIGR4_SP_0453_TSS_426341_-	SP_0453	NC_003028.3	426341	-	60	20	81	25.93	34.0	tss_intergenic	High Confidence (TSS_100.4)	1757.0	5.06340057636888
TIGR4_SP_0456_TSS_429806_-	SP_0456	NC_003028.3	429806	-	60	20	81	44.44	154.0	tss_intergenic	Low Confidence (TSS_2.1)	2.0	2.0
TIGR4_SP_0460_TSS_436048_-	SP_0460	NC_003028.3	436048	-	60	20	81	30.86	10.0	tss_intergenic	Low Confidence (TSS_2.1)	5.0	2.5
TIGR4_SP_0461_TSS_437866_-	SP_0461	NC_003028.3	437866	-	60	20	81	24.69	34.0	tss_within_coding	Low Confidence (TSS_2.1)	31.0	5.16666666666667
TIGR4_SP_0469_TSS_448774_-	SP_0469	NC_003028.3	448774	-	60	20	81	29.63	10.0	tss_intergenic	Low Confidence (TSS_2.1)	25.0	1.31578947368421
TIGR4_SP_0471_TSS_449730_-	SP_0471	NC_003028.3	449730	-	60	20	81	30.86	425.0	tss_intergenic	Low Confidence (TSS_2.1)	35.0	1.02941176470588
TIGR4_SP_0473_TSS_451977_-	SP_0473	NC_003028.3	451977	-	60	20	81	17.28	15.0	tss_intergenic	High Confidence (TSS_100.4)	834.0	11.9142857142857
TIGR4_SP_0479_TSS_460805_-	SP_0479	NC_003028.3	460805	-	60	20	81	44.44	218.0	tss_within_coding	Low Confidence (TSS_2.1)	29.0	1.11538461538462
TIGR4_SP_0480_TSS_461963_-	SP_0480	NC_003028.3	461963	-	60	20	81	28.4	23.0	tss_intergenic	High Confidence (TSS_100.4)	1738.0	11.2857142857143
TIGR4_SP_0496_TSS_476273_-	SP_0496	NC_003028.3	476273	-	60	20	81	25.93	37.0	tss_intergenic	High Confidence (TSS_100.4)	523.0	7.06756756756757
TIGR4_SP_0508_TSS_490073_-	SP_0508	NC_003028.3	490073	-	60	20	81	38.27	2.0	tss_intergenic	Low Confidence (TSS_2.1)	13.0	2.16666666666667
TIGR4_SP_RS11800_TSS_490607_-	SP_RS11800	NC_003028.3	490607	-	60	20	81	32.1	287.0	tss_within_coding	Low Confidence (TSS_2.1)	49.0	1.06521739130435
TIGR4_SP_0509_TSS_492007_-	SP_0509	NC_003028.3	492007	-	60	20	81	34.57	224.0	tss_within_coding	Low Confidence (TSS_2.1)	78.0	78.0
TIGR4_SP_0510_TSS_494191_-	SP_0510	NC_003028.3	494191	-	60	20	81	22.22	62.0	tss_intergenic	Low Confidence (TSS_2.1)	3720.0	3.94904458598726
TIGR4_SP_0520_TSS_502194_-	SP_0520	NC_003028.3	502194	-	60	20	81	41.98	14.0	tss_within_coding	Low Confidence (TSS_2.1)	71.0	1.26785714285714
TIGR4_SP_0521_TSS_502638_-	SP_0521	NC_003028.3	502638	-	60	20	81	28.4	38.0	tss_intergenic	High Confidence (TSS_100.4)	1127.0	4.35135135135135
TIGR4_SP_0524_TSS_504998_-	SP_0524	NC_003028.3	504998	-	60	20	81	23.46	56.0	tss_intergenic	High Confidence (TSS_100.4)	530.0	6.70886075949367
TIGR4_SP_0528_TSS_508193_-	SP_0528	NC_003028.3	508193	-	60	20	81	35.8	342.0	tss_within_coding	Low Confidence (TSS_2.1)	44.0	1.375
TIGR4_SP_0529_TSS_509281_-	SP_0529	NC_003028.3	509281	-	60	20	81	38.27	12.0	tss_intergenic	Low Confidence (TSS_2.1)	6.0	6.0
TIGR4_SP_RS02595_TSS_510187_-	SP_RS02595	NC_003028.3	510187	-	60	20	81	35.8	260.0	tss_within_coding	Low Confidence (TSS_2.1)	15.0	15.0
TIGR4_SP_RS02605_TSS_511462_-	SP_RS02605	NC_003028.3	511462	-	60	20	81	23.46	25.0	tss_intergenic	Low Confidence (TSS_2.1)	93.0	4.04347826086957
TIGR4_SSRC8_2_TSS_526145_-	SSRC8_2	NC_003028.3	526145	-	60	20	81	33.33	56.0	tss_intergenic	Low Confidence (TSS_2.1)	2.0	2.0
TIGR4_SP_0572_TSS_539664_-	SP_0572	NC_003028.3	539664	-	60	20	81	29.63	10.0	tss_intergenic	Low Confidence (TSS_2.1)	17.0	1.21428571428571
TIGR4_SP_0582_TSS_553034_-	SP_0582	NC_003028.3	553034	-	60	20	81	37.04	159.0	tss_within_coding	Low Confidence (TSS_2.1)	341.0	2.84166666666667
TIGR4_SP_0606_TSS_574043_-	SP_0606	NC_003028.3	574043	-	60	20	81	24.69	35.0	tss_within_coding	Low Confidence (TSS_2.1)	75.0	4.6875
TIGR4_SP_0610_TSS_577344_-	SP_0610	NC_003028.3	577344	-	60	20	81	27.16	169.0	tss_intergenic	Low Confidence (TSS_2.1)	6.0	6.0
TIGR4_SP_0620_TSS_589420_-	SP_0620	NC_003028.3	589420	-	60	20	81	29.63	24.0	tss_intergenic	Low Confidence (TSS_2.1)	28.0	28.0
TIGR4_SP_RS11885_TSS_611028_-	SP_RS11885	NC_003028.3	611028	-	60	20	81	32.1	236.0	tss_intergenic	Low Confidence (TSS_2.1)	3.0	1.0
TIGR4_SP_0643_TSS_611236_-	SP_0643	NC_003028.3	611236	-	60	20	81	43.21	39.0	tss_intergenic	Low Confidence (TSS_2.1)	3.0	3.0
TIGR4_SP_RS03180_TSS_623025_-	SP_RS03180	NC_003028.3	623025	-	60	20	81	34.57	23.0	tss_within_coding	Low Confidence (TSS_2.1)	18.0	1.125
TIGR4_SP_RS03185_TSS_623258_-	SP_RS03185	NC_003028.3	623258	-	60	20	81	35.8	11.0	tss_within_coding	Low Confidence (TSS_2.1)	110.0	1.32530120481928
TIGR4_R13_TSS_623810_-	R13	NC_003028.3	623810	-	60	20	81	28.4	438.0	tss_within_coding	Low Confidence (TSS_2.1)	298.0	2.83809523809524
TIGR4_SP_RS11905_TSS_627871_-	SP_RS11905	NC_003028.3	627871	-	60	20	81	33.33	7.0	tss_intergenic	Low Confidence (TSS_2.1)	2.0	2.0
TIGR4_nan_TSS_646239_-	nan	NC_003028.3	646239	-	60	20	81	34.57	NA		Secondary TSS, High confidence		
TIGR4_SP_0670_TSS_646265_-	SP_0670	NC_003028.3	646265	-	60	20	81	24.69	76.0	tss_intergenic	High Confidence (TSS_100.4)	201473.0	5.51587909981931
TIGR4_SP_0676_TSS_651723_-	SP_0676	NC_003028.3	651723	-	60	20	81	30.86	0.0	tss_intergenic	High Confidence (TSS_100.4)	271.0	7.97058823529412
TIGR4_SP_0680_TSS_653520_-	SP_0680	NC_003028.3	653520	-	60	20	81	37.04	3.0	tss_intergenic	High Confidence (TSS_100.4)	183.0	18.3
TIGR4_SP_0711_TSS_676148_-	SP_0711	NC_003028.3	676148	-	60	20	81	27.16	39.0	tss_intergenic	Low Confidence (TSS_2.1)	10.0	10.0
TIGR4_SP_0714_TSS_680308_-	SP_0714	NC_003028.3	680308	-	60	20	81	27.16	251.0	tss_intergenic	Low Confidence (TSS_2.1)	12.0	12.0
TIGR4_SP_0726_TSS_691382_-	SP_0726	NC_003028.3	691382	-	60	20	81	44.44	123.0	tss_within_coding	Low Confidence (TSS_2.1)	13.0	1.18181818181818
TIGR4_TPP_TSS_691454_-	TPP	NC_003028.3	691454	-	60	20	81	22.22	13.0	tss_intergenic	High Confidence (TSS_100.4)	163.0	20.375
TIGR4_SP_RS11930_TSS_698458_-	SP_RS11930	NC_003028.3	698458	-	60	20	81	25.93	345.0	tss_intergenic	High Confidence (TSS_100.4)	612.0	7.2
TIGR4_SP_0737_TSS_701350_-	SP_0737	NC_003028.3	701350	-	60	20	81	33.33	79.0	tss_intergenic	High Confidence (TSS_100.4)	364.0	18.2
TIGR4_SP_0740_TSS_702789_-	SP_0740	NC_003028.3	702789	-	60	20	81	53.09	66.0	tss_within_coding	Low Confidence (TSS_2.1)	35.0	1.59090909090909
TIGR4_SP_0741_TSS_703918_-	SP_0741	NC_003028.3	703918	-	60	20	81	32.1	0.0	tss_intergenic	High Confidence (TSS_100.4)	1065.0	10.7575757575758
TIGR4_SP_0742_TSS_704875_-	SP_0742	NC_003028.3	704875	-	60	20	81	33.33	53.0	tss_intergenic	High Confidence (TSS_100.4)	1704.0	6.55384615384615
TIGR4_SP_0771_TSS_730669_-	SP_0771	NC_003028.3	730669	-	60	20	81	32.1	26.0	tss_intergenic	High Confidence (TSS_100.4)	793.0	4.69230769230769
TIGR4_SP_0772_TSS_731079_-	SP_0772	NC_003028.3	731079	-	60	20	81	34.57	149.0	tss_intergenic	Low Confidence (TSS_2.1)	4.0	4.0
TIGR4_SP_0774_TSS_731644_-	SP_0774	NC_003028.3	731644	-	60	20	81	22.22	16.0	tss_intergenic	Low Confidence (TSS_2.1)	9.0	9.0
TIGR4_SP_0781_TSS_735664_-	SP_0781	NC_003028.3	735664	-	60	20	81	24.69	11.0	tss_intergenic	High Confidence (TSS_100.4)	129.0	6.14285714285714
TIGR4_SP_RS03820_TSS_736538_-	SP_RS03820	NC_003028.3	736538	-	60	20	81	45.68	429.0	tss_within_coding	Low Confidence (TSS_2.1)	16.0	1.23076923076923
TIGR4_SP_0783_TSS_736734_-	SP_0783	NC_003028.3	736734	-	60	20	81	27.16	26.0	tss_intergenic	High Confidence (TSS_100.4)	1812.0	5.68025078369906
TIGR4_SP_0784_TSS_738298_-	SP_0784	NC_003028.3	738298	-	60	20	81	27.16	47.0	tss_intergenic	High Confidence (TSS_100.4)	3297.0	5.50417362270451
TIGR4_SP_0800_TSS_754301_-	SP_0800	NC_003028.3	754301	-	60	20	81	28.4	20.0	tss_intergenic	High Confidence (TSS_100.4)	9849.0	4.12609970674487
TIGR4_SP_0808_TSS_764844_-	SP_0808	NC_003028.3	764844	-	60	20	81	30.86	103.0	tss_intergenic	Low Confidence (TSS_2.1)	12.0	12.0
TIGR4_SP_RS03970_TSS_766688_-	SP_RS03970	NC_003028.3	766688	-	60	20	81	33.33	174.0	tss_intergenic	Low Confidence (TSS_2.1)	6.0	1.0
TIGR4_SP_0816_TSS_768520_-	SP_0816	NC_003028.3	768520	-	60	20	81	25.93	20.0	tss_intergenic	High Confidence (TSS_100.4)	4862.0	7.50308641975309
TIGR4_SP_0817_TSS_769141_-	SP_0817	NC_003028.3	769141	-	60	20	81	27.16	54.0	tss_intergenic	Low Confidence (TSS_2.1)	2.0	2.0
TIGR4_SP_0820_TSS_772579_-	SP_0820	NC_003028.3	772579	-	60	20	81	30.86	63.0	tss_intergenic	High Confidence (TSS_100.4)	4519.0	5.55842558425584
TIGR4_SP_0822_TSS_772999_-	SP_0822	NC_003028.3	772999	-	60	20	81	33.33	24.0	tss_intergenic	High Confidence (TSS_100.4)	35450.0	5.80766710353866
TIGR4_srn206_TSS_781323_-	srn206	NC_003028.3	781323	-	60	20	81	25.93	18.0	tss_intergenic	Low Confidence (TSS_2.1)	12.0	3.0
TIGR4_SP_RS11980_TSS_781667_-	SP_RS11980	NC_003028.3	781667	-	60	20	81	39.51	226.0	tss_within_coding	Low Confidence (TSS_2.1)	32.0	1.0
TIGR4_SP_RS11990_TSS_783837_-	SP_RS11990	NC_003028.3	783837	-	60	20	81	45.68	190.0	tss_within_coding	Low Confidence (TSS_2.1)	66.0	66.0
TIGR4_SP_0836_TSS_786029_-	SP_0836	NC_003028.3	786029	-	60	20	81	35.8	360.0	tss_within_coding	Low Confidence (TSS_2.1)	28.0	1.21739130434783
TIGR4_SP_0837_TSS_786606_-	SP_0837	NC_003028.3	786606	-	60	20	81	30.86	273.0	tss_within_coding	Low Confidence (TSS_2.1)	103.0	1.24096385542169
TIGR4_SP_0838_TSS_786647_-	SP_0838	NC_003028.3	786647	-	60	20	81	24.69	10.0	tss_intergenic	Low Confidence (TSS_2.1)	35701.0	2.16908682179962
TIGR4_SP_0839_TSS_787631_-	SP_0839	NC_003028.3	787631	-	60	20	81	29.63	21.0	tss_intergenic	High Confidence (TSS_100.4)	450.0	8.65384615384615
TIGR4_SP_0851_TSS_798201_-	SP_0851	NC_003028.3	798201	-	60	20	81	29.63	0.0	tss_intergenic	High Confidence (TSS_100.4)	635.0	8.81944444444444
TIGR4_SP_0863_TSS_810812_-	SP_0863	NC_003028.3	810812	-	60	20	81	29.63	9.0	tss_intergenic	Low Confidence (TSS_2.1)	19.0	1.05555555555556
TIGR4_SP_RS04295_TSS_819291_-	SP_RS04295	NC_003028.3	819291	-	60	20	81	37.04	422.0	tss_within_coding	Low Confidence (TSS_2.1)	22.0	1.83333333333333
TIGR4_SP_0872_TSS_820186_-	SP_0872	NC_003028.3	820186	-	60	20	81	18.52	3.0	tss_intergenic	High Confidence (TSS_100.4)	384.0	6.98181818181818
TIGR4_SP_2247_TSS_822702_-	SP_2247	NC_003028.3	822702	-	60	20	81	32.1	157.0	tss_intergenic	Low Confidence (TSS_2.1)	2.0	2.0
TIGR4_SP_0893_TSS_844505_-	SP_0893	NC_003028.3	844505	-	60	20	81	46.91	54.0	tss_within_coding	Low Confidence (TSS_2.1)	71.0	1.12698412698413
TIGR4_SP_0894_TSS_846766_-	SP_0894	NC_003028.3	846766	-	60	20	81	28.4	25.0	tss_intergenic	High Confidence (TSS_100.4)	10243.0	6.52005092297899
TIGR4_SP_RS04430_TSS_853293_-	SP_RS04430	NC_003028.3	853293	-	60	20	81	39.51	211.0	tss_within_coding	Low Confidence (TSS_2.1)	35.0	35.0
TIGR4_SP_RS12035_TSS_854419_-	SP_RS12035	NC_003028.3	854419	-	60	20	81	29.63	85.0	tss_intergenic	Low Confidence (TSS_2.1)	6.0	6.0
TIGR4_SP_0904_TSS_858380_-	SP_0904	NC_003028.3	858380	-	60	20	81	48.15	254.0	tss_within_coding	Low Confidence (TSS_2.1)	58.0	1.20833333333333
TIGR4_SP_0905_TSS_859147_-	SP_0905	NC_003028.3	859147	-	60	20	81	35.8	119.0	tss_within_coding	Low Confidence (TSS_2.1)	27.0	1.5
TIGR4_SP_0906_TSS_859184_-	SP_0906	NC_003028.3	859184	-	60	20	81	30.86	24.0	tss_intergenic	High Confidence (TSS_100.4)	4759.0	7.17797888386124
TIGR4_SP_0911_TSS_864405_-	SP_0911	NC_003028.3	864405	-	60	20	81	22.22	126.0	tss_intergenic	Low Confidence (TSS_2.1)	165.0	3.11320754716981
TIGR4_SP_RS04515_TSS_868613_-	SP_RS04515	NC_003028.3	868613	-	60	20	81	41.98	475.0	tss_within_coding	Low Confidence (TSS_2.1)	13.0	1.0
TIGR4_SP_0915_TSS_869178_-	SP_0915	NC_003028.3	869178	-	60	20	81	39.51	16.0	tss_intergenic	Low Confidence (TSS_2.1)	130.0	1.09243697478992
TIGR4_SP_0923_TSS_878505_-	SP_0923	NC_003028.3	878505	-	60	20	81	27.16	23.0	tss_intergenic	High Confidence (TSS_100.4)	781.0	5.65942028985507
TIGR4_SP_RS12045_TSS_892517_-	SP_RS12045	NC_003028.3	892517	-	60	20	81	29.63	0.0	tss_intergenic	High Confidence (TSS_100.4)	210.0	7.5
TIGR4_SP_0952_TSS_901241_-	SP_0952	NC_003028.3	901241	-	60	20	81	27.16	73.0	tss_intergenic	Low Confidence (TSS_2.1)	42.0	3.81818181818182
TIGR4_SP_0966_TSS_914773_-	SP_0966	NC_003028.3	914773	-	60	20	81	28.4	2.0	tss_intergenic	Low Confidence (TSS_2.1)	8.0	4.0
TIGR4_SP_RS12060_TSS_929515_-	SP_RS12060	NC_003028.3	929515	-	60	20	81	44.44	491.0	tss_within_coding	Low Confidence (TSS_2.1)	43.0	1.16216216216216
TIGR4_SP_0984_TSS_930242_-	SP_0984	NC_003028.3	930242	-	60	20	81	43.21	346.0	tss_within_coding	Low Confidence (TSS_2.1)	35.0	1.02941176470588
TIGR4_SP_0985_TSS_930763_-	SP_0985	NC_003028.3	930763	-	60	20	81	50.62	385.0	tss_within_coding	Low Confidence (TSS_2.1)	52.0	1.48571428571429
TIGR4_SP_0986_TSS_931256_-	SP_0986	NC_003028.3	931256	-	60	20	81	23.46	36.0	tss_intergenic	High Confidence (TSS_100.4)	1130.0	7.38562091503268
TIGR4_SP_0987_TSS_932117_-	SP_0987	NC_003028.3	932117	-	60	20	81	24.69	2.0	tss_intergenic	High Confidence (TSS_100.4)	3745.0	6.90959409594096
TIGR4_SP_1008_TSS_953721_-	SP_1008	NC_003028.3	953721	-	60	20	81	29.63	27.0	tss_intergenic	High Confidence (TSS_100.4)	335.0	5.0
TIGR4_SP_1010_TSS_955386_-	SP_1010	NC_003028.3	955386	-	60	20	81	30.86	24.0	tss_intergenic	Low Confidence (TSS_2.1)	166.0	1.74736842105263
TIGR4_SP_1011_TSS_955875_-	SP_1011	NC_003028.3	955875	-	60	20	81	30.86	0.0	tss_intergenic	Low Confidence (TSS_2.1)	27.0	13.5
TIGR4_SP_1016_TSS_961981_-	SP_1016	NC_003028.3	961981	-	60	20	81	27.16	50.0	tss_intergenic	High Confidence (TSS_100.4)	1528.0	6.16129032258065
TIGR4_SP_1017_TSS_962278_-	SP_1017	NC_003028.3	962278	-	60	20	81	28.4	28.0	tss_intergenic	High Confidence (TSS_100.4)	2291.0	6.83880597014925
TIGR4_SP_1065_TSS_1000797_-	SP_1065	NC_003028.3	1000797	-	60	20	81	29.63	160.0	tss_intergenic	Low Confidence (TSS_2.1)	6.0	6.0
TIGR4_SP_1089_TSS_1026758_-	SP_1089	NC_003028.3	1026758	-	60	20	81	44.44	493.0	tss_within_coding	Low Confidence (TSS_2.1)	58.0	1.52631578947368
TIGR4_SP_1090_TSS_1026943_-	SP_1090	NC_003028.3	1026943	-	60	20	81	20.99	19.0	tss_intergenic	High Confidence (TSS_100.4)	2232.0	5.62216624685139
TIGR4_SP_1092_TSS_1027522_-	SP_1092	NC_003028.3	1027522	-	60	20	81	30.86	264.0	tss_within_coding	Low Confidence (TSS_2.1)	73.0	1.10606060606061
TIGR4_SP_1093_TSS_1027763_-	SP_1093	NC_003028.3	1027763	-	60	20	81	43.21	186.0	tss_within_coding	Low Confidence (TSS_2.1)	27.0	1.28571428571429
TIGR4_SP_1094_TSS_1028730_-	SP_1094	NC_003028.3	1028730	-	60	20	81	39.51	33.0	tss_within_coding	Low Confidence (TSS_2.1)	44.0	1.0
TIGR4_SP_1095_TSS_1029747_-	SP_1095	NC_003028.3	1029747	-	60	20	81	24.69	81.0	tss_intergenic	High Confidence (TSS_100.4)	2629.0	14.4450549450549
TIGR4_SP_1096_TSS_1030402_-	SP_1096	NC_003028.3	1030402	-	60	20	81	23.46	54.0	tss_intergenic	Low Confidence (TSS_2.1)	5.0	5.0
TIGR4_SpR14_sRNA_TSS_1034114_-	SpR14_sRNA	NC_003028.3	1034114	-	60	20	81	37.04	14.0	tss_intergenic	Low Confidence (TSS_2.1)	4.0	2.0
TIGR4_SP_1101_TSS_1035460_-	SP_1101	NC_003028.3	1035460	-	60	20	81	29.63	12.0	tss_intergenic	Low Confidence (TSS_2.1)	5.0	1.0
TIGR4_nan_TSS_1036012_-	nan	NC_003028.3	1036012	-	60	20	81	29.63	NA		Secondary TSS, High confidence		
TIGR4_SP_1102_TSS_1036037_-	SP_1102	NC_003028.3	1036037	-	60	20	81	28.4	109.0	tss_intergenic	High Confidence (TSS_100.4)	20019.0	10.786099137931
TIGR4_SP_1111_TSS_1041031_-	SP_1111	NC_003028.3	1041031	-	60	20	81	25.93	19.0	tss_intergenic	Low Confidence (TSS_2.1)	324.0	3.27272727272727
TIGR4_SP_1127_TSS_1061609_-	SP_1127	NC_003028.3	1061609	-	60	20	81	23.46	0.0	tss_intergenic	High Confidence (TSS_100.4)	3337.0	6.33206831119545
TIGR4_SP_1129_TSS_1064796_-	SP_1129	NC_003028.3	1064796	-	60	20	81	30.86	402.0	tss_within_coding	Low Confidence (TSS_2.1)	23.0	1.21052631578947
TIGR4_SP_1130_TSS_1065332_-	SP_1130	NC_003028.3	1065332	-	60	20	81	19.75	15.0	tss_intergenic	High Confidence (TSS_100.4)	2342.0	10.4088888888889
TIGR4_SP_RS12125_TSS_1074314_-	SP_RS12125	NC_003028.3	1074314	-	60	20	81	37.04	228.0	tss_within_coding	Low Confidence (TSS_2.1)	25.0	1.04166666666667
TIGR4_SP_RS12130_TSS_1074831_-	SP_RS12130	NC_003028.3	1074831	-	60	20	81	23.46	0.0	tss_intergenic	High Confidence (TSS_100.4)	10783.0	5.74480554075653
TIGR4_SP_1160_TSS_1096424_-	SP_1160	NC_003028.3	1096424	-	60	20	81	40.74	191.0	tss_within_coding	Low Confidence (TSS_2.1)	18.0	1.5
TIGR4_SP_1161_TSS_1098167_-	SP_1161	NC_003028.3	1098167	-	60	20	81	44.44	167.0	tss_within_coding	Low Confidence (TSS_2.1)	119.0	1.15533980582524
TIGR4_SP_1162_TSS_1099174_-	SP_1162	NC_003028.3	1099174	-	60	20	81	38.27	85.0	tss_intergenic	Low Confidence (TSS_2.1)	103.0	1.09574468085106
TIGR4_SP_1163_TSS_1100618_-	SP_1163	NC_003028.3	1100618	-	60	20	81	44.44	319.0	tss_within_coding	Low Confidence (TSS_2.1)	41.0	1.41379310344828
TIGR4_SP_1164_TSS_1101311_-	SP_1164	NC_003028.3	1101311	-	60	20	81	29.63	28.0	tss_intergenic	High Confidence (TSS_100.4)	4061.0	7.80961538461538
TIGR4_srn279_TSS_1102964_-	srn279	NC_003028.3	1102964	-	60	20	81	37.04	36.0	tss_intergenic	Low Confidence (TSS_2.1)	25.0	1.5625
TIGR4_SP_RS05750_TSS_1103525_-	SP_RS05750	NC_003028.3	1103525	-	60	20	81	40.74	456.0	tss_within_coding	Low Confidence (TSS_2.1)	40.0	1.73913043478261
TIGR4_SP_1167_TSS_1104647_-	SP_1167	NC_003028.3	1104647	-	60	20	81	54.32	296.0	tss_within_coding	Low Confidence (TSS_2.1)	23.0	1.0952380952381
TIGR4_SP_1168_TSS_1105217_-	SP_1168	NC_003028.3	1105217	-	60	20	81	40.74	389.0	tss_within_coding	Low Confidence (TSS_2.1)	17.0	1.54545454545455
TIGR4_SP_1169_TSS_1105513_-	SP_1169	NC_003028.3	1105513	-	60	20	81	34.57	22.0	tss_intergenic	High Confidence (TSS_100.4)	1111.0	6.57396449704142
TIGR4_SP_1170_TSS_1106511_-	SP_1170	NC_003028.3	1106511	-	60	20	81	38.27	280.0	tss_within_coding	Low Confidence (TSS_2.1)	28.0	1.33333333333333
TIGR4_SP_1171_TSS_1107031_-	SP_1171	NC_003028.3	1107031	-	60	20	81	20.99	29.0	tss_intergenic	High Confidence (TSS_100.4)	604.0	6.16326530612245
TIGR4_SP_1174_TSS_1110778_-	SP_1174	NC_003028.3	1110778	-	60	20	81	19.75	61.0	tss_intergenic	High Confidence (TSS_100.4)	298.0	5.2280701754386
TIGR4_SP_1175_TSS_1113402_-	SP_1175	NC_003028.3	1113402	-	60	20	81	28.4	78.0	tss_intergenic	High Confidence (TSS_100.4)	155.0	12.9166666666667
TIGR4_SP_1176_TSS_1115326_-	SP_1176	NC_003028.3	1115326	-	60	20	81	43.21	15.0	tss_within_coding	High Confidence (TSS_100.4)	151.0	151.0
TIGR4_nan_TSS_1115444_-	nan	NC_003028.3	1115444	-	60	20	81	33.33	NA		Secondary TSS, Low confidence		
TIGR4_SP_1177_TSS_1115635_-	SP_1177	NC_003028.3	1115635	-	60	20	81	28.4	55.0	tss_intergenic	High Confidence (TSS_100.4)	376672.0	10.2153879532449
TIGR4_SP_1183_TSS_1121087_-	SP_1183	NC_003028.3	1121087	-	60	20	81	19.75	8.0	tss_intergenic	Low Confidence (TSS_2.1)	2.0	2.0
TIGR4_SP_1187_TSS_1125800_-	SP_1187	NC_003028.3	1125800	-	60	20	81	24.69	136.0	tss_intergenic	High Confidence (TSS_100.4)	364.0	9.83783783783784
TIGR4_SP_1189_TSS_1126839_-	SP_1189	NC_003028.3	1126839	-	60	20	81	22.22	235.0	tss_intergenic	High Confidence (TSS_100.4)	137.0	4.28125
TIGR4_SP_1191_TSS_1129061_-	SP_1191	NC_003028.3	1129061	-	60	20	81	37.04	213.0	tss_within_coding	Low Confidence (TSS_2.1)	73.0	1.10606060606061
TIGR4_SP_1192_TSS_1129421_-	SP_1192	NC_003028.3	1129421	-	60	20	81	40.74	47.0	tss_within_coding	Low Confidence (TSS_2.1)	14.0	1.75
TIGR4_SP_1193_TSS_1129913_-	SP_1193	NC_003028.3	1129913	-	60	20	81	28.4	83.0	tss_intergenic	High Confidence (TSS_100.4)	1340.0	7.92899408284024
TIGR4_SP_RS12150_TSS_1131305_-	SP_RS12150	NC_003028.3	1131305	-	60	20	81	34.57	0.0	tss_intergenic	Low Confidence (TSS_2.1)	11.0	11.0
TIGR4_SP_RS05890_TSS_1132158_-	SP_RS05890	NC_003028.3	1132158	-	60	20	81	25.93	30.0	tss_intergenic	Low Confidence (TSS_2.1)	26.0	6.5
TIGR4_SP_1200_TSS_1134429_-	SP_1200	NC_003028.3	1134429	-	60	20	81	30.86	22.0	tss_intergenic	High Confidence (TSS_100.4)	1302.0	6.575757576
TIGR4_SP_1201_TSS_1135369_-	SP_1201	NC_003028.3	1135369	-	60	20	81	34.57	155.0	tss_within_coding	Low Confidence (TSS_2.1)	265.0	1.09053497942387
TIGR4_SP_1202_TSS_1136937_-	SP_1202	NC_003028.3	1136937	-	60	20	81	39.51	54.0	tss_within_coding	Low Confidence (TSS_2.1)	32.0	1.03225806451613
TIGR4_SP_1203_TSS_1137503_-	SP_1203	NC_003028.3	1137503	-	60	20	81	39.51	182.0	tss_within_coding	Low Confidence (TSS_2.1)	73.0	1.25862068965517
TIGR4_SP_RS05915_TSS_1138170_-	SP_RS05915	NC_003028.3	1138170	-	60	20	81	39.51	41.0	tss_within_coding	Low Confidence (TSS_2.1)	61.0	1.29787234042553
TIGR4_SP_1205_TSS_1139163_-	SP_1205	NC_003028.3	1139163	-	60	20	81	33.33	166.0	tss_within_coding	Low Confidence (TSS_2.1)	317.0	1.35470085470085
TIGR4_SP_1206_TSS_1139266_-	SP_1206	NC_003028.3	1139266	-	60	20	81	40.74	60.0	tss_within_coding	Low Confidence (TSS_2.1)	69.0	1.27777777777778
TIGR4_SP_1207_TSS_1140557_-	SP_1207	NC_003028.3	1140557	-	60	20	81	29.63	33.0	tss_intergenic	High Confidence (TSS_100.4)	3238.0	8.34536082474227
TIGR4_SP_1208_TSS_1141312_-	SP_1208	NC_003028.3	1141312	-	60	20	81	32.1	22.0	tss_within_coding	High Confidence (TSS_100.4)	13717.0	18.5615696887686
TIGR4_SP_RS05940_TSS_1141865_-	SP_RS05940	NC_003028.3	1141865	-	60	20	81	29.63	165.0	tss_intergenic	Low Confidence (TSS_2.1)	860.0	2.94520547945205
TIGR4_SP_1212_TSS_1143054_-	SP_1212	NC_003028.3	1143054	-	60	20	81	38.27	235.0	tss_within_coding	Low Confidence (TSS_2.1)	34.0	1.25925925925926
TIGR4_SP_1213_TSS_1144126_-	SP_1213	NC_003028.3	1144126	-	60	20	81	40.74	23.0	tss_intergenic	High Confidence (TSS_100.4)	5392.0	6.10645526613817
TIGR4_SP_RS12165_TSS_1145483_-	SP_RS12165	NC_003028.3	1145483	-	60	20	81	24.69	25.0	tss_intergenic	Low Confidence (TSS_2.1)	24.0	4.0
TIGR4_SP_1215_TSS_1146426_-	SP_1215	NC_003028.3	1146426	-	60	20	81	24.69	23.0	tss_intergenic	High Confidence (TSS_100.4)	260.0	11.8181818181818
TIGR4_SP_RS05970_TSS_1147585_-	SP_RS05970	NC_003028.3	1147585	-	60	20	81	40.74	195.0	tss_within_coding	Low Confidence (TSS_2.1)	1671.0	1.10809018567639
TIGR4_SP_1219_TSS_1149889_-	SP_1219	NC_003028.3	1149889	-	60	20	81	30.86	31.0	tss_intergenic	High Confidence (TSS_100.4)	4828.0	13.638418079096
TIGR4_SP_1221_TSS_1154717_-	SP_1221	NC_003028.3	1154717	-	60	20	81	29.63	115.0	tss_intergenic	High Confidence (TSS_100.4)	5683.0	5.50145208131655
TIGR4_SP_1222_TSS_1156659_-	SP_1222	NC_003028.3	1156659	-	60	20	81	23.46	15.0	tss_intergenic	High Confidence (TSS_100.4)	620.0	4.66165413533835
TIGR4_SP_1223_TSS_1157236_-	SP_1223	NC_003028.3	1157236	-	60	20	81	34.57	260.0	tss_within_coding	High Confidence (TSS_100.4)	377.0	8.19565217391304
TIGR4_SP_RS06000_TSS_1157491_-	SP_RS06000	NC_003028.3	1157491	-	60	20	81	46.91	220.0	tss_within_coding	Low Confidence (TSS_2.1)	46.0	1.15
TIGR4_SP_1225_TSS_1158292_-	SP_1225	NC_003028.3	1158292	-	60	20	81	45.68	181.0	tss_within_coding	Low Confidence (TSS_2.1)	1610.0	1.02027883396705
TIGR4_SP_1226_TSS_1159865_-	SP_1226	NC_003028.3	1159865	-	60	20	81	39.51	403.0	tss_within_coding	Low Confidence (TSS_2.1)	428.0	1.1505376344086
TIGR4_SP_1227_TSS_1160174_-	SP_1227	NC_003028.3	1160174	-	60	20	81	32.1	15.0	tss_intergenic	High Confidence (TSS_100.4)	2055.0	20.969387755102
TIGR4_SP_1228_TSS_1161390_-	SP_1228	NC_003028.3	1161390	-	60	20	81	27.16	0.0	tss_intergenic	High Confidence (TSS_100.4)	888.0	7.72173913043478
TIGR4_SP_1229_TSS_1163416_-	SP_1229	NC_003028.3	1163416	-	60	20	81	27.16	28.0	tss_intergenic	High Confidence (TSS_100.4)	6733.0	6.20552995391705
TIGR4_SP_1235_TSS_1167610_-	SP_1235	NC_003028.3	1167610	-	60	20	81	35.8	393.0	tss_within_coding	High Confidence (TSS_100.4)	261.0	261.0
TIGR4_SP_1236_TSS_1168134_-	SP_1236	NC_003028.3	1168134	-	60	20	81	27.16	360.0	tss_within_coding	Low Confidence (TSS_2.1)	60.0	60.0
TIGR4_SP_1237_TSS_1168432_-	SP_1237	NC_003028.3	1168432	-	60	20	81	41.98	129.0	tss_within_coding	Low Confidence (TSS_2.1)	101.0	101.0
TIGR4_SP_1238_TSS_1170322_-	SP_1238	NC_003028.3	1170322	-	60	20	81	38.27	21.0	tss_intergenic	High Confidence (TSS_100.4)	307.0	5.0327868852459
TIGR4_SP_1240_TSS_1171358_-	SP_1240	NC_003028.3	1171358	-	60	20	81	24.69	27.0	tss_intergenic	High Confidence (TSS_100.4)	182.0	182.0
TIGR4_SP_1244_TSS_1177619_-	SP_1244	NC_003028.3	1177619	-	60	20	81	34.57	242.0	tss_within_coding	Low Confidence (TSS_2.1)	104.0	1.18181818181818
TIGR4_SP_1245_TSS_1178391_-	SP_1245	NC_003028.3	1178391	-	60	20	81	35.8	192.0	tss_within_coding	Low Confidence (TSS_2.1)	26.0	1.04
TIGR4_SP_1246_TSS_1179222_-	SP_1246	NC_003028.3	1179222	-	60	20	81	44.44	229.0	tss_within_coding	Low Confidence (TSS_2.1)	42.0	1.10526315789474
TIGR4_SP_1247_TSS_1182841_-	SP_1247	NC_003028.3	1182841	-	60	20	81	44.44	312.0	tss_within_coding	Low Confidence (TSS_2.1)	30.0	1.42857142857143
TIGR4_SP_1248_TSS_1183246_-	SP_1248	NC_003028.3	1183246	-	60	20	81	34.57	28.0	tss_intergenic	High Confidence (TSS_100.4)	315.0	12.1153846153846
TIGR4_SP_2249_TSS_1183972_-	SP_2249	NC_003028.3	1183972	-	60	20	81	46.91	500.0	tss_within_coding	Low Confidence (TSS_2.1)	40.0	1.29032258064516
TIGR4_SP_1249_TSS_1184594_-	SP_1249	NC_003028.3	1184594	-	60	20	81	24.69	72.0	tss_intergenic	High Confidence (TSS_100.4)	3460.0	16.6346153846154
TIGR4_SP_1251_TSS_1187993_-	SP_1251	NC_003028.3	1187993	-	60	20	81	24.69	59.0	tss_intergenic	Low Confidence (TSS_2.1)	28.0	1.86666666666667
TIGR4_SP_1252_TSS_1188379_-	SP_1252	NC_003028.3	1188379	-	60	20	81	43.21	114.0	tss_within_coding	Low Confidence (TSS_2.1)	61.0	1.07017543859649
TIGR4_SP_RS06145_TSS_1188797_-	SP_RS06145	NC_003028.3	1188797	-	60	20	81	30.86	380.0	tss_intergenic	Low Confidence (TSS_2.1)	11.0	2.2
TIGR4_SP_1256_TSS_1189656_-	SP_1256	NC_003028.3	1189656	-	60	20	81	38.27	145.0	tss_within_coding	Low Confidence (TSS_2.1)	19.0	1.35714285714286
TIGR4_trn0591_TSS_1190260_-	trn0591	NC_003028.3	1190260	-	60	20	81	49.38	297.0	tss_intergenic	Low Confidence (TSS_2.1)	14.0	2.0
TIGR4_SP_1258_TSS_1192143_-	SP_1258	NC_003028.3	1192143	-	60	20	81	41.98	492.0	tss_within_coding	Low Confidence (TSS_2.1)	14.0	2.8
TIGR4_SP_RS06175_TSS_1192735_-	SP_RS06175	NC_003028.3	1192735	-	60	20	81	43.21	409.0	tss_within_coding	Low Confidence (TSS_2.1)	55.0	1.375
TIGR4_SP_1260_TSS_1193026_-	SP_1260	NC_003028.3	1193026	-	60	20	81	22.22	24.0	tss_intergenic	High Confidence (TSS_100.4)	702.0	7.23711340206186
TIGR4_SP_1261_TSS_1193593_-	SP_1261	NC_003028.3	1193593	-	60	20	81	29.63	139.0	tss_intergenic	Low Confidence (TSS_2.1)	320.0	3.04761904761905
TIGR4_SP_1263_TSS_1197213_-	SP_1263	NC_003028.3	1197213	-	60	20	81	27.16	29.0	tss_intergenic	High Confidence (TSS_100.4)	449.0	6.50724637681159
TIGR4_SP_1264_TSS_1198664_-	SP_1264	NC_003028.3	1198664	-	60	20	81	22.22	270.0	tss_intergenic	High Confidence (TSS_100.4)	5342.0	6.66916354556804
TIGR4_SP_1266_TSS_1200562_-	SP_1266	NC_003028.3	1200562	-	60	20	81	32.1	430.0	tss_within_coding	Low Confidence (TSS_2.1)	186.0	1.14814814814815
TIGR4_SP_1267_TSS_1201284_-	SP_1267	NC_003028.3	1201284	-	60	20	81	41.98	367.0	tss_within_coding	Low Confidence (TSS_2.1)	43.0	1.1025641025641
TIGR4_SP_1268_TSS_1201931_-	SP_1268	NC_003028.3	1201931	-	60	20	81	32.1	124.0	tss_within_coding	Low Confidence (TSS_2.1)	41.0	1.10810810810811
TIGR4_SP_1269_TSS_1202887_-	SP_1269	NC_003028.3	1202887	-	60	20	81	41.98	221.0	tss_within_coding	Low Confidence (TSS_2.1)	75.0	1.29310344827586
TIGR4_SP_1270_TSS_1203850_-	SP_1270	NC_003028.3	1203850	-	60	20	81	41.98	145.0	tss_within_coding	Low Confidence (TSS_2.1)	129.0	1.032
TIGR4_SP_1271_TSS_1204453_-	SP_1271	NC_003028.3	1204453	-	60	20	81	32.1	37.0	tss_intergenic	High Confidence (TSS_100.4)	496.0	5.90476190476191
TIGR4_snR45_TSS_1204617_-	snR45	NC_003028.3	1204617	-	60	20	81	27.16	266.0	tss_intergenic	Low Confidence (TSS_2.1)	1034.0	1.52058823529412
TIGR4_SP_1275_TSS_1211492_-	SP_1275	NC_003028.3	1211492	-	60	20	81	35.8	177.0	tss_intergenic	Low Confidence (TSS_2.1)	27.0	1.58823529411765
TIGR4_SP_1276_TSS_1213028_-	SP_1276	NC_003028.3	1213028	-	60	20	81	40.74	321.0	tss_within_coding	Low Confidence (TSS_2.1)	41.0	1.0
TIGR4_SP_1277_TSS_1213937_-	SP_1277	NC_003028.3	1213937	-	60	20	81	40.74	257.0	tss_within_coding	Low Confidence (TSS_2.1)	62.0	1.05084745762712
TIGR4_SP_1278_TSS_1214263_-	SP_1278	NC_003028.3	1214263	-	60	20	81	40.74	43.0	tss_within_coding	Low Confidence (TSS_2.1)	32.0	1.52380952380952
TIGR4_PyrR_TSS_1214371_-	PyrR	NC_003028.3	1214371	-	60	20	81	28.4	7.0	tss_intergenic	High Confidence (TSS_100.4)	2212.0	9.29411764705882
TIGR4_SP_1279_TSS_1215255_-	SP_1279	NC_003028.3	1215255	-	60	20	81	43.21	195.0	tss_within_coding	Low Confidence (TSS_2.1)	423.0	1.02919708029197
TIGR4_SP_1280_TSS_1215624_-	SP_1280	NC_003028.3	1215624	-	60	20	81	32.1	22.0	tss_intergenic	Low Confidence (TSS_2.1)	2359.0	3.4040404040404
TIGR4_SP_1283_TSS_1219274_-	SP_1283	NC_003028.3	1219274	-	60	20	81	41.98	444.0	tss_within_coding	Low Confidence (TSS_2.1)	100.0	100.0
TIGR4_SP_1284_TSS_1219419_-	SP_1284	NC_003028.3	1219419	-	60	20	81	28.4	27.0	tss_intergenic	High Confidence (TSS_100.4)	3353.0	6.36242884250474
TIGR4_nan_TSS_1222120_-	nan	NC_003028.3	1222120	-	60	20	81	51.85	NA		Secondary TSS, Low confidence		
TIGR4_R2_TSS_1222233_-	R2	NC_003028.3	1222233	-	60	20	81	39.51	331.0	tss_within_coding	High Confidence (TSS_100.4)	159.0	159.0
TIGR4_SP_1287_TSS_1223677_-	SP_1287	NC_003028.3	1223677	-	60	20	81	38.27	126.0	tss_within_coding	Low Confidence (TSS_2.1)	385.0	1.18827160493827
TIGR4_SP_1288_TSS_1223895_-	SP_1288	NC_003028.3	1223895	-	60	20	81	33.33	0.0	tss_intergenic	High Confidence (TSS_100.4)	5431.0	7.49103448275862
TIGR4_SP_1289_TSS_1224389_-	SP_1289	NC_003028.3	1224389	-	60	20	81	35.8	26.0	tss_intergenic	High Confidence (TSS_100.4)	3019.0	7.74102564102564
TIGR4_R16_TSS_1227764_-	R16	NC_003028.3	1227764	-	60	20	81	41.98	20.0	tss_intergenic	Low Confidence (TSS_2.1)	3.0	3.0
TIGR4_SP_2250_TSS_1228149_-	SP_2250	NC_003028.3	1228149	-	60	20	81	46.91	312.0	tss_within_coding	Low Confidence (TSS_2.1)	400.0	1.01010101010101
TIGR4_SP_1293_TSS_1228304_-	SP_1293	NC_003028.3	1228304	-	60	20	81	24.69	77.0	tss_intergenic	High Confidence (TSS_100.4)	37061.0	53.2485632183908
TIGR4_SP_1294_TSS_1228850_-	SP_1294	NC_003028.3	1228850	-	60	20	81	41.98	175.0	tss_within_coding	Low Confidence (TSS_2.1)	70.0	1.02941176470588
TIGR4_SP_1295_TSS_1229227_-	SP_1295	NC_003028.3	1229227	-	60	20	81	40.74	184.0	tss_within_coding	Low Confidence (TSS_2.1)	3103.0	1.03571428571429
TIGR4_SP_1296_TSS_1229323_-	SP_1296	NC_003028.3	1229323	-	60	20	81	34.57	17.0	tss_intergenic	High Confidence (TSS_100.4)	10403.0	6.40973505853358
TIGR4_SP_1297_TSS_1229886_-	SP_1297	NC_003028.3	1229886	-	60	20	81	25.93	21.0	tss_intergenic	Low Confidence (TSS_2.1)	13473.0	3.87155172413793
TIGR4_SP_RS12175_TSS_1232265_-	SP_RS12175	NC_003028.3	1232265	-	60	20	81	23.46	0.0	tss_intergenic	High Confidence (TSS_100.4)	592.0	7.21951219512195
TIGR4_SP_1307_TSS_1234731_-	SP_1307	NC_003028.3	1234731	-	60	20	81	33.33	107.0	tss_within_coding	Low Confidence (TSS_2.1)	40.0	40.0
TIGR4_SP_RS06410_TSS_1235631_-	SP_RS06410	NC_003028.3	1235631	-	60	20	81	34.57	410.0	tss_within_coding	Low Confidence (TSS_2.1)	26.0	1.36842105263158
TIGR4_SP_RS12180_TSS_1236036_-	SP_RS12180	NC_003028.3	1236036	-	60	20	81	33.33	1.0	tss_intergenic	Low Confidence (TSS_2.1)	6.0	1.5
TIGR4_SP_RS06425_TSS_1236685_-	SP_RS06425	NC_003028.3	1236685	-	60	20	81	48.15	399.0	tss_intergenic	Low Confidence (TSS_2.1)	2.0	2.0
TIGR4_SP_1323_TSS_1247207_-	SP_1323	NC_003028.3	1247207	-	60	20	81	30.86	19.0	tss_intergenic	Low Confidence (TSS_2.1)	2.0	2.0
TIGR4_SP_1336_TSS_1259548_-	SP_1336	NC_003028.3	1259548	-	60	20	81	43.21	10.0	tss_intergenic	Low Confidence (TSS_2.1)	2.0	2.0
TIGR4_SP_1337_TSS_1261080_-	SP_1337	NC_003028.3	1261080	-	60	20	81	29.63	14.0	tss_intergenic	Low Confidence (TSS_2.1)	4.0	4.0
TIGR4_SP_1338_TSS_1261869_-	SP_1338	NC_003028.3	1261869	-	60	20	81	33.33	362.0	tss_intergenic	High Confidence (TSS_100.4)	855.0	5.73825503355705
TIGR4_SP_1343_TSS_1267830_-	SP_1343	NC_003028.3	1267830	-	60	20	81	28.4	252.0	tss_within_coding	Low Confidence (TSS_2.1)	29.0	1.07407407407407
TIGR4_SP_1344_TSS_1270581_-	SP_1344	NC_003028.3	1270581	-	60	20	81	35.8	334.0	tss_intergenic	High Confidence (TSS_100.4)	1966.0	4.33995584988963
TIGR4_SP_1352_TSS_1274555_-	SP_1352	NC_003028.3	1274555	-	60	20	81	35.8	371.0	tss_within_coding	Low Confidence (TSS_2.1)	24.0	2.4
TIGR4_nan_TSS_1274834_-	nan	NC_003028.3	1274834	-	60	20	81	49.38	NA		Secondary TSS, Low confidence		
TIGR4_rli38_TSS_1274942_-	rli38	NC_003028.3	1274942	-	60	20	81	29.63	314.0	tss_within_coding	High Confidence (TSS_100.4)	278.0	278.0
TIGR4_SP_1354_TSS_1275001_-	SP_1354	NC_003028.3	1275001	-	60	20	81	27.16	19.0	tss_intergenic	High Confidence (TSS_100.4)	978.0	978.0
TIGR4_SP_1355_TSS_1275682_-	SP_1355	NC_003028.3	1275682	-	60	20	81	38.27	124.0	tss_within_coding	Low Confidence (TSS_2.1)	183.0	1.11585365853659
TIGR4_srn308_TSS_1275729_-	srn308	NC_003028.3	1275729	-	60	20	81	24.69	18.0	tss_intergenic	High Confidence (TSS_100.4)	112986.0	13.7152221412964
TIGR4_L10_leader_TSS_1276227_-	L10_leader	NC_003028.3	1276227	-	60	20	81	46.91	495.0	tss_within_coding	Low Confidence (TSS_2.1)	18.0	1.2
TIGR4_R17_TSS_1277389_-	R17	NC_003028.3	1277389	-	60	20	81	30.86	1.0	tss_intergenic	High Confidence (TSS_100.4)	332.0	4.88235294117647
TIGR4_SP_1357_TSS_1279209_-	SP_1357	NC_003028.3	1279209	-	60	20	81	39.51	0.0	tss_intergenic	Low Confidence (TSS_2.1)	14.0	1.4
TIGR4_SP_1358_TSS_1281373_-	SP_1358	NC_003028.3	1281373	-	60	20	81	44.44	438.0	tss_within_coding	Low Confidence (TSS_2.1)	58.0	1.09433962264151
TIGR4_SP_1359_TSS_1282120_-	SP_1359	NC_003028.3	1282120	-	60	20	81	38.27	189.0	tss_within_coding	Low Confidence (TSS_2.1)	299.0	1.06028368794326
TIGR4_SP_RS06655_TSS_1282392_-	SP_RS06655	NC_003028.3	1282392	-	60	20	81	45.68	242.0	tss_within_coding	High Confidence (TSS_100.4)	206.0	206.0
TIGR4_SP_1360_TSS_1283280_-	SP_1360	NC_003028.3	1283280	-	60	20	81	37.04	185.0	tss_within_coding	Low Confidence (TSS_2.1)	550.0	1.21681415929204
TIGR4_SP_1361_TSS_1284408_-	SP_1361	NC_003028.3	1284408	-	60	20	81	24.69	25.0	tss_intergenic	High Confidence (TSS_100.4)	4953.0	4.6638418079096
TIGR4_SP_1362_TSS_1285296_-	SP_1362	NC_003028.3	1285296	-	60	20	81	30.86	25.0	tss_intergenic	High Confidence (TSS_100.4)	902.0	6.68148148148148
TIGR4_SP_1363_TSS_1286533_-	SP_1363	NC_003028.3	1286533	-	60	20	81	30.86	28.0	tss_intergenic	Low Confidence (TSS_2.1)	36.0	36.0
TIGR4_SP_1364_TSS_1288403_-	SP_1364	NC_003028.3	1288403	-	60	20	81	39.51	436.0	tss_within_coding	Low Confidence (TSS_2.1)	109.0	1.13541666666667
TIGR4_SP_1365_TSS_1289110_-	SP_1365	NC_003028.3	1289110	-	60	20	81	50.62	141.0	tss_within_coding	Low Confidence (TSS_2.1)	566.0	1.0
TIGR4_SP_1366_TSS_1290193_-	SP_1366	NC_003028.3	1290193	-	60	20	81	40.74	65.0	tss_intergenic	Low Confidence (TSS_2.1)	35.0	1.09375
TIGR4_SP_1367_TSS_1290926_-	SP_1367	NC_003028.3	1290926	-	60	20	81	32.1	17.0	tss_intergenic	High Confidence (TSS_100.4)	693.0	5.63414634146341
TIGR4_SP_RS12210_TSS_1291659_-	SP_RS12210	NC_003028.3	1291659	-	60	20	81	50.62	483.0	tss_within_coding	Low Confidence (TSS_2.1)	73.0	1.21666666666667
TIGR4_SP_1368_TSS_1292945_-	SP_1368	NC_003028.3	1292945	-	60	20	81	45.68	483.0	tss_within_coding	Low Confidence (TSS_2.1)	147.0	1.30088495575221
TIGR4_SP_1369_TSS_1293696_-	SP_1369	NC_003028.3	1293696	-	60	20	81	45.68	389.0	tss_within_coding	Low Confidence (TSS_2.1)	96.0	1.06666666666667
TIGR4_SP_1370_TSS_1294115_-	SP_1370	NC_003028.3	1294115	-	60	20	81	44.44	335.0	tss_within_coding	Low Confidence (TSS_2.1)	186.0	1.24832214765101
TIGR4_SP_1371_TSS_1295084_-	SP_1371	NC_003028.3	1295084	-	60	20	81	29.63	28.0	tss_intergenic	High Confidence (TSS_100.4)	192.0	5.81818181818182
TIGR4_SP_1372_TSS_1295669_-	SP_1372	NC_003028.3	1295669	-	60	20	81	46.91	183.0	tss_within_coding	High Confidence (TSS_100.4)	148.0	148.0
TIGR4_nan_TSS_1295779_-	nan	NC_003028.3	1295779	-	60	20	81	43.21	NA		Secondary TSS, Low confidence		
TIGR4_SP_1373_TSS_1296773_-	SP_1373	NC_003028.3	1296773	-	60	20	81	45.68	173.0	tss_within_coding	Low Confidence (TSS_2.1)	79.0	1.09722222222222
TIGR4_SP_1374_TSS_1297861_-	SP_1374	NC_003028.3	1297861	-	60	20	81	46.91	85.0	tss_within_coding	Low Confidence (TSS_2.1)	293.0	1.00687285223368
TIGR4_SP_1375_TSS_1299240_-	SP_1375	NC_003028.3	1299240	-	60	20	81	41.98	387.0	tss_within_coding	Low Confidence (TSS_2.1)	62.0	1.06896551724138
TIGR4_SP_1376_TSS_1300209_-	SP_1376	NC_003028.3	1300209	-	60	20	81	51.85	483.0	tss_within_coding	Low Confidence (TSS_2.1)	49.0	1.36111111111111
TIGR4_SP_1377_TSS_1300526_-	SP_1377	NC_003028.3	1300526	-	60	20	81	40.74	133.0	tss_within_coding	Low Confidence (TSS_2.1)	40.0	1.0
TIGR4_SP_1378_TSS_1301562_-	SP_1378	NC_003028.3	1301562	-	60	20	81	25.93	0.0	tss_intergenic	Low Confidence (TSS_2.1)	65.0	2.40740740740741
TIGR4_SP_RS06760_TSS_1302172_-	SP_RS06760	NC_003028.3	1302172	-	60	20	81	30.86	4.0	tss_intergenic	Low Confidence (TSS_2.1)	17.0	17.0
TIGR4_SP_1381_TSS_1304635_-	SP_1381	NC_003028.3	1304635	-	60	20	81	20.99	31.0	tss_intergenic	High Confidence (TSS_100.4)	351.0	351.0
TIGR4_SP_1383_TSS_1309139_-	SP_1383	NC_003028.3	1309139	-	60	20	81	37.04	194.0	tss_within_coding	Low Confidence (TSS_2.1)	205.0	1.00490196078431
TIGR4_SP_1384_TSS_1309645_-	SP_1384	NC_003028.3	1309645	-	60	20	81	30.86	193.0	tss_within_coding	High Confidence (TSS_100.4)	5902.0	5.00593723494487
TIGR4_T-box_TSS_1309896_-	T-box	NC_003028.3	1309896	-	60	20	81	32.1	237.0	tss_within_coding	Low Confidence (TSS_2.1)	17.0	1.41666666666667
TIGR4_SP_1385_TSS_1310085_-	SP_1385	NC_003028.3	1310085	-	60	20	81	32.1	119.0	tss_intergenic	Low Confidence (TSS_2.1)	67.0	8.375
TIGR4_SP_1387_TSS_1312072_-	SP_1387	NC_003028.3	1312072	-	60	20	81	44.44	13.0	tss_within_coding	Low Confidence (TSS_2.1)	13.0	1.44444444444444
TIGR4_SP_1388_TSS_1313022_-	SP_1388	NC_003028.3	1313022	-	60	20	81	43.21	160.0	tss_within_coding	Low Confidence (TSS_2.1)	92.0	1.17948717948718
TIGR4_SP_1389_TSS_1314076_-	SP_1389	NC_003028.3	1314076	-	60	20	81	50.62	76.0	tss_within_coding	Low Confidence (TSS_2.1)	83.0	1.18571428571429
TIGR4_SP_1390_TSS_1315033_-	SP_1390	NC_003028.3	1315033	-	60	20	81	28.4	24.0	tss_intergenic	High Confidence (TSS_100.4)	966.0	7.15555555555556
TIGR4_SP_1391_TSS_1315998_-	SP_1391	NC_003028.3	1315998	-	60	20	81	45.68	125.0	tss_within_coding	Low Confidence (TSS_2.1)	37.0	1.08823529411765
TIGR4_SP_1392_TSS_1316647_-	SP_1392	NC_003028.3	1316647	-	60	20	81	39.51	33.0	tss_intergenic	High Confidence (TSS_100.4)	967.0	15.109375
TIGR4_SP_1394_TSS_1319355_-	SP_1394	NC_003028.3	1319355	-	60	20	81	58.02	493.0	tss_within_coding	Low Confidence (TSS_2.1)	170.0	1.05590062111801
TIGR4_SP_1395_TSS_1319747_-	SP_1395	NC_003028.3	1319747	-	60	20	81	35.8	75.0	tss_within_coding	Low Confidence (TSS_2.1)	363.0	1.1
TIGR4_SP_1396_TSS_1320856_-	SP_1396	NC_003028.3	1320856	-	60	20	81	38.27	414.0	tss_within_coding	Low Confidence (TSS_2.1)	750.0	1.02739726027397
TIGR4_SP_1397_TSS_1321358_-	SP_1397	NC_003028.3	1321358	-	60	20	81	45.68	100.0	tss_within_coding	Low Confidence (TSS_2.1)	560.0	1.13590263691684
TIGR4_SP_1398_TSS_1322441_-	SP_1398	NC_003028.3	1322441	-	60	20	81	55.56	288.0	tss_within_coding	Low Confidence (TSS_2.1)	60.0	1.30434782608696
TIGR4_SP_1399_TSS_1323516_-	SP_1399	NC_003028.3	1323516	-	60	20	81	43.21	456.0	tss_within_coding	Low Confidence (TSS_2.1)	90.0	1.09756097560976
TIGR4_SP_1400_TSS_1324391_-	SP_1400	NC_003028.3	1324391	-	60	20	81	33.33	453.0	tss_intergenic	Low Confidence (TSS_2.1)	124.0	1.01639344262295
TIGR4_SP_1402_TSS_1326071_-	SP_1402	NC_003028.3	1326071	-	60	20	81	51.85	255.0	tss_within_coding	Low Confidence (TSS_2.1)	35.0	1.20689655172414
TIGR4_SP_1403_TSS_1326839_-	SP_1403	NC_003028.3	1326839	-	60	20	81	35.8	249.0	tss_within_coding	Low Confidence (TSS_2.1)	42.0	1.27272727272727
TIGR4_SP_1404_TSS_1327023_-	SP_1404	NC_003028.3	1327023	-	60	20	81	29.63	165.0	tss_within_coding	Low Confidence (TSS_2.1)	283.0	1.12749003984064
TIGR4_SP_1405_TSS_1327287_-	SP_1405	NC_003028.3	1327287	-	60	20	81	27.16	28.0	tss_intergenic	High Confidence (TSS_100.4)	6592.0	9.31073446327684
TIGR4_SP_1406_TSS_1328399_-	SP_1406	NC_003028.3	1328399	-	60	20	81	49.38	280.0	tss_within_coding	Low Confidence (TSS_2.1)	33.0	1.83333333333333
TIGR4_SP_1407_TSS_1329179_-	SP_1407	NC_003028.3	1329179	-	60	20	81	40.74	330.0	tss_within_coding	Low Confidence (TSS_2.1)	29.0	1.11538461538462
TIGR4_SP_1408_TSS_1329979_-	SP_1408	NC_003028.3	1329979	-	60	20	81	38.27	382.0	tss_within_coding	Low Confidence (TSS_2.1)	65.0	1.41304347826087
TIGR4_SP_1409_TSS_1330732_-	SP_1409	NC_003028.3	1330732	-	60	20	81	33.33	0.0	tss_intergenic	High Confidence (TSS_100.4)	11981.0	11.1451162790698
TIGR4_SP_1410_TSS_1331227_-	SP_1410	NC_003028.3	1331227	-	60	20	81	34.57	22.0	tss_within_coding	Low Confidence (TSS_2.1)	42.0	1.13513513513514
TIGR4_SP_1411_TSS_1331834_-	SP_1411	NC_003028.3	1331834	-	60	20	81	40.74	230.0	tss_within_coding	Low Confidence (TSS_2.1)	223.0	1.0
TIGR4_SP_1412_TSS_1332817_-	SP_1412	NC_003028.3	1332817	-	60	20	81	49.38	424.0	tss_within_coding	Low Confidence (TSS_2.1)	61.0	1.05172413793103
TIGR4_SP_1413_TSS_1333346_-	SP_1413	NC_003028.3	1333346	-	60	20	81	34.57	10.0	tss_intergenic	High Confidence (TSS_100.4)	7245.0	7.18037661050545
TIGR4_SP_1414_TSS_1333655_-	SP_1414	NC_003028.3	1333655	-	60	20	81	29.63	28.0	tss_intergenic	High Confidence (TSS_100.4)	21946.0	6.746387949585
TIGR4_SP_1415_TSS_1334497_-	SP_1415	NC_003028.3	1334497	-	60	20	81	23.46	23.0	tss_within_coding	High Confidence (TSS_100.4)	5100.0	9.15619389587074
TIGR4_SP_RS06945_TSS_1337029_-	SP_RS06945	NC_003028.3	1337029	-	60	20	81	40.74	326.0	tss_within_coding	Low Confidence (TSS_2.1)	15.0	1.36363636363636
TIGR4_SP_RS12215_TSS_1337555_-	SP_RS12215	NC_003028.3	1337555	-	60	20	81	24.69	106.0	tss_intergenic	High Confidence (TSS_100.4)	1078.0	14.7671232876712
TIGR4_SP_RS12220_TSS_1338002_-	SP_RS12220	NC_003028.3	1338002	-	60	20	81	32.1	61.0	tss_intergenic	Low Confidence (TSS_2.1)	8.0	8.0
TIGR4_SP_1419_TSS_1340666_-	SP_1419	NC_003028.3	1340666	-	60	20	81	39.51	207.0	tss_intergenic	Low Confidence (TSS_2.1)	63.0	1.3125
TIGR4_SP_1420_TSS_1341864_-	SP_1420	NC_003028.3	1341864	-	60	20	81	40.74	231.0	tss_within_coding	Low Confidence (TSS_2.1)	319.0	1.19029850746269
TIGR4_SP_1421_TSS_1343158_-	SP_1421	NC_003028.3	1343158	-	60	20	81	29.63	68.0	tss_intergenic	High Confidence (TSS_100.4)	7887.0	9.0447247706422
TIGR4_SP_1422_TSS_1343906_-	SP_1422	NC_003028.3	1343906	-	60	20	81	34.57	212.0	tss_within_coding	High Confidence (TSS_100.4)	283.0	4.22388059701493
TIGR4_SP_1423_TSS_1344144_-	SP_1423	NC_003028.3	1344144	-	60	20	81	28.4	221.0	tss_intergenic	Low Confidence (TSS_2.1)	69.0	1.97142857142857
TIGR4_SP_1424_TSS_1344759_-	SP_1424	NC_003028.3	1344759	-	60	20	81	23.46	1.0	tss_intergenic	Low Confidence (TSS_2.1)	5.0	5.0
TIGR4_SP_1426_TSS_1345679_-	SP_1426	NC_003028.3	1345679	-	60	20	81	20.99	114.0	tss_intergenic	Low Confidence (TSS_2.1)	139.0	3.97142857142857
TIGR4_SP_1427_TSS_1346811_-	SP_1427	NC_003028.3	1346811	-	60	20	81	27.16	99.0	tss_intergenic	Low Confidence (TSS_2.1)	52.0	1.04
TIGR4_SP_1428_TSS_1347429_-	SP_1428	NC_003028.3	1347429	-	60	20	81	40.74	157.0	tss_within_coding	Low Confidence (TSS_2.1)	89.0	1.08536585365854
TIGR4_SP_1429_TSS_1348612_-	SP_1429	NC_003028.3	1348612	-	60	20	81	25.93	39.0	tss_intergenic	High Confidence (TSS_100.4)	3964.0	25.5741935483871
TIGR4_R4_TSS_1351266_-	R4	NC_003028.3	1351266	-	60	20	81	33.33	190.0	tss_intergenic	Low Confidence (TSS_2.1)	5.0	1.0
TIGR4_SP_1433_TSS_1352501_-	SP_1433	NC_003028.3	1352501	-	60	20	81	19.75	58.0	tss_intergenic	High Confidence (TSS_100.4)	1793.0	7.25910931174089
TIGR4_SP_RS12240_TSS_1358412_-	SP_RS12240	NC_003028.3	1358412	-	60	20	81	32.1	61.0	tss_intergenic	Low Confidence (TSS_2.1)	7.0	3.5
TIGR4_SP_RS07075_TSS_1362342_-	SP_RS07075	NC_003028.3	1362342	-	60	20	81	40.74	14.0	tss_intergenic	Low Confidence (TSS_2.1)	7.0	3.5
TIGR4_SP_RS07080_TSS_1362458_-	SP_RS07080	NC_003028.3	1362458	-	60	20	81	30.86	33.0	tss_intergenic	High Confidence (TSS_100.4)	139.0	15.4444444444444
TIGR4_SpR18_sRNA_TSS_1364981_-	SpR18_sRNA	NC_003028.3	1364981	-	60	20	81	41.98	275.0	tss_within_coding	Low Confidence (TSS_2.1)	44.0	1.0
TIGR4_SP_1445_TSS_1366327_-	SP_1445	NC_003028.3	1366327	-	60	20	81	30.86	31.0	tss_intergenic	High Confidence (TSS_100.4)	4325.0	9.87442922374429
TIGR4_SP_1447_TSS_1368299_-	SP_1447	NC_003028.3	1368299	-	60	20	81	28.4	224.0	tss_within_coding	Low Confidence (TSS_2.1)	75.0	1.02739726027397
TIGR4_SP_1448_TSS_1369179_-	SP_1448	NC_003028.3	1369179	-	60	20	81	45.68	160.0	tss_within_coding	Low Confidence (TSS_2.1)	18.0	1.28571428571429
TIGR4_SP_1449_TSS_1369754_-	SP_1449	NC_003028.3	1369754	-	60	20	81	22.22	13.0	tss_intergenic	High Confidence (TSS_100.4)	1377.0	4.21100917431193
TIGR4_SP_1451_TSS_1371458_-	SP_1451	NC_003028.3	1371458	-	60	20	81	43.21	169.0	tss_within_coding	Low Confidence (TSS_2.1)	31.0	1.10714285714286
TIGR4_SP_1452_TSS_1372013_-	SP_1452	NC_003028.3	1372013	-	60	20	81	49.38	367.0	tss_within_coding	Low Confidence (TSS_2.1)	82.0	1.05128205128205
TIGR4_SP_1453_TSS_1372475_-	SP_1453	NC_003028.3	1372475	-	60	20	81	44.44	100.0	tss_within_coding	Low Confidence (TSS_2.1)	16.0	1.6
TIGR4_SP_1458_TSS_1375259_-	SP_1458	NC_003028.3	1375259	-	60	20	81	32.1	27.0	tss_intergenic	High Confidence (TSS_100.4)	660.0	5.84070796460177
TIGR4_SP_1459_TSS_1375587_-	SP_1459	NC_003028.3	1375587	-	60	20	81	33.33	53.0	tss_intergenic	High Confidence (TSS_100.4)	1534.0	7.13488372093023
TIGR4_SP_1460_TSS_1376506_-	SP_1460	NC_003028.3	1376506	-	60	20	81	48.15	163.0	tss_within_coding	Low Confidence (TSS_2.1)	20.0	2.85714285714286
TIGR4_SP_1461_TSS_1377165_-	SP_1461	NC_003028.3	1377165	-	60	20	81	37.04	22.0	tss_intergenic	Low Confidence (TSS_2.1)	79.0	3.16
TIGR4_SP_1462_TSS_1377911_-	SP_1462	NC_003028.3	1377911	-	60	20	81	43.21	254.0	tss_within_coding	Low Confidence (TSS_2.1)	275.0	1.01476014760148
TIGR4_SP_1463_TSS_1378535_-	SP_1463	NC_003028.3	1378535	-	60	20	81	44.44	354.0	tss_within_coding	Low Confidence (TSS_2.1)	27.0	1.17391304347826
TIGR4_SP_1464_TSS_1378701_-	SP_1464	NC_003028.3	1378701	-	60	20	81	30.86	26.0	tss_intergenic	High Confidence (TSS_100.4)	1753.0	11.9251700680272
TIGR4_SP_1467_TSS_1380642_-	SP_1467	NC_003028.3	1380642	-	60	20	81	49.38	140.0	tss_within_coding	Low Confidence (TSS_2.1)	35.0	1.16666666666667
TIGR4_SP_1468_TSS_1381412_-	SP_1468	NC_003028.3	1381412	-	60	20	81	29.63	34.0	tss_intergenic	High Confidence (TSS_100.4)	10281.0	10.3222891566265
TIGR4_SP_1469_TSS_1382939_-	SP_1469	NC_003028.3	1382939	-	60	20	81	35.8	30.0	tss_intergenic	High Confidence (TSS_100.4)	12925.0	5.91262580054895
TIGR4_SP_1473_TSS_1386962_-	SP_1473	NC_003028.3	1386962	-	60	20	81	40.74	428.0	tss_within_coding	Low Confidence (TSS_2.1)	130.0	1.28712871287129
TIGR4_SP_1474_TSS_1388723_-	SP_1474	NC_003028.3	1388723	-	60	20	81	45.68	111.0	tss_within_coding	Low Confidence (TSS_2.1)	16.0	2.66666666666667
TIGR4_SSRC8_2_TSS_1388999_-	SSRC8_2	NC_003028.3	1388999	-	60	20	81	45.68	274.0	tss_within_coding	Low Confidence (TSS_2.1)	140.0	1.15702479338843
TIGR4_SP_1475_TSS_1389984_-	SP_1475	NC_003028.3	1389984	-	60	20	81	56.79	243.0	tss_intergenic	Low Confidence (TSS_2.1)	91.0	1.10975609756098
TIGR4_SpR19_sRNA_TSS_1391092_-	SpR19_sRNA	NC_003028.3	1391092	-	60	20	81	25.93	19.0	tss_within_coding	High Confidence (TSS_100.4)	3176.0	6.17898832684825
TIGR4_T-box_TSS_1391181_-	T-box	NC_003028.3	1391181	-	60	20	81	43.21	74.0	tss_intergenic	Low Confidence (TSS_2.1)	13.0	2.16666666666667
TIGR4_SP_1478_TSS_1392008_-	SP_1478	NC_003028.3	1392008	-	60	20	81	22.22	21.0	tss_intergenic	Low Confidence (TSS_2.1)	1705.0	2.68927444794953
TIGR4_SP_1479_TSS_1393492_-	SP_1479	NC_003028.3	1393492	-	60	20	81	24.69	0.0	tss_intergenic	High Confidence (TSS_100.4)	21727.0	5.43854818523154
TIGR4_SP_1480_TSS_1394147_-	SP_1480	NC_003028.3	1394147	-	60	20	81	32.1	67.0	tss_intergenic	High Confidence (TSS_100.4)	7754.0	23.7125382262997
TIGR4_SP_1485_TSS_1398604_-	SP_1485	NC_003028.3	1398604	-	60	20	81	46.91	307.0	tss_within_coding	Low Confidence (TSS_2.1)	16.0	2.0
TIGR4_SP_1487_TSS_1398952_-	SP_1487	NC_003028.3	1398952	-	60	20	81	22.22	263.0	tss_intergenic	High Confidence (TSS_100.4)	131.0	5.95454545454545
TIGR4_SP_RS12255_TSS_1399597_-	SP_RS12255	NC_003028.3	1399597	-	60	20	81	39.51	468.0	tss_within_coding	High Confidence (TSS_100.4)	333.0	333.0
TIGR4_SP_1489_TSS_1400597_-	SP_1489	NC_003028.3	1400597	-	60	20	81	28.4	65.0	tss_intergenic	Low Confidence (TSS_2.1)	321667.0	2.72064246566073
TIGR4_trn0674_TSS_1401906_-	trn0674	NC_003028.3	1401906	-	60	20	81	35.8	449.0	tss_within_coding	Low Confidence (TSS_2.1)	35.0	1.09375
TIGR4_SP_1491_TSS_1402355_-	SP_1491	NC_003028.3	1402355	-	60	20	81	19.75	32.0	tss_intergenic	High Confidence (TSS_100.4)	953.0	4.09012875536481
TIGR4_SP_1500_TSS_1409550_-	SP_1500	NC_003028.3	1409550	-	60	20	81	54.32	239.0	tss_within_coding	Low Confidence (TSS_2.1)	85.0	1.1038961038961
TIGR4_SP_1501_TSS_1410161_-	SP_1501	NC_003028.3	1410161	-	60	20	81	40.74	208.0	tss_within_coding	High Confidence (TSS_100.4)	279.0	279.0
TIGR4_SP_1502_TSS_1410626_-	SP_1502	NC_003028.3	1410626	-	60	20	81	29.63	22.0	tss_intergenic	High Confidence (TSS_100.4)	926.0	5.68098159509202
TIGR4_SP_RS12275_TSS_1410909_-	SP_RS12275	NC_003028.3	1410909	-	60	20	81	32.1	61.0	tss_intergenic	Low Confidence (TSS_2.1)	7.0	2.33333333333333
TIGR4_SP_1504_TSS_1413845_-	SP_1504	NC_003028.3	1413845	-	60	20	81	35.8	176.0	tss_within_coding	Low Confidence (TSS_2.1)	315.0	1.03960396039604
TIGR4_SP_1505_TSS_1414863_-	SP_1505	NC_003028.3	1414863	-	60	20	81	23.46	20.0	tss_intergenic	High Confidence (TSS_100.4)	2135.0	7.49122807017544
TIGR4_SP_1507_TSS_1416548_-	SP_1507	NC_003028.3	1416548	-	60	20	81	45.68	84.0	tss_within_coding	Low Confidence (TSS_2.1)	134.0	1.17543859649123
TIGR4_SP_1508_TSS_1417945_-	SP_1508	NC_003028.3	1417945	-	60	20	81	41.98	64.0	tss_intergenic	Low Confidence (TSS_2.1)	164.0	1.00613496932515
TIGR4_SP_1509_TSS_1419000_-	SP_1509	NC_003028.3	1419000	-	60	20	81	39.51	155.0	tss_within_coding	Low Confidence (TSS_2.1)	122.0	1.03389830508475
TIGR4_SP_1510_TSS_1420764_-	SP_1510	NC_003028.3	1420764	-	60	20	81	39.51	398.0	tss_within_coding	High Confidence (TSS_100.4)	178.0	178.0
TIGR4_SP_1511_TSS_1421328_-	SP_1511	NC_003028.3	1421328	-	60	20	81	24.69	411.0	tss_within_coding	High Confidence (TSS_100.4)	111.0	111.0
TIGR4_SP_1512_TSS_1421532_-	SP_1512	NC_003028.3	1421532	-	60	20	81	39.51	121.0	tss_within_coding	Low Confidence (TSS_2.1)	129.0	1.13157894736842
TIGR4_SP_1513_TSS_1422288_-	SP_1513	NC_003028.3	1422288	-	60	20	81	44.44	147.0	tss_within_coding	Low Confidence (TSS_2.1)	60.0	1.09090909090909
TIGR4_SP_1514_TSS_1422405_-	SP_1514	NC_003028.3	1422405	-	60	20	81	27.16	29.0	tss_intergenic	High Confidence (TSS_100.4)	12906.0	10.8453781512605
TIGR4_SP_RS07460_TSS_1423486_-	SP_RS07460	NC_003028.3	1423486	-	60	20	81	35.8	29.0	tss_intergenic	High Confidence (TSS_100.4)	456.0	4.90322580645161
TIGR4_trn0696_TSS_1423906_-	trn0696	NC_003028.3	1423906	-	60	20	81	33.33	192.0	tss_within_coding	Low Confidence (TSS_2.1)	20.0	2.5
TIGR4_SP_RS12280_TSS_1424260_-	SP_RS12280	NC_003028.3	1424260	-	60	20	81	30.86	433.0	tss_within_coding	High Confidence (TSS_100.4)	160.0	160.0
TIGR4_SP_1516_TSS_1424434_-	SP_1516	NC_003028.3	1424434	-	60	20	81	37.04	50.0	tss_within_coding	Low Confidence (TSS_2.1)	60.0	60.0
TIGR4_SP_1517_TSS_1425359_-	SP_1517	NC_003028.3	1425359	-	60	20	81	35.8	74.0	tss_intergenic	High Confidence (TSS_100.4)	1255.0	1255.0
TIGR4_SP_1518_TSS_1427041_-	SP_1518	NC_003028.3	1427041	-	60	20	81	24.69	25.0	tss_intergenic	High Confidence (TSS_100.4)	25941.0	9.05129099790649
TIGR4_SP_1519_TSS_1427810_-	SP_1519	NC_003028.3	1427810	-	60	20	81	41.98	219.0	tss_within_coding	Low Confidence (TSS_2.1)	34.0	1.13333333333333
TIGR4_SP_1520_TSS_1428503_-	SP_1520	NC_003028.3	1428503	-	60	20	81	41.98	451.0	tss_within_coding	Low Confidence (TSS_2.1)	37.0	1.42307692307692
TIGR4_SP_1521_TSS_1429470_-	SP_1521	NC_003028.3	1429470	-	60	20	81	28.4	74.0	tss_within_coding	Low Confidence (TSS_2.1)	302.0	1.11851851851852
TIGR4_SP_1522_TSS_1430042_-	SP_1522	NC_003028.3	1430042	-	60	20	81	32.1	18.0	tss_intergenic	High Confidence (TSS_100.4)	11101.0	11.4798345398139
TIGR4_SP_1523_TSS_1433189_-	SP_1523	NC_003028.3	1433189	-	60	20	81	29.63	19.0	tss_intergenic	High Confidence (TSS_100.4)	1802.0	5.28445747800586
TIGR4_SP_1524_TSS_1434917_-	SP_1524	NC_003028.3	1434917	-	60	20	81	48.15	488.0	tss_within_coding	Low Confidence (TSS_2.1)	41.0	1.13888888888889
TIGR4_SP_1525_TSS_1435550_-	SP_1525	NC_003028.3	1435550	-	60	20	81	29.63	19.0	tss_intergenic	High Confidence (TSS_100.4)	390.0	4.93670886075949
TIGR4_SP_1526_TSS_1436931_-	SP_1526	NC_003028.3	1436931	-	60	20	81	29.63	121.0	tss_within_coding	Low Confidence (TSS_2.1)	38.0	1.1875
TIGR4_SP_RS07520_TSS_1437729_-	SP_RS07520	NC_003028.3	1437729	-	60	20	81	43.21	365.0	tss_within_coding	Low Confidence (TSS_2.1)	194.0	1.14792899408284
TIGR4_SP_1527_TSS_1439522_-	SP_1527	NC_003028.3	1439522	-	60	20	81	24.69	28.0	tss_intergenic	High Confidence (TSS_100.4)	1120.0	4.32432432432432
TIGR4_SP_1529_TSS_1441359_-	SP_1529	NC_003028.3	1441359	-	60	20	81	29.63	40.0	tss_intergenic	High Confidence (TSS_100.4)	3650.0	6.75925925925926
TIGR4_SP_1531_TSS_1443152_-	SP_1531	NC_003028.3	1443152	-	60	20	81	33.33	42.0	tss_intergenic	High Confidence (TSS_100.4)	7691.0	6.41451209341118
TIGR4_SP_RS07545_TSS_1444018_-	SP_RS07545	NC_003028.3	1444018	-	60	20	81	35.8	211.0	tss_within_coding	Low Confidence (TSS_2.1)	20.0	1.11111111111111
TIGR4_SP_1533_TSS_1444406_-	SP_1533	NC_003028.3	1444406	-	60	20	81	39.51	50.0	tss_intergenic	Low Confidence (TSS_2.1)	27.0	1.22727272727273
TIGR4_SP_1534_TSS_1445403_-	SP_1534	NC_003028.3	1445403	-	60	20	81	34.57	26.0	tss_intergenic	High Confidence (TSS_100.4)	533.0	9.03389830508475
TIGR4_nan_TSS_1445782_-	nan	NC_003028.3	1445782	-	60	20	81	44.44	NA		Secondary TSS, Low confidence		
TIGR4_SP_1535_TSS_1445890_-	SP_1535	NC_003028.3	1445890	-	60	20	81	38.27	143.0	tss_within_coding	High Confidence (TSS_100.4)	169.0	169.0
TIGR4_SP_1536_TSS_1446486_-	SP_1536	NC_003028.3	1446486	-	60	20	81	23.46	0.0	tss_intergenic	High Confidence (TSS_100.4)	284.0	5.35849056603774
TIGR4_nan_TSS_1446608_-	nan	NC_003028.3	1446608	-	60	20	81	48.15	NA		Secondary TSS, Low confidence		
TIGR4_SP_1537_TSS_1446918_-	SP_1537	NC_003028.3	1446918	-	60	20	81	39.51	19.0	tss_within_coding	Low Confidence (TSS_2.1)	77.0	1.35087719298246
TIGR4_SP_1538_TSS_1448325_-	SP_1538	NC_003028.3	1448325	-	60	20	81	27.16	24.0	tss_intergenic	High Confidence (TSS_100.4)	7724.0	8.51598676957001
TIGR4_nan_TSS_1448854_-	nan	NC_003028.3	1448854	-	60	20	81	32.1	NA		Secondary TSS, High confidence		
TIGR4_SP_1539_TSS_1448993_-	SP_1539	NC_003028.3	1448993	-	60	20	81	53.09	158.0	tss_within_coding	High Confidence (TSS_100.4)	1607.0	1607.0
TIGR4_SP_1540_TSS_1449551_-	SP_1540	NC_003028.3	1449551	-	60	20	81	40.74	214.0	tss_within_coding	Low Confidence (TSS_2.1)	691.0	1.01617647058824
TIGR4_SP_1541_TSS_1449705_-	SP_1541	NC_003028.3	1449705	-	60	20	81	29.63	66.0	tss_intergenic	High Confidence (TSS_100.4)	28227.0	25.707650273224
TIGR4_SP_1542_TSS_1451250_-	SP_1542	NC_003028.3	1451250	-	60	20	81	51.85	115.0	tss_within_coding	Low Confidence (TSS_2.1)	8885.0	1.0707399373343
TIGR4_SP_RS07600_TSS_1451691_-	SP_RS07600	NC_003028.3	1451691	-	60	20	81	49.38	247.0	tss_within_coding	Low Confidence (TSS_2.1)	52.0	1.33333333333333
TIGR4_SP_1544_TSS_1452851_-	SP_1544	NC_003028.3	1452851	-	60	20	81	35.8	152.0	tss_within_coding	Low Confidence (TSS_2.1)	72.0	1.01408450704225
TIGR4_SP_1545_TSS_1453184_-	SP_1545	NC_003028.3	1453184	-	60	20	81	25.93	57.0	tss_intergenic	High Confidence (TSS_100.4)	5043.0	28.0166666666667
TIGR4_SP_1547_TSS_1455058_-	SP_1547	NC_003028.3	1455058	-	60	20	81	29.63	0.0	tss_intergenic	High Confidence (TSS_100.4)	1227.0	7.2603550295858
TIGR4_SP_RS07630_TSS_1455328_-	SP_RS07630	NC_003028.3	1455328	-	60	20	81	29.63	12.0	tss_intergenic	Low Confidence (TSS_2.1)	18.0	1.8
TIGR4_SpR20_sRNA_TSS_1455680_-	SpR20_sRNA	NC_003028.3	1455680	-	60	20	81	51.85	495.0	tss_within_coding	Low Confidence (TSS_2.1)	62.0	1.14814814814815
TIGR4_SP_1548_TSS_1457173_-	SP_1548	NC_003028.3	1457173	-	60	20	81	45.68	210.0	tss_within_coding	Low Confidence (TSS_2.1)	51.0	1.34210526315789
TIGR4_SP_1549_TSS_1457417_-	SP_1549	NC_003028.3	1457417	-	60	20	81	35.8	32.0	tss_intergenic	High Confidence (TSS_100.4)	571.0	6.87951807228916
TIGR4_SP_1550_TSS_1458348_-	SP_1550	NC_003028.3	1458348	-	60	20	81	39.51	56.0	tss_within_coding	Low Confidence (TSS_2.1)	31.0	1.55
TIGR4_SP_1551_TSS_1461139_-	SP_1551	NC_003028.3	1461139	-	60	20	81	40.74	138.0	tss_within_coding	Low Confidence (TSS_2.1)	261.0	1.0875
TIGR4_SSRC10_TSS_1461189_-	SSRC10	NC_003028.3	1461189	-	60	20	81	37.04	1.0	tss_intergenic	High Confidence (TSS_100.4)	85420.0	9.67712699671462
TIGR4_SP_1553_TSS_1464681_-	SP_1553	NC_003028.3	1464681	-	60	20	81	40.74	178.0	tss_within_coding	Low Confidence (TSS_2.1)	74.0	1.1044776119403
TIGR4_SP_1554_TSS_1466060_-	SP_1554	NC_003028.3	1466060	-	60	20	81	46.91	361.0	tss_within_coding	Low Confidence (TSS_2.1)	420.0	1.03960396039604
TIGR4_SP_1555_TSS_1466553_-	SP_1555	NC_003028.3	1466553	-	60	20	81	41.98	90.0	tss_intergenic	High Confidence (TSS_100.4)	8623.0	8623.0
TIGR4_SP_1557_TSS_1467942_-	SP_1557	NC_003028.3	1467942	-	60	20	81	30.86	354.0	tss_within_coding	Low Confidence (TSS_2.1)	26.0	1.18181818181818
TIGR4_SP_1558_TSS_1467989_-	SP_1558	NC_003028.3	1467989	-	60	20	81	29.63	13.0	tss_intergenic	High Confidence (TSS_100.4)	1173.0	4.54651162790698
TIGR4_SP_1559_TSS_1469696_-	SP_1559	NC_003028.3	1469696	-	60	20	81	38.27	306.0	tss_within_coding	Low Confidence (TSS_2.1)	518.0	1.01768172888016
TIGR4_SP_1560_TSS_1470496_-	SP_1560	NC_003028.3	1470496	-	60	20	81	38.27	303.0	tss_within_coding	Low Confidence (TSS_2.1)	129.0	1.075
TIGR4_SP_1561_TSS_1471067_-	SP_1561	NC_003028.3	1471067	-	60	20	81	35.8	30.0	tss_intergenic	High Confidence (TSS_100.4)	2192.0	8.33460076045627
TIGR4_SP_1564_TSS_1473093_-	SP_1564	NC_003028.3	1473093	-	60	20	81	43.21	10.0	tss_within_coding	Low Confidence (TSS_2.1)	43.0	1.65384615384615
TIGR4_SP_1565_TSS_1474271_-	SP_1565	NC_003028.3	1474271	-	60	20	81	38.27	214.0	tss_within_coding	Low Confidence (TSS_2.1)	79.0	1.1969696969697
TIGR4_SP_1566_TSS_1475162_-	SP_1566	NC_003028.3	1475162	-	60	20	81	40.74	218.0	tss_within_coding	Low Confidence (TSS_2.1)	111.0	1.00909090909091
TIGR4_SP_1567_TSS_1475519_-	SP_1567	NC_003028.3	1475519	-	60	20	81	44.44	143.0	tss_within_coding	Low Confidence (TSS_2.1)	159.0	1.11188811188811
TIGR4_SP_1568_TSS_1476335_-	SP_1568	NC_003028.3	1476335	-	60	20	81	38.27	355.0	tss_within_coding	Low Confidence (TSS_2.1)	45.0	1.18421052631579
TIGR4_SP_1569_TSS_1477416_-	SP_1569	NC_003028.3	1477416	-	60	20	81	37.04	201.0	tss_within_coding	High Confidence (TSS_100.4)	350.0	350.0
TIGR4_SP_1570_TSS_1477574_-	SP_1570	NC_003028.3	1477574	-	60	20	81	39.51	157.0	tss_within_coding	Low Confidence (TSS_2.1)	415.0	1.10372340425532
TIGR4_SP_1571_TSS_1477944_-	SP_1571	NC_003028.3	1477944	-	60	20	81	29.63	21.0	tss_intergenic	High Confidence (TSS_100.4)	13195.0	6.69796954314721
TIGR4_SP_1572_TSS_1478619_-	SP_1572	NC_003028.3	1478619	-	60	20	81	29.63	30.0	tss_intergenic	High Confidence (TSS_100.4)	152503.0	25.6912061994609
TIGR4_SP_1573_TSS_1480703_-	SP_1573	NC_003028.3	1480703	-	60	20	81	44.44	164.0	tss_within_coding	High Confidence (TSS_100.4)	170.0	170.0
TIGR4_SP_1574_TSS_1481397_-	SP_1574	NC_003028.3	1481397	-	60	20	81	28.4	30.0	tss_intergenic	High Confidence (TSS_100.4)	27091.0	9.48232411620581
TIGR4_SP_1575_TSS_1482483_-	SP_1575	NC_003028.3	1482483	-	60	20	81	41.98	341.0	tss_within_coding	Low Confidence (TSS_2.1)	25.0	1.5625
TIGR4_SP_1576_TSS_1483164_-	SP_1576	NC_003028.3	1483164	-	60	20	81	25.93	69.0	tss_intergenic	High Confidence (TSS_100.4)	1507.0	6.72767857142857
TIGR4_SP_1577_TSS_1483816_-	SP_1577	NC_003028.3	1483816	-	60	20	81	20.99	27.0	tss_intergenic	High Confidence (TSS_100.4)	6745.0	13.0717054263566
TIGR4_SP_1578_TSS_1484656_-	SP_1578	NC_003028.3	1484656	-	60	20	81	23.46	22.0	tss_intergenic	High Confidence (TSS_100.4)	366.0	12.6206896551724
TIGR4_SP_1580_TSS_1486291_-	SP_1580	NC_003028.3	1486291	-	60	20	81	24.69	26.0	tss_intergenic	High Confidence (TSS_100.4)	3401.0	6.04085257548845
TIGR4_SP_2251_TSS_1488442_-	SP_2251	NC_003028.3	1488442	-	60	20	81	41.98	385.0	tss_within_coding	Low Confidence (TSS_2.1)	38.0	1.0
TIGR4_SP_1583_TSS_1488984_-	SP_1583	NC_003028.3	1488984	-	60	20	81	44.44	270.0	tss_within_coding	Low Confidence (TSS_2.1)	78.0	1.02631578947368
TIGR4_SP_1584_TSS_1489522_-	SP_1584	NC_003028.3	1489522	-	60	20	81	24.69	20.0	tss_intergenic	High Confidence (TSS_100.4)	9334.0	8.66666666666667
TIGR4_SP_1586_TSS_1491484_-	SP_1586	NC_003028.3	1491484	-	60	20	81	35.8	144.0	tss_intergenic	High Confidence (TSS_100.4)	13949.0	59.8669527896996
TIGR4_SP_1587_TSS_1492815_-	SP_1587	NC_003028.3	1492815	-	60	20	81	23.46	50.0	tss_intergenic	High Confidence (TSS_100.4)	2553.0	11.1484716157205
TIGR4_SP_1593_TSS_1499264_-	SP_1593	NC_003028.3	1499264	-	60	20	81	32.1	86.0	tss_intergenic	Low Confidence (TSS_2.1)	8.0	4.0
TIGR4_SP_1597_TSS_1501955_-	SP_1597	NC_003028.3	1501955	-	60	20	81	43.21	260.0	tss_within_coding	Low Confidence (TSS_2.1)	35.0	1.25
TIGR4_SP_1598_TSS_1502457_-	SP_1598	NC_003028.3	1502457	-	60	20	81	43.21	11.0	tss_intergenic	Low Confidence (TSS_2.1)	25.0	2.77777777777778
TIGR4_SP_1599_TSS_1503185_-	SP_1599	NC_003028.3	1503185	-	60	20	81	30.86	0.0	tss_intergenic	High Confidence (TSS_100.4)	542.0	6.86075949367089
TIGR4_SP_1600_TSS_1504795_-	SP_1600	NC_003028.3	1504795	-	60	20	81	38.27	141.0	tss_within_coding	Low Confidence (TSS_2.1)	23.0	1.04545454545455
TIGR4_SP_1601_TSS_1505824_-	SP_1601	NC_003028.3	1505824	-	60	20	81	38.27	301.0	tss_within_coding	Low Confidence (TSS_2.1)	278.0	1.07751937984496
TIGR4_SP_1602_TSS_1505916_-	SP_1602	NC_003028.3	1505916	-	60	20	81	27.16	52.0	tss_intergenic	High Confidence (TSS_100.4)	43962.0	22.4754601226994
TIGR4_SP_1603_TSS_1507100_-	SP_1603	NC_003028.3	1507100	-	60	20	81	44.44	434.0	tss_within_coding	High Confidence (TSS_100.4)	143.0	143.0
TIGR4_SP_1604_TSS_1507179_-	SP_1604	NC_003028.3	1507179	-	60	20	81	27.16	28.0	tss_within_coding	Low Confidence (TSS_2.1)	679.0	1.03034901365706
TIGR4_SP_1606_TSS_1508910_-	SP_1606	NC_003028.3	1508910	-	60	20	81	38.27	485.0	tss_within_coding	Low Confidence (TSS_2.1)	312.0	1.26315789473684
TIGR4_SP_1607_TSS_1509476_-	SP_1607	NC_003028.3	1509476	-	60	20	81	29.63	30.0	tss_intergenic	High Confidence (TSS_100.4)	6752.0	7.40350877192982
TIGR4_SP_1609_TSS_1512084_-	SP_1609	NC_003028.3	1512084	-	60	20	81	45.68	420.0	tss_within_coding	Low Confidence (TSS_2.1)	36.0	1.8
TIGR4_SP_1610_TSS_1512354_-	SP_1610	NC_003028.3	1512354	-	60	20	81	37.04	26.0	tss_intergenic	High Confidence (TSS_100.4)	1053.0	4.63876651982379
TIGR4_SP_1613_TSS_1515489_-	SP_1613	NC_003028.3	1515489	-	60	20	81	25.93	275.0	tss_intergenic	Low Confidence (TSS_2.1)	2.0	2.0
TIGR4_SP_1615_TSS_1517579_-	SP_1615	NC_003028.3	1517579	-	60	20	81	32.1	23.0	tss_intergenic	Low Confidence (TSS_2.1)	3.0	3.0
TIGR4_SP_1618_TSS_1519733_-	SP_1618	NC_003028.3	1519733	-	60	20	81	35.8	12.0	tss_intergenic	Low Confidence (TSS_2.1)	6.0	6.0
TIGR4_SP_1619_TSS_1520209_-	SP_1619	NC_003028.3	1520209	-	60	20	81	27.16	11.0	tss_intergenic	Low Confidence (TSS_2.1)	4.0	1.33333333333333
TIGR4_SP_1621_TSS_1522076_-	SP_1621	NC_003028.3	1522076	-	60	20	81	34.57	16.0	tss_intergenic	Low Confidence (TSS_2.1)	18.0	4.5
TIGR4_SP_1623_TSS_1525664_-	SP_1623	NC_003028.3	1525664	-	60	20	81	18.52	0.0	tss_intergenic	High Confidence (TSS_100.4)	437.0	6.06944444444444
TIGR4_SP_1625_TSS_1527469_-	SP_1625	NC_003028.3	1527469	-	60	20	81	34.57	17.0	tss_within_coding	Low Confidence (TSS_2.1)	19.0	1.35714285714286
TIGR4_trn0760_TSS_1527621_-	trn0760	NC_003028.3	1527621	-	60	20	81	38.27	84.0	tss_intergenic	Low Confidence (TSS_2.1)	5691.0	3.78390957446809
TIGR4_trn0761_TSS_1528401_-	trn0761	NC_003028.3	1528401	-	60	20	81	40.74	226.0	tss_within_coding	High Confidence (TSS_100.4)	790.0	790.0
TIGR4_nan_TSS_1528505_-	nan	NC_003028.3	1528505	-	60	20	81	33.33	NA		Secondary TSS, Low confidence		
TIGR4_S15_TSS_1528620_-	S15	NC_003028.3	1528620	-	60	20	81	25.93	23.0	tss_intergenic	High Confidence (TSS_100.4)	522359.0	52.6996569814366
TIGR4_SP_1627_TSS_1529420_-	SP_1627	NC_003028.3	1529420	-	60	20	81	23.46	113.0	tss_intergenic	Low Confidence (TSS_2.1)	9.0	3.0
TIGR4_SP_1632_TSS_1533714_-	SP_1632	NC_003028.3	1533714	-	60	20	81	37.04	192.0	tss_within_coding	Low Confidence (TSS_2.1)	20.0	3.33333333333333
TIGR4_SP_1633_TSS_1534207_-	SP_1633	NC_003028.3	1534207	-	60	20	81	37.04	15.0	tss_intergenic	High Confidence (TSS_100.4)	131.0	11.9090909090909
TIGR4_SP_1635_TSS_1536051_-	SP_1635	NC_003028.3	1536051	-	60	20	81	38.27	237.0	tss_within_coding	Low Confidence (TSS_2.1)	104.0	1.31645569620253
TIGR4_SP_1636_TSS_1536366_-	SP_1636	NC_003028.3	1536366	-	60	20	81	34.57	47.0	tss_intergenic	High Confidence (TSS_100.4)	542.0	542.0
TIGR4_SP_1637_TSS_1537261_-	SP_1637	NC_003028.3	1537261	-	60	20	81	30.86	18.0	tss_intergenic	High Confidence (TSS_100.4)	1392.0	7.52432432432432
TIGR4_SP_1639_TSS_1539373_-	SP_1639	NC_003028.3	1539373	-	60	20	81	29.63	28.0	tss_intergenic	Low Confidence (TSS_2.1)	5.0	5.0
TIGR4_SP_1644_TSS_1542207_-	SP_1644	NC_003028.3	1542207	-	60	20	81	48.15	486.0	tss_within_coding	Low Confidence (TSS_2.1)	99.0	1.59677419354839
TIGR4_SP_1645_TSS_1543991_-	SP_1645	NC_003028.3	1543991	-	60	20	81	28.4	18.0	tss_intergenic	High Confidence (TSS_100.4)	3471.0	7.20124481327801
TIGR4_SP_1647_TSS_1547601_-	SP_1647	NC_003028.3	1547601	-	60	20	81	24.69	25.0	tss_intergenic	High Confidence (TSS_100.4)	2763.0	5.74428274428274
TIGR4_SP_1652_TSS_1553869_-	SP_1652	NC_003028.3	1553869	-	60	20	81	50.62	56.0	tss_within_coding	Low Confidence (TSS_2.1)	18.0	1.38461538461538
TIGR4_SP_1653_TSS_1554668_-	SP_1653	NC_003028.3	1554668	-	60	20	81	23.46	152.0	tss_intergenic	High Confidence (TSS_100.4)	900.0	11.5384615384615
TIGR4_SP_1654_TSS_1557177_-	SP_1654	NC_003028.3	1557177	-	60	20	81	23.46	0.0	tss_intergenic	High Confidence (TSS_100.4)	270.0	6.92307692307692
TIGR4_SP_1655_TSS_1557968_-	SP_1655	NC_003028.3	1557968	-	60	20	81	34.57	46.0	tss_intergenic	High Confidence (TSS_100.4)	18355.0	7.39524576954069
TIGR4_SP_1658_TSS_1558869_-	SP_1658	NC_003028.3	1558869	-	60	20	81	14.81	27.0	tss_intergenic	Low Confidence (TSS_2.1)	10.0	10.0
TIGR4_SP_1659_TSS_1562048_-	SP_1659	NC_003028.3	1562048	-	60	20	81	33.33	11.0	tss_intergenic	Low Confidence (TSS_2.1)	53.0	1.0
TIGR4_T-box_TSS_1562469_-	T-box	NC_003028.3	1562469	-	60	20	81	40.74	180.0	tss_within_coding	Low Confidence (TSS_2.1)	281.0	1.04850746268657
TIGR4_SP_1660_TSS_1562621_-	SP_1660	NC_003028.3	1562621	-	60	20	81	43.21	279.0	tss_within_coding	High Confidence (TSS_100.4)	269.0	269.0
TIGR4_nan_TSS_1562694_-	nan	NC_003028.3	1562694	-	60	20	81	41.98	NA		Secondary TSS, Low confidence		
TIGR4_SP_1661_TSS_1563242_-	SP_1661	NC_003028.3	1563242	-	60	20	81	35.8	57.0	tss_within_coding	High Confidence (TSS_100.4)	517.0	517.0
TIGR4_SP_1662_TSS_1564175_-	SP_1662	NC_003028.3	1564175	-	60	20	81	33.33	142.0	tss_within_coding	Low Confidence (TSS_2.1)	156.0	1.23809523809524
TIGR4_SP_1663_TSS_1564572_-	SP_1663	NC_003028.3	1564572	-	60	20	81	43.21	345.0	tss_within_coding	High Confidence (TSS_100.4)	662.0	662.0
TIGR4_SP_1664_TSS_1565083_-	SP_1664	NC_003028.3	1565083	-	60	20	81	33.33	317.0	tss_within_coding	High Confidence (TSS_100.4)	156.0	156.0
TIGR4_SP_1665_TSS_1565465_-	SP_1665	NC_003028.3	1565465	-	60	20	81	37.04	18.0	tss_within_coding	Low Confidence (TSS_2.1)	74.0	74.0
TIGR4_nan_TSS_1566722_-	nan	NC_003028.3	1566722	-	60	20	81	34.57	NA		Secondary TSS, Low confidence		
TIGR4_SP_1666_TSS_1566939_-	SP_1666	NC_003028.3	1566939	-	60	20	81	39.51	228.0	tss_within_coding	High Confidence (TSS_100.4)	134.0	134.0
TIGR4_SP_1667_TSS_1568177_-	SP_1667	NC_003028.3	1568177	-	60	20	81	29.63	76.0	tss_intergenic	High Confidence (TSS_100.4)	13816.0	9.24765729585007
TIGR4_SP_1668_TSS_1569056_-	SP_1668	NC_003028.3	1569056	-	60	20	81	24.69	32.0	tss_intergenic	High Confidence (TSS_100.4)	1711.0	11.3311258278146
TIGR4_SP_1669_TSS_1570017_-	SP_1669	NC_003028.3	1570017	-	60	20	81	48.15	291.0	tss_within_coding	Low Confidence (TSS_2.1)	19.0	1.0
TIGR4_SP_1670_TSS_1571326_-	SP_1670	NC_003028.3	1571326	-	60	20	81	43.21	240.0	tss_within_coding	Low Confidence (TSS_2.1)	51.0	1.08510638297872
TIGR4_SP_1671_TSS_1572243_-	SP_1671	NC_003028.3	1572243	-	60	20	81	33.33	30.0	tss_intergenic	High Confidence (TSS_100.4)	6808.0	10.7721518987342
TIGR4_SP_1672_TSS_1573324_-	SP_1672	NC_003028.3	1573324	-	60	20	81	41.98	339.0	tss_within_coding	Low Confidence (TSS_2.1)	38.0	1.05555555555556
TIGR4_SP_1673_TSS_1575072_-	SP_1673	NC_003028.3	1575072	-	60	20	81	25.93	19.0	tss_intergenic	High Confidence (TSS_100.4)	1075.0	12.9518072289157
TIGR4_SP_1675_TSS_1577472_-	SP_1675	NC_003028.3	1577472	-	60	20	81	41.98	468.0	tss_within_coding	Low Confidence (TSS_2.1)	31.0	1.40909090909091
TIGR4_SP_1676_TSS_1577989_-	SP_1676	NC_003028.3	1577989	-	60	20	81	28.4	50.0	tss_intergenic	High Confidence (TSS_100.4)	323.0	323.0
TIGR4_SP_1677_TSS_1578812_-	SP_1677	NC_003028.3	1578812	-	60	20	81	25.93	60.0	tss_within_coding	Low Confidence (TSS_2.1)	536.0	1.33665835411471
TIGR4_SP_RS08290_TSS_1579034_-	SP_RS08290	NC_003028.3	1579034	-	60	20	81	32.1	15.0	tss_within_coding	Low Confidence (TSS_2.1)	16.0	1.0
TIGR4_SP_1679_TSS_1579430_-	SP_1679	NC_003028.3	1579430	-	60	20	81	20.99	57.0	tss_intergenic	Low Confidence (TSS_2.1)	19.0	2.11111111111111
TIGR4_SP_1680_TSS_1580076_-	SP_1680	NC_003028.3	1580076	-	60	20	81	33.33	154.0	tss_intergenic	Low Confidence (TSS_2.1)	23.0	23.0
TIGR4_SP_1681_TSS_1581182_-	SP_1681	NC_003028.3	1581182	-	60	20	81	41.98	149.0	tss_within_coding	Low Confidence (TSS_2.1)	17.0	17.0
TIGR4_SP_1683_TSS_1583599_-	SP_1683	NC_003028.3	1583599	-	60	20	81	25.93	104.0	tss_intergenic	Low Confidence (TSS_2.1)	99.0	1.0531914893617
TIGR4_SP_1685_TSS_1585882_-	SP_1685	NC_003028.3	1585882	-	60	20	81	24.69	28.0	tss_intergenic	Low Confidence (TSS_2.1)	1799.0	3.04915254237288
TIGR4_SP_1691_TSS_1593045_-	SP_1691	NC_003028.3	1593045	-	60	20	81	39.51	187.0	tss_intergenic	Low Confidence (TSS_2.1)	13.0	4.33333333333333
TIGR4_SP_1694_TSS_1598827_-	SP_1694	NC_003028.3	1598827	-	60	20	81	22.22	130.0	tss_intergenic	High Confidence (TSS_100.4)	151.0	7.94736842105263
TIGR4_SP_1695_TSS_1600698_-	SP_1695	NC_003028.3	1600698	-	60	20	81	34.57	260.0	tss_within_coding	High Confidence (TSS_100.4)	8056.0	9.21739130434783
TIGR4_SP_1696_TSS_1600807_-	SP_1696	NC_003028.3	1600807	-	60	20	81	43.21	89.0	tss_within_coding	Low Confidence (TSS_2.1)	66.0	1.375
TIGR4_SP_RS08385_TSS_1601120_-	SP_RS08385	NC_003028.3	1601120	-	60	20	81	45.68	195.0	tss_within_coding	Low Confidence (TSS_2.1)	17.0	2.125
TIGR4_SP_1697_TSS_1603269_-	SP_1697	NC_003028.3	1603269	-	60	20	81	55.56	301.0	tss_within_coding	Low Confidence (TSS_2.1)	53.0	1.12765957446809
TIGR4_SP_1698_TSS_1604374_-	SP_1698	NC_003028.3	1604374	-	60	20	81	44.44	284.0	tss_within_coding	Low Confidence (TSS_2.1)	135.0	1.10655737704918
TIGR4_SP_1699_TSS_1604557_-	SP_1699	NC_003028.3	1604557	-	60	20	81	45.68	109.0	tss_within_coding	Low Confidence (TSS_2.1)	283.0	1.03663003663004
TIGR4_SP_1700_TSS_1605676_-	SP_1700	NC_003028.3	1605676	-	60	20	81	40.74	158.0	tss_within_coding	Low Confidence (TSS_2.1)	89.0	1.01136363636364
TIGR4_SP_1701_TSS_1606882_-	SP_1701	NC_003028.3	1606882	-	60	20	81	45.68	331.0	tss_within_coding	Low Confidence (TSS_2.1)	294.0	1.01379310344828
TIGR4_SP_1702_TSS_1609184_-	SP_1702	NC_003028.3	1609184	-	60	20	81	28.4	39.0	tss_intergenic	High Confidence (TSS_100.4)	1630.0	4.16879795396419
TIGR4_SP_1703_TSS_1609867_-	SP_1703	NC_003028.3	1609867	-	60	20	81	30.86	349.0	tss_within_coding	Low Confidence (TSS_2.1)	14.0	1.55555555555556
TIGR4_SP_1704_TSS_1610356_-	SP_1704	NC_003028.3	1610356	-	60	20	81	38.27	118.0	tss_within_coding	Low Confidence (TSS_2.1)	13.0	1.0
TIGR4_SP_1708_TSS_1612699_-	SP_1708	NC_003028.3	1612699	-	60	20	81	27.16	28.0	tss_intergenic	Low Confidence (TSS_2.1)	242.0	3.84126984126984
TIGR4_SP_1709_TSS_1614176_-	SP_1709	NC_003028.3	1614176	-	60	20	81	55.56	115.0	tss_within_coding	Low Confidence (TSS_2.1)	585.0	1.16071428571429
TIGR4_SP_1710_TSS_1614911_-	SP_1710	NC_003028.3	1614911	-	60	20	81	38.27	123.0	tss_within_coding	High Confidence (TSS_100.4)	141.0	141.0
TIGR4_SP_1711_TSS_1615861_-	SP_1711	NC_003028.3	1615861	-	60	20	81	44.44	180.0	tss_within_coding	Low Confidence (TSS_2.1)	97.0	1.08988764044944
TIGR4_SP_1712_TSS_1617308_-	SP_1712	NC_003028.3	1617308	-	60	20	81	38.27	457.0	tss_within_coding	Low Confidence (TSS_2.1)	263.0	1.12875536480687
TIGR4_SP_1713_TSS_1617347_-	SP_1713	NC_003028.3	1617347	-	60	20	81	32.1	22.0	tss_intergenic	High Confidence (TSS_100.4)	3769.0	4.67617866004963
TIGR4_SP_1716_TSS_1621325_-	SP_1716	NC_003028.3	1621325	-	60	20	81	39.51	401.0	tss_within_coding	Low Confidence (TSS_2.1)	18.0	1.5
TIGR4_SP_1717_TSS_1621835_-	SP_1717	NC_003028.3	1621835	-	60	20	81	33.33	21.0	tss_intergenic	High Confidence (TSS_100.4)	701.0	6.61320754716981
TIGR4_SP_1721_TSS_1624978_-	SP_1721	NC_003028.3	1624978	-	60	20	81	24.69	24.0	tss_intergenic	Low Confidence (TSS_2.1)	41.0	4.1
TIGR4_SP_1722_TSS_1627048_-	SP_1722	NC_003028.3	1627048	-	60	20	81	28.4	62.0	tss_intergenic	High Confidence (TSS_100.4)	394.0	9.85
TIGR4_SP_1723_TSS_1627358_-	SP_1723	NC_003028.3	1627358	-	60	20	81	39.51	49.0	tss_intergenic	Low Confidence (TSS_2.1)	2.0	2.0
TIGR4_SP_1726_TSS_1631566_-	SP_1726	NC_003028.3	1631566	-	60	20	81	39.51	495.0	tss_within_coding	Low Confidence (TSS_2.1)	37.0	1.12121212121212
TIGR4_SP_1727_TSS_1632281_-	SP_1727	NC_003028.3	1632281	-	60	20	81	28.4	14.0	tss_intergenic	High Confidence (TSS_100.4)	2272.0	8.70498084291188
TIGR4_SP_1728_TSS_1633000_-	SP_1728	NC_003028.3	1633000	-	60	20	81	35.8	339.0	tss_within_coding	Low Confidence (TSS_2.1)	23.0	1.15
TIGR4_SP_1729_TSS_1633550_-	SP_1729	NC_003028.3	1633550	-	60	20	81	44.44	237.0	tss_within_coding	Low Confidence (TSS_2.1)	24.0	1.14285714285714
TIGR4_SP_1731_TSS_1634605_-	SP_1731	NC_003028.3	1634605	-	60	20	81	35.8	21.0	tss_intergenic	High Confidence (TSS_100.4)	900.0	8.7378640776699
TIGR4_SP_1732_TSS_1637163_-	SP_1732	NC_003028.3	1637163	-	60	20	81	40.74	485.0	tss_within_coding	Low Confidence (TSS_2.1)	478.0	1.27466666666667
TIGR4_SP_1733_TSS_1637624_-	SP_1733	NC_003028.3	1637624	-	60	20	81	35.8	209.0	tss_within_coding	High Confidence (TSS_100.4)	4159.0	13.1198738170347
TIGR4_SP_1734_TSS_1638875_-	SP_1734	NC_003028.3	1638875	-	60	20	81	46.91	129.0	tss_within_coding	Low Confidence (TSS_2.1)	55.0	1.41025641025641
TIGR4_SP_1735_TSS_1639860_-	SP_1735	NC_003028.3	1639860	-	60	20	81	53.09	189.0	tss_within_coding	Low Confidence (TSS_2.1)	36.0	1.02857142857143
TIGR4_SP_1736_TSS_1642277_-	SP_1736	NC_003028.3	1642277	-	60	20	81	38.27	197.0	tss_within_coding	Low Confidence (TSS_2.1)	757.0	1.01747311827957
TIGR4_SP_1737_TSS_1642472_-	SP_1737	NC_003028.3	1642472	-	60	20	81	33.33	12.0	tss_intergenic	Low Confidence (TSS_2.1)	241.0	1.02118644067797
TIGR4_SP_1738_TSS_1643191_-	SP_1738	NC_003028.3	1643191	-	60	20	81	27.16	80.0	tss_intergenic	High Confidence (TSS_100.4)	7896.0	8.33790918690602
TIGR4_SP_1739_TSS_1644896_-	SP_1739	NC_003028.3	1644896	-	60	20	81	27.16	42.0	tss_intergenic	High Confidence (TSS_100.4)	18479.0	23.9987012987013
TIGR4_SP_1740_TSS_1645583_-	SP_1740	NC_003028.3	1645583	-	60	20	81	30.86	284.0	tss_within_coding	High Confidence (TSS_100.4)	232.0	12.2105263157895
TIGR4_SP_1741_TSS_1646065_-	SP_1741	NC_003028.3	1646065	-	60	20	81	48.15	469.0	tss_within_coding	Low Confidence (TSS_2.1)	24.0	3.0
TIGR4_SP_1742_TSS_1647318_-	SP_1742	NC_003028.3	1647318	-	60	20	81	40.74	426.0	tss_within_coding	Low Confidence (TSS_2.1)	121.0	1.04310344827586
TIGR4_SP_1743_TSS_1647822_-	SP_1743	NC_003028.3	1647822	-	60	20	81	48.15	174.0	tss_within_coding	Low Confidence (TSS_2.1)	37.0	1.48
TIGR4_SP_1744_TSS_1648178_-	SP_1744	NC_003028.3	1648178	-	60	20	81	43.21	74.0	tss_within_coding	Low Confidence (TSS_2.1)	60.0	1.93548387096774
TIGR4_SP_1745_TSS_1648791_-	SP_1745	NC_003028.3	1648791	-	60	20	81	46.91	174.0	tss_within_coding	Low Confidence (TSS_2.1)	202.0	1.36486486486486
TIGR4_SP_1746_TSS_1649490_-	SP_1746	NC_003028.3	1649490	-	60	20	81	41.98	279.0	tss_within_coding	Low Confidence (TSS_2.1)	424.0	1.00712589073634
TIGR4_SP_1747_TSS_1649898_-	SP_1747	NC_003028.3	1649898	-	60	20	81	30.86	58.0	tss_within_coding	Low Confidence (TSS_2.1)	174.0	1.00578034682081
TIGR4_SP_1748_TSS_1650258_-	SP_1748	NC_003028.3	1650258	-	60	20	81	40.74	55.0	tss_intergenic	Low Confidence (TSS_2.1)	13902.0	1.02590214744299
TIGR4_SP_1749_TSS_1651643_-	SP_1749	NC_003028.3	1651643	-	60	20	81	48.15	120.0	tss_within_coding	Low Confidence (TSS_2.1)	163.0	1.09395973154362
TIGR4_SP_1750_TSS_1652616_-	SP_1750	NC_003028.3	1652616	-	60	20	81	39.51	500.0	tss_within_coding	High Confidence (TSS_100.4)	122.0	122.0
TIGR4_SP_1751_TSS_1652995_-	SP_1751	NC_003028.3	1652995	-	60	20	81	34.57	19.0	tss_intergenic	High Confidence (TSS_100.4)	2536.0	2536.0
TIGR4_SP_RS08685_TSS_1656325_-	SP_RS08685	NC_003028.3	1656325	-	60	20	81	25.93	8.0	tss_intergenic	Low Confidence (TSS_2.1)	12.0	12.0
TIGR4_SP_1760_TSS_1662574_-	SP_1760	NC_003028.3	1662574	-	60	20	81	33.33	128.0	tss_within_coding	Low Confidence (TSS_2.1)	22.0	1.57142857142857
TIGR4_SP_1761_TSS_1664118_-	SP_1761	NC_003028.3	1664118	-	60	20	81	30.86	167.0	tss_within_coding	Low Confidence (TSS_2.1)	63.0	1.34042553191489
TIGR4_SP_1762_TSS_1665565_-	SP_1762	NC_003028.3	1665565	-	60	20	81	40.74	23.0	tss_within_coding	Low Confidence (TSS_2.1)	48.0	1.17073170731707
TIGR4_SP_1763_TSS_1667110_-	SP_1763	NC_003028.3	1667110	-	60	20	81	30.86	341.0	tss_within_coding	Low Confidence (TSS_2.1)	39.0	39.0
TIGR4_SP_1765_TSS_1669048_-	SP_1765	NC_003028.3	1669048	-	60	20	81	32.1	121.0	tss_within_coding	Low Confidence (TSS_2.1)	16.0	1.23076923076923
TIGR4_SP_1766_TSS_1670328_-	SP_1766	NC_003028.3	1670328	-	60	20	81	39.51	172.0	tss_within_coding	Low Confidence (TSS_2.1)	17.0	1.21428571428571
TIGR4_SP_1767_TSS_1672776_-	SP_1767	NC_003028.3	1672776	-	60	20	81	35.8	145.0	tss_within_coding	Low Confidence (TSS_2.1)	19.0	1.35714285714286
TIGR4_SP_1768_TSS_1674067_-	SP_1768	NC_003028.3	1674067	-	60	20	81	41.98	416.0	tss_within_coding	Low Confidence (TSS_2.1)	48.0	48.0
TIGR4_SP_RS12365_TSS_1676338_-	SP_RS12365	NC_003028.3	1676338	-	60	20	81	35.8	253.0	tss_within_coding	Low Confidence (TSS_2.1)	52.0	1.85714285714286
TIGR4_SP_1771_TSS_1678245_-	SP_1771	NC_003028.3	1678245	-	60	20	81	43.21	79.0	tss_within_coding	Low Confidence (TSS_2.1)	73.0	1.5531914893617
TIGR4_SP_1772_TSS_1692765_-	SP_1772	NC_003028.3	1692765	-	60	20	81	25.93	55.0	tss_intergenic	High Confidence (TSS_100.4)	3634.0	16.0088105726872
TIGR4_SP_RS12375_TSS_1693622_-	SP_RS12375	NC_003028.3	1693622	-	60	20	81	32.1	135.0	tss_intergenic	Low Confidence (TSS_2.1)	2.0	2.0
TIGR4_SP_1778_TSS_1696882_-	SP_1778	NC_003028.3	1696882	-	60	20	81	27.16	25.0	tss_intergenic	High Confidence (TSS_100.4)	9055.0	17.7897838899804
TIGR4_SP_1779_TSS_1697680_-	SP_1779	NC_003028.3	1697680	-	60	20	81	34.57	158.0	tss_intergenic	Low Confidence (TSS_2.1)	15.0	1.07142857142857
TIGR4_SP_1780_TSS_1699847_-	SP_1780	NC_003028.3	1699847	-	60	20	81	35.8	283.0	tss_within_coding	Low Confidence (TSS_2.1)	104.0	1.1063829787234
TIGR4_SP_1781_TSS_1700741_-	SP_1781	NC_003028.3	1700741	-	60	20	81	54.32	423.0	tss_within_coding	Low Confidence (TSS_2.1)	33.0	1.57142857142857
TIGR4_SP_1782_TSS_1701346_-	SP_1782	NC_003028.3	1701346	-	60	20	81	39.51	76.0	tss_intergenic	Low Confidence (TSS_2.1)	7894.0	1.03541448058762
TIGR4_SP_1783_TSS_1702309_-	SP_1783	NC_003028.3	1702309	-	60	20	81	44.44	475.0	tss_within_coding	Low Confidence (TSS_2.1)	2558.0	1.22568279827504
TIGR4_SP_1784_TSS_1703340_-	SP_1784	NC_003028.3	1703340	-	60	20	81	34.57	422.0	tss_within_coding	Low Confidence (TSS_2.1)	31.0	1.03333333333333
TIGR4_nan_TSS_1703444_-	nan	NC_003028.3	1703444	-	60	20	81	30.86	NA		Secondary TSS, Low confidence		
TIGR4_SP_1785_TSS_1703473_-	SP_1785	NC_003028.3	1703473	-	60	20	81	29.63	81.0	tss_intergenic	High Confidence (TSS_100.4)	107.0	107.0
TIGR4_SP_1786_TSS_1704370_-	SP_1786	NC_003028.3	1704370	-	60	20	81	33.33	235.0	tss_within_coding	High Confidence (TSS_100.4)	1533.0	15.33
TIGR4_SP_1787_TSS_1704419_-	SP_1787	NC_003028.3	1704419	-	60	20	81	32.1	41.0	tss_intergenic	Low Confidence (TSS_2.1)	41.0	41.0
TIGR4_SP_1789_TSS_1705233_-	SP_1789	NC_003028.3	1705233	-	60	20	81	30.86	186.0	tss_intergenic	Low Confidence (TSS_2.1)	46.0	11.5
TIGR4_SP_1792_TSS_1708441_-	SP_1792	NC_003028.3	1708441	-	60	20	81	28.4	12.0	tss_intergenic	Low Confidence (TSS_2.1)	7.0	7.0
TIGR4_SP_1793_TSS_1709518_-	SP_1793	NC_003028.3	1709518	-	60	20	81	27.16	208.0	tss_intergenic	Low Confidence (TSS_2.1)	663.0	1.51025056947608
TIGR4_SP_1794_TSS_1710000_-	SP_1794	NC_003028.3	1710000	-	60	20	81	33.33	26.0	tss_intergenic	High Confidence (TSS_100.4)	3690.0	6.39514731369151
TIGR4_SP_1798_TSS_1715663_-	SP_1798	NC_003028.3	1715663	-	60	20	81	30.86	499.0	tss_within_coding	Low Confidence (TSS_2.1)	15.0	3.0
TIGR4_SP_1799_TSS_1716332_-	SP_1799	NC_003028.3	1716332	-	60	20	81	30.86	16.0	tss_intergenic	High Confidence (TSS_100.4)	4852.0	8.46771378708551
TIGR4_SP_1800_TSS_1718198_-	SP_1800	NC_003028.3	1718198	-	60	20	81	28.4	39.0	tss_intergenic	Low Confidence (TSS_2.1)	67.0	8.375
TIGR4_SP_1806_TSS_1721022_-	SP_1806	NC_003028.3	1721022	-	60	20	81	32.1	194.0	tss_within_coding	Low Confidence (TSS_2.1)	78.0	7.09090909090909
TIGR4_SP_1807_TSS_1721477_-	SP_1807	NC_003028.3	1721477	-	60	20	81	28.4	25.0	tss_intergenic	High Confidence (TSS_100.4)	597.0	5.33035714285714
TIGR4_SP_1809_TSS_1723412_-	SP_1809	NC_003028.3	1723412	-	60	20	81	28.4	28.0	tss_within_coding	Low Confidence (TSS_2.1)	32.0	1.03225806451613
TIGR4_SP_1810_TSS_1724156_-	SP_1810	NC_003028.3	1724156	-	60	20	81	22.22	26.0	tss_intergenic	High Confidence (TSS_100.4)	1791.0	4.53417721518987
TIGR4_SP_1811_TSS_1725416_-	SP_1811	NC_003028.3	1725416	-	60	20	81	48.15	208.0	tss_within_coding	Low Confidence (TSS_2.1)	17.0	1.0625
TIGR4_SP_1812_TSS_1726589_-	SP_1812	NC_003028.3	1726589	-	60	20	81	55.56	165.0	tss_within_coding	Low Confidence (TSS_2.1)	69.0	1.11290322580645
TIGR4_SP_1813_TSS_1727075_-	SP_1813	NC_003028.3	1727075	-	60	20	81	44.44	44.0	tss_intergenic	Low Confidence (TSS_2.1)	6.0	6.0
TIGR4_SP_1814_TSS_1727902_-	SP_1814	NC_003028.3	1727902	-	60	20	81	39.51	147.0	tss_within_coding	Low Confidence (TSS_2.1)	17.0	2.125
TIGR4_SP_1815_TSS_1728917_-	SP_1815	NC_003028.3	1728917	-	60	20	81	46.91	161.0	tss_within_coding	Low Confidence (TSS_2.1)	15.0	2.14285714285714
TIGR4_SP_1816_TSS_1729460_-	SP_1816	NC_003028.3	1729460	-	60	20	81	48.15	127.0	tss_within_coding	Low Confidence (TSS_2.1)	21.0	1.23529411764706
TIGR4_SP_1817_TSS_1730959_-	SP_1817	NC_003028.3	1730959	-	60	20	81	37.04	268.0	tss_within_coding	Low Confidence (TSS_2.1)	123.0	1.17142857142857
TIGR4_T-box_TSS_1731150_-	T-box	NC_003028.3	1731150	-	60	20	81	43.21	156.0	tss_within_coding	Low Confidence (TSS_2.1)	312.0	1.05762711864407
TIGR4_R12_TSS_1731479_-	R12	NC_003028.3	1731479	-	60	20	81	43.21	39.0	tss_intergenic	Low Confidence (TSS_2.1)	6.0	2.0
TIGR4_T-box_TSS_1731988_-	T-box	NC_003028.3	1731988	-	60	20	81	34.57	233.0	tss_within_coding	Low Confidence (TSS_2.1)	13.0	1.44444444444444
TIGR4_SP_1821_TSS_1732993_-	SP_1821	NC_003028.3	1732993	-	60	20	81	19.75	25.0	tss_intergenic	Low Confidence (TSS_2.1)	594.0	2.97
TIGR4_SP_1827_TSS_1738861_-	SP_1827	NC_003028.3	1738861	-	60	20	81	30.86	41.0	tss_intergenic	Low Confidence (TSS_2.1)	22.0	2.75
TIGR4_SP_1831_TSS_1742753_-	SP_1831	NC_003028.3	1742753	-	60	20	81	24.69	142.0	tss_intergenic	Low Confidence (TSS_2.1)	10.0	3.33333333333333
TIGR4_SP_1832_TSS_1743428_-	SP_1832	NC_003028.3	1743428	-	60	20	81	35.8	379.0	tss_within_coding	Low Confidence (TSS_2.1)	13.0	1.85714285714286
TIGR4_SP_1833_TSS_1745239_-	SP_1833	NC_003028.3	1745239	-	60	20	81	25.93	47.0	tss_intergenic	Low Confidence (TSS_2.1)	11.0	1.83333333333333
TIGR4_SP_1834_TSS_1746128_-	SP_1834	NC_003028.3	1746128	-	60	20	81	37.04	426.0	tss_intergenic	Low Confidence (TSS_2.1)	10.0	2.0
TIGR4_SP_1837_TSS_1747821_-	SP_1837	NC_003028.3	1747821	-	60	20	81	48.15	246.0	tss_within_coding	Low Confidence (TSS_2.1)	66.0	1.03125
TIGR4_SP_1838_TSS_1748320_-	SP_1838	NC_003028.3	1748320	-	60	20	81	27.16	37.0	tss_intergenic	High Confidence (TSS_100.4)	5413.0	16.6553846153846
TIGR4_SP_1839_TSS_1750513_-	SP_1839	NC_003028.3	1750513	-	60	20	81	45.68	306.0	tss_within_coding	Low Confidence (TSS_2.1)	58.0	1.16
TIGR4_SP_1840_TSS_1752069_-	SP_1840	NC_003028.3	1752069	-	60	20	81	44.44	127.0	tss_within_coding	Low Confidence (TSS_2.1)	23.0	1.4375
TIGR4_SP_1841_TSS_1752744_-	SP_1841	NC_003028.3	1752744	-	60	20	81	37.04	219.0	tss_within_coding	Low Confidence (TSS_2.1)	13.0	3.25
TIGR4_SP_RS09140_TSS_1753033_-	SP_RS09140	NC_003028.3	1753033	-	60	20	81	29.63	167.0	tss_within_coding	Low Confidence (TSS_2.1)	42.0	42.0
TIGR4_SP_1844_TSS_1753079_-	SP_1844	NC_003028.3	1753079	-	60	20	81	29.63	26.0	tss_intergenic	High Confidence (TSS_100.4)	1672.0	8.23645320197044
TIGR4_SP_1849_TSS_1757648_-	SP_1849	NC_003028.3	1757648	-	60	20	81	28.4	17.0	tss_within_coding	Low Confidence (TSS_2.1)	49.0	1.06521739130435
TIGR4_SP_1850_TSS_1758448_-	SP_1850	NC_003028.3	1758448	-	60	20	81	23.46	56.0	tss_intergenic	High Confidence (TSS_100.4)	954.0	5.67857142857143
TIGR4_SP_1851_TSS_1759000_-	SP_1851	NC_003028.3	1759000	-	60	20	81	35.8	23.0	tss_intergenic	High Confidence (TSS_100.4)	176.0	8.38095238095238
TIGR4_SP_1853_TSS_1761785_-	SP_1853	NC_003028.3	1761785	-	60	20	81	25.93	59.0	tss_intergenic	Low Confidence (TSS_2.1)	18.0	9.0
TIGR4_SP_1855_TSS_1764183_-	SP_1855	NC_003028.3	1764183	-	60	20	81	43.21	202.0	tss_within_coding	Low Confidence (TSS_2.1)	127.0	1.016
TIGR4_SP_1856_TSS_1764388_-	SP_1856	NC_003028.3	1764388	-	60	20	81	29.63	53.0	tss_intergenic	Low Confidence (TSS_2.1)	740.0	3.04526748971193
TIGR4_SP_1857_TSS_1765512_-	SP_1857	NC_003028.3	1765512	-	60	20	81	30.86	34.0	tss_intergenic	Low Confidence (TSS_2.1)	7.0	7.0
TIGR4_SP_1859_TSS_1767250_-	SP_1859	NC_003028.3	1767250	-	60	20	81	23.46	136.0	tss_intergenic	High Confidence (TSS_100.4)	258.0	11.7272727272727
TIGR4_SP_1860_TSS_1769411_-	SP_1860	NC_003028.3	1769411	-	60	20	81	35.8	435.0	tss_within_coding	Low Confidence (TSS_2.1)	46.0	1.04545454545455
TIGR4_SP_1861_TSS_1769918_-	SP_1861	NC_003028.3	1769918	-	60	20	81	33.33	221.0	tss_within_coding	Low Confidence (TSS_2.1)	320.0	1.03896103896104
TIGR4_SP_1862_TSS_1770625_-	SP_1862	NC_003028.3	1770625	-	60	20	81	43.21	149.0	tss_within_coding	Low Confidence (TSS_2.1)	68.0	1.13333333333333
TIGR4_SP_1863_TSS_1770957_-	SP_1863	NC_003028.3	1770957	-	60	20	81	24.69	34.0	tss_intergenic	High Confidence (TSS_100.4)	2820.0	8.84012539184953
TIGR4_SP_1864_TSS_1771930_-	SP_1864	NC_003028.3	1771930	-	60	20	81	35.8	29.0	tss_within_coding	Low Confidence (TSS_2.1)	77.0	1.05479452054795
TIGR4_SP_1865_TSS_1773006_-	SP_1865	NC_003028.3	1773006	-	60	20	81	34.57	19.0	tss_intergenic	High Confidence (TSS_100.4)	2928.0	8.89969604863222
TIGR4_SP_1873_TSS_1779021_-	SP_1873	NC_003028.3	1779021	-	60	20	81	46.91	327.0	tss_within_coding	Low Confidence (TSS_2.1)	59.0	1.20408163265306
TIGR4_SP_1874_TSS_1779487_-	SP_1874	NC_003028.3	1779487	-	60	20	81	37.04	71.0	tss_within_coding	Low Confidence (TSS_2.1)	193.0	1.33103448275862
TIGR4_nan_TSS_1780360_-	nan	NC_003028.3	1780360	-	60	20	81	51.85	NA		Secondary TSS, Low confidence		
TIGR4_SP_1875_TSS_1780435_-	SP_1875	NC_003028.3	1780435	-	60	20	81	49.38	463.0	tss_within_coding	High Confidence (TSS_100.4)	483.0	483.0
TIGR4_SP_1876_TSS_1781145_-	SP_1876	NC_003028.3	1781145	-	60	20	81	41.98	426.0	tss_within_coding	Low Confidence (TSS_2.1)	33.0	1.1
TIGR4_SP_1877_TSS_1781632_-	SP_1877	NC_003028.3	1781632	-	60	20	81	45.68	173.0	tss_within_coding	Low Confidence (TSS_2.1)	42.0	1.5
TIGR4_SP_1878_TSS_1782017_-	SP_1878	NC_003028.3	1782017	-	60	20	81	45.68	106.0	tss_within_coding	Low Confidence (TSS_2.1)	65.0	1.25
TIGR4_SP_1879_TSS_1782766_-	SP_1879	NC_003028.3	1782766	-	60	20	81	51.85	337.0	tss_within_coding	Low Confidence (TSS_2.1)	54.0	1.0188679245283
TIGR4_SP_RS09325_TSS_1783602_-	SP_RS09325	NC_003028.3	1783602	-	60	20	81	46.91	226.0	tss_within_coding	Low Confidence (TSS_2.1)	100.0	1.01010101010101
TIGR4_SP_1881_TSS_1784266_-	SP_1881	NC_003028.3	1784266	-	60	20	81	32.1	99.0	tss_intergenic	High Confidence (TSS_100.4)	920.0	4.6
TIGR4_SP_1882_TSS_1784650_-	SP_1882	NC_003028.3	1784650	-	60	20	81	43.21	27.0	tss_intergenic	High Confidence (TSS_100.4)	11758.0	6.33854447439353
TIGR4_SP_1883_TSS_1786560_-	SP_1883	NC_003028.3	1786560	-	60	20	81	38.27	56.0	tss_intergenic	Low Confidence (TSS_2.1)	55.0	11.0
TIGR4_R7_TSS_1791431_-	R7	NC_003028.3	1791431	-	60	20	81	46.91	351.0	tss_within_coding	Low Confidence (TSS_2.1)	173.0	1.0679012345679
TIGR4_SP_1887_TSS_1792196_-	SP_1887	NC_003028.3	1792196	-	60	20	81	44.44	170.0	tss_within_coding	Low Confidence (TSS_2.1)	49.0	1.02083333333333
TIGR4_SP_1888_TSS_1793229_-	SP_1888	NC_003028.3	1793229	-	60	20	81	39.51	125.0	tss_within_coding	Low Confidence (TSS_2.1)	99.0	1.62295081967213
TIGR4_SP_1889_TSS_1794219_-	SP_1889	NC_003028.3	1794219	-	60	20	81	50.62	180.0	tss_within_coding	Low Confidence (TSS_2.1)	27.0	2.25
TIGR4_SP_1890_TSS_1795726_-	SP_1890	NC_003028.3	1795726	-	60	20	81	38.27	191.0	tss_within_coding	Low Confidence (TSS_2.1)	108.0	1.08
TIGR4_SP_1891_TSS_1797615_-	SP_1891	NC_003028.3	1797615	-	60	20	81	23.46	34.0	tss_intergenic	High Confidence (TSS_100.4)	6090.0	23.5135135135135
TIGR4_SP_1893_TSS_1799506_-	SP_1893	NC_003028.3	1799506	-	60	20	81	27.16	47.0	tss_within_coding	Low Confidence (TSS_2.1)	899.0	3.71487603305785
TIGR4_SP_1894_TSS_1801386_-	SP_1894	NC_003028.3	1801386	-	60	20	81	40.74	347.0	tss_within_coding	Low Confidence (TSS_2.1)	30.0	1.875
TIGR4_SP_RS09410_TSS_1801844_-	SP_RS09410	NC_003028.3	1801844	-	60	20	81	43.21	454.0	tss_within_coding	Low Confidence (TSS_2.1)	25.0	1.13636363636364
TIGR4_SP_1896_TSS_1803470_-	SP_1896	NC_003028.3	1803470	-	60	20	81	44.44	336.0	tss_within_coding	Low Confidence (TSS_2.1)	26.0	1.18181818181818
TIGR4_SP_1897_TSS_1804414_-	SP_1897	NC_003028.3	1804414	-	60	20	81	33.33	31.0	tss_intergenic	Low Confidence (TSS_2.1)	40.0	1.25
TIGR4_SP_1898_TSS_1806698_-	SP_1898	NC_003028.3	1806698	-	60	20	81	32.1	61.0	tss_intergenic	Low Confidence (TSS_2.1)	14.0	1.4
TIGR4_SP_2256_TSS_1809031_-	SP_2256	NC_003028.3	1809031	-	60	20	81	56.79	4.0	tss_intergenic	High Confidence (TSS_100.4)	2011.0	2011.0
TIGR4_SP_2254_TSS_1809218_-	SP_2254	NC_003028.3	1809218	-	60	20	81	48.15	388.0	tss_within_coding	Low Confidence (TSS_2.1)	148.0	1.28695652173913
TIGR4_SP_2255_TSS_1809307_-	SP_2255	NC_003028.3	1809307	-	60	20	81	60.49	371.0	tss_within_coding	Low Confidence (TSS_2.1)	19.0	1.58333333333333
TIGR4_SP_2261_TSS_1809473_-	SP_2261	NC_003028.3	1809473	-	60	20	81	45.68	16.0	tss_intergenic	High Confidence (TSS_100.4)	977.0	977.0
TIGR4_SP_2258_TSS_1809538_-	SP_2258	NC_003028.3	1809538	-	60	20	81	50.62	330.0	tss_within_coding	Low Confidence (TSS_2.1)	13.0	1.18181818181818
TIGR4_SP_2263_TSS_1809649_-	SP_2263	NC_003028.3	1809649	-	60	20	81	64.2	8.0	tss_intergenic	High Confidence (TSS_100.4)	1012.0	1012.0
TIGR4_SP_2260_TSS_1809779_-	SP_2260	NC_003028.3	1809779	-	60	20	81	44.44	400.0	tss_within_coding	Low Confidence (TSS_2.1)	16.0	2.28571428571429
TIGR4_SP_2262_TSS_1809954_-	SP_2262	NC_003028.3	1809954	-	60	20	81	41.98	407.0	tss_within_coding	Low Confidence (TSS_2.1)	31.0	1.24
TIGR4_SP_2264_TSS_1810093_-	SP_2264	NC_003028.3	1810093	-	60	20	81	56.79	372.0	tss_within_coding	Low Confidence (TSS_2.1)	712.0	1.06906906906907
TIGR4_SP_2265_TSS_1810170_-	SP_2265	NC_003028.3	1810170	-	60	20	81	56.79	354.0	tss_within_coding	Low Confidence (TSS_2.1)	1012.0	1.16994219653179
TIGR4_SP_2266_TSS_1810286_-	SP_2266	NC_003028.3	1810286	-	60	20	81	33.33	370.0	tss_within_coding	Low Confidence (TSS_2.1)	1842.0	1.64317573595004
TIGR4_SP_2267_TSS_1810416_-	SP_2267	NC_003028.3	1810416	-	60	20	81	44.44	422.0	tss_within_coding	Low Confidence (TSS_2.1)	37.0	2.64285714285714
TIGR4_SP_2268_TSS_1810481_-	SP_2268	NC_003028.3	1810481	-	60	20	81	40.74	390.0	tss_within_coding	Low Confidence (TSS_2.1)	322.0	2.0379746835443
TIGR4_SP_2269_TSS_1810519_-	SP_2269	NC_003028.3	1810519	-	60	20	81	48.15	353.0	tss_within_coding	Low Confidence (TSS_2.1)	42.0	1.90909090909091
TIGR4_SP_rrnaD5S_TSS_1810592_-	SP_rrnaD5S	NC_003028.3	1810592	-	60	20	81	55.56	306.0	tss_within_coding	Low Confidence (TSS_2.1)	100.0	1.51515151515152
TIGR4_SP_rrnaD23S_TSS_1813354_-	SP_rrnaD23S	NC_003028.3	1813354	-	60	20	81	40.74	89.0	tss_intergenic	Low Confidence (TSS_2.1)	16626.0	1.68877602844083
TIGR4_SP_2270_TSS_1813863_-	SP_2270	NC_003028.3	1813863	-	60	20	81	50.62	402.0	tss_within_coding	Low Confidence (TSS_2.1)	1506.0	2.02691790040377
TIGR4_nan_TSS_1815168_-	nan	NC_003028.3	1815168	-	60	20	81	37.04	NA		Secondary TSS, Low confidence		
TIGR4_SP_rrnaD16S_TSS_1815208_-	SP_rrnaD16S	NC_003028.3	1815208	-	60	20	81	32.1	151.0	tss_intergenic	High Confidence (TSS_100.4)	4284.0	37.9115044247788
TIGR4_SP_2271_TSS_1815401_-	SP_2271	NC_003028.3	1815401	-	60	20	81	23.46	18.0	tss_intergenic	High Confidence (TSS_100.4)	14622.0	86.0117647058824
TIGR4_SP_1901_TSS_1816800_-	SP_1901	NC_003028.3	1816800	-	60	20	81	28.4	0.0	tss_intergenic	High Confidence (TSS_100.4)	675.0	8.76623376623377
TIGR4_SP_1906_TSS_1822172_-	SP_1906	NC_003028.3	1822172	-	60	20	81	48.15	188.0	tss_within_coding	Low Confidence (TSS_2.1)	223.0	1.03240740740741
TIGR4_SP_1907_TSS_1822344_-	SP_1907	NC_003028.3	1822344	-	60	20	81	30.86	60.0	tss_intergenic	Low Confidence (TSS_2.1)	126.0	1.5
TIGR4_SP_1908_TSS_1822849_-	SP_1908	NC_003028.3	1822849	-	60	20	81	25.93	14.0	tss_intergenic	Low Confidence (TSS_2.1)	45.0	11.25
TIGR4_SP_1909_TSS_1823690_-	SP_1909	NC_003028.3	1823690	-	60	20	81	45.68	16.0	tss_intergenic	Low Confidence (TSS_2.1)	71.0	1.69047619047619
TIGR4_SP_1910_TSS_1824602_-	SP_1910	NC_003028.3	1824602	-	60	20	81	40.74	260.0	tss_within_coding	Low Confidence (TSS_2.1)	144.0	1.2
TIGR4_SP_1911_TSS_1824964_-	SP_1911	NC_003028.3	1824964	-	60	20	81	33.33	289.0	tss_within_coding	High Confidence (TSS_100.4)	148.0	8.22222222222222
TIGR4_SP_1914_TSS_1826562_-	SP_1914	NC_003028.3	1826562	-	60	20	81	43.21	228.0	tss_within_coding	Low Confidence (TSS_2.1)	40.0	1.02564102564103
TIGR4_SP_1915_TSS_1826800_-	SP_1915	NC_003028.3	1826800	-	60	20	81	35.8	14.0	tss_intergenic	High Confidence (TSS_100.4)	1217.0	1217.0
TIGR4_SP_1917_TSS_1827778_-	SP_1917	NC_003028.3	1827778	-	60	20	81	33.33	16.0	tss_intergenic	High Confidence (TSS_100.4)	210.0	5.67567567567568
TIGR4_SP_1920_TSS_1830188_-	SP_1920	NC_003028.3	1830188	-	60	20	81	25.93	13.0	tss_intergenic	Low Confidence (TSS_2.1)	2.0	2.0
TIGR4_SP_1921_TSS_1830694_-	SP_1921	NC_003028.3	1830694	-	60	20	81	48.15	411.0	tss_within_coding	Low Confidence (TSS_2.1)	485.0	1.22784810126582
TIGR4_SP_1922_TSS_1831044_-	SP_1922	NC_003028.3	1831044	-	60	20	81	23.46	29.0	tss_intergenic	High Confidence (TSS_100.4)	6049.0	13.265350877193
TIGR4_trn0883_TSS_1831753_-	trn0883	NC_003028.3	1831753	-	60	20	81	32.1	53.0	tss_within_coding	Low Confidence (TSS_2.1)	55.0	1.0377358490566
TIGR4_trn0884_TSS_1832009_-	trn0884	NC_003028.3	1832009	-	60	20	81	45.68	214.0	tss_within_coding	Low Confidence (TSS_2.1)	136.0	1.10569105691057
TIGR4_SP_1923_TSS_1833581_-	SP_1923	NC_003028.3	1833581	-	60	20	81	39.51	270.0	tss_within_coding	Low Confidence (TSS_2.1)	293.0	1.05776173285199
TIGR4_SP_1924_TSS_1833741_-	SP_1924	NC_003028.3	1833741	-	60	20	81	40.74	9.0	tss_within_coding	Low Confidence (TSS_2.1)	422.0	1.01442307692308
TIGR4_SP_1925_TSS_1834620_-	SP_1925	NC_003028.3	1834620	-	60	20	81	48.15	287.0	tss_within_coding	Low Confidence (TSS_2.1)	102.0	1.0625
TIGR4_SP_1926_TSS_1834832_-	SP_1926	NC_003028.3	1834832	-	60	20	81	22.22	28.0	tss_intergenic	High Confidence (TSS_100.4)	3694.0	4.41866028708134
TIGR4_SP_1933_TSS_1838701_-	SP_1933	NC_003028.3	1838701	-	60	20	81	29.63	375.0	tss_intergenic	Low Confidence (TSS_2.1)	8.0	1.14285714285714
TIGR4_SP_1934_TSS_1839186_-	SP_1934	NC_003028.3	1839186	-	60	20	81	41.98	27.0	tss_intergenic	Low Confidence (TSS_2.1)	13.0	2.6
TIGR4_SP_RS09730_TSS_1840069_-	SP_RS09730	NC_003028.3	1840069	-	60	20	81	22.22	134.0	tss_within_coding	Low Confidence (TSS_2.1)	38.0	3.16666666666667
TIGR4_SP_1936_TSS_1840444_-	SP_1936	NC_003028.3	1840444	-	60	20	81	54.32	397.0	tss_within_coding	Low Confidence (TSS_2.1)	24.0	1.5
TIGR4_SP_1937_TSS_1841611_-	SP_1937	NC_003028.3	1841611	-	60	20	81	23.46	59.0	tss_intergenic	High Confidence (TSS_100.4)	3293.0	4.00121507
TIGR4_SP_1939_TSS_1843107_-	SP_1939	NC_003028.3	1843107	-	60	20	81	35.8	0.0	tss_intergenic	Low Confidence (TSS_2.1)	74.0	6.16666666666667
TIGR4_SP_RS12455_TSS_1843575_-	SP_RS12455	NC_003028.3	1843575	-	60	20	81	41.98	247.0	tss_within_coding	Low Confidence (TSS_2.1)	51.0	1.75862068965517
TIGR4_SP_1940_TSS_1844613_-	SP_1940	NC_003028.3	1844613	-	60	20	81	33.33	34.0	tss_intergenic	High Confidence (TSS_100.4)	5917.0	7.1289156626506
TIGR4_SP_1941_TSS_1846198_-	SP_1941	NC_003028.3	1846198	-	60	20	81	32.1	308.0	tss_within_coding	Low Confidence (TSS_2.1)	47.0	1.09302325581395
TIGR4_SP_1942_TSS_1847267_-	SP_1942	NC_003028.3	1847267	-	60	20	81	37.04	276.0	tss_within_coding	Low Confidence (TSS_2.1)	369.0	1.01652892561983
TIGR4_SP_1943_TSS_1847556_-	SP_1943	NC_003028.3	1847556	-	60	20	81	37.04	39.0	tss_within_coding	Low Confidence (TSS_2.1)	60.0	1.09090909090909
TIGR4_SP_1944_TSS_1847950_-	SP_1944	NC_003028.3	1847950	-	60	20	81	24.69	0.0	tss_intergenic	High Confidence (TSS_100.4)	2017.0	14.1048951048951
TIGR4_SP_1945_TSS_1848673_-	SP_1945	NC_003028.3	1848673	-	60	20	81	35.8	17.0	tss_intergenic	Low Confidence (TSS_2.1)	11.0	11.0
TIGR4_SP_RS12460_TSS_1849302_-	SP_RS12460	NC_003028.3	1849302	-	60	20	81	37.04	378.0	tss_within_coding	Low Confidence (TSS_2.1)	21.0	1.4
TIGR4_SP_1946_TSS_1849930_-	SP_1946	NC_003028.3	1849930	-	60	20	81	19.75	28.0	tss_intergenic	High Confidence (TSS_100.4)	3114.0	7.57664233576642
TIGR4_SP_1959_TSS_1862559_-	SP_1959	NC_003028.3	1862559	-	60	20	81	35.8	25.0	tss_intergenic	High Confidence (TSS_100.4)	723.0	5.69291338582677
TIGR4_SP_1960_TSS_1866311_-	SP_1960	NC_003028.3	1866311	-	60	20	81	33.33	16.0	tss_intergenic	Low Confidence (TSS_2.1)	166.0	1.03105590062112
TIGR4_SP_1961_TSS_1870173_-	SP_1961	NC_003028.3	1870173	-	60	20	81	35.8	207.0	tss_within_coding	Low Confidence (TSS_2.1)	61.0	1.0
TIGR4_Lacto-rpoB_TSS_1870213_-	Lacto-rpoB	NC_003028.3	1870213	-	60	20	81	33.33	4.0	tss_intergenic	Low Confidence (TSS_2.1)	13077.0	3.73308592634884
TIGR4_SP_1963_TSS_1872006_-	SP_1963	NC_003028.3	1872006	-	60	20	81	23.46	25.0	tss_intergenic	High Confidence (TSS_100.4)	4610.0	6.32373113854595
TIGR4_srn435_TSS_1872568_-	srn435	NC_003028.3	1872568	-	60	20	81	46.91	422.0	tss_within_coding	Low Confidence (TSS_2.1)	26.0	26.0
TIGR4_SP_1964_TSS_1873251_-	SP_1964	NC_003028.3	1873251	-	60	20	81	45.68	217.0	tss_within_coding	Low Confidence (TSS_2.1)	26.0	1.0
TIGR4_SP_1965_TSS_1873611_-	SP_1965	NC_003028.3	1873611	-	60	20	81	41.98	344.0	tss_within_coding	Low Confidence (TSS_2.1)	109.0	1.23863636363636
TIGR4_SP_RS09885_TSS_1874791_-	SP_RS09885	NC_003028.3	1874791	-	60	20	81	30.86	0.0	tss_intergenic	High Confidence (TSS_100.4)	4457.0	8.13321167883212
TIGR4_SP_1967_TSS_1875944_-	SP_1967	NC_003028.3	1875944	-	60	20	81	39.51	58.0	tss_within_coding	Low Confidence (TSS_2.1)	28.0	2.54545454545455
TIGR4_SP_1968_TSS_1876474_-	SP_1968	NC_003028.3	1876474	-	60	20	81	38.27	116.0	tss_within_coding	Low Confidence (TSS_2.1)	70.0	1.04477611940298
TIGR4_SP_1969_TSS_1876887_-	SP_1969	NC_003028.3	1876887	-	60	20	81	33.33	0.0	tss_intergenic	High Confidence (TSS_100.4)	2078.0	6.14792899408284
TIGR4_SP_1970_TSS_1877967_-	SP_1970	NC_003028.3	1877967	-	60	20	81	23.46	23.0	tss_intergenic	Low Confidence (TSS_2.1)	3336.0	3.71492204899777
TIGR4_SP_1972_TSS_1878768_-	SP_1972	NC_003028.3	1878768	-	60	20	81	29.63	29.0	tss_intergenic	High Confidence (TSS_100.4)	1157.0	4.84100418410042
TIGR4_SP_1973_TSS_1879535_-	SP_1973	NC_003028.3	1879535	-	60	20	81	30.86	0.0	tss_intergenic	High Confidence (TSS_100.4)	1754.0	7.04417670682731
TIGR4_SP_1976_TSS_1881748_-	SP_1976	NC_003028.3	1881748	-	60	20	81	28.4	28.0	tss_intergenic	High Confidence (TSS_100.4)	2173.0	5.45979899497487
TIGR4_SP_1978_TSS_1883416_-	SP_1978	NC_003028.3	1883416	-	60	20	81	45.68	320.0	tss_within_coding	High Confidence (TSS_100.4)	115.0	115.0
TIGR4_SP_1979_TSS_1884186_-	SP_1979	NC_003028.3	1884186	-	60	20	81	22.22	196.0	tss_within_coding	High Confidence (TSS_100.4)	1992.0	8.97297297297297
TIGR4_SP_1980_TSS_1885401_-	SP_1980	NC_003028.3	1885401	-	60	20	81	45.68	203.0	tss_within_coding	Low Confidence (TSS_2.1)	72.0	1.04347826086957
TIGR4_SP_1981_TSS_1886519_-	SP_1981	NC_003028.3	1886519	-	60	20	81	34.57	33.0	tss_intergenic	Low Confidence (TSS_2.1)	56.0	1.27272727272727
TIGR4_SP_1982_TSS_1887161_-	SP_1982	NC_003028.3	1887161	-	60	20	81	44.44	53.0	tss_within_coding	Low Confidence (TSS_2.1)	177.0	1.19594594594595
TIGR4_SP_1983_TSS_1887942_-	SP_1983	NC_003028.3	1887942	-	60	20	81	44.44	215.0	tss_within_coding	Low Confidence (TSS_2.1)	83.0	1.10666666666667
TIGR4_SP_1984_TSS_1888750_-	SP_1984	NC_003028.3	1888750	-	60	20	81	45.68	134.0	tss_within_coding	Low Confidence (TSS_2.1)	54.0	1.0
TIGR4_SP_1985_TSS_1889514_-	SP_1985	NC_003028.3	1889514	-	60	20	81	28.4	24.0	tss_intergenic	High Confidence (TSS_100.4)	1504.0	6.51082251082251
TIGR4_SP_1987_TSS_1890785_-	SP_1987	NC_003028.3	1890785	-	60	20	81	35.8	222.0	tss_within_coding	Low Confidence (TSS_2.1)	244.0	1.01666666666667
TIGR4_SP_1988_TSS_1892695_-	SP_1988	NC_003028.3	1892695	-	60	20	81	30.86	88.0	tss_within_coding	High Confidence (TSS_100.4)	958.0	5.84146341463415
TIGR4_SpR08_sRNA_TSS_1892726_-	SpR08_sRNA	NC_003028.3	1892726	-	60	20	81	29.63	9.0	tss_intergenic	Low Confidence (TSS_2.1)	14.0	1.07692307692308
TIGR4_SP_1989_TSS_1893873_-	SP_1989	NC_003028.3	1893873	-	60	20	81	49.38	110.0	tss_within_coding	Low Confidence (TSS_2.1)	48.0	1.2972972972973
TIGR4_SP_1990_TSS_1894577_-	SP_1990	NC_003028.3	1894577	-	60	20	81	44.44	182.0	tss_within_coding	Low Confidence (TSS_2.1)	18.0	1.05882352941176
TIGR4_SP_1991_TSS_1895188_-	SP_1991	NC_003028.3	1895188	-	60	20	81	40.74	20.0	tss_intergenic	High Confidence (TSS_100.4)	4863.0	8.09151414309484
TIGR4_SP_RS10010_TSS_1896586_-	SP_RS10010	NC_003028.3	1896586	-	60	20	81	29.63	448.0	tss_intergenic	Low Confidence (TSS_2.1)	57.0	1.0
TIGR4_SP_1993_TSS_1896852_-	SP_1993	NC_003028.3	1896852	-	60	20	81	33.33	68.0	tss_intergenic	High Confidence (TSS_100.4)	53473.0	16.5193080012357
TIGR4_SP_1994_TSS_1898167_-	SP_1994	NC_003028.3	1898167	-	60	20	81	33.33	24.0	tss_intergenic	High Confidence (TSS_100.4)	14612.0	11.96723996724
TIGR4_SP_RS10025_TSS_1898627_-	SP_RS10025	NC_003028.3	1898627	-	60	20	81	23.46	37.0	tss_intergenic	Low Confidence (TSS_2.1)	14.0	2.33333333333333
TIGR4_SP_1997_TSS_1900656_-	SP_1997	NC_003028.3	1900656	-	60	20	81	35.8	26.0	tss_intergenic	High Confidence (TSS_100.4)	2630.0	6.35265700483092
TIGR4_SP_RS10045_TSS_1902408_-	SP_RS10045	NC_003028.3	1902408	-	60	20	81	41.98	158.0	tss_within_coding	Low Confidence (TSS_2.1)	112.0	1.12
TIGR4_SP_1999_TSS_1903439_-	SP_1999	NC_003028.3	1903439	-	60	20	81	24.69	115.0	tss_intergenic	High Confidence (TSS_100.4)	35216.0	15.3179643323184
TIGR4_R9_TSS_1903680_-	R9	NC_003028.3	1903680	-	60	20	81	30.86	42.0	tss_intergenic	Low Confidence (TSS_2.1)	72.0	7.2
TIGR4_SP_2000_TSS_1904547_-	SP_2000	NC_003028.3	1904547	-	60	20	81	34.57	199.0	tss_within_coding	Low Confidence (TSS_2.1)	23.0	1.53333333333333
TIGR4_SP_2001_TSS_1905887_-	SP_2001	NC_003028.3	1905887	-	60	20	81	34.57	441.0	tss_within_coding	High Confidence (TSS_100.4)	820.0	7.88461538461539
TIGR4_SP_2002_TSS_1906358_-	SP_2002	NC_003028.3	1906358	-	60	20	81	40.74	175.0	tss_within_coding	Low Confidence (TSS_2.1)	152.0	1.20634920634921
TIGR4_SP_2003_TSS_1907246_-	SP_2003	NC_003028.3	1907246	-	60	20	81	39.51	177.0	tss_within_coding	Low Confidence (TSS_2.1)	218.0	1.01395348837209
TIGR4_SP_2004_TSS_1907416_-	SP_2004	NC_003028.3	1907416	-	60	20	81	32.1	166.0	tss_within_coding	Low Confidence (TSS_2.1)	265.0	1.01145038167939
TIGR4_SP_2005_TSS_1907608_-	SP_2005	NC_003028.3	1907608	-	60	20	81	28.4	230.0	tss_intergenic	Low Confidence (TSS_2.1)	13.0	1.0
TIGR4_SP_2273_TSS_1908128_-	SP_2273	NC_003028.3	1908128	-	60	20	81	45.68	13.0	tss_intergenic	Low Confidence (TSS_2.1)	23.0	1.27777777777778
TIGR4_SP_2275_TSS_1908306_-	SP_2275	NC_003028.3	1908306	-	60	20	81	64.2	8.0	tss_intergenic	High Confidence (TSS_100.4)	943.0	943.0
TIGR4_SP_2279_TSS_1908675_-	SP_2279	NC_003028.3	1908675	-	60	20	81	55.56	25.0	tss_intergenic	High Confidence (TSS_100.4)	3319.0	3319.0
TIGR4_SP_2276_TSS_1908750_-	SP_2276	NC_003028.3	1908750	-	60	20	81	56.79	372.0	tss_within_coding	Low Confidence (TSS_2.1)	651.0	1.0077399380805
TIGR4_SP_2277_TSS_1908827_-	SP_2277	NC_003028.3	1908827	-	60	20	81	56.79	354.0	tss_within_coding	Low Confidence (TSS_2.1)	1016.0	1.19952774498229
TIGR4_SP_2278_TSS_1908943_-	SP_2278	NC_003028.3	1908943	-	60	20	81	33.33	370.0	tss_within_coding	Low Confidence (TSS_2.1)	1810.0	1.64995442114859
TIGR4_SP_2280_TSS_1909138_-	SP_2280	NC_003028.3	1909138	-	60	20	81	40.74	390.0	tss_within_coding	Low Confidence (TSS_2.1)	336.0	2.52631578947368
TIGR4_SP_2281_TSS_1909176_-	SP_2281	NC_003028.3	1909176	-	60	20	81	48.15	353.0	tss_within_coding	Low Confidence (TSS_2.1)	53.0	2.30434782608696
TIGR4_SP_rrnaC5S_TSS_1909249_-	SP_rrnaC5S	NC_003028.3	1909249	-	60	20	81	55.56	306.0	tss_within_coding	Low Confidence (TSS_2.1)	97.0	1.59016393442623
TIGR4_SP_rrnaC23S_TSS_1912011_-	SP_rrnaC23S	NC_003028.3	1912011	-	60	20	81	40.74	89.0	tss_intergenic	Low Confidence (TSS_2.1)	16961.0	1.76713898728902
TIGR4_SP_2282_TSS_1912520_-	SP_2282	NC_003028.3	1912520	-	60	20	81	50.62	402.0	tss_within_coding	Low Confidence (TSS_2.1)	1468.0	1.89664082687338
TIGR4_nan_TSS_1913825_-	nan	NC_003028.3	1913825	-	60	20	81	37.04	NA		Secondary TSS, Low confidence		
TIGR4_SP_rrnaC16S_TSS_1913865_-	SP_rrnaC16S	NC_003028.3	1913865	-	60	20	81	32.1	151.0	tss_intergenic	High Confidence (TSS_100.4)	4362.0	34.3464566929134
TIGR4_SP_2283_TSS_1914058_-	SP_2283	NC_003028.3	1914058	-	60	20	81	25.93	18.0	tss_intergenic	High Confidence (TSS_100.4)	14754.0	91.639751552795
TIGR4_SP_2006_TSS_1914627_-	SP_2006	NC_003028.3	1914627	-	60	20	81	32.1	14.0	tss_intergenic	Low Confidence (TSS_2.1)	93.0	13.2857142857143
TIGR4_SP_2007_TSS_1915334_-	SP_2007	NC_003028.3	1915334	-	60	20	81	25.93	63.0	tss_within_coding	Low Confidence (TSS_2.1)	73.0	1.12307692307692
TIGR4_SP_2009_TSS_1915676_-	SP_2009	NC_003028.3	1915676	-	60	20	81	38.27	13.0	tss_intergenic	High Confidence (TSS_100.4)	235127.0	6.3546120375125
TIGR4_SP_2010_TSS_1917912_-	SP_2010	NC_003028.3	1917912	-	60	20	81	24.69	0.0	tss_intergenic	High Confidence (TSS_100.4)	648.0	5.31147540983607
TIGR4_SP_2012_TSS_1920038_-	SP_2012	NC_003028.3	1920038	-	60	20	81	29.63	89.0	tss_intergenic	High Confidence (TSS_100.4)	1552.0	1552.0
TIGR4_SP_2013_TSS_1921445_-	SP_2013	NC_003028.3	1921445	-	60	20	81	40.74	339.0	tss_within_coding	Low Confidence (TSS_2.1)	185.0	1.16352201257862
TIGR4_SP_RS12475_TSS_1921994_-	SP_RS12475	NC_003028.3	1921994	-	60	20	81	27.16	0.0	tss_intergenic	High Confidence (TSS_100.4)	10809.0	5.72813990461049
TIGR4_SP_2016_TSS_1923085_-	SP_2016	NC_003028.3	1923085	-	60	20	81	28.4	61.0	tss_intergenic	High Confidence (TSS_100.4)	1898.0	7.97478991596639
TIGR4_SP_RS12480_TSS_1924663_-	SP_RS12480	NC_003028.3	1924663	-	60	20	81	30.86	10.0	tss_intergenic	Low Confidence (TSS_2.1)	2.0	2.0
TIGR4_SP_RS10215_TSS_1925453_-	SP_RS10215	NC_003028.3	1925453	-	60	20	81	32.1	349.0	tss_intergenic	Low Confidence (TSS_2.1)	6.0	6.0
TIGR4_SP_2020_TSS_1926318_-	SP_2020	NC_003028.3	1926318	-	60	20	81	27.16	27.0	tss_intergenic	Low Confidence (TSS_2.1)	1675.0	3.41140529531568
TIGR4_SP_2026_TSS_1933476_-	SP_2026	NC_003028.3	1933476	-	60	20	81	23.46	50.0	tss_intergenic	High Confidence (TSS_100.4)	23392.0	7.42367502380197
TIGR4_SP_2027_TSS_1934532_-	SP_2027	NC_003028.3	1934532	-	60	20	81	38.27	396.0	tss_within_coding	Low Confidence (TSS_2.1)	50.0	1.28205128205128
TIGR4_SP_2028_TSS_1934869_-	SP_2028	NC_003028.3	1934869	-	60	20	81	30.86	303.0	tss_within_coding	Low Confidence (TSS_2.1)	2245.0	1.00402504472272
TIGR4_SP_2029_TSS_1934935_-	SP_2029	NC_003028.3	1934935	-	60	20	81	30.86	24.0	tss_intergenic	High Confidence (TSS_100.4)	20560.0	7.77021919879063
TIGR4_SP_2030_TSS_1937050_-	SP_2030	NC_003028.3	1937050	-	60	20	81	27.16	46.0	tss_intergenic	Low Confidence (TSS_2.1)	1416.0	2.62222222222222
TIGR4_SP_2031_TSS_1938243_-	SP_2031	NC_003028.3	1938243	-	60	20	81	30.86	34.0	tss_intergenic	Low Confidence (TSS_2.1)	25.0	25.0
TIGR4_SP_2032_TSS_1940034_-	SP_2032	NC_003028.3	1940034	-	60	20	81	22.22	40.0	tss_intergenic	Low Confidence (TSS_2.1)	20.0	3.33333333333333
TIGR4_SP_2039_TSS_1945924_-	SP_2039	NC_003028.3	1945924	-	60	20	81	37.04	419.0	tss_within_coding	Low Confidence (TSS_2.1)	134.0	1.02290076335878
TIGR4_SP_2040_TSS_1946800_-	SP_2040	NC_003028.3	1946800	-	60	20	81	44.44	258.0	tss_within_coding	Low Confidence (TSS_2.1)	126.0	1.02439024390244
TIGR4_SP_2041_TSS_1947555_-	SP_2041	NC_003028.3	1947555	-	60	20	81	40.74	164.0	tss_within_coding	Low Confidence (TSS_2.1)	98.0	1.13953488372093
TIGR4_SP_2042_TSS_1947754_-	SP_2042	NC_003028.3	1947754	-	60	20	81	28.4	23.0	tss_intergenic	High Confidence (TSS_100.4)	11734.0	7.98231292517007
TIGR4_SP_2044_TSS_1949098_-	SP_2044	NC_003028.3	1949098	-	60	20	81	24.69	28.0	tss_intergenic	High Confidence (TSS_100.4)	352.0	4.63157894736842
TIGR4_SP_2045_TSS_1950074_-	SP_2045	NC_003028.3	1950074	-	60	20	81	29.63	0.0	tss_intergenic	High Confidence (TSS_100.4)	1186.0	8.35211267605634
TIGR4_SP_2052_TSS_1953971_-	SP_2052	NC_003028.3	1953971	-	60	20	81	40.74	284.0	tss_within_coding	Low Confidence (TSS_2.1)	16.0	4.0
TIGR4_SP_2053_TSS_1955001_-	SP_2053	NC_003028.3	1955001	-	60	20	81	33.33	425.0	tss_within_coding	Low Confidence (TSS_2.1)	116.0	1.33333333333333
TIGR4_SP_2054_TSS_1955035_-	SP_2054	NC_003028.3	1955035	-	60	20	81	30.86	12.0	tss_intergenic	High Confidence (TSS_100.4)	10413.0	8.09090909090909
TIGR4_SP_2055_TSS_1956262_-	SP_2055	NC_003028.3	1956262	-	60	20	81	19.75	36.0	tss_intergenic	High Confidence (TSS_100.4)	691.0	6.28181818181818
TIGR4_SP_2056_TSS_1957584_-	SP_2056	NC_003028.3	1957584	-	60	20	81	22.22	44.0	tss_intergenic	Low Confidence (TSS_2.1)	2361.0	2.9076354679803
TIGR4_SP_2057_TSS_1959537_-	SP_2057	NC_003028.3	1959537	-	60	20	81	22.22	27.0	tss_intergenic	High Confidence (TSS_100.4)	9142.0	7.5616211745244
TIGR4_SP_2058_TSS_1960808_-	SP_2058	NC_003028.3	1960808	-	60	20	81	35.8	58.0	tss_intergenic	High Confidence (TSS_100.4)	2526.0	8.42
TIGR4_SP_2060_TSS_1962449_-	SP_2060	NC_003028.3	1962449	-	60	20	81	25.93	40.0	tss_intergenic	High Confidence (TSS_100.4)	379.0	379.0
TIGR4_SP_2061_TSS_1963113_-	SP_2061	NC_003028.3	1963113	-	60	20	81	43.21	238.0	tss_within_coding	Low Confidence (TSS_2.1)	19.0	1.9
TIGR4_SP_2062_TSS_1963350_-	SP_2062	NC_003028.3	1963350	-	60	20	81	22.22	126.0	tss_intergenic	High Confidence (TSS_100.4)	101.0	14.4285714285714
TIGR4_SP_2063_TSS_1964773_-	SP_2063	NC_003028.3	1964773	-	60	20	81	34.57	27.0	tss_intergenic	High Confidence (TSS_100.4)	57600.0	4.99003725201421
TIGR4_SP_2064_TSS_1965659_-	SP_2064	NC_003028.3	1965659	-	60	20	81	48.15	127.0	tss_within_coding	Low Confidence (TSS_2.1)	26.0	1.08333333333333
TIGR4_SP_2065_TSS_1967048_-	SP_2065	NC_003028.3	1967048	-	60	20	81	43.21	232.0	tss_within_coding	Low Confidence (TSS_2.1)	85.0	85.0
TIGR4_SP_2066_TSS_1968386_-	SP_2066	NC_003028.3	1968386	-	60	20	81	30.86	25.0	tss_intergenic	High Confidence (TSS_100.4)	475.0	6.88405797101449
TIGR4_SP_2067_TSS_1969752_-	SP_2067	NC_003028.3	1969752	-	60	20	81	19.75	38.0	tss_intergenic	High Confidence (TSS_100.4)	209.0	4.64444444444444
TIGR4_SP_2284_TSS_1970157_-	SP_2284	NC_003028.3	1970157	-	60	20	81	54.32	253.0	tss_within_coding	Low Confidence (TSS_2.1)	322.0	1.10652920962199
TIGR4_SP_2285_TSS_1970326_-	SP_2285	NC_003028.3	1970326	-	60	20	81	56.79	341.0	tss_within_coding	Low Confidence (TSS_2.1)	2101.0	1.02537823328453
TIGR4_SP_2290_TSS_1970410_-	SP_2290	NC_003028.3	1970410	-	60	20	81	50.62	11.0	tss_intergenic	High Confidence (TSS_100.4)	1149.0	1149.0
TIGR4_SP_2287_TSS_1970545_-	SP_2287	NC_003028.3	1970545	-	60	20	81	45.68	392.0	tss_within_coding	Low Confidence (TSS_2.1)	20.0	1.0
TIGR4_SP_2291_TSS_1970582_-	SP_2291	NC_003028.3	1970582	-	60	20	81	54.32	83.0	tss_intergenic	High Confidence (TSS_100.4)	765.0	765.0
TIGR4_SP_2292_TSS_1970690_-	SP_2292	NC_003028.3	1970690	-	60	20	81	45.68	35.0	tss_intergenic	High Confidence (TSS_100.4)	2714.0	2714.0
TIGR4_nan_TSS_1970843_-	nan	NC_003028.3	1970843	-	60	20	81	56.79	NA		Secondary TSS, Low confidence		
TIGR4_nan_TSS_1970959_-	nan	NC_003028.3	1970959	-	60	20	81	33.33	NA		Secondary TSS, Low confidence		
TIGR4_SP_2293_TSS_1971154_-	SP_2293	NC_003028.3	1971154	-	60	20	81	40.74	393.0	tss_within_coding	Low Confidence (TSS_2.1)	333.0	2.08125
TIGR4_SP_rrnaB5S_TSS_1971265_-	SP_rrnaB5S	NC_003028.3	1971265	-	60	20	81	55.56	306.0	tss_within_coding	Low Confidence (TSS_2.1)	116.0	2.14814814814815
TIGR4_SP_rrnaB23S_TSS_1974027_-	SP_rrnaB23S	NC_003028.3	1974027	-	60	20	81	40.74	89.0	tss_intergenic	Low Confidence (TSS_2.1)	16756.0	1.65753289148284
TIGR4_SP_2295_TSS_1974536_-	SP_2295	NC_003028.3	1974536	-	60	20	81	50.62	402.0	tss_within_coding	Low Confidence (TSS_2.1)	1531.0	2.12343966712899
TIGR4_nan_TSS_1975841_-	nan	NC_003028.3	1975841	-	60	20	81	39.51	NA		Secondary TSS, Low confidence		
TIGR4_SP_rrnaB16S_TSS_1975881_-	SP_rrnaB16S	NC_003028.3	1975881	-	60	20	81	32.1	151.0	tss_intergenic	High Confidence (TSS_100.4)	4424.0	29.4933333333333
TIGR4_SP_2296_TSS_1976075_-	SP_2296	NC_003028.3	1976075	-	60	20	81	23.46	18.0	tss_intergenic	High Confidence (TSS_100.4)	15036.0	88.9704142011834
TIGR4_SP_2068_TSS_1977087_-	SP_2068	NC_003028.3	1977087	-	60	20	81	39.51	474.0	tss_within_coding	Low Confidence (TSS_2.1)	284.0	1.01428571428571
TIGR4_SP_2069_TSS_1978123_-	SP_2069	NC_003028.3	1978123	-	60	20	81	35.8	36.0	tss_intergenic	High Confidence (TSS_100.4)	3820.0	6.27257799671593
TIGR4_SP_2070_TSS_1979581_-	SP_2070	NC_003028.3	1979581	-	60	20	81	30.86	21.0	tss_within_coding	High Confidence (TSS_100.4)	250.0	4.62962962962963
TIGR4_SP_2071_TSS_1979736_-	SP_2071	NC_003028.3	1979736	-	60	20	81	29.63	10.0	tss_within_coding	Low Confidence (TSS_2.1)	32.0	1.23076923076923
TIGR4_SP_2072_TSS_1980447_-	SP_2072	NC_003028.3	1980447	-	60	20	81	33.33	28.0	tss_intergenic	High Confidence (TSS_100.4)	101.0	14.4285714285714
TIGR4_SP_2073_TSS_1982599_-	SP_2073	NC_003028.3	1982599	-	60	20	81	49.38	275.0	tss_within_coding	Low Confidence (TSS_2.1)	175.0	1.1437908496732
TIGR4_SP_2075_TSS_1984877_-	SP_2075	NC_003028.3	1984877	-	60	20	81	34.57	67.0	tss_within_coding	High Confidence (TSS_100.4)	347.0	13.88
TIGR4_srn477_TSS_1985058_-	srn477	NC_003028.3	1985058	-	60	20	81	46.91	89.0	tss_within_coding	Low Confidence (TSS_2.1)	34.0	1.30769230769231
TIGR4_trn0978_TSS_1986340_-	trn0978	NC_003028.3	1986340	-	60	20	81	49.38	29.0	tss_intergenic	Low Confidence (TSS_2.1)	121.0	1.21
TIGR4_SP_2077_TSS_1988024_-	SP_2077	NC_003028.3	1988024	-	60	20	81	17.28	37.0	tss_intergenic	High Confidence (TSS_100.4)	2681.0	6.03828828828829
TIGR4_SP_2090_TSS_1998777_-	SP_2090	NC_003028.3	1998777	-	60	20	81	46.91	121.0	tss_intergenic	Low Confidence (TSS_2.1)	2.0	2.0
TIGR4_tracrRNA_TSS_2001099_-	tracrRNA	NC_003028.3	2001099	-	60	20	81	27.16	133.0	tss_intergenic	Low Confidence (TSS_2.1)	2.0	2.0
TIGR4_R11_TSS_2002299_-	R11	NC_003028.3	2002299	-	60	20	81	46.91	104.0	tss_within_coding	Low Confidence (TSS_2.1)	17.0	17.0
TIGR4_SP_2095_TSS_2003765_-	SP_2095	NC_003028.3	2003765	-	60	20	81	44.44	178.0	tss_within_coding	Low Confidence (TSS_2.1)	39.0	1.0
TIGR4_SP_2096_TSS_2004854_-	SP_2096	NC_003028.3	2004854	-	60	20	81	43.21	125.0	tss_within_coding	Low Confidence (TSS_2.1)	34.0	34.0
TIGR4_SP_2097_TSS_2005519_-	SP_2097	NC_003028.3	2005519	-	60	20	81	34.57	24.0	tss_intergenic	Low Confidence (TSS_2.1)	197.0	3.03076923076923
TIGR4_srn491_TSS_2005685_-	srn491	NC_003028.3	2005685	-	60	20	81	33.33	11.0	tss_intergenic	Low Confidence (TSS_2.1)	81.0	6.23076923076923
TIGR4_SP_2098_TSS_2007047_-	SP_2098	NC_003028.3	2007047	-	60	20	81	43.21	411.0	tss_within_coding	High Confidence (TSS_100.4)	556.0	556.0
TIGR4_SP_2099_TSS_2009178_-	SP_2099	NC_003028.3	2009178	-	60	20	81	30.86	12.0	tss_intergenic	High Confidence (TSS_100.4)	444.0	24.6666666666667
TIGR4_SP_2101_TSS_2012942_-	SP_2101	NC_003028.3	2012942	-	60	20	81	30.86	237.0	tss_within_coding	Low Confidence (TSS_2.1)	260.0	1.67741935483871
TIGR4_SP_2102_TSS_2013000_-	SP_2102	NC_003028.3	2013000	-	60	20	81	20.99	15.0	tss_intergenic	High Confidence (TSS_100.4)	67991.0	8.83
TIGR4_SP_2104_TSS_2014729_-	SP_2104	NC_003028.3	2014729	-	60	20	81	25.93	22.0	tss_intergenic	Low Confidence (TSS_2.1)	64.0	4.0
TIGR4_SP_2106_TSS_2018990_-	SP_2106	NC_003028.3	2018990	-	60	20	81	41.98	333.0	tss_within_coding	Low Confidence (TSS_2.1)	174.0	1.02958579881657
TIGR4_SP_2107_TSS_2020339_-	SP_2107	NC_003028.3	2020339	-	60	20	81	28.4	139.0	tss_intergenic	High Confidence (TSS_100.4)	1723.0	6.02447552447552
TIGR4_SP_2113_TSS_2027568_-	SP_2113	NC_003028.3	2027568	-	60	20	81	44.44	18.0	tss_intergenic	Low Confidence (TSS_2.1)	64.0	1.10344827586207
TIGR4_SP_2114_TSS_2029313_-	SP_2114	NC_003028.3	2029313	-	60	20	81	34.57	22.0	tss_intergenic	High Confidence (TSS_100.4)	2783.0	2783.0
TIGR4_SP_2115_TSS_2029883_-	SP_2115	NC_003028.3	2029883	-	60	20	81	38.27	10.0	tss_intergenic	High Confidence (TSS_100.4)	11174.0	16.6776119402985
TIGR4_SP_2118_TSS_2031692_-	SP_2118	NC_003028.3	2031692	-	60	20	81	37.04	215.0	tss_within_coding	Low Confidence (TSS_2.1)	61.0	1.08928571428571
TIGR4_SP_2119_TSS_2032040_-	SP_2119	NC_003028.3	2032040	-	60	20	81	24.69	357.0	tss_within_coding	High Confidence (TSS_100.4)	1201.0	4.01672240802676
TIGR4_SP_RS10815_TSS_2032387_-	SP_RS10815	NC_003028.3	2032387	-	60	20	81	39.51	227.0	tss_within_coding	Low Confidence (TSS_2.1)	128.0	1.11304347826087
TIGR4_SP_RS10820_TSS_2032721_-	SP_RS10820	NC_003028.3	2032721	-	60	20	81	48.15	280.0	tss_within_coding	Low Confidence (TSS_2.1)	64.0	1.36170212765957
TIGR4_SP_2121_TSS_2033750_-	SP_2121	NC_003028.3	2033750	-	60	20	81	24.69	23.0	tss_intergenic	High Confidence (TSS_100.4)	17684.0	4.21047619047619
TIGR4_SP_2122_TSS_2035445_-	SP_2122	NC_003028.3	2035445	-	60	20	81	32.1	393.0	tss_within_coding	Low Confidence (TSS_2.1)	43.0	1.26470588235294
TIGR4_SP_RS10835_TSS_2036119_-	SP_RS10835	NC_003028.3	2036119	-	60	20	81	28.4	26.0	tss_intergenic	Low Confidence (TSS_2.1)	278.0	3.34939759036145
TIGR4_SP_2124_TSS_2036213_-	SP_2124	NC_003028.3	2036213	-	60	20	81	41.98	11.0	tss_intergenic	High Confidence (TSS_100.4)	170.0	170.0
TIGR4_SP_2126_TSS_2038586_-	SP_2126	NC_003028.3	2038586	-	60	20	81	28.4	23.0	tss_intergenic	High Confidence (TSS_100.4)	1066.0	6.5
TIGR4_SP_2127_TSS_2039862_-	SP_2127	NC_003028.3	2039862	-	60	20	81	32.1	134.0	tss_within_coding	Low Confidence (TSS_2.1)	20.0	20.0
TIGR4_SP_2130_TSS_2042624_-	SP_2130	NC_003028.3	2042624	-	60	20	81	39.51	395.0	tss_within_coding	Low Confidence (TSS_2.1)	59.0	1.4390243902439
TIGR4_SP_2131_TSS_2044277_-	SP_2131	NC_003028.3	2044277	-	60	20	81	23.46	14.0	tss_intergenic	High Confidence (TSS_100.4)	457.0	32.6428571428571
TIGR4_trn1025_TSS_2048654_-	trn1025	NC_003028.3	2048654	-	60	20	81	22.22	10.0	tss_intergenic	High Confidence (TSS_100.4)	678.0	5.69747899159664
TIGR4_SP_2139_TSS_2050356_-	SP_2139	NC_003028.3	2050356	-	60	20	81	30.86	146.0	tss_intergenic	High Confidence (TSS_100.4)	263.0	5.97727272727273
TIGR4_SP_2144_TSS_2057444_-	SP_2144	NC_003028.3	2057444	-	60	20	81	28.4	30.0	tss_intergenic	High Confidence (TSS_100.4)	137.0	8.5625
TIGR4_SP_2146_TSS_2061682_-	SP_2146	NC_003028.3	2061682	-	60	20	81	27.16	293.0	tss_intergenic	High Confidence (TSS_100.4)	202.0	9.18181818181818
TIGR4_SP_RS12520_TSS_2069199_-	SP_RS12520	NC_003028.3	2069199	-	60	20	81	28.4	21.0	tss_intergenic	Low Confidence (TSS_2.1)	13.0	1.3
TIGR4_SP_RS12525_TSS_2069541_-	SP_RS12525	NC_003028.3	2069541	-	60	20	81	34.57	213.0	tss_within_coding	Low Confidence (TSS_2.1)	22.0	1.15789473684211
TIGR4_SP_RS10990_TSS_2069947_-	SP_RS10990	NC_003028.3	2069947	-	60	20	81	40.74	380.0	tss_within_coding	Low Confidence (TSS_2.1)	15.0	2.14285714285714
TIGR4_SP_2156_TSS_2070891_-	SP_2156	NC_003028.3	2070891	-	60	20	81	34.57	26.0	tss_intergenic	High Confidence (TSS_100.4)	471.0	6.72857142857143
TIGR4_SP_2157_TSS_2072181_-	SP_2157	NC_003028.3	2072181	-	60	20	81	29.63	35.0	tss_intergenic	High Confidence (TSS_100.4)	179.0	5.11428571428571
TIGR4_SP_2163_TSS_2081917_-	SP_2163	NC_003028.3	2081917	-	60	20	81	30.86	232.0	tss_within_coding	Low Confidence (TSS_2.1)	17.0	5.66666666666667
TIGR4_SP_2164_TSS_2082135_-	SP_2164	NC_003028.3	2082135	-	60	20	81	32.1	13.0	tss_intergenic	Low Confidence (TSS_2.1)	20.0	5.0
TIGR4_RsaJ_TSS_2087037_-	RsaJ	NC_003028.3	2087037	-	60	20	81	38.27	307.0	tss_within_coding	Low Confidence (TSS_2.1)	25.0	1.66666666666667
TIGR4_SP_2169_TSS_2088331_-	SP_2169	NC_003028.3	2088331	-	60	20	81	27.16	9.0	tss_intergenic	Low Confidence (TSS_2.1)	22.0	2.0
TIGR4_SP_2170_TSS_2089157_-	SP_2170	NC_003028.3	2089157	-	60	20	81	49.38	19.0	tss_within_coding	Low Confidence (TSS_2.1)	50.0	1.19047619047619
TIGR4_SP_2171_TSS_2090108_-	SP_2171	NC_003028.3	2090108	-	60	20	81	41.98	273.0	tss_within_coding	Low Confidence (TSS_2.1)	297.0	1.10820895522388
TIGR4_SP_2172_TSS_2090344_-	SP_2172	NC_003028.3	2090344	-	60	20	81	25.93	69.0	tss_intergenic	High Confidence (TSS_100.4)	2262.0	9.9647577092511
TIGR4_SP_2173_TSS_2091892_-	SP_2173	NC_003028.3	2091892	-	60	20	81	22.22	194.0	tss_within_coding	Low Confidence (TSS_2.1)	660.0	1.07142857142857
TIGR4_SP_2174_TSS_2092250_-	SP_2174	NC_003028.3	2092250	-	60	20	81	37.04	320.0	tss_within_coding	Low Confidence (TSS_2.1)	92.0	1.03370786516854
TIGR4_SP_2175_TSS_2093377_-	SP_2175	NC_003028.3	2093377	-	60	20	81	44.44	189.0	tss_within_coding	Low Confidence (TSS_2.1)	92.0	1.08235294117647
TIGR4_SP_2176_TSS_2094837_-	SP_2176	NC_003028.3	2094837	-	60	20	81	37.04	102.0	tss_within_coding	Low Confidence (TSS_2.1)	45.0	1.15384615384615
TIGR4_SP_2177_TSS_2094955_-	SP_2177	NC_003028.3	2094955	-	60	20	81	27.16	68.0	tss_intergenic	High Confidence (TSS_100.4)	1211.0	7.52173913043478
TIGR4_SP_2178_TSS_2095567_-	SP_2178	NC_003028.3	2095567	-	60	20	81	44.44	94.0	tss_intergenic	Low Confidence (TSS_2.1)	3.0	3.0
TIGR4_SP_2179_TSS_2097098_-	SP_2179	NC_003028.3	2097098	-	60	20	81	30.86	13.0	tss_intergenic	Low Confidence (TSS_2.1)	5.0	1.66666666666667
TIGR4_SP_RS11120_TSS_2098133_-	SP_RS11120	NC_003028.3	2098133	-	60	20	81	20.99	46.0	tss_intergenic	Low Confidence (TSS_2.1)	52.0	6.5
TIGR4_Intron_gpII_TSS_2099028_-	Intron_gpII	NC_003028.3	2099028	-	60	20	81	35.8	485.0	tss_within_coding	Low Confidence (TSS_2.1)	29.0	1.0
TIGR4_SP_RS11135_TSS_2100067_-	SP_RS11135	NC_003028.3	2100067	-	60	20	81	46.91	268.0	tss_within_coding	Low Confidence (TSS_2.1)	13.0	1.85714285714286
TIGR4_group-II-D1D4-1_TSS_2100130_-	group-II-D1D4-1	NC_003028.3	2100130	-	60	20	81	38.27	51.0	tss_intergenic	Low Confidence (TSS_2.1)	14.0	1.75
TIGR4_group-II-D1D4-3_TSS_2100440_-	group-II-D1D4-3	NC_003028.3	2100440	-	60	20	81	30.86	43.0	tss_intergenic	Low Confidence (TSS_2.1)	21.0	21.0
TIGR4_SP_RS11140_TSS_2100742_-	SP_RS11140	NC_003028.3	2100742	-	60	20	81	24.69	25.0	tss_intergenic	Low Confidence (TSS_2.1)	10.0	10.0
TIGR4_SP_2183_TSS_2101879_-	SP_2183	NC_003028.3	2101879	-	60	20	81	29.63	131.0	tss_intergenic	Low Confidence (TSS_2.1)	9.0	2.25
TIGR4_SP_2185_TSS_2104926_-	SP_2185	NC_003028.3	2104926	-	60	20	81	46.91	281.0	tss_within_coding	Low Confidence (TSS_2.1)	64.0	1.20754716981132
TIGR4_SP_2186_TSS_2106238_-	SP_2186	NC_003028.3	2106238	-	60	20	81	25.93	43.0	tss_intergenic	High Confidence (TSS_100.4)	744.0	7.29411764705882
TIGR4_SP_2187_TSS_2107802_-	SP_2187	NC_003028.3	2107802	-	60	20	81	27.16	21.0	tss_intergenic	High Confidence (TSS_100.4)	746.0	5.44525547445255
TIGR4_SP_2190_TSS_2112123_-	SP_2190	NC_003028.3	2112123	-	60	20	81	22.22	27.0	tss_intergenic	High Confidence (TSS_100.4)	210.0	5.1219512195122
TIGR4_SP_2191_TSS_2112724_-	SP_2191	NC_003028.3	2112724	-	60	20	81	24.69	22.0	tss_intergenic	High Confidence (TSS_100.4)	218.0	6.05555555555556
TIGR4_SP_2192_TSS_2114335_-	SP_2192	NC_003028.3	2114335	-	60	20	81	32.1	219.0	tss_within_coding	Low Confidence (TSS_2.1)	22.0	1.22222222222222
TIGR4_SP_2193_TSS_2114948_-	SP_2193	NC_003028.3	2114948	-	60	20	81	41.98	182.0	tss_within_coding	Low Confidence (TSS_2.1)	946.0	1.18546365914787
TIGR4_SP_RS12550_TSS_2115037_-	SP_RS12550	NC_003028.3	2115037	-	60	20	81	27.16	2.0	tss_intergenic	Low Confidence (TSS_2.1)	126.0	1.09565217391304
TIGR4_SP_2194_TSS_2118118_-	SP_2194	NC_003028.3	2118118	-	60	20	81	46.91	278.0	tss_within_coding	High Confidence (TSS_100.4)	226.0	226.0
TIGR4_SP_2195_TSS_2118336_-	SP_2195	NC_003028.3	2118336	-	60	20	81	32.1	36.0	tss_intergenic	High Confidence (TSS_100.4)	4742.0	8.45276292335116
TIGR4_SP_2196_TSS_2119444_-	SP_2196	NC_003028.3	2119444	-	60	20	81	38.27	297.0	tss_within_coding	Low Confidence (TSS_2.1)	39.0	39.0
TIGR4_SP_2197_TSS_2120375_-	SP_2197	NC_003028.3	2120375	-	60	20	81	48.15	221.0	tss_within_coding	Low Confidence (TSS_2.1)	25.0	1.38888888888889
TIGR4_SP_2198_TSS_2121176_-	SP_2198	NC_003028.3	2121176	-	60	20	81	40.74	222.0	tss_within_coding	Low Confidence (TSS_2.1)	216.0	1.16129032258065
TIGR4_SP_2199_TSS_2121369_-	SP_2199	NC_003028.3	2121369	-	60	20	81	30.86	165.0	tss_within_coding	High Confidence (TSS_100.4)	240.0	240.0
TIGR4_TPP_TSS_2121653_-	TPP	NC_003028.3	2121653	-	60	20	81	35.8	276.0	tss_within_coding	Low Confidence (TSS_2.1)	21.0	1.90909090909091
TIGR4_SP_2201_TSS_2123143_-	SP_2201	NC_003028.3	2123143	-	60	20	81	32.1	337.0	tss_within_coding	Low Confidence (TSS_2.1)	34.0	1.09677419354839
TIGR4_SP_2202_TSS_2123545_-	SP_2202	NC_003028.3	2123545	-	60	20	81	38.27	384.0	tss_within_coding	High Confidence (TSS_100.4)	545.0	5.09345794392523
TIGR4_SP_2203_TSS_2124926_-	SP_2203	NC_003028.3	2124926	-	60	20	81	33.33	411.0	tss_within_coding	High Confidence (TSS_100.4)	584.0	584.0
TIGR4_SP_2204_TSS_2125030_-	SP_2204	NC_003028.3	2125030	-	60	20	81	32.1	19.0	tss_within_coding	Low Confidence (TSS_2.1)	7573.0	1.07144878324844
TIGR4_SP_2205_TSS_2126994_-	SP_2205	NC_003028.3	2126994	-	60	20	81	32.1	13.0	tss_intergenic	High Confidence (TSS_100.4)	4829.0	11.8068459657702
TIGR4_SP_2206_TSS_2127700_-	SP_2206	NC_003028.3	2127700	-	60	20	81	23.46	35.0	tss_intergenic	High Confidence (TSS_100.4)	13434.0	5.14121699196326
TIGR4_SP_2208_TSS_2130187_-	SP_2208	NC_003028.3	2130187	-	60	20	81	38.27	485.0	tss_within_coding	Low Confidence (TSS_2.1)	19.0	19.0
TIGR4_SP_RS11300_TSS_2132931_-	SP_RS11300	NC_003028.3	2132931	-	60	20	81	35.8	32.0	tss_intergenic	Low Confidence (TSS_2.1)	2.0	2.0
TIGR4_SP_2214_TSS_2134257_-	SP_2214	NC_003028.3	2134257	-	60	20	81	34.57	72.0	tss_intergenic	High Confidence (TSS_100.4)	202.0	202.0
TIGR4_SP_2215_TSS_2135152_-	SP_2215	NC_003028.3	2135152	-	60	20	81	24.69	109.0	tss_intergenic	High Confidence (TSS_100.4)	11624.0	15.8581173260573
TIGR4_SP_2216_TSS_2136474_-	SP_2216	NC_003028.3	2136474	-	60	20	81	28.4	29.0	tss_intergenic	High Confidence (TSS_100.4)	63910.0	63910.0
TIGR4_SP_2217_TSS_2137273_-	SP_2217	NC_003028.3	2137273	-	60	20	81	28.4	240.0	tss_within_coding	Low Confidence (TSS_2.1)	90.0	1.2
TIGR4_SP_2218_TSS_2138329_-	SP_2218	NC_003028.3	2138329	-	60	20	81	32.1	478.0	tss_within_coding	Low Confidence (TSS_2.1)	42.0	1.35483870967742
TIGR4_SP_2219_TSS_2138826_-	SP_2219	NC_003028.3	2138826	-	60	20	81	39.51	122.0	tss_within_coding	Low Confidence (TSS_2.1)	259.0	1.295
TIGR4_SP_2220_TSS_2139784_-	SP_2220	NC_003028.3	2139784	-	60	20	81	40.74	248.0	tss_within_coding	Low Confidence (TSS_2.1)	319.0	1.02572347266881
TIGR4_SP_2221_TSS_2140487_-	SP_2221	NC_003028.3	2140487	-	60	20	81	34.57	139.0	tss_within_coding	Low Confidence (TSS_2.1)	13.0	1.08333333333333
TIGR4_SP_2222_TSS_2141216_-	SP_2222	NC_003028.3	2141216	-	60	20	81	39.51	326.0	tss_within_coding	Low Confidence (TSS_2.1)	36.0	36.0
TIGR4_SP_2223_TSS_2141747_-	SP_2223	NC_003028.3	2141747	-	60	20	81	33.33	16.0	tss_intergenic	Low Confidence (TSS_2.1)	97.0	1.02105263157895
TIGR4_SP_2224_TSS_2143064_-	SP_2224	NC_003028.3	2143064	-	60	20	81	30.86	17.0	tss_within_coding	Low Confidence (TSS_2.1)	18.0	1.5
TIGR4_SP_2225_TSS_2144315_-	SP_2225	NC_003028.3	2144315	-	60	20	81	29.63	21.0	tss_intergenic	High Confidence (TSS_100.4)	8606.0	9.62639821029083
TIGR4_SP_2228_TSS_2147498_-	SP_2228	NC_003028.3	2147498	-	60	20	81	25.93	48.0	tss_intergenic	High Confidence (TSS_100.4)	2617.0	4.03858024691358
TIGR4_SP_2229_TSS_2148649_-	SP_2229	NC_003028.3	2148649	-	60	20	81	25.93	22.0	tss_intergenic	High Confidence (TSS_100.4)	6068.0	4.88566827697263
TIGR4_SP_RS11400_TSS_2153879_-	SP_RS11400	NC_003028.3	2153879	-	60	20	81	39.51	30.0	tss_intergenic	Low Confidence (TSS_2.1)	3.0	3.0
TIGR4_SP_2233_TSS_2154791_-	SP_2233	NC_003028.3	2154791	-	60	20	81	14.81	90.0	tss_intergenic	Low Confidence (TSS_2.1)	56.0	11.2
TIGR4_SP_2298_TSS_2155630_-	SP_2298	NC_003028.3	2155630	-	60	20	81	28.4	17.0	tss_intergenic	High Confidence (TSS_100.4)	144.0	24.0
TIGR4_SP_2235_TSS_2156539_-	SP_2235	NC_003028.3	2156539	-	60	20	81	41.98	122.0	tss_within_coding	Low Confidence (TSS_2.1)	28.0	1.27272727272727
TIGR4_SP_2237_TSS_2157927_-	SP_2237	NC_003028.3	2157927	-	60	20	81	24.69	42.0	tss_intergenic	High Confidence (TSS_100.4)	105.0	21.0
TIGR4_SP_2299_TSS_2158568_-	SP_2299	NC_003028.3	2158568	-	60	20	81	30.86	445.0	tss_within_coding	Low Confidence (TSS_2.1)	50.0	1.21951219512195
TIGR4_SP_2238_TSS_2158646_-	SP_2238	NC_003028.3	2158646	-	60	20	81	20.99	0.0	tss_intergenic	High Confidence (TSS_100.4)	1183.0	5.52803738317757
