Locus_tag	Locus_start	Locus_end	Strand	TSS_position	Within_coding_vs_intergenic	Processed/unprocessed ratio	Processed_coverage	Unprocessed_coverage	5'-UTR_length	_Source_Sheet	Locus	Start	End	Primary_TSS	Primary_Processed_cov	Primary_Ratio	Primary_5'-UTR_length	Unnamed: 8	Secondary_TSS	Secondary_Processed_cov	Secondary_Ratio	Secondary_5'-UTR_length
SP_0001	197.0	1558.0	+	161.0	tss_intergenic	5.83636363636364	642.0	110.0	36.0	High Confidence (TSS_100.4)												
SP_RS00015	2918.0	3112.0	+	2902.0	tss_intergenic	8.5016835016835	2525.0	297.0	16.0	High Confidence (TSS_100.4)												
SP_0004	3196.0	4311.0	+	3167.0	tss_intergenic	17.1971326164875	4798.0	279.0	29.0	High Confidence (TSS_100.4)												
SP_0007	8519.0	8785.0	+	8507.0	tss_intergenic	5.93438735177866	7507.0	1265.0	12.0	High Confidence (TSS_100.4)												
SP_0010	9266.0	10534.0	+	9188.0	tss_intergenic	382.0	382.0	0.0	78.0	High Confidence (TSS_100.4)												
SP_0012	11812.0	12354.0	+	11779.0	tss_within_coding	6.6936170212766	4719.0	705.0	33.0	High Confidence (TSS_100.4)												
SP_0014	14450.0	14929.0	+	14436.0	tss_intergenic	11.2222222222222	101.0	9.0	14.0	High Confidence (TSS_100.4)												
SP_2242	15023.0	15094.0	+	15005.0	tss_intergenic	90.8793103448276	15813.0	174.0	18.0	High Confidence (TSS_100.4)												
SP_rrnaA16S	15349.0	16900.0	+	15198.0	tss_intergenic	37.2677165354331	9466.0	254.0	151.0	High Confidence (TSS_100.4)												
SP_rrnaA5S	20120.0	20235.0	+	20100.0	tss_intergenic	539.0	539.0	0.0	20.0	High Confidence (TSS_100.4)												
SP_RS11515	20422.0	21267.0	+	20422.0	tss_intergenic	7.92016238159675	5853.0	739.0	0.0	High Confidence (TSS_100.4)												
SP_0019	22832.0	24118.0	+	22759.0	tss_intergenic	31.3412698412698	39490.0	1260.0	73.0	High Confidence (TSS_100.4)												
SP_0020	24319.0	24786.0	+	24292.0	tss_intergenic	1391.0	1391.0	0.0	27.0	High Confidence (TSS_100.4)												
SP_0021	24973.0	25416.0	+	24944.0	tss_intergenic	5.52173913043478	127.0	23.0	29.0	High Confidence (TSS_100.4)												
SP_0027	28862.0	29830.0	+	28813.0	tss_intergenic	34.3853211009174	11244.0	327.0	49.0	High Confidence (TSS_100.4)												
SP_0033	34253.0	34690.0	+	34234.0	tss_intergenic	179.0	179.0	0.0	19.0	High Confidence (TSS_100.4)												
SP_0034	35009.0	36019.0	-	36040.0	tss_intergenic	5.37359550561798	1913.0	356.0	21.0	High Confidence (TSS_100.4)												
SP_0035	36168.0	37337.0	+	36144.0	tss_intergenic	13.4074074074074	3258.0	243.0	24.0	High Confidence (TSS_100.4)												
SP_0041	39871.0	40101.0	+	39821.0	tss_intergenic	5.46941323345818	4381.0	801.0	50.0	High Confidence (TSS_100.4)												
SP_0051	54740.0	56002.0	+	54713.0	tss_intergenic	10.7429718875502	2675.0	249.0	27.0	High Confidence (TSS_100.4)												
SP_0055	57981.0	58208.0	+	57883.0	tss_within_coding	9.22749590834697	22552.0	2444.0	98.0	High Confidence (TSS_100.4)												
SP_0056	58271.0	59569.0	+	58183.0	tss_within_coding	181.0	181.0	0.0	88.0	High Confidence (TSS_100.4)												
SP_0058	63890.0	64606.0	-	64632.0	tss_intergenic	10.4379878577624	12035.0	1153.0	26.0	High Confidence (TSS_100.4)												
SP_0060	64955.0	66742.0	+	64910.0	tss_intergenic	10.1632653061224	498.0	49.0	45.0	High Confidence (TSS_100.4)												
SP_0071	73761.0	79331.0	+	73652.0	tss_intergenic	5.87254901960784	599.0	102.0	109.0	High Confidence (TSS_100.4)												
SP_0074	80647.0	81204.0	+	80628.0	tss_intergenic	11.2324840764331	3527.0	314.0	19.0	High Confidence (TSS_100.4)												
SP_0075	81421.0	82185.0	+	81400.0	tss_intergenic	6.27397260273973	458.0	73.0	21.0	High Confidence (TSS_100.4)												
SP_RS11555	84991.0	85154.0	+	84967.0	tss_intergenic	6.18446601941748	637.0	103.0	24.0	High Confidence (TSS_100.4)												
SP_0083	89038.0	89736.0	+	89005.0	tss_intergenic	7.68312757201646	1867.0	243.0	33.0	High Confidence (TSS_100.4)												
SP_0085	90980.0	91591.0	+	90828.0	tss_intergenic	30.7740384615385	19203.0	624.0	152.0	High Confidence (TSS_100.4)												
SpF01_sRNA	91593.0	91664.0	+	91266.0	tss_within_coding	341.0	341.0	0.0	327.0	High Confidence (TSS_100.4)												
SP_0086	91769.0	91927.0	+	91769.0	tss_intergenic	5.75062189054726	9247.0	1608.0	0.0	High Confidence (TSS_100.4)												
SP_0090	92999.0	93928.0	+	92933.0	tss_intergenic	9.875	158.0	16.0	66.0	High Confidence (TSS_100.4)												
SP_0095	96870.0	97856.0	+	96820.0	tss_intergenic	12.6460767946578	7575.0	599.0	50.0	High Confidence (TSS_100.4)												
SP_0099	101200.0	101793.0	-	101817.0	tss_within_coding	169.0	169.0	0.0	24.0	High Confidence (TSS_100.4)												
SP_0100	101780.0	102106.0	-	102156.0	tss_intergenic	6.35411471321696	2548.0	401.0	50.0	High Confidence (TSS_100.4)												
SP_0101	102245.0	103411.0	-	103441.0	tss_intergenic	15.8846153846154	413.0	26.0	30.0	High Confidence (TSS_100.4)												
SP_0106	108491.0	109162.0	-	109186.0	tss_intergenic	7.25806451612903	450.0	62.0	24.0	High Confidence (TSS_100.4)												
SP_0107	109404.0	109991.0	+	109379.0	tss_intergenic	4.44736083068936	15419.0	3467.0	25.0	High Confidence (TSS_100.4)												
SP_0117	118423.0	120657.0	+	118380.0	tss_intergenic	16.0	34656.0	2166.0	43.0	High Confidence (TSS_100.4)												
F5	120678.0	120848.0	+	120198.0	tss_within_coding	215.0	215.0	0.0	480.0	High Confidence (TSS_100.4)												
SP_0118	121058.0	122179.0	+	120985.0	tss_intergenic	26.0032154340836	8087.0	311.0	73.0	High Confidence (TSS_100.4)												
Spd-sr37	122217.0	122283.0	+	122215.0	tss_intergenic	10.150234741784	6486.0	639.0	2.0	High Confidence (TSS_100.4)												
SP_0122	126732.0	126965.0	-	127069.0	tss_intergenic	8.34475420302192	39212.0	4699.0	104.0	High Confidence (TSS_100.4)												
SP_0127	128300.0	128983.0	+	128277.0	tss_intergenic	5.8579235	1072.0	183.0	23.0	High Confidence (TSS_100.4)												
SP_0129	129407.0	130417.0	+	129159.0	tss_within_coding	130.0	130.0	0.0	248.0	High Confidence (TSS_100.4)												
SP_0141	139839.0	140702.0	+	139528.0	tss_intergenic	15.1	453.0	30.0	311.0	High Confidence (TSS_100.4)												
SP_0142	140988.0	141221.0	+	140916.0	tss_intergenic	5.20810055865922	3729.0	716.0	72.0	High Confidence (TSS_100.4)												
SP_0148	145513.0	146343.0	+	145489.0	tss_intergenic	14415.0	14415.0	0.0	24.0	High Confidence (TSS_100.4)												
SP_0149	146497.0	147351.0	+	146472.0	tss_intergenic	12.7923627684964	5360.0	419.0	25.0	High Confidence (TSS_100.4)												
SP_0151	148817.0	149878.0	+	148541.0	tss_within_coding	4.98076923076923	4144.0	832.0	276.0	High Confidence (TSS_100.4)												
SP_0154	151306.0	151920.0	+	151283.0	tss_intergenic	5.49056603773585	291.0	53.0	23.0	High Confidence (TSS_100.4)												
SP_0158	155529.0	155999.0	+	155490.0	tss_intergenic	4.0299823633157	2285.0	567.0	39.0	High Confidence (TSS_100.4)												
SP_0161	158319.0	158759.0	-	158807.0	tss_intergenic	9.43478260869565	217.0	23.0	48.0	High Confidence (TSS_100.4)												
FMN	171572.0	171686.0	-	171694.0	tss_intergenic	208.0	208.0	0.0	8.0	High Confidence (TSS_100.4)												
SP_0179	171843.0	172436.0	+	171819.0	tss_intergenic	6.32692308	1316.0	208.0	24.0	High Confidence (TSS_100.4)												
SP_0182	173820.0	174851.0	-	174875.0	tss_intergenic	10.4303797468354	824.0	79.0	24.0	High Confidence (TSS_100.4)												
SP_0185	175801.0	176745.0	-	176785.0	tss_intergenic	16.8813559322034	3984.0	236.0	40.0	High Confidence (TSS_100.4)												
SP_0186	176877.0	179708.0	+	176853.0	tss_intergenic	6.66393442622951	813.0	122.0	24.0	High Confidence (TSS_100.4)												
SP_0189	180894.0	181292.0	+	180869.0	tss_intergenic	6.12719013627515	37768.0	6164.0	25.0	High Confidence (TSS_100.4)												
SP_0191	181358.0	181927.0	+	181357.0	tss_intergenic	109.0	109.0	0.0	1.0	High Confidence (TSS_100.4)												
SP_0192	182014.0	182280.0	+	181990.0	tss_intergenic	7.58471337579618	17862.0	2355.0	24.0	High Confidence (TSS_100.4)												
SP_0194	182719.0	183024.0	+	182571.0	tss_within_coding	6569.0	6569.0	0.0	148.0	High Confidence (TSS_100.4)												
SP_0197	183277.0	184533.0	+	182815.0	tss_within_coding	198.0	198.0	0.0	462.0	High Confidence (TSS_100.4)												
SP_0199	185221.0	186753.0	+	185181.0	tss_intergenic	5.35	107.0	20.0	40.0	High Confidence (TSS_100.4)												
SP_0200	187011.0	188550.0	+	186987.0	tss_intergenic	12.9220779220779	7960.0	616.0	24.0	High Confidence (TSS_100.4)												
SP_0202	188664.0	190877.0	+	188640.0	tss_intergenic	9.29310344827586	3234.0	348.0	24.0	High Confidence (TSS_100.4)												
SP_0206	192159.0	192461.0	+	192019.0	tss_within_coding	6.89473684210526	131.0	19.0	140.0	High Confidence (TSS_100.4)												
SP_0208	193042.0	193350.0	+	192910.0	tss_intergenic	5.41171477079796	6375.0	1178.0	132.0	High Confidence (TSS_100.4)												
SP_0209	193567.0	194193.0	+	193352.0	tss_intergenic	279.0	279.0	0.0	215.0	High Confidence (TSS_100.4)												
SP_0212	195155.0	195988.0	+	194878.0	tss_within_coding	174.0	174.0	0.0	277.0	High Confidence (TSS_100.4)												
SP_0213	196092.0	196373.0	+	196070.0	tss_intergenic	1996.0	1996.0	0.0	22.0	High Confidence (TSS_100.4)												
SP_0214	196385.0	196729.0	+	196093.0	tss_within_coding	606.0	606.0	0.0	292.0	High Confidence (TSS_100.4)												
SP_0215	196742.0	197395.0	+	196402.0	tss_within_coding	949.0	949.0	0.0	340.0	High Confidence (TSS_100.4)												
SP_0216	197399.0	197812.0	+	197068.0	tss_within_coding	1547.0	1547.0	0.0	331.0	High Confidence (TSS_100.4)												
SP_0217	197822.0	198028.0	+	197575.0	tss_within_coding	2473.0	2473.0	0.0	247.0	High Confidence (TSS_100.4)												
SP_0218	198053.0	198313.0	+	197877.0	tss_within_coding	412.0	412.0	0.0	176.0	High Confidence (TSS_100.4)												
SP_0219	198339.0	198707.0	+	198091.0	tss_within_coding	631.0	631.0	0.0	248.0	High Confidence (TSS_100.4)												
SP_0220	198785.0	199090.0	+	198578.0	tss_within_coding	374.0	374.0	0.0	207.0	High Confidence (TSS_100.4)												
SP_0221	199114.0	199656.0	+	198873.0	tss_within_coding	1577.0	1577.0	0.0	241.0	High Confidence (TSS_100.4)												
SP_0222	199674.0	199943.0	+	199478.0	tss_within_coding	751.0	751.0	0.0	196.0	High Confidence (TSS_100.4)												
SP_0224	200228.0	200626.0	+	200134.0	tss_intergenic	533.0	533.0	0.0	94.0	High Confidence (TSS_100.4)												
SP_0225	200818.0	201354.0	+	200748.0	tss_intergenic	797.0	797.0	0.0	70.0	High Confidence (TSS_100.4)												
SP_0226	201438.0	201794.0	+	201386.0	tss_intergenic	156.0	156.0	0.0	52.0	High Confidence (TSS_100.4)												
SP_0227	201812.0	202306.0	+	201577.0	tss_within_coding	1469.0	1469.0	0.0	235.0	High Confidence (TSS_100.4)												
SP_0228	202278.0	202502.0	+	202064.0	tss_within_coding	268.0	268.0	0.0	214.0	High Confidence (TSS_100.4)												
srn049  	202519.0	202622.0	+	202335.0	tss_within_coding	253.0	253.0	0.0	184.0	High Confidence (TSS_100.4)												
SP_0229	202647.0	203087.0	+	202623.0	tss_intergenic	137.0	137.0	0.0	24.0	High Confidence (TSS_100.4)												
SP_0231	204561.0	205199.0	+	204269.0	tss_within_coding	149.0	149.0	0.0	292.0	High Confidence (TSS_100.4)												
SP_0232	205316.0	205534.0	+	205249.0	tss_intergenic	13.118644734771	333371.0	25412.0	67.0	High Confidence (TSS_100.4)												
SP_0233	205559.0	205675.0	+	205539.0	tss_intergenic	409.0	409.0	0.0	20.0	High Confidence (TSS_100.4)												
SP_0234	205693.0	206058.0	+	205560.0	tss_within_coding	170.0	170.0	0.0	133.0	High Confidence (TSS_100.4)												
SP_0235	206076.0	206459.0	+	205827.0	tss_within_coding	3797.0	3797.0	0.0	249.0	High Confidence (TSS_100.4)												
SP_0237	207449.0	207835.0	+	207165.0	tss_within_coding	1814.0	1814.0	0.0	284.0	High Confidence (TSS_100.4)												
L17DE	207851.0	207923.0	+	207654.0	tss_within_coding	133.0	133.0	0.0	197.0	High Confidence (TSS_100.4)												
SP_0238	208100.0	208366.0	+	208042.0	tss_intergenic	5.78709677419355	897.0	155.0	58.0	High Confidence (TSS_100.4)												
ccnE	209768.0	209915.0	+	209768.0	tss_intergenic	4.73204419889503	3426.0	724.0	0.0	High Confidence (TSS_100.4)												
SP_0248	217926.0	218246.0	+	217861.0	tss_intergenic	8.54545454545454	282.0	33.0	65.0	High Confidence (TSS_100.4)												
SP_0251	220066.0	222504.0	+	220027.0	tss_intergenic	7.68421052631579	146.0	19.0	39.0	High Confidence (TSS_100.4)												
SP_0254	224752.0	227253.0	+	224730.0	tss_intergenic	5.32329842931937	4067.0	764.0	22.0	High Confidence (TSS_100.4)												
SP_0255	227448.0	228143.0	+	227411.0	tss_intergenic	5.57575757575758	1288.0	231.0	37.0	High Confidence (TSS_100.4)												
ccnA	228626.0	228718.0	+	228626.0	tss_intergenic	3519.0	3519.0	0.0	0.0	High Confidence (TSS_100.4)												
ccnB	230778.0	230875.0	+	230776.0	tss_intergenic	6.38095238095238	134.0	21.0	2.0	High Confidence (TSS_100.4)												
SP_0259	231600.0	232598.0	+	231600.0	tss_intergenic	6.82840236686391	1154.0	169.0	0.0	High Confidence (TSS_100.4)												
ccnD	233186.0	233279.0	+	233186.0	tss_intergenic	9.52836879432624	2687.0	282.0	0.0	High Confidence (TSS_100.4)												
SP_0261	233382.0	234140.0	+	233355.0	tss_intergenic	14.1538461538462	4600.0	325.0	27.0	High Confidence (TSS_100.4)												
SP_0265	238198.0	239577.0	+	238172.0	tss_intergenic	13.1	131.0	10.0	26.0	High Confidence (TSS_100.4)												
SP_0267	241697.0	242746.0	+	241660.0	tss_intergenic	12.0833333333333	3045.0	252.0	37.0	High Confidence (TSS_100.4)												
SP_0268	242846.0	246688.0	-	246713.0	tss_intergenic	8.37351945854484	19795.0	2364.0	25.0	High Confidence (TSS_100.4)												
SP_0270	247026.0	247118.0	+	246991.0	tss_intergenic	162.0	162.0	0.0	35.0	High Confidence (TSS_100.4)												
SP_0272	247538.0	248008.0	+	247404.0	tss_within_coding	242.0	242.0	0.0	134.0	High Confidence (TSS_100.4)												
srn068  	248144.0	248290.0	+	247807.0	tss_within_coding	1606.0	1606.0	0.0	337.0	High Confidence (TSS_100.4)												
SP_0273	248433.0	250514.0	+	248401.0	tss_intergenic	13.7467911318553	23562.0	1714.0	32.0	High Confidence (TSS_100.4)												
SP_0274	250618.0	255009.0	+	250286.0	tss_within_coding	1204.0	1204.0	0.0	332.0	High Confidence (TSS_100.4)												
SP_0275	255111.0	255374.0	+	255092.0	tss_intergenic	6.54339622641509	1734.0	265.0	19.0	High Confidence (TSS_100.4)												
SP_0276	255367.0	255645.0	+	255348.0	tss_within_coding	219.0	219.0	0.0	19.0	High Confidence (TSS_100.4)												
SP_0280	257589.0	258311.0	+	257589.0	tss_intergenic	5.91959798994975	2356.0	398.0	0.0	High Confidence (TSS_100.4)												
SP_0281	258529.0	259863.0	+	258510.0	tss_intergenic	5.08304686086485	28094.0	5527.0	19.0	High Confidence (TSS_100.4)												
SP_0282	259919.0	260830.0	-	260843.0	tss_intergenic	913.0	913.0	0.0	13.0	High Confidence (TSS_100.4)												
SP_0284	261685.0	262674.0	-	262727.0	tss_intergenic	22.6738734638143	99629.0	4394.0	53.0	High Confidence (TSS_100.4)												
SP_0286	264266.0	265078.0	-	265110.0	tss_intergenic	9.35766423357664	2564.0	274.0	32.0	High Confidence (TSS_100.4)												
SP_0287	265268.0	266686.0	+	265237.0	tss_intergenic	12.6618075801749	4343.0	343.0	31.0	High Confidence (TSS_100.4)												
SP_0289	267571.0	268515.0	+	267536.0	tss_intergenic	5.97787610619469	1351.0	226.0	35.0	High Confidence (TSS_100.4)												
SP_0290	268517.0	269839.0	+	268495.0	tss_within_coding	259.0	259.0	0.0	22.0	High Confidence (TSS_100.4)												
SP_0293	271379.0	271696.0	-	271717.0	tss_intergenic	6.81384248210024	2855.0	419.0	21.0	High Confidence (TSS_100.4)												
L13_leader	271945.0	272028.0	+	271945.0	tss_intergenic	9.54942965779468	60276.0	6312.0	0.0	High Confidence (TSS_100.4)												
SP_0295	272517.0	272909.0	+	272497.0	tss_intergenic	688.0	688.0	0.0	20.0	High Confidence (TSS_100.4)												
srn081  	273681.0	273799.0	-	274220.0	tss_within_coding	4.86092715231788	734.0	151.0	421.0	High Confidence (TSS_100.4)												
SP_RS11655	275308.0	276154.0	+	275308.0	tss_intergenic	5.65991405770411	9220.0	1629.0	0.0	High Confidence (TSS_100.4)												
SP_0311	283772.0	283948.0	+	283758.0	tss_intergenic	11.731220657277	9995.0	852.0	14.0	High Confidence (TSS_100.4)												
SP_0314	287450.0	290683.0	+	287399.0	tss_intergenic	7.1304347826087	164.0	23.0	51.0	High Confidence (TSS_100.4)												
SP_0330	302903.0	303970.0	+	302885.0	tss_within_coding	7.39316239316239	1730.0	234.0	18.0	High Confidence (TSS_100.4)												
SP_0333	305237.0	305431.0	-	305466.0	tss_intergenic	8.17610062893082	1300.0	159.0	35.0	High Confidence (TSS_100.4)												
SP_0340	313124.0	313606.0	-	313627.0	tss_intergenic	7.41676942046856	6015.0	811.0	21.0	High Confidence (TSS_100.4)												
SP_0341	313701.0	315185.0	-	315198.0	tss_intergenic	8.69565217391304	600.0	69.0	13.0	High Confidence (TSS_100.4)												
SP_0342	315338.0	316945.0	+	315311.0	tss_intergenic	6.63492063492064	836.0	126.0	27.0	High Confidence (TSS_100.4)												
SP_RS11690	318978.0	319824.0	-	319824.0	tss_intergenic	5.57706470278801	10602.0	1901.0	0.0	High Confidence (TSS_100.4)												
SP_0346	320077.0	321522.0	+	320053.0	tss_intergenic	5.93939393939394	1960.0	330.0	24.0	High Confidence (TSS_100.4)												
SP_0347	321524.0	322255.0	+	321242.0	tss_within_coding	143.0	143.0	0.0	282.0	High Confidence (TSS_100.4)												
SP_0348	322264.0	322956.0	+	322236.0	tss_within_coding	244.0	244.0	0.0	28.0	High Confidence (TSS_100.4)												
SP_0349	322966.0	323649.0	+	322904.0	tss_within_coding	369.0	369.0	0.0	62.0	High Confidence (TSS_100.4)												
SP_0350	324029.0	324625.0	+	324015.0	tss_intergenic	267.0	267.0	0.0	14.0	High Confidence (TSS_100.4)												
SP_0351	324634.0	325863.0	+	324398.0	tss_within_coding	225.0	225.0	0.0	236.0	High Confidence (TSS_100.4)												
SP_0352	325868.0	326944.0	+	325744.0	tss_within_coding	129.0	129.0	0.0	124.0	High Confidence (TSS_100.4)												
SP_0354	328056.0	329456.0	+	327700.0	tss_within_coding	227.0	227.0	0.0	356.0	High Confidence (TSS_100.4)												
SP_0359	334030.0	335259.0	+	333738.0	tss_within_coding	299.0	299.0	0.0	292.0	High Confidence (TSS_100.4)												
His_leader	346753.0	346858.0	-	347114.0	tss_within_coding	525.0	525.0	0.0	256.0	High Confidence (TSS_100.4)												
SP_0370	349009.0	349605.0	-	349632.0	tss_intergenic	5308.0	5308.0	0.0	27.0	High Confidence (TSS_100.4)												
SP_0371	349671.0	350198.0	+	349633.0	tss_intergenic	6.3175965665236	1472.0	233.0	38.0	High Confidence (TSS_100.4)												
SP_0372	350256.0	350597.0	+	350245.0	tss_intergenic	9.75466173524426	63298.0	6489.0	11.0	High Confidence (TSS_100.4)												
SP_0373	351083.0	352240.0	+	351052.0	tss_intergenic	137.0	137.0	0.0	31.0	High Confidence (TSS_100.4)												
SP_0375	353723.0	355147.0	+	353699.0	tss_intergenic	4.15458515283843	4757.0	1145.0	24.0	High Confidence (TSS_100.4)												
SP_0377	355947.0	356969.0	+	355932.0	tss_intergenic	15.0833333333333	181.0	12.0	15.0	High Confidence (TSS_100.4)												
SP_0381	361318.0	362196.0	+	361260.0	tss_intergenic	6.30952380952381	530.0	84.0	58.0	High Confidence (TSS_100.4)												
SP_0384	364109.0	365119.0	+	363671.0	tss_within_coding	116.0	116.0	0.0	438.0	High Confidence (TSS_100.4)												
SP_0389	368451.0	368690.0	+	368361.0	tss_intergenic	8.59375	275.0	32.0	90.0	High Confidence (TSS_100.4)												
SP_0400	378481.0	379764.0	+	378449.0	tss_intergenic	8.11379018612521	19181.0	2364.0	32.0	High Confidence (TSS_100.4)												
SP_0403	383075.0	383956.0	-	383956.0	tss_intergenic	7.52049180327869	1835.0	244.0	0.0	High Confidence (TSS_100.4)												
SP_0404	384043.0	384345.0	+	384031.0	tss_intergenic	8.78901373283396	7040.0	801.0	12.0	High Confidence (TSS_100.4)												
Glycine	387494.0	387582.0	+	387425.0	tss_intergenic	6.25	750.0	120.0	69.0	High Confidence (TSS_100.4)												
SP_0409	389213.0	389761.0	+	389101.0	tss_intergenic	4.96322241681261	2834.0	571.0	112.0	High Confidence (TSS_100.4)												
SP_0410	389871.0	390770.0	+	389849.0	tss_intergenic	6.68493150684932	488.0	73.0	22.0	High Confidence (TSS_100.4)												
SP_0412	392282.0	392653.0	-	392884.0	tss_within_coding	460.0	460.0	0.0	231.0	High Confidence (TSS_100.4)												
SP_0413	392656.0	394020.0	-	394045.0	tss_intergenic	5.01030927835052	486.0	97.0	25.0	High Confidence (TSS_100.4)												
SP_0416	395224.0	395658.0	+	395174.0	tss_intergenic	9.22359505779195	23142.0	2509.0	50.0	High Confidence (TSS_100.4)												
S15	396640.0	396748.0	+	396625.0	tss_within_coding	463.0	463.0	0.0	15.0	High Confidence (TSS_100.4)												
SP_0418	396692.0	396916.0	+	396668.0	tss_intergenic	4196.0	4196.0	0.0	24.0	High Confidence (TSS_100.4)												
SP_0419	397035.0	398009.0	+	396968.0	tss_intergenic	10158.0	10158.0	0.0	67.0	High Confidence (TSS_100.4)												
SP_0422	399709.0	400944.0	+	399369.0	tss_within_coding	4.31775700934579	2310.0	535.0	340.0	High Confidence (TSS_100.4)												
SP_0423	400947.0	401432.0	+	400849.0	tss_within_coding	161.0	161.0	0.0	98.0	High Confidence (TSS_100.4)												
SP_0435	408330.0	408890.0	-	408919.0	tss_intergenic	7.05051472348576	29450.0	4177.0	29.0	High Confidence (TSS_100.4)												
SP_0438	411927.0	412229.0	-	412263.0	tss_intergenic	16.3697478991597	7792.0	476.0	34.0	High Confidence (TSS_100.4)												
SP_0441	414869.0	415057.0	+	414817.0	tss_intergenic	6.3170695970696	86228.0	13650.0	52.0	High Confidence (TSS_100.4)												
SP_0442	415214.0	415579.0	+	415191.0	tss_intergenic	7.47303543913713	19400.0	2596.0	23.0	High Confidence (TSS_100.4)												
SP_0445	417449.0	419149.0	+	417417.0	tss_intergenic	7.2258064516129	896.0	124.0	32.0	High Confidence (TSS_100.4)												
SP_0453	424742.0	426307.0	-	426341.0	tss_intergenic	5.06340057636888	1757.0	347.0	34.0	High Confidence (TSS_100.4)												
SP_0454	426445.0	428334.0	+	426420.0	tss_intergenic	10.7941176470588	367.0	34.0	25.0	High Confidence (TSS_100.4)												
SP_0457	429907.0	430752.0	+	429839.0	tss_intergenic	241.0	241.0	0.0	68.0	High Confidence (TSS_100.4)												
SP_0459	432308.0	434632.0	+	432263.0	tss_intergenic	5.15800038	295507.0	57291.0	45.0	High Confidence (TSS_100.4)												
SP_0473	450739.0	451962.0	-	451977.0	tss_intergenic	11.9142857142857	834.0	70.0	15.0	High Confidence (TSS_100.4)												
SP_0480	460591.0	461940.0	-	461963.0	tss_intergenic	11.2857142857143	1738.0	154.0	23.0	High Confidence (TSS_100.4)												
SP_0481	462128.0	462976.0	+	462113.0	tss_intergenic	5.62962962962963	456.0	81.0	15.0	High Confidence (TSS_100.4)												
SP_0483	463905.0	465587.0	+	463880.0	tss_intergenic	11.7571428571429	3292.0	280.0	25.0	High Confidence (TSS_100.4)												
23S-methyl	466473.0	466568.0	+	466470.0	tss_intergenic	5.38787878787879	1778.0	330.0	3.0	High Confidence (TSS_100.4)												
FMN	467152.0	467386.0	+	467152.0	tss_intergenic	11.0294117647059	375.0	34.0	0.0	High Confidence (TSS_100.4)												
SP_0488	467551.0	468114.0	+	467156.0	tss_within_coding	16.4439536167863	29780.0	1811.0	395.0	High Confidence (TSS_100.4)												
SP_0493	469739.0	470341.0	+	469687.0	tss_intergenic	10.4595635430039	8148.0	779.0	52.0	High Confidence (TSS_100.4)												
F13	470344.0	470441.0	+	469992.0	tss_within_coding	266.0	266.0	0.0	352.0	High Confidence (TSS_100.4)												
SP_RS02430	470477.0	470624.0	+	470386.0	tss_within_coding	5.09523809523809	535.0	105.0	91.0	High Confidence (TSS_100.4)												
SP_0496	474605.0	476236.0	-	476273.0	tss_intergenic	7.06756756756757	523.0	74.0	37.0	High Confidence (TSS_100.4)												
SP_0499	481598.0	482794.0	+	481568.0	tss_intergenic	7.31106777181863	14995.0	2051.0	30.0	High Confidence (TSS_100.4)												
SP_0500	482930.0	483457.0	+	482916.0	tss_intergenic	5.03636363636364	831.0	165.0	14.0	High Confidence (TSS_100.4)												
SP_0501	483534.0	483890.0	+	483516.0	tss_intergenic	8.26816074188563	10699.0	1294.0	18.0	High Confidence (TSS_100.4)												
SP_0506	487391.0	488188.0	+	487347.0	tss_intergenic	24.125	193.0	8.0	44.0	High Confidence (TSS_100.4)												
SP_0515	495411.0	496445.0	+	495355.0	tss_intergenic	129.0	129.0	0.0	56.0	High Confidence (TSS_100.4)												
SP_0517	497485.0	499308.0	+	497466.0	tss_intergenic	294.0	294.0	0.0	19.0	High Confidence (TSS_100.4)												
SP_0521	502190.0	502600.0	-	502638.0	tss_intergenic	4.35135135135135	1127.0	259.0	38.0	High Confidence (TSS_100.4)												
SP_0524	504613.0	504942.0	-	504998.0	tss_intergenic	6.70886075949367	530.0	79.0	56.0	High Confidence (TSS_100.4)												
SP_0525	505218.0	505556.0	+	505204.0	tss_intergenic	15.1111111111111	136.0	9.0	14.0	High Confidence (TSS_100.4)												
SP_0535	513370.0	513534.0	+	513319.0	tss_intergenic	7.09523809523809	149.0	21.0	51.0	High Confidence (TSS_100.4)												
SP_RS11830	514138.0	514942.0	+	514138.0	tss_intergenic	5.21621621621622	386.0	74.0	0.0	High Confidence (TSS_100.4)												
SP_0549	519289.0	520083.0	+	519266.0	tss_intergenic	8.5973715651135	7196.0	837.0	23.0	High Confidence (TSS_100.4)												
SP_0552	520841.0	521320.0	+	520788.0	tss_intergenic	6.33612273361227	13629.0	2151.0	53.0	High Confidence (TSS_100.4)												
F16	528096.0	528162.0	+	528071.0	tss_intergenic	10.4246575342466	761.0	73.0	25.0	High Confidence (TSS_100.4)												
SP_0564	530230.0	530625.0	+	530183.0	tss_intergenic	7.41310541310541	2602.0	351.0	47.0	High Confidence (TSS_100.4)												
F20	547541.0	547749.0	+	547541.0	tss_intergenic	6.40759930915371	14840.0	2316.0	0.0	High Confidence (TSS_100.4)												
SP_0585	554099.0	556348.0	+	554074.0	tss_intergenic	4.52	113.0	25.0	25.0	High Confidence (TSS_100.4)												
F21	557415.0	557447.0	+	557372.0	tss_intergenic	6.55555555555556	472.0	72.0	43.0	High Confidence (TSS_100.4)												
SP_0599	565802.0	567079.0	+	565783.0	tss_intergenic	8.47826086956522	195.0	23.0	19.0	High Confidence (TSS_100.4)												
SP_0603	569482.0	570138.0	+	569432.0	tss_intergenic	10.950495049505	1106.0	101.0	50.0	High Confidence (TSS_100.4)												
SP_0605	571604.0	572485.0	+	571561.0	tss_intergenic	6.57254623044097	36964.0	5624.0	43.0	High Confidence (TSS_100.4)												
SP_0611	577440.0	579674.0	+	577422.0	tss_intergenic	5.97666666666667	3586.0	600.0	18.0	High Confidence (TSS_100.4)												
SP_0614	581579.0	582358.0	+	581279.0	tss_within_coding	163.0	163.0	0.0	300.0	High Confidence (TSS_100.4)												
SP_0615	582470.0	583690.0	+	582442.0	tss_intergenic	5.36538461538461	279.0	52.0	28.0	High Confidence (TSS_100.4)												
SP_0618	585747.0	587591.0	+	585747.0	tss_intergenic	8.27058823529412	703.0	85.0	0.0	High Confidence (TSS_100.4)												
SP_0622	589567.0	590172.0	+	589541.0	tss_intergenic	8.10967741935484	5028.0	620.0	26.0	High Confidence (TSS_100.4)												
SP_0623	590185.0	591585.0	+	590023.0	tss_within_coding	196.0	196.0	0.0	162.0	High Confidence (TSS_100.4)												
SP_0626	592820.0	594160.0	+	592807.0	tss_intergenic	7.71319018404908	5029.0	652.0	13.0	High Confidence (TSS_100.4)												
SP_0627	594258.0	595295.0	+	594243.0	tss_intergenic	10.1410541945063	27320.0	2694.0	15.0	High Confidence (TSS_100.4)												
SP_0631	597427.0	598116.0	+	597195.0	tss_within_coding	115.0	115.0	0.0	232.0	High Confidence (TSS_100.4)												
SP_0636	600065.0	601057.0	+	599956.0	tss_intergenic	12.9294117647059	1099.0	85.0	109.0	High Confidence (TSS_100.4)												
SP_0658	628968.0	629678.0	+	628942.0	tss_intergenic	4.2	189.0	45.0	26.0	High Confidence (TSS_100.4)												
SP_0661	631655.0	632392.0	+	631632.0	tss_intergenic	13.468085106383	1899.0	141.0	23.0	High Confidence (TSS_100.4)												
SP_0663	634175.0	634759.0	+	634175.0	tss_intergenic	15.9689817936615	23682.0	1483.0	0.0	High Confidence (TSS_100.4)												
SP_0665	640562.0	642283.0	+	640562.0	tss_intergenic	15.5197740112994	5494.0	354.0	0.0	High Confidence (TSS_100.4)												
SP_0667	642951.0	643949.0	+	642920.0	tss_intergenic	5.30434782608696	244.0	46.0	31.0	High Confidence (TSS_100.4)												
SP_0668	644076.0	645035.0	+	644034.0	tss_intergenic	8.65829145728643	1723.0	199.0	42.0	High Confidence (TSS_100.4)												
SP_0669	645132.0	645971.0	+	645110.0	tss_intergenic	5.82926829268293	239.0	41.0	22.0	High Confidence (TSS_100.4)												
SP_0670	646019.0	646189.0	-	646265.0	tss_intergenic	5.51587909981931	201473.0	36526.0	76.0	High Confidence (TSS_100.4)												
SP_0671	646310.0	647194.0	+	646277.0	tss_intergenic	3306.0	3306.0	0.0	33.0	High Confidence (TSS_100.4)												
SP_0676	650815.0	651723.0	-	651723.0	tss_intergenic	7.97058823529412	271.0	34.0	0.0	High Confidence (TSS_100.4)												
SP_0677	651835.0	652056.0	+	651835.0	tss_intergenic	7.08890057864282	13476.0	1901.0	0.0	High Confidence (TSS_100.4)												
SP_0680	652792.0	653517.0	-	653520.0	tss_intergenic	18.3	183.0	10.0	3.0	High Confidence (TSS_100.4)												
SP_0681	653679.0	655520.0	+	653643.0	tss_intergenic	10.5881971465629	16327.0	1542.0	36.0	High Confidence (TSS_100.4)												
SP_0688	659295.0	660647.0	+	659275.0	tss_intergenic	6.125	1470.0	240.0	20.0	High Confidence (TSS_100.4)												
SP_0690	661717.0	662916.0	+	661701.0	tss_within_coding	155.0	155.0	0.0	16.0	High Confidence (TSS_100.4)												
SP_0703	669761.0	670111.0	+	669646.0	tss_intergenic	12.0	612.0	51.0	115.0	High Confidence (TSS_100.4)												
SP_0715	680430.0	681566.0	+	680388.0	tss_intergenic	5.60262417994377	11956.0	2134.0	42.0	High Confidence (TSS_100.4)												
TPP	681820.0	681908.0	+	681808.0	tss_intergenic	11.2300884955752	1269.0	113.0	12.0	High Confidence (TSS_100.4)												
TPP	691343.0	691441.0	-	691454.0	tss_intergenic	20.375	163.0	8.0	13.0	High Confidence (TSS_100.4)												
SP_0730	694862.0	696637.0	+	694784.0	tss_intergenic	4.91906155293134	94141.0	19138.0	78.0	High Confidence (TSS_100.4)												
SP_0731	696748.0	697095.0	+	696403.0	tss_within_coding	2740.0	2740.0	0.0	345.0	High Confidence (TSS_100.4)												
SP_RS11930	697212.0	698113.0	-	698458.0	tss_intergenic	7.2	612.0	85.0	345.0	High Confidence (TSS_100.4)												
SP_0736	698940.0	699884.0	+	698916.0	tss_intergenic	4.98300283286119	1759.0	353.0	24.0	High Confidence (TSS_100.4)												
SP_0737	699924.0	701271.0	-	701350.0	tss_intergenic	18.2	364.0	20.0	79.0	High Confidence (TSS_100.4)												
SP_0739	701499.0	702239.0	+	701485.0	tss_intergenic	4.82	241.0	50.0	14.0	High Confidence (TSS_100.4)												
SP_0741	702743.0	703918.0	-	703918.0	tss_intergenic	10.7575757575758	1065.0	99.0	0.0	High Confidence (TSS_100.4)												
SP_0742	703977.0	704822.0	-	704875.0	tss_intergenic	6.55384615384615	1704.0	260.0	53.0	High Confidence (TSS_100.4)												
SP_0745	706079.0	706708.0	+	706052.0	tss_intergenic	5.73228346456693	4368.0	762.0	27.0	High Confidence (TSS_100.4)												
SP_0746	706882.0	707472.0	+	706834.0	tss_intergenic	4.78280542986425	1057.0	221.0	48.0	High Confidence (TSS_100.4)												
SP_0748	707551.0	707799.0	+	707525.0	tss_within_coding	8.38235294117647	855.0	102.0	26.0	High Confidence (TSS_100.4)												
SP_0754	712939.0	713595.0	+	712916.0	tss_intergenic	8.74301675977654	1565.0	179.0	23.0	High Confidence (TSS_100.4)												
SP_RS11940	713703.0	713777.0	+	713684.0	tss_intergenic	8.35498839907193	3601.0	431.0	19.0	High Confidence (TSS_100.4)												
SP_0758	716713.0	718893.0	+	716654.0	tss_intergenic	6.31818181818182	278.0	44.0	59.0	High Confidence (TSS_100.4)												
SP_0761	719900.0	721243.0	+	719879.0	tss_intergenic	8.85734664764622	6209.0	701.0	21.0	High Confidence (TSS_100.4)												
SP_0762	721458.0	722648.0	+	721358.0	tss_intergenic	15.2719298245614	3482.0	228.0	100.0	High Confidence (TSS_100.4)												
SP_0764	723201.0	724136.0	+	723173.0	tss_intergenic	4.78141135972461	5556.0	1162.0	28.0	High Confidence (TSS_100.4)												
SP_0766	725380.0	725985.0	+	725355.0	tss_intergenic	4.97763519706691	27153.0	5455.0	25.0	High Confidence (TSS_100.4)												
SP_0771	729840.0	730643.0	-	730669.0	tss_intergenic	4.69230769230769	793.0	169.0	26.0	High Confidence (TSS_100.4)												
SP_0775	731798.0	732070.0	+	731739.0	tss_intergenic	71.0	28116.0	396.0	59.0	High Confidence (TSS_100.4)												
SP_0781	735333.0	735653.0	-	735664.0	tss_intergenic	6.14285714285714	129.0	21.0	11.0	High Confidence (TSS_100.4)												
SP_0783	736172.0	736708.0	-	736734.0	tss_intergenic	5.68025078369906	1812.0	319.0	26.0	High Confidence (TSS_100.4)												
SP_0784	736905.0	738251.0	-	738298.0	tss_intergenic	5.50417362270451	3297.0	599.0	47.0	High Confidence (TSS_100.4)												
SP_0785	738516.0	739715.0	+	738402.0	tss_intergenic	10.1313559322034	4782.0	472.0	114.0	High Confidence (TSS_100.4)												
SP_0788	741785.0	743782.0	+	741745.0	tss_intergenic	6.85658307210031	8749.0	1276.0	40.0	High Confidence (TSS_100.4)												
SP_0791	745462.0	746388.0	+	745430.0	tss_intergenic	5.50526315789474	523.0	95.0	32.0	High Confidence (TSS_100.4)												
SP_0792	746484.0	746720.0	+	746457.0	tss_intergenic	6.94303797468354	1097.0	158.0	27.0	High Confidence (TSS_100.4)												
SP_0797	749307.0	751853.0	+	749261.0	tss_intergenic	8.55735621226565	26930.0	3147.0	46.0	High Confidence (TSS_100.4)												
SP_0798	751962.0	752636.0	+	751944.0	tss_intergenic	10.3727915194346	11742.0	1132.0	18.0	High Confidence (TSS_100.4)												
SP_0800	753994.0	754281.0	-	754301.0	tss_intergenic	4.12609970674487	9849.0	2387.0	20.0	High Confidence (TSS_100.4)												
SP_0802	755550.0	758000.0	+	755549.0	tss_intergenic	7.98620689655172	1158.0	145.0	1.0	High Confidence (TSS_100.4)												
SP_0807	762516.0	764243.0	+	762487.0	tss_intergenic	15.756862745098	4018.0	255.0	29.0	High Confidence (TSS_100.4)												
SP_RS11965	765124.0	766036.0	+	764779.0	tss_intergenic	7.53658536585366	618.0	82.0	345.0	High Confidence (TSS_100.4)												
SP_RS03985	767270.0	767542.0	+	767076.0	tss_within_coding	5.24489795918367	514.0	98.0	194.0	High Confidence (TSS_100.4)												
SP_0816	768201.0	768500.0	-	768520.0	tss_intergenic	7.50308641975309	4862.0	648.0	20.0	High Confidence (TSS_100.4)												
SP_RS11975	769198.0	770051.0	+	769198.0	tss_intergenic	5.24686431014823	9203.0	1754.0	0.0	High Confidence (TSS_100.4)												
SP_0820	770258.0	772516.0	-	772579.0	tss_intergenic	5.55842558425584	4519.0	813.0	63.0	High Confidence (TSS_100.4)												
SP_0822	772745.0	772975.0	-	772999.0	tss_intergenic	5.80766710353866	35450.0	6104.0	24.0	High Confidence (TSS_100.4)												
SP_0825	774761.0	775618.0	+	774736.0	tss_intergenic	5.69117647058824	387.0	68.0	25.0	High Confidence (TSS_100.4)												
SP_0826	775756.0	776577.0	+	775745.0	tss_intergenic	6.54929577464789	930.0	142.0	11.0	High Confidence (TSS_100.4)												
SP_0828	777729.0	778412.0	+	777706.0	tss_intergenic	15.3610832497492	15315.0	997.0	23.0	High Confidence (TSS_100.4)												
SP_0831	780197.0	781006.0	+	780057.0	tss_within_coding	153.0	153.0	0.0	140.0	High Confidence (TSS_100.4)												
SP_0839	786690.0	787610.0	-	787631.0	tss_intergenic	8.65384615384615	450.0	52.0	21.0	High Confidence (TSS_100.4)												
SP_0841	788410.0	789000.0	+	788410.0	tss_intergenic	9.50299401197605	1587.0	167.0	0.0	High Confidence (TSS_100.4)												
SP_0843	790292.0	790954.0	+	790233.0	tss_within_coding	8.3651832460733	6391.0	764.0	59.0	High Confidence (TSS_100.4)												
SP_0846	792616.0	794151.0	+	792169.0	tss_within_coding	241.0	241.0	0.0	447.0	High Confidence (TSS_100.4)												
SP_RS04165	796684.0	796917.0	+	796567.0	tss_intergenic	5.90909090909091	260.0	44.0	117.0	High Confidence (TSS_100.4)												
SP_0851	797560.0	798201.0	-	798201.0	tss_intergenic	8.81944444444444	635.0	72.0	0.0	High Confidence (TSS_100.4)												
SP_0852	798337.0	800280.0	+	798314.0	tss_intergenic	16.9577464788732	1204.0	71.0	23.0	High Confidence (TSS_100.4)												
SP_0856	803303.0	804325.0	+	803274.0	tss_intergenic	5.81967213114754	355.0	61.0	29.0	High Confidence (TSS_100.4)												
SP_0861	807586.0	807816.0	+	807569.0	tss_intergenic	15.6923076923077	10812.0	689.0	17.0	High Confidence (TSS_100.4)												
SP_2245	807866.0	807946.0	+	807856.0	tss_intergenic	25.4239130434783	2339.0	92.0	10.0	High Confidence (TSS_100.4)												
SP_0866	813177.0	813371.0	+	813177.0	tss_intergenic	4.46666666666667	134.0	30.0	0.0	High Confidence (TSS_100.4)												
SP_0867	813521.0	814291.0	+	813430.0	tss_intergenic	11.2847826086957	15573.0	1380.0	91.0	High Confidence (TSS_100.4)												
SP_0869	815592.0	816818.0	+	815156.0	tss_within_coding	188.0	188.0	0.0	436.0	High Confidence (TSS_100.4)												
SP_0870	816805.0	817245.0	+	816370.0	tss_within_coding	112.0	112.0	0.0	435.0	High Confidence (TSS_100.4)												
SP_0871	817299.0	818711.0	+	817116.0	tss_within_coding	172.0	172.0	0.0	183.0	High Confidence (TSS_100.4)												
SP_0872	818942.0	820183.0	-	820186.0	tss_intergenic	6.98181818181818	384.0	55.0	3.0	High Confidence (TSS_100.4)												
SP_0873	820286.0	821395.0	+	820272.0	tss_intergenic	7.68421052631579	438.0	57.0	14.0	High Confidence (TSS_100.4)												
SP_0875	822707.0	823447.0	+	822682.0	tss_intergenic	4.24375	1358.0	320.0	25.0	High Confidence (TSS_100.4)												
SP_0878	826390.0	828693.0	+	826390.0	tss_intergenic	13.7988826815642	2470.0	179.0	0.0	High Confidence (TSS_100.4)												
SP_0880	829304.0	830446.0	+	829279.0	tss_intergenic	6.6228323699422	4583.0	692.0	25.0	High Confidence (TSS_100.4)												
SP_0888	837762.0	837998.0	+	837746.0	tss_intergenic	8.73809523809524	734.0	84.0	16.0	High Confidence (TSS_100.4)												
SP_0894	844468.0	846741.0	-	846766.0	tss_intergenic	6.52005092297899	10243.0	1571.0	25.0	High Confidence (TSS_100.4)												
SP_0896	850271.0	851278.0	+	850240.0	tss_intergenic	8.9134295227525	16062.0	1802.0	31.0	High Confidence (TSS_100.4)												
SP_0906	859029.0	859160.0	-	859184.0	tss_intergenic	7.17797888386124	4759.0	663.0	24.0	High Confidence (TSS_100.4)												
SP_0908	860839.0	862968.0	+	860839.0	tss_intergenic	7.9738219895288	1523.0	191.0	0.0	High Confidence (TSS_100.4)												
SP_0910	863462.0	863734.0	+	863439.0	tss_intergenic	17.4250144759699	30093.0	1727.0	23.0	High Confidence (TSS_100.4)												
SP_0923	877673.0	878482.0	-	878505.0	tss_intergenic	5.65942028985507	781.0	138.0	23.0	High Confidence (TSS_100.4)												
SP_0924	878754.0	878975.0	+	878639.0	tss_intergenic	4.89598108747045	4142.0	846.0	115.0	High Confidence (TSS_100.4)												
SP_0927	879942.0	880850.0	+	879920.0	tss_within_coding	4.66473988439306	807.0	173.0	22.0	High Confidence (TSS_100.4)												
SP_0931	884151.0	885281.0	+	884147.0	tss_intergenic	4.68421052631579	178.0	38.0	4.0	High Confidence (TSS_100.4)												
SP_0935	887470.0	888108.0	+	887447.0	tss_intergenic	11.4736842105263	2834.0	247.0	23.0	High Confidence (TSS_100.4)												
SP_RS12045	891713.0	892517.0	-	892517.0	tss_intergenic	7.5	210.0	28.0	0.0	High Confidence (TSS_100.4)												
SP_0944	894378.0	895115.0	+	894357.0	tss_intergenic	7.29828973843058	14509.0	1988.0	21.0	High Confidence (TSS_100.4)												
SP_0945	895124.0	895681.0	+	894948.0	tss_within_coding	121.0	121.0	0.0	176.0	High Confidence (TSS_100.4)												
SP_0948	896905.0	897873.0	+	896877.0	tss_intergenic	6.08088235294118	827.0	136.0	28.0	High Confidence (TSS_100.4)												
SP_RS04695	897906.0	898367.0	+	897641.0	tss_within_coding	394.0	394.0	0.0	265.0	High Confidence (TSS_100.4)												
SP_RS04700	898379.0	898756.0	+	897942.0	tss_within_coding	8.26582278481013	653.0	79.0	437.0	High Confidence (TSS_100.4)												
SP_0956	905035.0	905223.0	+	904935.0	tss_intergenic	9.09523809523809	573.0	63.0	100.0	High Confidence (TSS_100.4)												
SP_0961	908157.0	908516.0	+	908032.0	tss_within_coding	321.0	321.0	0.0	125.0	High Confidence (TSS_100.4)												
F35	909029.0	909169.0	+	908663.0	tss_within_coding	298.0	298.0	0.0	366.0	High Confidence (TSS_100.4)												
SP_0967	914849.0	915346.0	+	914826.0	tss_intergenic	10.3216817404058	42226.0	4091.0	23.0	High Confidence (TSS_100.4)												
SP_0979	924531.0	926333.0	+	924517.0	tss_intergenic	6.33016695451929	21991.0	3474.0	14.0	High Confidence (TSS_100.4)												
SP_0981	927115.0	928056.0	+	927089.0	tss_intergenic	8.91428571428571	8112.0	910.0	26.0	High Confidence (TSS_100.4)												
srn249  	928077.0	928215.0	+	927825.0	tss_within_coding	121.0	121.0	0.0	252.0	High Confidence (TSS_100.4)												
SP_0986	930378.0	931220.0	-	931256.0	tss_intergenic	7.38562091503268	1130.0	153.0	36.0	High Confidence (TSS_100.4)												
SP_0987	931315.0	932115.0	-	932117.0	tss_intergenic	6.90959409594096	3745.0	542.0	2.0	High Confidence (TSS_100.4)												
SP_0988	932259.0	933638.0	+	932234.0	tss_intergenic	10.6166219839142	3960.0	373.0	25.0	High Confidence (TSS_100.4)												
SP_0992	935305.0	935796.0	+	935272.0	tss_intergenic	5.42777777777778	3908.0	720.0	33.0	High Confidence (TSS_100.4)												
SP_0993	935894.0	936484.0	+	935785.0	tss_within_coding	116.0	116.0	0.0	109.0	High Confidence (TSS_100.4)												
SP_RS12065	938470.0	939112.0	+	938470.0	tss_intergenic	7.84510869565217	5774.0	736.0	0.0	High Confidence (TSS_100.4)												
SP_1001	941805.0	943196.0	+	941782.0	tss_intergenic	8.34313725490196	1702.0	204.0	23.0	High Confidence (TSS_100.4)												
SP_1002	943339.0	944256.0	+	943311.0	tss_intergenic	5.96078431372549	304.0	51.0	28.0	High Confidence (TSS_100.4)												
SP_1004	946993.0	950112.0	+	946897.0	tss_intergenic	5.57943925233645	1194.0	214.0	96.0	High Confidence (TSS_100.4)												
SP_1008	952471.0	953694.0	-	953721.0	tss_intergenic	5.0	335.0	67.0	27.0	High Confidence (TSS_100.4)												
SP_1009	953849.0	954943.0	+	953823.0	tss_intergenic	4.96428571428571	139.0	28.0	26.0	High Confidence (TSS_100.4)												
SP_1013	957021.0	958097.0	+	956782.0	tss_within_coding	4.33003300330033	1312.0	303.0	239.0	High Confidence (TSS_100.4)												
SP_1016	960558.0	961931.0	-	961981.0	tss_intergenic	6.16129032258065	1528.0	248.0	50.0	High Confidence (TSS_100.4)												
SP_1017	962068.0	962250.0	-	962278.0	tss_intergenic	6.83880597014925	2291.0	335.0	28.0	High Confidence (TSS_100.4)												
SP_1018	962374.0	962973.0	+	962337.0	tss_intergenic	15.2777778	2475.0	162.0	37.0	High Confidence (TSS_100.4)												
SP_1022	965327.0	965956.0	+	965074.0	tss_within_coding	11.9767891682785	30960.0	2585.0	253.0	High Confidence (TSS_100.4)												
SP_1025	967682.0	968689.0	+	967467.0	tss_within_coding	220.0	220.0	0.0	215.0	High Confidence (TSS_100.4)												
SP_1027	969377.0	970351.0	+	969358.0	tss_intergenic	15.6521389944852	292335.0	18677.0	19.0	High Confidence (TSS_100.4)												
SP_1029	970425.0	972056.0	+	970377.0	tss_intergenic	5.84523809523809	491.0	84.0	48.0	High Confidence (TSS_100.4)												
SP_1030	972795.0	973013.0	+	972765.0	tss_intergenic	7.70588235294118	524.0	68.0	30.0	High Confidence (TSS_100.4)												
SP_1042	982058.0	982246.0	+	982046.0	tss_intergenic	5.07964601769912	574.0	113.0	12.0	High Confidence (TSS_100.4)												
SP_1045	984090.0	984974.0	+	984031.0	tss_intergenic	9.65217391304348	222.0	23.0	59.0	High Confidence (TSS_100.4)												
SP_1047	986963.0	987280.0	+	986934.0	tss_intergenic	5.1875	332.0	64.0	29.0	High Confidence (TSS_100.4)												
SP_1050	988052.0	988528.0	+	988031.0	tss_intergenic	4.064	508.0	125.0	21.0	High Confidence (TSS_100.4)												
SP_1057	993954.0	994820.0	+	993924.0	tss_intergenic	7.43478260869565	171.0	23.0	30.0	High Confidence (TSS_100.4)												
SP_1059	995411.0	995662.0	+	994951.0	tss_intergenic	6.4471403812825	3720.0	577.0	460.0	High Confidence (TSS_100.4)												
SP_1067	1001278.0	1002507.0	+	1001213.0	tss_intergenic	9.46630727762803	3512.0	371.0	65.0	High Confidence (TSS_100.4)												
SP_1069	1005636.0	1006640.0	+	1005312.0	tss_within_coding	5.55752212389381	1256.0	226.0	324.0	High Confidence (TSS_100.4)												
SP_1072	1008420.0	1010180.0	+	1008390.0	tss_intergenic	8.54945054945055	1556.0	182.0	30.0	High Confidence (TSS_100.4)												
SP_1075	1011777.0	1012793.0	+	1011750.0	tss_intergenic	10.1063829787234	2375.0	235.0	27.0	High Confidence (TSS_100.4)												
SP_1078	1014400.0	1014534.0	+	1014370.0	tss_intergenic	4.43181818181818	195.0	44.0	30.0	High Confidence (TSS_100.4)												
SP_1081	1017219.0	1018478.0	+	1017176.0	tss_intergenic	8.48523206751055	6033.0	711.0	43.0	High Confidence (TSS_100.4)												
SP_1084	1020331.0	1021191.0	+	1019887.0	tss_within_coding	310.0	310.0	0.0	444.0	High Confidence (TSS_100.4)												
SP_RS12110	1021571.0	1022374.0	+	1021571.0	tss_intergenic	8.07692307692308	210.0	26.0	0.0	High Confidence (TSS_100.4)												
SP_1087	1022565.0	1024856.0	+	1022538.0	tss_intergenic	6.25252525252525	619.0	99.0	27.0	High Confidence (TSS_100.4)												
SP_1090	1026283.0	1026924.0	-	1026943.0	tss_intergenic	5.62216624685139	2232.0	397.0	19.0	High Confidence (TSS_100.4)												
SP_1095	1028707.0	1029666.0	-	1029747.0	tss_intergenic	14.4450549450549	2629.0	182.0	81.0	High Confidence (TSS_100.4)												
SP_1097	1030476.0	1031147.0	+	1030401.0	tss_intergenic	1314.0	1314.0	0.0	75.0	High Confidence (TSS_100.4)												
SP_1098	1031131.0	1031949.0	+	1031054.0	tss_within_coding	638.0	638.0	0.0	77.0	High Confidence (TSS_100.4)												
SP_1102	1035629.0	1035928.0	-	1036037.0	tss_intergenic	10.786099137931	20019.0	1856.0	109.0	High Confidence (TSS_100.4)												
L21_leader	1037093.0	1037180.0	+	1037080.0	tss_intergenic	24.9178737359934	364698.0	14636.0	13.0	High Confidence (TSS_100.4)												
SP_1106	1037546.0	1037890.0	+	1037380.0	tss_within_coding	485.0	485.0	0.0	166.0	High Confidence (TSS_100.4)												
SP_1107	1037907.0	1038200.0	+	1037692.0	tss_within_coding	26140.0	26140.0	0.0	215.0	High Confidence (TSS_100.4)												
SP_1110	1039154.0	1040071.0	+	1039154.0	tss_intergenic	5.95222929936306	1869.0	314.0	0.0	High Confidence (TSS_100.4)												
SP_1112	1041154.0	1041993.0	+	1041113.0	tss_intergenic	10.972602739726	801.0	73.0	41.0	High Confidence (TSS_100.4)												
SP_1113	1042099.0	1042374.0	+	1042066.0	tss_intergenic	9.54711291279415	193119.0	20228.0	33.0	High Confidence (TSS_100.4)												
SP_1114	1042800.0	1044701.0	+	1042800.0	tss_intergenic	7.12337662337662	2194.0	308.0	0.0	High Confidence (TSS_100.4)												
SP_1117	1046918.0	1048876.0	+	1046918.0	tss_intergenic	5.63207547169811	597.0	106.0	0.0	High Confidence (TSS_100.4)												
SP_1119	1051812.0	1053236.0	+	1051788.0	tss_intergenic	6.15794223826715	6823.0	1108.0	24.0	High Confidence (TSS_100.4)												
SP_1121	1053719.0	1055647.0	+	1053688.0	tss_intergenic	5.43722943722944	2512.0	462.0	31.0	High Confidence (TSS_100.4)												
SP_1127	1061163.0	1061609.0	-	1061609.0	tss_intergenic	6.33206831119545	3337.0	527.0	0.0	High Confidence (TSS_100.4)												
SP_1128	1061773.0	1063077.0	+	1061741.0	tss_intergenic	8.7008416220352	11372.0	1307.0	32.0	High Confidence (TSS_100.4)												
SP_1130	1064469.0	1065317.0	-	1065332.0	tss_intergenic	10.4088888888889	2342.0	225.0	15.0	High Confidence (TSS_100.4)												
SP_1131	1065437.0	1065790.0	+	1065412.0	tss_intergenic	7.59090909090909	167.0	22.0	25.0	High Confidence (TSS_100.4)												
SP_1143	1071285.0	1071650.0	+	1071268.0	tss_intergenic	7.7473420888055	12388.0	1599.0	17.0	High Confidence (TSS_100.4)												
SP_RS12130	1073986.0	1074831.0	-	1074831.0	tss_intergenic	5.74480554075653	10783.0	1877.0	0.0	High Confidence (TSS_100.4)												
SP_1151	1075357.0	1078632.0	+	1075332.0	tss_intergenic	17.6451612903226	547.0	31.0	25.0	High Confidence (TSS_100.4)												
SP_1155	1090342.0	1091193.0	+	1090221.0	tss_intergenic	5.05128205128205	1182.0	234.0	121.0	High Confidence (TSS_100.4)												
SP_1159	1094109.0	1095179.0	+	1093678.0	tss_intergenic	4.78260869565217	110.0	23.0	431.0	High Confidence (TSS_100.4)												
SP_1164	1100315.0	1101283.0	-	1101311.0	tss_intergenic	7.80961538461538	4061.0	520.0	28.0	High Confidence (TSS_100.4)												
SP_1169	1104838.0	1105491.0	-	1105513.0	tss_intergenic	6.57396449704142	1111.0	169.0	22.0	High Confidence (TSS_100.4)												
SP_1171	1106289.0	1107002.0	-	1107031.0	tss_intergenic	6.16326530612245	604.0	98.0	29.0	High Confidence (TSS_100.4)												
SP_1174	1108258.0	1110717.0	-	1110778.0	tss_intergenic	5.2280701754386	298.0	57.0	61.0	High Confidence (TSS_100.4)												
SP_1175	1110875.0	1113324.0	-	1113402.0	tss_intergenic	12.9166666666667	155.0	12.0	78.0	High Confidence (TSS_100.4)												
SP_1176	1113578.0	1115311.0	-	1115326.0	tss_within_coding	151.0	151.0	0.0	15.0	High Confidence (TSS_100.4)												
SP_1177	1115317.0	1115580.0	-	1115635.0	tss_intergenic	10.2153879532449	376672.0	36873.0	55.0	High Confidence (TSS_100.4)												
SP_1178	1115931.0	1116149.0	+	1115903.0	tss_intergenic	9.00702576112412	15384.0	1708.0	28.0	High Confidence (TSS_100.4)												
SP_1182	1119827.0	1120588.0	+	1119809.0	tss_intergenic	10.9030303030303	5397.0	495.0	18.0	High Confidence (TSS_100.4)												
SP_1187	1124828.0	1125664.0	-	1125800.0	tss_intergenic	9.83783783783784	364.0	37.0	136.0	High Confidence (TSS_100.4)												
SP_1189	1126062.0	1126604.0	-	1126839.0	tss_intergenic	4.28125	137.0	32.0	235.0	High Confidence (TSS_100.4)												
SP_1193	1129405.0	1129830.0	-	1129913.0	tss_intergenic	7.92899408284024	1340.0	169.0	83.0	High Confidence (TSS_100.4)												
SP_1200	1132584.0	1134407.0	-	1134429.0	tss_intergenic	6.575757576	1302.0	198.0	22.0	High Confidence (TSS_100.4)												
SP_1207	1139184.0	1140524.0	-	1140557.0	tss_intergenic	8.34536082474227	3238.0	388.0	33.0	High Confidence (TSS_100.4)												
SP_1208	1140652.0	1141290.0	-	1141312.0	tss_within_coding	18.5615696887686	13717.0	739.0	22.0	High Confidence (TSS_100.4)												
SP_1213	1142829.0	1144103.0	-	1144126.0	tss_intergenic	6.10645526613817	5392.0	883.0	23.0	High Confidence (TSS_100.4)												
SP_1215	1145606.0	1146403.0	-	1146426.0	tss_intergenic	11.8181818181818	260.0	22.0	23.0	High Confidence (TSS_100.4)												
SP_1219	1147390.0	1149858.0	-	1149889.0	tss_intergenic	13.638418079096	4828.0	354.0	31.0	High Confidence (TSS_100.4)												
SP_1220	1150052.0	1151038.0	+	1150007.0	tss_intergenic	4.39945092656143	12820.0	2914.0	45.0	High Confidence (TSS_100.4)												
SP_1221	1151348.0	1154602.0	-	1154717.0	tss_intergenic	5.50145208131655	5683.0	1033.0	115.0	High Confidence (TSS_100.4)												
SP_1222	1154767.0	1156644.0	-	1156659.0	tss_intergenic	4.66165413533835	620.0	133.0	15.0	High Confidence (TSS_100.4)												
SP_1223	1156713.0	1156976.0	-	1157236.0	tss_within_coding	8.19565217391304	377.0	46.0	260.0	High Confidence (TSS_100.4)												
SP_1227	1159455.0	1160159.0	-	1160174.0	tss_intergenic	20.969387755102	2055.0	98.0	15.0	High Confidence (TSS_100.4)												
SP_1228	1160215.0	1161390.0	-	1161390.0	tss_intergenic	7.72173913043478	888.0	115.0	0.0	High Confidence (TSS_100.4)												
SP_1229	1161718.0	1163388.0	-	1163416.0	tss_intergenic	6.20552995391705	6733.0	1085.0	28.0	High Confidence (TSS_100.4)												
SP_1230	1163618.0	1164307.0	+	1163618.0	tss_intergenic	5.36024844720497	863.0	161.0	0.0	High Confidence (TSS_100.4)												
SP_1233	1165699.0	1166226.0	+	1165672.0	tss_intergenic	16.125	387.0	24.0	27.0	High Confidence (TSS_100.4)												
SP_1234	1166238.0	1166753.0	+	1166187.0	tss_within_coding	7.85028248587571	2779.0	354.0	51.0	High Confidence (TSS_100.4)												
SP_1235	1166750.0	1167217.0	-	1167610.0	tss_within_coding	261.0	261.0	0.0	393.0	High Confidence (TSS_100.4)												
SP_1238	1168313.0	1170301.0	-	1170322.0	tss_intergenic	5.0327868852459	307.0	61.0	21.0	High Confidence (TSS_100.4)												
SP_1240	1170378.0	1171331.0	-	1171358.0	tss_intergenic	182.0	182.0	0.0	27.0	High Confidence (TSS_100.4)												
SP_1243	1174555.0	1176042.0	+	1174493.0	tss_intergenic	5.29145728643216	1053.0	199.0	62.0	High Confidence (TSS_100.4)												
SP_1248	1182520.0	1183218.0	-	1183246.0	tss_intergenic	12.1153846153846	315.0	26.0	28.0	High Confidence (TSS_100.4)												
SP_1249	1183536.0	1184522.0	-	1184594.0	tss_intergenic	16.6346153846154	3460.0	208.0	72.0	High Confidence (TSS_100.4)												
SP_1260	1192370.0	1193002.0	-	1193026.0	tss_intergenic	7.23711340206186	702.0	97.0	24.0	High Confidence (TSS_100.4)												
SP_1263	1195085.0	1197184.0	-	1197213.0	tss_intergenic	6.50724637681159	449.0	69.0	29.0	High Confidence (TSS_100.4)												
SP_1264	1197351.0	1198394.0	-	1198664.0	tss_intergenic	6.66916354556804	5342.0	801.0	270.0	High Confidence (TSS_100.4)												
SP_1271	1203710.0	1204417.0	-	1204453.0	tss_intergenic	5.90476190476191	496.0	84.0	37.0	High Confidence (TSS_100.4)												
PyrR	1214232.0	1214364.0	-	1214371.0	tss_intergenic	9.29411764705882	2212.0	238.0	7.0	High Confidence (TSS_100.4)												
SpF43_sRNA	1216148.0	1216246.0	+	1216148.0	tss_intergenic	4.3875	351.0	80.0	0.0	High Confidence (TSS_100.4)												
SP_1284	1218832.0	1219392.0	-	1219419.0	tss_intergenic	6.36242884250474	3353.0	527.0	27.0	High Confidence (TSS_100.4)												
SP_1285	1219486.0	1220199.0	+	1219464.0	tss_intergenic	8.39007092198582	1183.0	141.0	22.0	High Confidence (TSS_100.4)												
PyrR	1220356.0	1220479.0	+	1220352.0	tss_intergenic	13.0	871.0	67.0	4.0	High Confidence (TSS_100.4)												
R2	1221797.0	1221902.0	-	1222233.0	tss_within_coding	159.0	159.0	0.0	331.0	High Confidence (TSS_100.4)												
SP_1288	1223563.0	1223895.0	-	1223895.0	tss_intergenic	7.49103448275862	5431.0	725.0	0.0	High Confidence (TSS_100.4)												
SP_1289	1223986.0	1224363.0	-	1224389.0	tss_intergenic	7.74102564102564	3019.0	390.0	26.0	High Confidence (TSS_100.4)												
SP_1293	1227880.0	1228227.0	-	1228304.0	tss_intergenic	53.2485632183908	37061.0	696.0	77.0	High Confidence (TSS_100.4)												
SP_1296	1229040.0	1229306.0	-	1229323.0	tss_intergenic	6.40973505853358	10403.0	1623.0	17.0	High Confidence (TSS_100.4)												
SP_1298	1229969.0	1230904.0	+	1229949.0	tss_intergenic	5.89956331877729	1351.0	229.0	20.0	High Confidence (TSS_100.4)												
SP_1299	1231000.0	1231242.0	+	1230948.0	tss_intergenic	6.42933810375671	111414.0	17329.0	52.0	High Confidence (TSS_100.4)												
SP_RS12175	1231514.0	1232265.0	-	1232265.0	tss_intergenic	7.21951219512195	592.0	82.0	0.0	High Confidence (TSS_100.4)												
SP_1306	1232602.0	1233948.0	+	1232570.0	tss_intergenic	10.6016597510373	7665.0	723.0	32.0	High Confidence (TSS_100.4)												
SP_1338	1261328.0	1261507.0	-	1261869.0	tss_intergenic	5.73825503355705	855.0	149.0	362.0	High Confidence (TSS_100.4)												
SP_1344	1267611.0	1270247.0	-	1270581.0	tss_intergenic	4.33995584988963	1966.0	453.0	334.0	High Confidence (TSS_100.4)												
rli38	1274492.0	1274628.0	-	1274942.0	tss_within_coding	278.0	278.0	0.0	314.0	High Confidence (TSS_100.4)												
SP_1354	1274614.0	1274982.0	-	1275001.0	tss_intergenic	978.0	978.0	0.0	19.0	High Confidence (TSS_100.4)												
srn308  	1275562.0	1275711.0	-	1275729.0	tss_intergenic	13.7152221412964	112986.0	8238.0	18.0	High Confidence (TSS_100.4)												
R17	1277341.0	1277388.0	-	1277389.0	tss_intergenic	4.88235294117647	332.0	68.0	1.0	High Confidence (TSS_100.4)												
SP_RS06655	1281960.0	1282150.0	-	1282392.0	tss_within_coding	206.0	206.0	0.0	242.0	High Confidence (TSS_100.4)												
SP_1361	1283097.0	1284383.0	-	1284408.0	tss_intergenic	4.6638418079096	4953.0	1062.0	25.0	High Confidence (TSS_100.4)												
SP_1362	1284534.0	1285271.0	-	1285296.0	tss_intergenic	6.68148148148148	902.0	135.0	25.0	High Confidence (TSS_100.4)												
SP_1367	1290064.0	1290909.0	-	1290926.0	tss_intergenic	5.63414634146341	693.0	123.0	17.0	High Confidence (TSS_100.4)												
SP_1371	1293773.0	1295056.0	-	1295084.0	tss_intergenic	5.81818181818182	192.0	33.0	28.0	High Confidence (TSS_100.4)												
SP_1372	1295148.0	1295486.0	-	1295669.0	tss_within_coding	148.0	148.0	0.0	183.0	High Confidence (TSS_100.4)												
SP_1381	1303855.0	1304604.0	-	1304635.0	tss_intergenic	351.0	351.0	0.0	31.0	High Confidence (TSS_100.4)												
SP_1382	1304783.0	1306237.0	+	1304755.0	tss_intergenic	7.87755102040816	386.0	49.0	28.0	High Confidence (TSS_100.4)												
SP_1384	1308967.0	1309452.0	-	1309645.0	tss_within_coding	5.00593723494487	5902.0	1179.0	193.0	High Confidence (TSS_100.4)												
SP_1390	1314059.0	1315009.0	-	1315033.0	tss_intergenic	7.15555555555556	966.0	135.0	24.0	High Confidence (TSS_100.4)												
SP_1392	1315883.0	1316614.0	-	1316647.0	tss_intergenic	15.109375	967.0	64.0	33.0	High Confidence (TSS_100.4)												
SP_1393	1316756.0	1318027.0	+	1316735.0	tss_intergenic	5.58024691358025	452.0	81.0	21.0	High Confidence (TSS_100.4)												
SP_1405	1326858.0	1327259.0	-	1327287.0	tss_intergenic	9.31073446327684	6592.0	708.0	28.0	High Confidence (TSS_100.4)												
SP_1409	1329602.0	1330732.0	-	1330732.0	tss_intergenic	11.1451162790698	11981.0	1075.0	0.0	High Confidence (TSS_100.4)												
SP_1413	1332386.0	1333336.0	-	1333346.0	tss_intergenic	7.18037661050545	7245.0	1009.0	10.0	High Confidence (TSS_100.4)												
SP_1414	1333451.0	1333627.0	-	1333655.0	tss_intergenic	6.746387949585	21946.0	3253.0	28.0	High Confidence (TSS_100.4)												
SP_1415	1333773.0	1334474.0	-	1334497.0	tss_within_coding	9.15619389587074	5100.0	557.0	23.0	High Confidence (TSS_100.4)												
SP_RS12215	1336757.0	1337449.0	-	1337555.0	tss_intergenic	14.7671232876712	1078.0	73.0	106.0	High Confidence (TSS_100.4)												
SP_1421	1341630.0	1343090.0	-	1343158.0	tss_intergenic	9.0447247706422	7887.0	872.0	68.0	High Confidence (TSS_100.4)												
SP_1422	1343206.0	1343694.0	-	1343906.0	tss_within_coding	4.22388059701493	283.0	67.0	212.0	High Confidence (TSS_100.4)												
SP_1429	1347287.0	1348573.0	-	1348612.0	tss_intergenic	25.5741935483871	3964.0	155.0	39.0	High Confidence (TSS_100.4)												
SP_RS07015	1349197.0	1349379.0	+	1349076.0	tss_within_coding	2208.0	2208.0	0.0	121.0	High Confidence (TSS_100.4)												
SP_1433	1351451.0	1352443.0	-	1352501.0	tss_intergenic	7.25910931174089	1793.0	247.0	58.0	High Confidence (TSS_100.4)												
SP_RS07080	1362231.0	1362425.0	-	1362458.0	tss_intergenic	15.4444444444444	139.0	9.0	33.0	High Confidence (TSS_100.4)												
SP_1445	1364734.0	1366296.0	-	1366327.0	tss_intergenic	9.87442922374429	4325.0	438.0	31.0	High Confidence (TSS_100.4)												
SP_1446	1366438.0	1367136.0	+	1366412.0	tss_intergenic	7.19540229885058	2504.0	348.0	26.0	High Confidence (TSS_100.4)												
SP_1449	1369016.0	1369741.0	-	1369754.0	tss_intergenic	4.21100917431193	1377.0	327.0	13.0	High Confidence (TSS_100.4)												
SP_1457	1373554.0	1374282.0	+	1373554.0	tss_intergenic	7.41735537190083	1795.0	242.0	0.0	High Confidence (TSS_100.4)												
SP_1458	1374321.0	1375232.0	-	1375259.0	tss_intergenic	5.84070796460177	660.0	113.0	27.0	High Confidence (TSS_100.4)												
SP_1459	1375298.0	1375534.0	-	1375587.0	tss_intergenic	7.13488372093023	1534.0	215.0	53.0	High Confidence (TSS_100.4)												
SP_1464	1378181.0	1378675.0	-	1378701.0	tss_intergenic	11.9251700680272	1753.0	147.0	26.0	High Confidence (TSS_100.4)												
SP_1465	1378810.0	1379256.0	+	1378782.0	tss_intergenic	3366.0	3366.0	0.0	28.0	High Confidence (TSS_100.4)												
SP_1468	1380503.0	1381378.0	-	1381412.0	tss_intergenic	10.3222891566265	10281.0	996.0	34.0	High Confidence (TSS_100.4)												
SP_1469	1381530.0	1382909.0	-	1382939.0	tss_intergenic	5.91262580054895	12925.0	2186.0	30.0	High Confidence (TSS_100.4)												
SP_1470	1383203.0	1384126.0	+	1383120.0	tss_intergenic	11.0655737704918	1350.0	122.0	83.0	High Confidence (TSS_100.4)												
SpR19_sRNA	1390953.0	1391074.0	-	1391092.0	tss_within_coding	6.17898832684825	3176.0	514.0	19.0	High Confidence (TSS_100.4)												
SP_1479	1392101.0	1393492.0	-	1393492.0	tss_intergenic	5.43854818523154	21727.0	3995.0	0.0	High Confidence (TSS_100.4)												
SP_1480	1393727.0	1394080.0	-	1394147.0	tss_intergenic	23.7125382262997	7754.0	327.0	67.0	High Confidence (TSS_100.4)												
SP_1487	1398351.0	1398689.0	-	1398952.0	tss_intergenic	5.95454545454545	131.0	22.0	263.0	High Confidence (TSS_100.4)												
SP_RS12255	1398957.0	1399129.0	-	1399597.0	tss_within_coding	333.0	333.0	0.0	468.0	High Confidence (TSS_100.4)												
SP_1491	1401454.0	1402323.0	-	1402355.0	tss_intergenic	4.09012875536481	953.0	233.0	32.0	High Confidence (TSS_100.4)												
SP_1499	1407849.0	1408196.0	+	1407826.0	tss_intergenic	4.17154811715481	7976.0	1912.0	23.0	High Confidence (TSS_100.4)												
SP_1501	1409324.0	1409953.0	-	1410161.0	tss_within_coding	279.0	279.0	0.0	208.0	High Confidence (TSS_100.4)												
SP_1502	1409963.0	1410604.0	-	1410626.0	tss_intergenic	5.68098159509202	926.0	163.0	22.0	High Confidence (TSS_100.4)												
SP_1505	1413677.0	1414843.0	-	1414863.0	tss_intergenic	7.49122807017544	2135.0	285.0	20.0	High Confidence (TSS_100.4)												
SP_1510	1418861.0	1420366.0	-	1420764.0	tss_within_coding	178.0	178.0	0.0	398.0	High Confidence (TSS_100.4)												
SP_1511	1420381.0	1420917.0	-	1421328.0	tss_within_coding	111.0	111.0	0.0	411.0	High Confidence (TSS_100.4)												
SP_1514	1422176.0	1422376.0	-	1422405.0	tss_intergenic	10.8453781512605	12906.0	1190.0	29.0	High Confidence (TSS_100.4)												
SP_RS07460	1422451.0	1423457.0	-	1423486.0	tss_intergenic	4.90322580645161	456.0	93.0	29.0	High Confidence (TSS_100.4)												
SP_RS12280	1423690.0	1423827.0	-	1424260.0	tss_within_coding	160.0	160.0	0.0	433.0	High Confidence (TSS_100.4)												
SP_1517	1424808.0	1425290.0	-	1425359.0	tss_intergenic	1255.0	1255.0	0.0	74.0	High Confidence (TSS_100.4)												
SP_1518	1425361.0	1427016.0	-	1427041.0	tss_intergenic	9.05129099790649	25941.0	2866.0	25.0	High Confidence (TSS_100.4)												
SP_1522	1429407.0	1430024.0	-	1430042.0	tss_intergenic	11.4798345398139	11101.0	967.0	18.0	High Confidence (TSS_100.4)												
SP_1523	1430072.0	1433170.0	-	1433189.0	tss_intergenic	5.28445747800586	1802.0	341.0	19.0	High Confidence (TSS_100.4)												
SP_1525	1434437.0	1435531.0	-	1435550.0	tss_intergenic	4.93670886075949	390.0	79.0	19.0	High Confidence (TSS_100.4)												
SP_1527	1437536.0	1439494.0	-	1439522.0	tss_intergenic	4.32432432432432	1120.0	259.0	28.0	High Confidence (TSS_100.4)												
SP_1529	1439697.0	1441319.0	-	1441359.0	tss_intergenic	6.75925925925926	3650.0	540.0	40.0	High Confidence (TSS_100.4)												
SP_1530	1441425.0	1442870.0	+	1441425.0	tss_intergenic	5.26452282157676	5075.0	964.0	0.0	High Confidence (TSS_100.4)												
SP_1531	1442913.0	1443110.0	-	1443152.0	tss_intergenic	6.41451209341118	7691.0	1199.0	42.0	High Confidence (TSS_100.4)												
SP_1534	1444442.0	1445377.0	-	1445403.0	tss_intergenic	9.03389830508475	533.0	59.0	26.0	High Confidence (TSS_100.4)												
SP_1535	1445448.0	1445747.0	-	1445890.0	tss_within_coding	169.0	169.0	0.0	143.0	High Confidence (TSS_100.4)												
SP_1536	1445737.0	1446486.0	-	1446486.0	tss_intergenic	5.35849056603774	284.0	53.0	0.0	High Confidence (TSS_100.4)												
SP_1538	1446901.0	1448301.0	-	1448325.0	tss_intergenic	8.51598676957001	7724.0	907.0	24.0	High Confidence (TSS_100.4)												
SP_1539	1448596.0	1448835.0	-	1448993.0	tss_within_coding	1607.0	1607.0	0.0	158.0	High Confidence (TSS_100.4)												
SP_1541	1449349.0	1449639.0	-	1449705.0	tss_intergenic	25.707650273224	28227.0	1098.0	66.0	High Confidence (TSS_100.4)												
SP_1545	1452696.0	1453127.0	-	1453184.0	tss_intergenic	28.0166666666667	5043.0	180.0	57.0	High Confidence (TSS_100.4)												
SP_1546	1453505.0	1454053.0	+	1453460.0	tss_intergenic	4178.0	4178.0	0.0	45.0	High Confidence (TSS_100.4)												
SP_1547	1454330.0	1455058.0	-	1455058.0	tss_intergenic	7.2603550295858	1227.0	169.0	0.0	High Confidence (TSS_100.4)												
SP_1549	1456975.0	1457385.0	-	1457417.0	tss_intergenic	6.87951807228916	571.0	83.0	32.0	High Confidence (TSS_100.4)												
SSRC10	1461067.0	1461188.0	-	1461189.0	tss_intergenic	9.67712699671462	85420.0	8827.0	1.0	High Confidence (TSS_100.4)												
SP_1555	1465696.0	1466463.0	-	1466553.0	tss_intergenic	8623.0	8623.0	0.0	90.0	High Confidence (TSS_100.4)												
SP_1558	1467590.0	1467976.0	-	1467989.0	tss_intergenic	4.54651162790698	1173.0	258.0	13.0	High Confidence (TSS_100.4)												
SP_1561	1470180.0	1471037.0	-	1471067.0	tss_intergenic	8.33460076045627	2192.0	263.0	30.0	High Confidence (TSS_100.4)												
SP_1569	1475983.0	1477215.0	-	1477416.0	tss_within_coding	350.0	350.0	0.0	201.0	High Confidence (TSS_100.4)												
SP_1571	1477417.0	1477923.0	-	1477944.0	tss_intergenic	6.69796954314721	13195.0	1970.0	21.0	High Confidence (TSS_100.4)												
SP_1572	1478053.0	1478589.0	-	1478619.0	tss_intergenic	25.6912061994609	152503.0	5936.0	30.0	High Confidence (TSS_100.4)												
SP_1573	1479067.0	1480539.0	-	1480703.0	tss_within_coding	170.0	170.0	0.0	164.0	High Confidence (TSS_100.4)												
SP_1574	1480609.0	1481367.0	-	1481397.0	tss_intergenic	9.48232411620581	27091.0	2857.0	30.0	High Confidence (TSS_100.4)												
SP_1576	1482151.0	1483095.0	-	1483164.0	tss_intergenic	6.72767857142857	1507.0	224.0	69.0	High Confidence (TSS_100.4)												
SP_1577	1483277.0	1483789.0	-	1483816.0	tss_intergenic	13.0717054263566	6745.0	516.0	27.0	High Confidence (TSS_100.4)												
SP_1578	1483876.0	1484634.0	-	1484656.0	tss_intergenic	12.6206896551724	366.0	29.0	22.0	High Confidence (TSS_100.4)												
SP_1580	1485135.0	1486265.0	-	1486291.0	tss_intergenic	6.04085257548845	3401.0	563.0	26.0	High Confidence (TSS_100.4)												
SP_1584	1488714.0	1489502.0	-	1489522.0	tss_intergenic	8.66666666666667	9334.0	1077.0	20.0	High Confidence (TSS_100.4)												
SP_1586	1489766.0	1491340.0	-	1491484.0	tss_intergenic	59.8669527896996	13949.0	233.0	144.0	High Confidence (TSS_100.4)												
SP_1587	1491539.0	1492765.0	-	1492815.0	tss_intergenic	11.1484716157205	2553.0	229.0	50.0	High Confidence (TSS_100.4)												
SP_1588	1492958.0	1494274.0	+	1492941.0	tss_intergenic	4.8980564723139	13357.0	2727.0	17.0	High Confidence (TSS_100.4)												
SP_1589	1494373.0	1495716.0	+	1494373.0	tss_intergenic	11.1347905282332	6113.0	549.0	0.0	High Confidence (TSS_100.4)												
SP_1591	1496624.0	1497706.0	+	1496606.0	tss_intergenic	7.76007215874925	12905.0	1663.0	18.0	High Confidence (TSS_100.4)												
SP_1599	1502436.0	1503185.0	-	1503185.0	tss_intergenic	6.86075949367089	542.0	79.0	0.0	High Confidence (TSS_100.4)												
SP_1602	1505526.0	1505864.0	-	1505916.0	tss_intergenic	22.4754601226994	43962.0	1956.0	52.0	High Confidence (TSS_100.4)												
SP_1603	1505995.0	1506666.0	-	1507100.0	tss_within_coding	143.0	143.0	0.0	434.0	High Confidence (TSS_100.4)												
SP_1607	1508427.0	1509446.0	-	1509476.0	tss_intergenic	7.40350877192982	6752.0	912.0	30.0	High Confidence (TSS_100.4)												
SP_1610	1511651.0	1512328.0	-	1512354.0	tss_intergenic	4.63876651982379	1053.0	227.0	26.0	High Confidence (TSS_100.4)												
SP_1623	1523328.0	1525664.0	-	1525664.0	tss_intergenic	6.06944444444444	437.0	72.0	0.0	High Confidence (TSS_100.4)												
SP_1624	1525797.0	1526546.0	+	1525773.0	tss_intergenic	6.38709677419355	198.0	31.0	24.0	High Confidence (TSS_100.4)												
trn0761	1528108.0	1528175.0	-	1528401.0	tss_within_coding	790.0	790.0	0.0	226.0	High Confidence (TSS_100.4)												
S15	1528481.0	1528597.0	-	1528620.0	tss_intergenic	52.6996569814366	522359.0	9912.0	23.0	High Confidence (TSS_100.4)												
SP_1630	1530175.0	1530403.0	+	1529948.0	tss_within_coding	4.72413793103448	1096.0	232.0	227.0	High Confidence (TSS_100.4)												
SP_1633	1533515.0	1534192.0	-	1534207.0	tss_intergenic	11.9090909090909	131.0	11.0	15.0	High Confidence (TSS_100.4)												
SP_1634	1534348.0	1535421.0	+	1534330.0	tss_intergenic	9.89473684210526	188.0	19.0	18.0	High Confidence (TSS_100.4)												
SP_1636	1535882.0	1536319.0	-	1536366.0	tss_intergenic	542.0	542.0	0.0	47.0	High Confidence (TSS_100.4)												
SP_1637	1536395.0	1537243.0	-	1537261.0	tss_intergenic	7.52432432432432	1392.0	185.0	18.0	High Confidence (TSS_100.4)												
SP_1638	1537349.0	1537999.0	+	1537326.0	tss_intergenic	3607.0	3607.0	0.0	23.0	High Confidence (TSS_100.4)												
SP_1645	1541751.0	1543973.0	-	1543991.0	tss_intergenic	7.20124481327801	3471.0	482.0	18.0	High Confidence (TSS_100.4)												
SP_1647	1545684.0	1547576.0	-	1547601.0	tss_intergenic	5.74428274428274	2763.0	481.0	25.0	High Confidence (TSS_100.4)												
SP_1648	1547867.0	1548589.0	+	1547850.0	tss_intergenic	4.20254586297267	22450.0	5342.0	17.0	High Confidence (TSS_100.4)												
SP_1653	1553815.0	1554516.0	-	1554668.0	tss_intergenic	11.5384615384615	900.0	78.0	152.0	High Confidence (TSS_100.4)												
SP_1654	1554766.0	1557177.0	-	1557177.0	tss_intergenic	6.92307692307692	270.0	39.0	0.0	High Confidence (TSS_100.4)												
SP_1655	1557230.0	1557922.0	-	1557968.0	tss_intergenic	7.39524576954069	18355.0	2482.0	46.0	High Confidence (TSS_100.4)												
SP_1660	1562181.0	1562342.0	-	1562621.0	tss_within_coding	269.0	269.0	0.0	279.0	High Confidence (TSS_100.4)												
SP_1661	1562385.0	1563185.0	-	1563242.0	tss_within_coding	517.0	517.0	0.0	57.0	High Confidence (TSS_100.4)												
SP_1663	1563964.0	1564227.0	-	1564572.0	tss_within_coding	662.0	662.0	0.0	345.0	High Confidence (TSS_100.4)												
SP_1664	1564227.0	1564766.0	-	1565083.0	tss_within_coding	156.0	156.0	0.0	317.0	High Confidence (TSS_100.4)												
SP_1666	1565452.0	1566711.0	-	1566939.0	tss_within_coding	134.0	134.0	0.0	228.0	High Confidence (TSS_100.4)												
SP_1667	1566728.0	1568101.0	-	1568177.0	tss_intergenic	9.24765729585007	13816.0	1494.0	76.0	High Confidence (TSS_100.4)												
SP_1668	1568320.0	1569024.0	-	1569056.0	tss_intergenic	11.3311258278146	1711.0	151.0	32.0	High Confidence (TSS_100.4)												
SP_1671	1571170.0	1572213.0	-	1572243.0	tss_intergenic	10.7721518987342	6808.0	632.0	30.0	High Confidence (TSS_100.4)												
SP_1673	1572996.0	1575053.0	-	1575072.0	tss_intergenic	12.9518072289157	1075.0	83.0	19.0	High Confidence (TSS_100.4)												
SP_1674	1575253.0	1576104.0	+	1575198.0	tss_intergenic	8.44815148782687	9369.0	1109.0	55.0	High Confidence (TSS_100.4)												
SP_1676	1577022.0	1577939.0	-	1577989.0	tss_intergenic	323.0	323.0	0.0	50.0	High Confidence (TSS_100.4)												
SP_1694	1598470.0	1598697.0	-	1598827.0	tss_intergenic	7.94736842105263	151.0	19.0	130.0	High Confidence (TSS_100.4)												
SP_1695	1599458.0	1600438.0	-	1600698.0	tss_within_coding	9.21739130434783	8056.0	874.0	260.0	High Confidence (TSS_100.4)												
SP_1702	1606632.0	1609145.0	-	1609184.0	tss_intergenic	4.16879795396419	1630.0	391.0	39.0	High Confidence (TSS_100.4)												
SP_1710	1614075.0	1614788.0	-	1614911.0	tss_within_coding	141.0	141.0	0.0	123.0	High Confidence (TSS_100.4)												
SP_1713	1616852.0	1617325.0	-	1617347.0	tss_intergenic	4.67617866004963	3769.0	806.0	22.0	High Confidence (TSS_100.4)												
SP_1714	1617465.0	1617830.0	+	1617434.0	tss_intergenic	11.7469654528478	50324.0	4284.0	31.0	High Confidence (TSS_100.4)												
SP_1717	1620921.0	1621814.0	-	1621835.0	tss_intergenic	6.61320754716981	701.0	106.0	21.0	High Confidence (TSS_100.4)												
SP_1722	1625103.0	1626986.0	-	1627048.0	tss_intergenic	9.85	394.0	40.0	62.0	High Confidence (TSS_100.4)												
SP_1727	1631071.0	1632267.0	-	1632281.0	tss_intergenic	8.70498084291188	2272.0	261.0	14.0	High Confidence (TSS_100.4)												
SP_1731	1633826.0	1634584.0	-	1634605.0	tss_intergenic	8.7378640776699	900.0	103.0	21.0	High Confidence (TSS_100.4)												
SP_1733	1636675.0	1637415.0	-	1637624.0	tss_within_coding	13.1198738170347	4159.0	317.0	209.0	High Confidence (TSS_100.4)												
SP_1738	1642485.0	1643111.0	-	1643191.0	tss_intergenic	8.33790918690602	7896.0	947.0	80.0	High Confidence (TSS_100.4)												
SP_1739	1643241.0	1644854.0	-	1644896.0	tss_intergenic	23.9987012987013	18479.0	770.0	42.0	High Confidence (TSS_100.4)												
SP_1740	1645045.0	1645299.0	-	1645583.0	tss_within_coding	12.2105263157895	232.0	19.0	284.0	High Confidence (TSS_100.4)												
SP_1750	1651526.0	1652116.0	-	1652616.0	tss_within_coding	122.0	122.0	0.0	500.0	High Confidence (TSS_100.4)												
SP_1751	1652068.0	1652976.0	-	1652995.0	tss_intergenic	2536.0	2536.0	0.0	19.0	High Confidence (TSS_100.4)												
SP_RS12360	1653797.0	1653985.0	+	1653710.0	tss_intergenic	16.6615384615385	1083.0	65.0	87.0	High Confidence (TSS_100.4)												
SP_1772	1678227.0	1692710.0	-	1692765.0	tss_intergenic	16.0088105726872	3634.0	227.0	55.0	High Confidence (TSS_100.4)												
SP_RS08800	1694275.0	1694496.0	+	1694250.0	tss_intergenic	54861.0	54861.0	0.0	25.0	High Confidence (TSS_100.4)												
SP_1776	1694513.0	1694827.0	+	1694350.0	tss_within_coding	148.0	148.0	0.0	163.0	High Confidence (TSS_100.4)												
SP_1778	1696189.0	1696857.0	-	1696882.0	tss_intergenic	17.7897838899804	9055.0	509.0	25.0	High Confidence (TSS_100.4)												
SP_1785	1702922.0	1703392.0	-	1703473.0	tss_intergenic	107.0	107.0	0.0	81.0	High Confidence (TSS_100.4)												
SP_1786	1703683.0	1704135.0	-	1704370.0	tss_within_coding	15.33	1533.0	100.0	235.0	High Confidence (TSS_100.4)												
SP_1790	1705345.0	1706616.0	+	1705290.0	tss_intergenic	9.28571428571429	325.0	35.0	55.0	High Confidence (TSS_100.4)												
SP_1794	1709561.0	1709974.0	-	1710000.0	tss_intergenic	6.39514731369151	3690.0	577.0	26.0	High Confidence (TSS_100.4)												
SP_1799	1715315.0	1716316.0	-	1716332.0	tss_intergenic	8.46771378708551	4852.0	573.0	16.0	High Confidence (TSS_100.4)												
SP_1804	1719637.0	1720245.0	+	1719618.0	tss_intergenic	224.0	224.0	0.0	19.0	High Confidence (TSS_100.4)												
SP_1805	1720276.0	1720479.0	+	1720122.0	tss_within_coding	193.0	193.0	0.0	154.0	High Confidence (TSS_100.4)												
SP_1807	1721006.0	1721452.0	-	1721477.0	tss_intergenic	5.33035714285714	597.0	112.0	25.0	High Confidence (TSS_100.4)												
SP_1810	1723399.0	1724130.0	-	1724156.0	tss_intergenic	4.53417721518987	1791.0	395.0	26.0	High Confidence (TSS_100.4)												
SP_1838	1747591.0	1748283.0	-	1748320.0	tss_intergenic	16.6553846153846	5413.0	325.0	37.0	High Confidence (TSS_100.4)												
SP_1844	1752826.0	1753053.0	-	1753079.0	tss_intergenic	8.23645320197044	1672.0	203.0	26.0	High Confidence (TSS_100.4)												
Purine	1754791.0	1754886.0	+	1754773.0	tss_intergenic	7.05333333333333	529.0	75.0	18.0	High Confidence (TSS_100.4)												
SP_1850	1757628.0	1758392.0	-	1758448.0	tss_intergenic	5.67857142857143	954.0	168.0	56.0	High Confidence (TSS_100.4)												
SP_1851	1758573.0	1758977.0	-	1759000.0	tss_intergenic	8.38095238095238	176.0	21.0	23.0	High Confidence (TSS_100.4)												
SP_1858	1765602.0	1766138.0	+	1765499.0	tss_intergenic	324.0	324.0	0.0	103.0	High Confidence (TSS_100.4)												
SP_1859	1766305.0	1767114.0	-	1767250.0	tss_intergenic	11.7272727272727	258.0	22.0	136.0	High Confidence (TSS_100.4)												
SP_1863	1770480.0	1770923.0	-	1770957.0	tss_intergenic	8.84012539184953	2820.0	319.0	34.0	High Confidence (TSS_100.4)												
SP_1865	1771923.0	1772987.0	-	1773006.0	tss_intergenic	8.89969604863222	2928.0	329.0	19.0	High Confidence (TSS_100.4)												
SP_1869	1774497.0	1775471.0	+	1774470.0	tss_intergenic	5.06666666666667	152.0	30.0	27.0	High Confidence (TSS_100.4)												
SP_1875	1779403.0	1779972.0	-	1780435.0	tss_within_coding	483.0	483.0	0.0	463.0	High Confidence (TSS_100.4)												
SP_1881	1783373.0	1784167.0	-	1784266.0	tss_intergenic	4.6	920.0	200.0	99.0	High Confidence (TSS_100.4)												
SP_1882	1784375.0	1784623.0	-	1784650.0	tss_intergenic	6.33854447439353	11758.0	1855.0	27.0	High Confidence (TSS_100.4)												
SP_1885	1788834.0	1789544.0	+	1788790.0	tss_within_coding	13.2321755027422	7238.0	547.0	44.0	High Confidence (TSS_100.4)												
SP_1891	1795602.0	1797581.0	-	1797615.0	tss_intergenic	23.5135135135135	6090.0	259.0	34.0	High Confidence (TSS_100.4)												
SP_1899	1806745.0	1807605.0	+	1806733.0	tss_intergenic	1567.0	1567.0	0.0	12.0	High Confidence (TSS_100.4)												
SP_2256	1808956.0	1809028.0	-	1809031.0	tss_intergenic	2011.0	2011.0	0.0	4.0	High Confidence (TSS_100.4)												
SP_2261	1809385.0	1809458.0	-	1809473.0	tss_intergenic	977.0	977.0	0.0	16.0	High Confidence (TSS_100.4)												
SP_2263	1809557.0	1809642.0	-	1809649.0	tss_intergenic	1012.0	1012.0	0.0	8.0	High Confidence (TSS_100.4)												
SP_rrnaD16S	1813506.0	1815057.0	-	1815208.0	tss_intergenic	37.9115044247788	4284.0	113.0	151.0	High Confidence (TSS_100.4)												
SP_2271	1815312.0	1815383.0	-	1815401.0	tss_intergenic	86.0117647058824	14622.0	170.0	18.0	High Confidence (TSS_100.4)												
SP_1901	1815445.0	1816800.0	-	1816800.0	tss_intergenic	8.76623376623377	675.0	77.0	0.0	High Confidence (TSS_100.4)												
SP_1902	1816838.0	1817614.0	+	1816838.0	tss_intergenic	6.51162790697674	280.0	43.0	0.0	High Confidence (TSS_100.4)												
SP_1903	1817703.0	1818236.0	+	1817669.0	tss_intergenic	4.95280612244898	7766.0	1568.0	34.0	High Confidence (TSS_100.4)												
SP_1911	1824358.0	1824675.0	-	1824964.0	tss_within_coding	8.22222222222222	148.0	18.0	289.0	High Confidence (TSS_100.4)												
SP_1915	1826340.0	1826786.0	-	1826800.0	tss_intergenic	1217.0	1217.0	0.0	14.0	High Confidence (TSS_100.4)												
SP_1917	1827400.0	1827762.0	-	1827778.0	tss_intergenic	5.67567567567568	210.0	37.0	16.0	High Confidence (TSS_100.4)												
SP_1922	1830299.0	1831015.0	-	1831044.0	tss_intergenic	13.265350877193	6049.0	456.0	29.0	High Confidence (TSS_100.4)												
SP_1926	1834346.0	1834804.0	-	1834832.0	tss_intergenic	4.41866028708134	3694.0	836.0	28.0	High Confidence (TSS_100.4)												
SP_RS12445	1834929.0	1835733.0	+	1834929.0	tss_intergenic	4.91666666666667	354.0	72.0	0.0	High Confidence (TSS_100.4)												
SP_1937	1840405.0	1841361.0	-	1841611.0	tss_intergenic	4.00121507	3293.0	823.0	59.0	High Confidence (TSS_100.4)												
SP_1940	1843413.0	1844579.0	-	1844613.0	tss_intergenic	7.1289156626506	5917.0	830.0	34.0	High Confidence (TSS_100.4)												
SP_1944	1847507.0	1847950.0	-	1847950.0	tss_intergenic	14.1048951048951	2017.0	143.0	0.0	High Confidence (TSS_100.4)												
SP_1946	1849039.0	1849902.0	-	1849930.0	tss_intergenic	7.57664233576642	3114.0	411.0	28.0	High Confidence (TSS_100.4)												
SP_1947	1850094.0	1850264.0	+	1850068.0	tss_intergenic	8.075	4522.0	560.0	26.0	High Confidence (TSS_100.4)												
SP_1956	1859774.0	1860541.0	+	1859467.0	tss_within_coding	4.04878048780488	166.0	41.0	307.0	High Confidence (TSS_100.4)												
SP_1959	1862121.0	1862534.0	-	1862559.0	tss_intergenic	5.69291338582677	723.0	127.0	25.0	High Confidence (TSS_100.4)												
SP_1963	1870650.0	1871981.0	-	1872006.0	tss_intergenic	6.32373113854595	4610.0	729.0	25.0	High Confidence (TSS_100.4)												
SP_1966	1873254.0	1874537.0	-	1874789.0	tss_within_coding	4.89285714285714	274.0	56.0	252.0	High Confidence (TSS_100.4)												
SP_RS09885	1874561.0	1874791.0	-	1874791.0	tss_intergenic	8.13321167883212	4457.0	548.0	0.0	High Confidence (TSS_100.4)												
SP_1969	1876348.0	1876887.0	-	1876887.0	tss_intergenic	6.14792899408284	2078.0	338.0	0.0	High Confidence (TSS_100.4)												
SP_1972	1878056.0	1878739.0	-	1878768.0	tss_intergenic	4.84100418410042	1157.0	239.0	29.0	High Confidence (TSS_100.4)												
SP_1973	1878795.0	1879535.0	-	1879535.0	tss_intergenic	7.04417670682731	1754.0	249.0	0.0	High Confidence (TSS_100.4)												
SP_1976	1880926.0	1881720.0	-	1881748.0	tss_intergenic	5.45979899497487	2173.0	398.0	28.0	High Confidence (TSS_100.4)												
SP_1978	1881846.0	1883096.0	-	1883416.0	tss_within_coding	115.0	115.0	0.0	320.0	High Confidence (TSS_100.4)												
SP_1979	1883163.0	1883990.0	-	1884186.0	tss_within_coding	8.97297297297297	1992.0	222.0	196.0	High Confidence (TSS_100.4)												
SP_1985	1888618.0	1889490.0	-	1889514.0	tss_intergenic	6.51082251082251	1504.0	231.0	24.0	High Confidence (TSS_100.4)												
SP_1988	1890565.0	1892607.0	-	1892695.0	tss_within_coding	5.84146341463415	958.0	164.0	88.0	High Confidence (TSS_100.4)												
SP_1991	1894395.0	1895168.0	-	1895188.0	tss_intergenic	8.09151414309484	4863.0	601.0	20.0	High Confidence (TSS_100.4)												
SP_1993	1896650.0	1896784.0	-	1896852.0	tss_intergenic	16.5193080012357	53473.0	3237.0	68.0	High Confidence (TSS_100.4)												
SP_1994	1896929.0	1898143.0	-	1898167.0	tss_intergenic	11.96723996724	14612.0	1221.0	24.0	High Confidence (TSS_100.4)												
SP_1996	1898755.0	1899207.0	+	1898731.0	tss_intergenic	10.0365535248042	3844.0	383.0	24.0	High Confidence (TSS_100.4)												
SP_1997	1899242.0	1900630.0	-	1900656.0	tss_intergenic	6.35265700483092	2630.0	414.0	26.0	High Confidence (TSS_100.4)												
SP_1998	1900696.0	1901658.0	+	1900668.0	tss_intergenic	8.36645962732919	2694.0	322.0	28.0	High Confidence (TSS_100.4)												
SP_1999	1902314.0	1903324.0	-	1903439.0	tss_intergenic	15.3179643323184	35216.0	2299.0	115.0	High Confidence (TSS_100.4)												
SP_2001	1904349.0	1905446.0	-	1905887.0	tss_within_coding	7.88461538461539	820.0	104.0	441.0	High Confidence (TSS_100.4)												
SP_2275	1908214.0	1908299.0	-	1908306.0	tss_intergenic	943.0	943.0	0.0	8.0	High Confidence (TSS_100.4)												
SP_2279	1908579.0	1908651.0	-	1908675.0	tss_intergenic	3319.0	3319.0	0.0	25.0	High Confidence (TSS_100.4)												
SP_rrnaC16S	1912163.0	1913714.0	-	1913865.0	tss_intergenic	34.3464566929134	4362.0	127.0	151.0	High Confidence (TSS_100.4)												
SP_2283	1913969.0	1914040.0	-	1914058.0	tss_intergenic	91.639751552795	14754.0	161.0	18.0	High Confidence (TSS_100.4)												
SP_2009	1915512.0	1915664.0	-	1915676.0	tss_intergenic	6.3546120375125	235127.0	37001.0	13.0	High Confidence (TSS_100.4)												
SP_2010	1915717.0	1917912.0	-	1917912.0	tss_intergenic	5.31147540983607	648.0	122.0	0.0	High Confidence (TSS_100.4)												
SP_2012	1918942.0	1919949.0	-	1920038.0	tss_intergenic	1552.0	1552.0	0.0	89.0	High Confidence (TSS_100.4)												
SP_RS12475	1921149.0	1921994.0	-	1921994.0	tss_intergenic	5.72813990461049	10809.0	1887.0	0.0	High Confidence (TSS_100.4)												
SP_2016	1922125.0	1923024.0	-	1923085.0	tss_intergenic	7.97478991596639	1898.0	238.0	61.0	High Confidence (TSS_100.4)												
SP_2017	1923234.0	1924544.0	+	1923155.0	tss_intergenic	13.8453865336658	5552.0	401.0	79.0	High Confidence (TSS_100.4)												
SP_2026	1930775.0	1933426.0	-	1933476.0	tss_intergenic	7.42367502380197	23392.0	3151.0	50.0	High Confidence (TSS_100.4)												
SP_2029	1934612.0	1934911.0	-	1934935.0	tss_intergenic	7.77021919879063	20560.0	2646.0	24.0	High Confidence (TSS_100.4)												
SP_2042	1947360.0	1947731.0	-	1947754.0	tss_intergenic	7.98231292517007	11734.0	1470.0	23.0	High Confidence (TSS_100.4)												
SP_2044	1947880.0	1949070.0	-	1949098.0	tss_intergenic	4.63157894736842	352.0	76.0	28.0	High Confidence (TSS_100.4)												
SP_2045	1949121.0	1950074.0	-	1950074.0	tss_intergenic	8.35211267605634	1186.0	142.0	0.0	High Confidence (TSS_100.4)												
SP_2054	1954652.0	1955023.0	-	1955035.0	tss_intergenic	8.09090909090909	10413.0	1287.0	12.0	High Confidence (TSS_100.4)												
SP_2055	1955168.0	1956226.0	-	1956262.0	tss_intergenic	6.28181818181818	691.0	110.0	36.0	High Confidence (TSS_100.4)												
SP_2057	1957693.0	1959510.0	-	1959537.0	tss_intergenic	7.5616211745244	9142.0	1209.0	27.0	High Confidence (TSS_100.4)												
SP_2058	1959608.0	1960750.0	-	1960808.0	tss_intergenic	8.42	2526.0	300.0	58.0	High Confidence (TSS_100.4)												
SP_2059	1960880.0	1961737.0	+	1960880.0	tss_intergenic	6.89261744966443	1027.0	149.0	0.0	High Confidence (TSS_100.4)												
SP_2060	1961765.0	1962409.0	-	1962449.0	tss_intergenic	379.0	379.0	0.0	40.0	High Confidence (TSS_100.4)												
SP_2062	1962886.0	1963224.0	-	1963350.0	tss_intergenic	14.4285714285714	101.0	7.0	126.0	High Confidence (TSS_100.4)												
SP_2063	1963634.0	1964746.0	-	1964773.0	tss_intergenic	4.99003725201421	57600.0	11543.0	27.0	High Confidence (TSS_100.4)												
SP_2066	1966877.0	1968361.0	-	1968386.0	tss_intergenic	6.88405797101449	475.0	69.0	25.0	High Confidence (TSS_100.4)												
SP_2067	1968437.0	1969714.0	-	1969752.0	tss_intergenic	4.64444444444444	209.0	45.0	38.0	High Confidence (TSS_100.4)												
SP_2290	1970327.0	1970400.0	-	1970410.0	tss_intergenic	1149.0	1149.0	0.0	11.0	High Confidence (TSS_100.4)												
SP_2291	1970411.0	1970500.0	-	1970582.0	tss_intergenic	765.0	765.0	0.0	83.0	High Confidence (TSS_100.4)												
SP_2292	1970583.0	1970656.0	-	1970690.0	tss_intergenic	2714.0	2714.0	0.0	35.0	High Confidence (TSS_100.4)												
SP_rrnaB16S	1974179.0	1975730.0	-	1975881.0	tss_intergenic	29.4933333333333	4424.0	150.0	151.0	High Confidence (TSS_100.4)												
SP_2296	1975986.0	1976057.0	-	1976075.0	tss_intergenic	88.9704142011834	15036.0	169.0	18.0	High Confidence (TSS_100.4)												
SP_2069	1976627.0	1978087.0	-	1978123.0	tss_intergenic	6.27257799671593	3820.0	609.0	36.0	High Confidence (TSS_100.4)												
SP_2070	1978211.0	1979560.0	-	1979581.0	tss_within_coding	4.62962962962963	250.0	54.0	21.0	High Confidence (TSS_100.4)												
SP_2072	1979730.0	1980419.0	-	1980447.0	tss_intergenic	14.4285714285714	101.0	7.0	28.0	High Confidence (TSS_100.4)												
SP_2075	1983116.0	1984810.0	-	1984877.0	tss_within_coding	13.88	347.0	25.0	67.0	High Confidence (TSS_100.4)												
SP_2077	1987541.0	1987987.0	-	1988024.0	tss_intergenic	6.03828828828829	2681.0	444.0	37.0	High Confidence (TSS_100.4)												
SP_2078	1988123.0	1989814.0	+	1988099.0	tss_intergenic	5.10328638497653	2174.0	426.0	24.0	High Confidence (TSS_100.4)												
SP_2082	1991241.0	1991948.0	+	1991226.0	tss_intergenic	8.98859315589354	2364.0	263.0	15.0	High Confidence (TSS_100.4)												
SP_2091	1998790.0	1999806.0	+	1998765.0	tss_intergenic	6.66557107641742	8112.0	1217.0	25.0	High Confidence (TSS_100.4)												
SP_2098	2005725.0	2006636.0	-	2007047.0	tss_within_coding	556.0	556.0	0.0	411.0	High Confidence (TSS_100.4)												
SP_2099	2006701.0	2009166.0	-	2009178.0	tss_intergenic	24.6666666666667	444.0	18.0	12.0	High Confidence (TSS_100.4)												
SP_2100	2009308.0	2010564.0	+	2009275.0	tss_intergenic	11.3150684931507	826.0	73.0	33.0	High Confidence (TSS_100.4)												
SP_2102	2012707.0	2012985.0	-	2013000.0	tss_intergenic	8.83	67991.0	7700.0	15.0	High Confidence (TSS_100.4)												
SP_2105	2014784.0	2015356.0	+	2014757.0	tss_intergenic	4.97474747474747	985.0	198.0	27.0	High Confidence (TSS_100.4)												
SP_2107	2018683.0	2020200.0	-	2020339.0	tss_intergenic	6.02447552447552	1723.0	286.0	139.0	High Confidence (TSS_100.4)												
SP_2108	2020750.0	2022021.0	+	2020687.0	tss_intergenic	6.20456333595594	7886.0	1271.0	63.0	High Confidence (TSS_100.4)												
SP_2111	2024521.0	2025321.0	+	2024491.0	tss_intergenic	4.3469387755102	213.0	49.0	30.0	High Confidence (TSS_100.4)												
SP_2114	2027528.0	2029291.0	-	2029313.0	tss_intergenic	2783.0	2783.0	0.0	22.0	High Confidence (TSS_100.4)												
SP_2115	2029643.0	2029873.0	-	2029883.0	tss_intergenic	16.6776119402985	11174.0	670.0	10.0	High Confidence (TSS_100.4)												
SP_2119	2031477.0	2031683.0	-	2032040.0	tss_within_coding	4.01672240802676	1201.0	299.0	357.0	High Confidence (TSS_100.4)												
SP_2121	2032438.0	2033727.0	-	2033750.0	tss_intergenic	4.21047619047619	17684.0	4200.0	23.0	High Confidence (TSS_100.4)												
SP_2124	2036068.0	2036202.0	-	2036213.0	tss_intergenic	170.0	170.0	0.0	11.0	High Confidence (TSS_100.4)												
SP_2126	2036860.0	2038563.0	-	2038586.0	tss_intergenic	6.5	1066.0	164.0	23.0	High Confidence (TSS_100.4)												
SP_2131	2042233.0	2044263.0	-	2044277.0	tss_intergenic	32.6428571428571	457.0	14.0	14.0	High Confidence (TSS_100.4)												
SP_2132	2044455.0	2045462.0	+	2044431.0	tss_intergenic	11.5892857142857	649.0	56.0	24.0	High Confidence (TSS_100.4)												
SP_2134	2045817.0	2045999.0	+	2045761.0	tss_intergenic	4.59032716927454	6454.0	1406.0	56.0	High Confidence (TSS_100.4)												
SP_2135	2046015.0	2046164.0	+	2045975.0	tss_within_coding	171.0	171.0	0.0	40.0	High Confidence (TSS_100.4)												
trn1025	2048577.0	2048644.0	-	2048654.0	tss_intergenic	5.69747899159664	678.0	119.0	10.0	High Confidence (TSS_100.4)												
SP_2139	2049848.0	2050210.0	-	2050356.0	tss_intergenic	5.97727272727273	263.0	44.0	146.0	High Confidence (TSS_100.4)												
SP_2144	2056134.0	2057414.0	-	2057444.0	tss_intergenic	8.5625	137.0	16.0	30.0	High Confidence (TSS_100.4)												
SP_2146	2059710.0	2061389.0	-	2061682.0	tss_intergenic	9.18181818181818	202.0	22.0	293.0	High Confidence (TSS_100.4)												
SP_2156	2069966.0	2070865.0	-	2070891.0	tss_intergenic	6.72857142857143	471.0	70.0	26.0	High Confidence (TSS_100.4)												
SP_2157	2070995.0	2072146.0	-	2072181.0	tss_intergenic	5.11428571428571	179.0	35.0	35.0	High Confidence (TSS_100.4)												
SP_2168	2084884.0	2085657.0	+	2084860.0	tss_intergenic	4.36842105263158	581.0	133.0	24.0	High Confidence (TSS_100.4)												
SpF66_sRNA	2086087.0	2086325.0	+	2086080.0	tss_intergenic	25.9797297297297	38450.0	1480.0	7.0	High Confidence (TSS_100.4)												
SpF66_sRNA	2086430.0	2086668.0	+	2086423.0	tss_intergenic	23.3035714285714	2610.0	112.0	7.0	High Confidence (TSS_100.4)												
SP_2172	2089835.0	2090275.0	-	2090344.0	tss_intergenic	9.9647577092511	2262.0	227.0	69.0	High Confidence (TSS_100.4)												
SP_2177	2094756.0	2094887.0	-	2094955.0	tss_intergenic	7.52173913043478	1211.0	161.0	68.0	High Confidence (TSS_100.4)												
SP_2186	2104687.0	2106195.0	-	2106238.0	tss_intergenic	7.29411764705882	744.0	102.0	43.0	High Confidence (TSS_100.4)												
SP_2187	2106354.0	2107781.0	-	2107802.0	tss_intergenic	5.44525547445255	746.0	137.0	21.0	High Confidence (TSS_100.4)												
SP_2188	2107946.0	2108818.0	+	2107946.0	tss_intergenic	10.7560975609756	3528.0	328.0	0.0	High Confidence (TSS_100.4)												
SP_2190	2110015.0	2112096.0	-	2112123.0	tss_intergenic	5.1219512195122	210.0	41.0	27.0	High Confidence (TSS_100.4)												
SP_2191	2112175.0	2112702.0	-	2112724.0	tss_intergenic	6.05555555555556	218.0	36.0	22.0	High Confidence (TSS_100.4)												
SP_2194	2115408.0	2117840.0	-	2118118.0	tss_within_coding	226.0	226.0	0.0	278.0	High Confidence (TSS_100.4)												
SP_2195	2117842.0	2118300.0	-	2118336.0	tss_intergenic	8.45276292335116	4742.0	561.0	36.0	High Confidence (TSS_100.4)												
SP_2199	2120914.0	2121204.0	-	2121369.0	tss_within_coding	240.0	240.0	0.0	165.0	High Confidence (TSS_100.4)												
SP_2202	2122895.0	2123161.0	-	2123545.0	tss_within_coding	5.09345794392523	545.0	107.0	384.0	High Confidence (TSS_100.4)												
SP_2203	2123163.0	2124515.0	-	2124926.0	tss_within_coding	584.0	584.0	0.0	411.0	High Confidence (TSS_100.4)												
SP_2205	2125008.0	2126981.0	-	2126994.0	tss_intergenic	11.8068459657702	4829.0	409.0	13.0	High Confidence (TSS_100.4)												
SP_2206	2127117.0	2127665.0	-	2127700.0	tss_intergenic	5.14121699196326	13434.0	2613.0	35.0	High Confidence (TSS_100.4)												
SP_2209	2129758.0	2130393.0	+	2129758.0	tss_intergenic	9.9234693877551	5835.0	588.0	0.0	High Confidence (TSS_100.4)												
SP_2214	2133145.0	2134185.0	-	2134257.0	tss_intergenic	202.0	202.0	0.0	72.0	High Confidence (TSS_100.4)												
SP_2215	2134264.0	2135043.0	-	2135152.0	tss_intergenic	15.8581173260573	11624.0	733.0	109.0	High Confidence (TSS_100.4)												
SP_2216	2135267.0	2136445.0	-	2136474.0	tss_intergenic	63910.0	63910.0	0.0	29.0	High Confidence (TSS_100.4)												
SP_2225	2143044.0	2144294.0	-	2144315.0	tss_intergenic	9.62639821029083	8606.0	894.0	21.0	High Confidence (TSS_100.4)												
SP_2226	2144453.0	2144821.0	+	2144439.0	tss_intergenic	10.8977272727273	1918.0	176.0	14.0	High Confidence (TSS_100.4)												
SP_2228	2145972.0	2147450.0	-	2147498.0	tss_intergenic	4.03858024691358	2617.0	648.0	48.0	High Confidence (TSS_100.4)												
SP_2229	2147602.0	2148627.0	-	2148649.0	tss_intergenic	4.88566827697263	6068.0	1242.0	22.0	High Confidence (TSS_100.4)												
SP_2230	2148833.0	2150455.0	+	2148810.0	tss_intergenic	5.71710526315789	4345.0	760.0	23.0	High Confidence (TSS_100.4)												
SP_2298	2155542.0	2155613.0	-	2155630.0	tss_intergenic	24.0	144.0	6.0	17.0	High Confidence (TSS_100.4)												
SP_2237	2157760.0	2157885.0	-	2157927.0	tss_intergenic	21.0	105.0	5.0	42.0	High Confidence (TSS_100.4)												
SP_2238	2158167.0	2158646.0	-	2158646.0	tss_intergenic	5.52803738317757	1183.0	214.0	0.0	High Confidence (TSS_100.4)												
SP_2239	2158817.0	2160010.0	+	2158806.0	tss_intergenic	7.92363199037883	13177.0	1663.0	11.0	High Confidence (TSS_100.4)												
SP_2240	2160068.0	2160826.0	+	2160068.0	tss_intergenic	4.97443181818182	1751.0	352.0	0.0	High Confidence (TSS_100.4)												
			+							Secondary TSS, High confidence	SP_0012	11812.0	12354.0	11779.0	4719.0	6.6936170212766	33.0		11480.0	2933.0	4.20200573065903	332.0
			+							Secondary TSS, High confidence	SP_RS11515	20422.0	21267.0	20422.0	5853.0	7.92016238159675	0.0		20352.0	223.0	4.74468085106383	70.0
			+							Secondary TSS, High confidence	SpF01_sRNA	91593.0	91664.0	91266.0	341.0	341.0	327.0		91398.0	181.0	181.0	195.0
			+							Secondary TSS, High confidence	SP_0141	139839.0	140702.0	139528.0	453.0	15.1	311.0		139819.0	107.0	6.6875	20.0
			+							Secondary TSS, High confidence	SP_0189	180894.0	181292.0	180869.0	37768.0	6.12719013627515	25.0		180858.0	6669.0	7.77272727272727	36.0
			+							Secondary TSS, High confidence	SP_0194	182719.0	183024.0	182571.0	6569.0	6569.0	148.0		182690.0	2206.0	2206.0	29.0
			+							Secondary TSS, High confidence	SP_0197	183277.0	184533.0	182815.0	198.0	198.0	462.0		182834.0	127.0	127.0	443.0
			+							Secondary TSS, High confidence	SP_0209	193567.0	194193.0	193352.0	279.0	279.0	215.0		193269.0	252.0	252.0	298.0
			+							Secondary TSS, High confidence	SP_0215	196742.0	197395.0	196402.0	949.0	949.0	340.0		196728.0	538.0	538.0	14.0
			+							Secondary TSS, High confidence	SP_0219	198339.0	198707.0	198091.0	631.0	631.0	248.0		198270.0	266.0	266.0	69.0
			+							Secondary TSS, High confidence	SP_0224	200228.0	200626.0	200134.0	533.0	533.0	94.0		200176.0	352.0	352.0	52.0
			+							Secondary TSS, High confidence	SP_0227	201812.0	202306.0	201577.0	1469.0	1469.0	235.0		201671.0	186.0	186.0	141.0
			+							Secondary TSS, High confidence	SP_0234	205693.0	206058.0	205560.0	170.0	170.0	133.0		205685.0	106.0	106.0	8.0
			+							Secondary TSS, High confidence	SP_0235	206076.0	206459.0	205827.0	3797.0	3797.0	249.0		205789.0	1991.0	1991.0	287.0
			+							Secondary TSS, High confidence	SP_0238	208100.0	208366.0	208042.0	897.0	5.78709677419355	58.0		207994.0	134.0	134.0	106.0
			+							Secondary TSS, High confidence	srn068  	248144.0	248290.0	247807.0	1606.0	1606.0	337.0		248127.0	251.0	251.0	17.0
			+							Secondary TSS, High confidence	SP_0273	248433.0	250514.0	248401.0	23562.0	13.7467911318553	32.0		248210.0	234.0	234.0	223.0
			+							Secondary TSS, High confidence	SP_0274	250618.0	255009.0	250286.0	1204.0	1204.0	332.0		250597.0	629.0	8.06410256410256	21.0
			+							Secondary TSS, High confidence	SP_0281	258529.0	259863.0	258510.0	28094.0	5.08304686086485	19.0		258525.0	100.0	100.0	4.0
			+							Secondary TSS, High confidence	S15	396640.0	396748.0	396625.0	463.0	463.0	15.0		396190.0	369.0	369.0	450.0
			+							Secondary TSS, High confidence	SP_0418	396692.0	396916.0	396668.0	4196.0	4196.0	24.0		396658.0	163.0	163.0	34.0
			+							Secondary TSS, High confidence	SP_0422	399709.0	400944.0	399369.0	2310.0	4.31775700934579	340.0		399457.0	129.0	129.0	252.0
			+							Secondary TSS, High confidence	SP_0442	415214.0	415579.0	415191.0	19400.0	7.47303543913713	23.0		415027.0	124.0	8.85714285714286	187.0
			+							Secondary TSS, High confidence	SP_0493	469739.0	470341.0	469687.0	8148.0	10.4595635430039	52.0		469401.0	110.0	110.0	338.0
			+							Secondary TSS, High confidence	SP_0500	482930.0	483457.0	482916.0	831.0	5.03636363636364	14.0		482529.0	210.0	210.0	401.0
			+							Secondary TSS, High confidence	SP_0603	569482.0	570138.0	569432.0	1106.0	10.950495049505	50.0		569341.0	745.0	6.3135593220339	141.0
			-							Secondary TSS, High confidence	SP_0670	646019.0	646189.0	646265.0	201473.0	5.51587909981931	76.0		646239.0	412.0	412.0	50.0
			+							Secondary TSS, High confidence	SP_0731	696748.0	697095.0	696403.0	2740.0	2740.0	345.0		696430.0	707.0	707.0	318.0
			+							Secondary TSS, High confidence	SP_0746	706882.0	707472.0	706834.0	1057.0	4.78280542986425	48.0		706430.0	151.0	151.0	452.0
			+							Secondary TSS, High confidence	SP_0785	738516.0	739715.0	738402.0	4782.0	10.1313559322034	114.0		738487.0	1467.0	5.39338235294118	29.0
			+							Secondary TSS, High confidence	SP_0831	780197.0	781006.0	780057.0	153.0	153.0	140.0		779899.0	135.0	135.0	298.0
			+							Secondary TSS, High confidence	F35	909029.0	909169.0	908663.0	298.0	298.0	366.0		909022.0	183.0	8.71428571428571	7.0
			+							Secondary TSS, High confidence	SP_1022	965327.0	965956.0	965074.0	30960.0	11.9767891682785	253.0		965145.0	725.0	725.0	182.0
			+							Secondary TSS, High confidence	SP_1027	969377.0	970351.0	969358.0	292335.0	15.6521389944852	19.0		969348.0	257.0	8.86206896551724	29.0
			+							Secondary TSS, High confidence	SP_1075	1011777.0	1012793.0	1011750.0	2375.0	10.1063829787234	27.0		1011536.0	112.0	16.0	241.0
			-							Secondary TSS, High confidence	SP_1102	1035629.0	1035928.0	1036037.0	20019.0	10.786099137931	109.0		1036012.0	141.0	141.0	84.0
			+							Secondary TSS, High confidence	L21_leader	1037093.0	1037180.0	1037080.0	364698.0	24.9178737359934	13.0		1037070.0	107.0	8.23076923076923	23.0
			+							Secondary TSS, High confidence	SP_1107	1037907.0	1038200.0	1037692.0	26140.0	26140.0	215.0		1037627.0	343.0	343.0	280.0
			+							Secondary TSS, High confidence	SP_1114	1042800.0	1044701.0	1042800.0	2194.0	7.12337662337662	0.0		1042500.0	170.0	4.25	300.0
			-							Secondary TSS, High confidence	SP_1177	1115317.0	1115580.0	1115635.0	376672.0	10.2153879532449	55.0		1115646.0	173.0	5.40625	66.0
			+							Secondary TSS, High confidence	SP_1243	1174555.0	1176042.0	1174493.0	1053.0	5.29145728643216	62.0		1174240.0	608.0	608.0	315.0
			+							Secondary TSS, High confidence	PyrR	1220356.0	1220479.0	1220352.0	871.0	13.0	4.0		1220043.0	425.0	425.0	313.0
			-							Secondary TSS, High confidence	SP_1293	1227880.0	1228227.0	1228304.0	37061.0	53.2485632183908	77.0		1228284.0	163.0	163.0	57.0
			+							Secondary TSS, High confidence	SP_1299	1231000.0	1231242.0	1230948.0	111414.0	6.42933810375671	52.0		1230994.0	131.0	131.0	6.0
			-							Secondary TSS, High confidence	SP_1354	1274614.0	1274982.0	1275001.0	978.0	978.0	19.0		1275019.0	854.0	854.0	37.0
			-							Secondary TSS, High confidence	SP_1539	1448596.0	1448835.0	1448993.0	1607.0	1607.0	158.0		1448854.0	804.0	804.0	19.0
			+							Secondary TSS, High confidence	SP_1714	1617465.0	1617830.0	1617434.0	50324.0	11.7469654528478	31.0		1617447.0	214.0	214.0	18.0
			+							Secondary TSS, High confidence	SP_2240	2160068.0	2160826.0	2160068.0	1751.0	4.97443181818182	0.0		2159657.0	815.0	815.0	411.0
SP_0002	1717.0	2853.0	+	1341.0	tss_within_coding	1.04	26.0	25.0	376.0	Low Confidence (TSS_2.1)												
SP_0005	4382.0	4951.0	+	4319.0	tss_intergenic	1.13333333333333	34.0	30.0	63.0	Low Confidence (TSS_2.1)												
SP_0006	4952.0	8461.0	+	4626.0	tss_within_coding	1.0	40.0	40.0	326.0	Low Confidence (TSS_2.1)												
SP_0008	8778.0	9146.0	+	8549.0	tss_within_coding	1.11764705882353	133.0	119.0	229.0	Low Confidence (TSS_2.1)												
SP_0011	10531.0	11808.0	+	10372.0	tss_within_coding	1.75	14.0	8.0	159.0	Low Confidence (TSS_2.1)												
SP_0013	12370.0	14328.0	+	12161.0	tss_within_coding	1.04724409448819	133.0	127.0	209.0	Low Confidence (TSS_2.1)												
SP_2243	16945.0	17017.0	+	16543.0	tss_within_coding	2.14616321559074	1762.0	821.0	402.0	Low Confidence (TSS_2.1)												
SP_rrnaA23S	17141.0	20044.0	+	17052.0	tss_intergenic	1.64119088681129	18081.0	11017.0	89.0	Low Confidence (TSS_2.1)												
5_8S_rRNA	17154.0	17307.0	+	17144.0	tss_intergenic	2.81907284484145	525774.0	186506.0	10.0	Low Confidence (TSS_2.1)												
SP_2244	20241.0	20314.0	+	20170.0	tss_within_coding	1.10090361445783	731.0	664.0	71.0	Low Confidence (TSS_2.1)												
SP_0018	22359.0	22601.0	+	22292.0	tss_intergenic	1.2	6.0	5.0	67.0	Low Confidence (TSS_2.1)												
csRNA	24165.0	24262.0	+	24164.0	tss_intergenic	2.99298245614035	3412.0	1140.0	1.0	Low Confidence (TSS_2.1)												
Bacteria_small_SRP	24819.0	24916.0	+	24450.0	tss_within_coding	1.1	33.0	30.0	369.0	Low Confidence (TSS_2.1)												
SP_0022	25355.0	25933.0	+	25328.0	tss_intergenic	1.60416666666667	77.0	48.0	27.0	Low Confidence (TSS_2.1)												
SP_RS00155	25947.0	27308.0	+	25834.0	tss_within_coding	1.06578947368421	162.0	152.0	113.0	Low Confidence (TSS_2.1)												
SP_0024	27312.0	27878.0	+	27035.0	tss_within_coding	1.02803738317757	110.0	107.0	277.0	Low Confidence (TSS_2.1)												
SP_0025	27903.0	28112.0	+	27627.0	tss_within_coding	1.056	132.0	125.0	276.0	Low Confidence (TSS_2.1)												
SP_0026	28094.0	28717.0	+	28009.0	tss_within_coding	1.06578947368421	81.0	76.0	85.0	Low Confidence (TSS_2.1)												
SP_RS00180	29766.0	30245.0	-	30257.0	tss_intergenic	2.0	14.0	7.0	12.0	Low Confidence (TSS_2.1)												
SP_0029	30372.0	30710.0	-	30847.0	tss_within_coding	1.27777777777778	23.0	18.0	137.0	Low Confidence (TSS_2.1)												
SP_0030	30598.0	30841.0	-	30918.0	tss_intergenic	2.0	14.0	7.0	77.0	Low Confidence (TSS_2.1)												
SP_0031	30929.0	31279.0	-	31513.0	tss_intergenic	53.0	53.0	0.0	234.0	Low Confidence (TSS_2.1)												
SP_0032	31535.0	34168.0	+	31533.0	tss_intergenic	11.5	23.0	2.0	2.0	Low Confidence (TSS_2.1)												
SP_RS00205	34731.0	35012.0	+	34544.0	tss_within_coding	17.0	17.0	0.0	187.0	Low Confidence (TSS_2.1)												
SP_0036	37334.0	38104.0	+	37217.0	tss_within_coding	1.47826086956522	34.0	23.0	117.0	Low Confidence (TSS_2.1)												
SP_0037	38101.0	39093.0	+	37945.0	tss_within_coding	1.03726708074534	167.0	161.0	156.0	Low Confidence (TSS_2.1)												
SP_0038	39099.0	39332.0	+	38922.0	tss_within_coding	1.0020618556701	486.0	485.0	177.0	Low Confidence (TSS_2.1)												
SP_0039	39363.0	39668.0	+	39278.0	tss_within_coding	1.0958904109589	160.0	146.0	85.0	Low Confidence (TSS_2.1)												
F52	40336.0	40380.0	+	39890.0	tss_within_coding	1.01094890510949	277.0	274.0	446.0	Low Confidence (TSS_2.1)												
SP_0042	40816.0	42969.0	+	40417.0	tss_intergenic	1.04166666666667	50.0	48.0	399.0	Low Confidence (TSS_2.1)												
SP_0043	42982.0	44331.0	+	42619.0	tss_within_coding	3.0	21.0	7.0	363.0	Low Confidence (TSS_2.1)												
SP_RS11535	45210.0	45353.0	+	44895.0	tss_within_coding	1.41935483870968	44.0	31.0	315.0	Low Confidence (TSS_2.1)												
SP_0045	45410.0	49135.0	+	45298.0	tss_within_coding	1.13636363636364	25.0	22.0	112.0	Low Confidence (TSS_2.1)												
SP_0047	50889.0	51911.0	+	50532.0	tss_within_coding	1.40909090909091	31.0	22.0	357.0	Low Confidence (TSS_2.1)												
SP_0048	51908.0	52453.0	+	51677.0	tss_within_coding	1.05263157894737	20.0	19.0	231.0	Low Confidence (TSS_2.1)												
SP_0049	52537.0	53046.0	+	52192.0	tss_within_coding	3.4	17.0	5.0	345.0	Low Confidence (TSS_2.1)												
SP_0050	53071.0	54618.0	+	52882.0	tss_within_coding	1.19354838709677	74.0	62.0	189.0	Low Confidence (TSS_2.1)												
SP_RS11540	56075.0	56242.0	+	55912.0	tss_within_coding	1.12121212121212	111.0	99.0	163.0	Low Confidence (TSS_2.1)												
SP_0052	56259.0	56375.0	+	56245.0	tss_intergenic	1.26086956521739	29.0	23.0	14.0	Low Confidence (TSS_2.1)												
SSRC8_2	56298.0	56355.0	+	56290.0	tss_intergenic	2.0	4.0	2.0	8.0	Low Confidence (TSS_2.1)												
SP_0053	56405.0	56893.0	+	56391.0	tss_intergenic	1.0	9.0	9.0	14.0	Low Confidence (TSS_2.1)												
SP_0054	56880.0	57971.0	+	56712.0	tss_within_coding	1.80952380952381	38.0	21.0	168.0	Low Confidence (TSS_2.1)												
SP_0057	59624.0	63562.0	-	64040.0	tss_within_coding	1.19230769230769	62.0	52.0	478.0	Low Confidence (TSS_2.1)												
SP_0065	69660.0	70826.0	+	69546.0	tss_intergenic	14.0	14.0	1.0	114.0	Low Confidence (TSS_2.1)												
SP_RS00370	72141.0	72653.0	+	72059.0	tss_intergenic	8.0	8.0	0.0	82.0	Low Confidence (TSS_2.1)												
trn0027	79336.0	79386.0	+	78983.0	tss_within_coding	1.32	66.0	50.0	353.0	Low Confidence (TSS_2.1)												
SP_0073	79687.0	80541.0	+	79653.0	tss_intergenic	4.64705882352941	79.0	17.0	34.0	Low Confidence (TSS_2.1)												
SP_0079	84191.0	84856.0	+	84161.0	tss_within_coding	1.06410256410256	249.0	234.0	30.0	Low Confidence (TSS_2.1)												
SP_RS00415	85166.0	85705.0	+	85059.0	tss_within_coding	1.11764705882353	19.0	17.0	107.0	Low Confidence (TSS_2.1)												
SP_RS00420	85772.0	86182.0	+	85472.0	tss_within_coding	1.0	24.0	24.0	300.0	Low Confidence (TSS_2.1)												
SP_0082	86298.0	88871.0	+	86266.0	tss_intergenic	5.2	52.0	10.0	32.0	Low Confidence (TSS_2.1)												
SP_0084	89733.0	90785.0	+	89312.0	tss_within_coding	1.01219512195122	83.0	82.0	421.0	Low Confidence (TSS_2.1)												
SP_0088	92236.0	92505.0	+	92142.0	tss_intergenic	66.0	66.0	0.0	94.0	Low Confidence (TSS_2.1)												
SP_RS00455	92459.0	92680.0	+	92364.0	tss_within_coding	1.72463768115942	119.0	69.0	95.0	Low Confidence (TSS_2.1)												
SP_RS11560	97916.0	98108.0	+	97471.0	tss_within_coding	1.0	298.0	298.0	445.0	Low Confidence (TSS_2.1)												
SP_0096	98131.0	98991.0	+	98106.0	tss_within_coding	5.47058823529412	93.0	17.0	25.0	Low Confidence (TSS_2.1)												
SP_0097	99169.0	100233.0	-	100264.0	tss_intergenic	2.54651162790698	219.0	86.0	31.0	Low Confidence (TSS_2.1)												
SP_0098	100296.0	101207.0	-	101665.0	tss_within_coding	1.31111111111111	118.0	90.0	458.0	Low Confidence (TSS_2.1)												
SP_0102	103469.0	104626.0	+	103467.0	tss_intergenic	2.0	2.0	0.0	2.0	Low Confidence (TSS_2.1)												
SP_0103	104668.0	106518.0	+	104634.0	tss_intergenic	2.89423076923077	301.0	104.0	34.0	Low Confidence (TSS_2.1)												
F2	106533.0	106577.0	+	106253.0	tss_within_coding	62.0	62.0	0.0	280.0	Low Confidence (TSS_2.1)												
SP_RS00525	106543.0	106906.0	-	107403.0	tss_within_coding	23.0	23.0	0.0	497.0	Low Confidence (TSS_2.1)												
SP_0104	106956.0	107588.0	-	107589.0	tss_intergenic	5.0	5.0	1.0	1.0	Low Confidence (TSS_2.1)												
SP_0105	107610.0	108482.0	-	108942.0	tss_within_coding	1.25641025641026	49.0	39.0	460.0	Low Confidence (TSS_2.1)												
SP_0108	110043.0	110363.0	-	110381.0	tss_intergenic	2.0	2.0	0.0	18.0	Low Confidence (TSS_2.1)												
SP_0109	110794.0	111081.0	+	110516.0	tss_intergenic	3.5485036119711	6877.0	1938.0	278.0	Low Confidence (TSS_2.1)												
SP_0112	114086.0	114892.0	+	114051.0	tss_intergenic	6.0	6.0	1.0	35.0	Low Confidence (TSS_2.1)												
SP_0113	114909.0	115328.0	+	114784.0	tss_within_coding	1.5	18.0	12.0	125.0	Low Confidence (TSS_2.1)												
SP_0114	115515.0	115835.0	-	116165.0	tss_intergenic	18.0	18.0	0.0	330.0	Low Confidence (TSS_2.1)												
SP_0115	116593.0	116973.0	+	116209.0	tss_intergenic	1.125	27.0	24.0	384.0	Low Confidence (TSS_2.1)												
SP_RS11565	116975.0	117172.0	+	116649.0	tss_within_coding	1.14678899082569	250.0	218.0	326.0	Low Confidence (TSS_2.1)												
SP_0116	117631.0	117870.0	+	117313.0	tss_intergenic	3.0	3.0	0.0	318.0	Low Confidence (TSS_2.1)												
F4	118118.0	118166.0	+	118101.0	tss_intergenic	5.0	5.0	0.0	17.0	Low Confidence (TSS_2.1)												
trn0052	120766.0	120838.0	+	120744.0	tss_intergenic	8.0	8.0	1.0	22.0	Low Confidence (TSS_2.1)												
SP_0119	122293.0	122775.0	+	122229.0	tss_within_coding	1.03125	33.0	32.0	64.0	Low Confidence (TSS_2.1)												
SP_0120	122785.0	124698.0	+	122466.0	tss_within_coding	1.3	104.0	80.0	319.0	Low Confidence (TSS_2.1)												
SP_RS00615	124830.0	124979.0	-	124986.0	tss_intergenic	2.0	2.0	0.0	7.0	Low Confidence (TSS_2.1)												
SP_0121	125051.0	126730.0	-	126862.0	tss_within_coding	1.24299065420561	133.0	107.0	132.0	Low Confidence (TSS_2.1)												
SP_0124	127783.0	127935.0	-	128148.0	tss_within_coding	5.07692307692308	66.0	13.0	213.0	Low Confidence (TSS_2.1)												
SP_0128	128980.0	129417.0	+	128716.0	tss_within_coding	1.0	20.0	20.0	264.0	Low Confidence (TSS_2.1)												
F6	130439.0	130495.0	+	130197.0	tss_within_coding	1.0	29.0	29.0	242.0	Low Confidence (TSS_2.1)												
SP_RS00665	130460.0	131811.0	-	131869.0	tss_intergenic	8.0	8.0	0.0	58.0	Low Confidence (TSS_2.1)												
SP_RS00670	132470.0	132673.0	-	132980.0	tss_intergenic	3.0	3.0	0.0	307.0	Low Confidence (TSS_2.1)												
SP_0133	133024.0	133587.0	+	132900.0	tss_intergenic	1.66666666666667	5.0	3.0	124.0	Low Confidence (TSS_2.1)												
SP_0134	133565.0	133771.0	+	133565.0	tss_intergenic	2.375	19.0	8.0	0.0	Low Confidence (TSS_2.1)												
SP_0136	134231.0	135106.0	+	134022.0	tss_within_coding	1.07142857142857	30.0	28.0	209.0	Low Confidence (TSS_2.1)												
SP_0137	135193.0	136809.0	+	134856.0	tss_within_coding	1.0	16.0	16.0	337.0	Low Confidence (TSS_2.1)												
SP_0143	141243.0	141920.0	+	141068.0	tss_within_coding	1.15131578947368	175.0	152.0	175.0	Low Confidence (TSS_2.1)												
SP_0144	141932.0	142597.0	+	141450.0	tss_within_coding	1.0	34.0	34.0	482.0	Low Confidence (TSS_2.1)												
srn026  	144217.0	144338.0	+	144176.0	tss_intergenic	3.0	3.0	0.0	41.0	Low Confidence (TSS_2.1)												
SP_0147	145086.0	145295.0	+	144950.0	tss_within_coding	2.0	14.0	7.0	136.0	Low Confidence (TSS_2.1)												
SP_0150	147451.0	148824.0	+	147159.0	tss_within_coding	1.01724137931034	59.0	58.0	292.0	Low Confidence (TSS_2.1)												
SP_0152	149880.0	150572.0	+	149421.0	tss_within_coding	1.15789473684211	66.0	57.0	459.0	Low Confidence (TSS_2.1)												
SP_0153	150602.0	151171.0	-	151199.0	tss_intergenic	15.0	15.0	1.0	28.0	Low Confidence (TSS_2.1)												
SP_0155	151898.0	153568.0	+	151895.0	tss_intergenic	1.0	8.0	8.0	3.0	Low Confidence (TSS_2.1)												
SP_0156	153580.0	154866.0	+	153426.0	tss_within_coding	1.51428571428571	53.0	35.0	154.0	Low Confidence (TSS_2.1)												
SP_0157	154870.0	155451.0	+	154437.0	tss_within_coding	3.0	18.0	6.0	433.0	Low Confidence (TSS_2.1)												
SP_RS11585	156006.0	156092.0	+	155702.0	tss_within_coding	1.33333333333333	144.0	108.0	304.0	Low Confidence (TSS_2.1)												
SP_0159	156292.0	157554.0	-	157597.0	tss_intergenic	24.0	24.0	1.0	43.0	Low Confidence (TSS_2.1)												
SP_0162	158849.0	158944.0	+	158823.0	tss_intergenic	4.0	4.0	0.0	26.0	Low Confidence (TSS_2.1)												
SP_0165	160384.0	160941.0	+	160189.0	tss_intergenic	3.83333333333333	115.0	30.0	195.0	Low Confidence (TSS_2.1)												
SP_0166	161162.0	162268.0	+	160919.0	tss_within_coding	1.05432098765432	427.0	405.0	243.0	Low Confidence (TSS_2.1)												
SP_0167	162244.0	163635.0	+	161833.0	tss_within_coding	1.05263157894737	20.0	19.0	411.0	Low Confidence (TSS_2.1)												
SP_RS11595	164848.0	165211.0	+	164845.0	tss_intergenic	6.0	6.0	0.0	3.0	Low Confidence (TSS_2.1)												
SP_0171	165235.0	165468.0	+	164878.0	tss_within_coding	3.5	14.0	4.0	357.0	Low Confidence (TSS_2.1)												
SP_RS11600	165434.0	165565.0	-	165594.0	tss_intergenic	6.54545454545455	72.0	11.0	29.0	Low Confidence (TSS_2.1)												
SP_RS11605	165635.0	165730.0	+	165576.0	tss_intergenic	7.0	7.0	0.0	59.0	Low Confidence (TSS_2.1)												
SP_0175	168025.0	168492.0	-	168970.0	tss_within_coding	1.26470588235294	86.0	68.0	478.0	Low Confidence (TSS_2.1)												
SP_0176	168493.0	169698.0	-	170159.0	tss_within_coding	1.76923076923077	46.0	26.0	461.0	Low Confidence (TSS_2.1)												
R1	171483.0	171628.0	-	171694.0	tss_intergenic	208.0	208.0	0.0	66.0	Low Confidence (TSS_2.1)												
SP_0180	172446.0	173009.0	+	172225.0	tss_within_coding	1.0	66.0	66.0	221.0	Low Confidence (TSS_2.1)												
SP_0181	173006.0	173683.0	+	172512.0	tss_within_coding	1.03846153846154	27.0	26.0	494.0	Low Confidence (TSS_2.1)												
SP_RS11610	174956.0	175042.0	-	175350.0	tss_within_coding	1.63333333333333	49.0	30.0	308.0	Low Confidence (TSS_2.1)												
SP_0184	175106.0	175789.0	-	176104.0	tss_within_coding	1.39393939393939	92.0	66.0	315.0	Low Confidence (TSS_2.1)												
SP_0187	179701.0	180762.0	+	179462.0	tss_within_coding	1.24183006535948	190.0	153.0	239.0	Low Confidence (TSS_2.1)												
SP_0188	180767.0	180859.0	+	180569.0	tss_within_coding	1.11764705882353	19.0	17.0	198.0	Low Confidence (TSS_2.1)												
SP_RS00945	182284.0	182703.0	+	182282.0	tss_intergenic	1.03683241252302	563.0	543.0	2.0	Low Confidence (TSS_2.1)												
SP_0198	184530.0	185075.0	+	184176.0	tss_within_coding	1.25581395348837	54.0	43.0	354.0	Low Confidence (TSS_2.1)												
SP_0203	190889.0	191029.0	+	190834.0	tss_within_coding	1.03418803418803	121.0	117.0	55.0	Low Confidence (TSS_2.1)												
SP_0204	191073.0	191579.0	+	191045.0	tss_intergenic	1.0	31.0	31.0	28.0	Low Confidence (TSS_2.1)												
SP_0205	191572.0	192162.0	+	191400.0	tss_within_coding	1.75	14.0	8.0	172.0	Low Confidence (TSS_2.1)												
SP_0207	192437.0	192775.0	+	192314.0	tss_within_coding	1.10526315789474	21.0	19.0	123.0	Low Confidence (TSS_2.1)												
SP_0210	194218.0	194841.0	+	194045.0	tss_within_coding	1.190329218107	1157.0	972.0	173.0	Low Confidence (TSS_2.1)												
SP_0211	194841.0	195137.0	+	194691.0	tss_within_coding	1.31666666666667	79.0	60.0	150.0	Low Confidence (TSS_2.1)												
trn0093	200024.0	200092.0	+	199936.0	tss_within_coding	1.04545454545455	138.0	132.0	88.0	Low Confidence (TSS_2.1)												
SP_0230	203100.0	204410.0	+	202650.0	tss_within_coding	1.19718309859155	170.0	142.0	450.0	Low Confidence (TSS_2.1)												
SP_0236	206502.0	207437.0	+	206428.0	tss_within_coding	1.06944444444444	231.0	216.0	74.0	Low Confidence (TSS_2.1)												
SP_0239	208376.0	209713.0	+	208357.0	tss_within_coding	1.0952380952381	23.0	21.0	19.0	Low Confidence (TSS_2.1)												
SP_0240	209900.0	210649.0	+	209866.0	tss_within_coding	2.56875	411.0	160.0	34.0	Low Confidence (TSS_2.1)												
SP_0243	213491.0	214507.0	-	214711.0	tss_intergenic	2.0	2.0	0.0	204.0	Low Confidence (TSS_2.1)												
SP_0245	215094.0	215870.0	-	215889.0	tss_intergenic	3.72357723577236	458.0	123.0	19.0	Low Confidence (TSS_2.1)												
SP_0247	216751.0	217731.0	+	216657.0	tss_within_coding	1.25925925925926	34.0	27.0	94.0	Low Confidence (TSS_2.1)												
SP_0250	218593.0	219915.0	+	218418.0	tss_within_coding	1.26315789473684	24.0	19.0	175.0	Low Confidence (TSS_2.1)												
SP_0252	222523.0	223191.0	+	222023.0	tss_within_coding	1.27777777777778	46.0	36.0	500.0	Low Confidence (TSS_2.1)												
SP_0253	223209.0	224297.0	+	223178.0	tss_within_coding	1.06666666666667	16.0	15.0	31.0	Low Confidence (TSS_2.1)												
SP_0256	228155.0	228571.0	+	227790.0	tss_within_coding	2.16666666666667	13.0	6.0	365.0	Low Confidence (TSS_2.1)												
F8	228667.0	228720.0	+	228644.0	tss_intergenic	1.04166666666667	25.0	24.0	23.0	Low Confidence (TSS_2.1)												
group-II-D1D4-3	228767.0	228945.0	+	228724.0	tss_intergenic	11.0	22.0	2.0	43.0	Low Confidence (TSS_2.1)												
group-II-D1D4-1	229085.0	229164.0	+	229034.0	tss_intergenic	1.375	11.0	8.0	51.0	Low Confidence (TSS_2.1)												
SP_RS01250	229365.0	229778.0	+	229132.0	tss_within_coding	1.5	15.0	10.0	233.0	Low Confidence (TSS_2.1)												
Intron_gpII	230621.0	230686.0	+	230136.0	tss_within_coding	1.16666666666667	21.0	18.0	485.0	Low Confidence (TSS_2.1)												
F9	231310.0	231359.0	+	230822.0	tss_within_coding	1.10606060606061	146.0	132.0	488.0	Low Confidence (TSS_2.1)												
SP_0258	231373.0	231465.0	-	231505.0	tss_intergenic	71.0	71.0	1.0	40.0	Low Confidence (TSS_2.1)												
SP_0260	232579.0	233151.0	+	232505.0	tss_within_coding	1.27272727272727	56.0	44.0	74.0	Low Confidence (TSS_2.1)												
SP_0262	234149.0	234952.0	+	233897.0	tss_within_coding	100.0	100.0	0.0	252.0	Low Confidence (TSS_2.1)												
SP_0263	234974.0	236233.0	+	234535.0	tss_within_coding	1.20754716981132	64.0	53.0	439.0	Low Confidence (TSS_2.1)												
SP_0264	236246.0	238099.0	+	236028.0	tss_within_coding	1.16666666666667	56.0	48.0	218.0	Low Confidence (TSS_2.1)												
SP_0266	239770.0	241578.0	+	239695.0	tss_intergenic	2.18275862068965	5064.0	2320.0	75.0	Low Confidence (TSS_2.1)												
SP_0277	255666.0	255818.0	+	255449.0	tss_within_coding	1.025	41.0	40.0	217.0	Low Confidence (TSS_2.1)												
SP_0278	255840.0	257081.0	+	255737.0	tss_within_coding	1.875	15.0	8.0	103.0	Low Confidence (TSS_2.1)												
SP_0279	257091.0	257321.0	+	256919.0	tss_within_coding	1.24324324324324	138.0	111.0	172.0	Low Confidence (TSS_2.1)												
SP_RS01365	257342.0	257571.0	+	257167.0	tss_within_coding	1.28260869565217	236.0	184.0	175.0	Low Confidence (TSS_2.1)												
SP_RS01375	258408.0	258557.0	+	258069.0	tss_within_coding	1.57894736842105	30.0	19.0	339.0	Low Confidence (TSS_2.1)												
SP_0283	260854.0	261657.0	-	261726.0	tss_within_coding	1.23134328358209	165.0	134.0	69.0	Low Confidence (TSS_2.1)												
SP_0285	262907.0	263926.0	-	264022.0	tss_intergenic	3.91793514228987	5920.0	1511.0	96.0	Low Confidence (TSS_2.1)												
SP_RS11645	264119.0	264249.0	-	264573.0	tss_within_coding	1.04587155963303	114.0	109.0	324.0	Low Confidence (TSS_2.1)												
SP_0288	266736.0	267446.0	+	266572.0	tss_within_coding	2.55555555555556	23.0	9.0	164.0	Low Confidence (TSS_2.1)												
SP_0291	269820.0	270374.0	+	269646.0	tss_within_coding	1.11515151515152	184.0	165.0	174.0	Low Confidence (TSS_2.1)												
SP_0292	270417.0	271229.0	+	270031.0	tss_within_coding	1.03846153846154	54.0	52.0	386.0	Low Confidence (TSS_2.1)												
SP_0298	273953.0	275161.0	-	275173.0	tss_intergenic	3.2031746031746	1009.0	315.0	12.0	Low Confidence (TSS_2.1)												
SP_0301	276142.0	276234.0	+	275846.0	tss_within_coding	1.1875	19.0	16.0	296.0	Low Confidence (TSS_2.1)												
SP_0303	276838.0	278274.0	+	276816.0	tss_intergenic	3.71428571428571	26.0	7.0	22.0	Low Confidence (TSS_2.1)												
SP_RS01495	279127.0	280608.0	+	279097.0	tss_intergenic	4.4	22.0	5.0	30.0	Low Confidence (TSS_2.1)												
SP_RS11670	283948.0	284153.0	+	283817.0	tss_within_coding	1.13296302725221	6527.0	5761.0	131.0	Low Confidence (TSS_2.1)												
trn0156	284018.0	284090.0	+	284000.0	tss_intergenic	3.0	6.0	2.0	18.0	Low Confidence (TSS_2.1)												
SpF10_sRNA	284261.0	284317.0	+	284189.0	tss_intergenic	1.11111111111111	10.0	9.0	72.0	Low Confidence (TSS_2.1)												
SpF11_sRNA	286614.0	286708.0	+	286115.0	tss_within_coding	1.76923076923077	23.0	13.0	499.0	Low Confidence (TSS_2.1)												
SP_0313	286784.0	287260.0	-	287281.0	tss_intergenic	2.96296296296296	80.0	27.0	21.0	Low Confidence (TSS_2.1)												
SP_RS01535	291067.0	291455.0	+	291032.0	tss_intergenic	2.33333333333333	7.0	3.0	35.0	Low Confidence (TSS_2.1)												
SP_0320	294162.0	294977.0	-	295014.0	tss_intergenic	5.71428571428571	40.0	7.0	37.0	Low Confidence (TSS_2.1)												
SP_0321	295248.0	295682.0	+	295209.0	tss_intergenic	6.0	6.0	0.0	39.0	Low Confidence (TSS_2.1)												
SP_0328	301056.0	302402.0	+	301023.0	tss_intergenic	2.0	2.0	0.0	33.0	Low Confidence (TSS_2.1)												
SP_2241	304080.0	304415.0	-	304415.0	tss_intergenic	3.33333333333333	10.0	3.0	0.0	Low Confidence (TSS_2.1)												
SP_RS01615	304426.0	304668.0	-	305075.0	tss_within_coding	1.15384615384615	30.0	26.0	407.0	Low Confidence (TSS_2.1)												
SP_0332	304679.0	305221.0	-	305374.0	tss_within_coding	1.1875	38.0	32.0	153.0	Low Confidence (TSS_2.1)												
SP_0335	306559.0	306876.0	+	306474.0	tss_within_coding	1.24919093851133	386.0	309.0	85.0	Low Confidence (TSS_2.1)												
SP_0336	306880.0	309132.0	+	306873.0	tss_within_coding	3.73770491803279	228.0	61.0	7.0	Low Confidence (TSS_2.1)												
SP_0337	309134.0	310114.0	+	308723.0	tss_within_coding	1.07894736842105	41.0	38.0	411.0	Low Confidence (TSS_2.1)												
SP_RS11680	310269.0	310442.0	+	309789.0	tss_within_coding	1.44444444444444	13.0	9.0	480.0	Low Confidence (TSS_2.1)												
SP_0338	310723.0	312828.0	+	310489.0	tss_intergenic	3.81632653061224	187.0	49.0	234.0	Low Confidence (TSS_2.1)												
SP_RS01670	317104.0	317163.0	+	316710.0	tss_within_coding	1.1304347826087	26.0	23.0	394.0	Low Confidence (TSS_2.1)												
SP_0343	317355.0	318701.0	-	318714.0	tss_intergenic	1.0	3.0	3.0	13.0	Low Confidence (TSS_2.1)												
SP_RS11685	318857.0	318985.0	+	318702.0	tss_intergenic	16.0	16.0	0.0	155.0	Low Confidence (TSS_2.1)												
SP_0353	326937.0	328055.0	+	326785.0	tss_within_coding	1.13350125944584	450.0	397.0	152.0	Low Confidence (TSS_2.1)												
SP_0355	329471.0	330538.0	+	329430.0	tss_within_coding	51.0	51.0	0.0	41.0	Low Confidence (TSS_2.1)												
SP_RS01740	330528.0	331769.0	+	330148.0	tss_within_coding	69.0	69.0	0.0	380.0	Low Confidence (TSS_2.1)												
SP_0357	331774.0	332871.0	+	331728.0	tss_within_coding	1.02352941176471	174.0	170.0	46.0	Low Confidence (TSS_2.1)												
SP_0358	332875.0	333930.0	+	332456.0	tss_within_coding	1.01967213114754	311.0	305.0	419.0	Low Confidence (TSS_2.1)												
SP_0360	335260.0	336444.0	+	335185.0	tss_within_coding	1.0391061452514	186.0	179.0	75.0	Low Confidence (TSS_2.1)												
SP_RS11700	341085.0	341277.0	+	340823.0	tss_within_coding	1.04918032786885	64.0	61.0	262.0	Low Confidence (TSS_2.1)												
SP_0368	341383.0	346686.0	+	341274.0	tss_within_coding	3.42342342342342	380.0	111.0	109.0	Low Confidence (TSS_2.1)												
SP_0369	346853.0	349012.0	-	349302.0	tss_within_coding	1.06493506493506	82.0	77.0	290.0	Low Confidence (TSS_2.1)												
RNaseP_bact_b	350618.0	350998.0	+	350289.0	tss_within_coding	1.1373989713446	1548.0	1361.0	329.0	Low Confidence (TSS_2.1)												
srn098  	350624.0	351014.0	+	350623.0	tss_intergenic	1.10126582278481	348.0	316.0	1.0	Low Confidence (TSS_2.1)												
SP_0374	352253.0	353647.0	+	352113.0	tss_within_coding	1.04040404040404	103.0	99.0	140.0	Low Confidence (TSS_2.1)												
SP_0376	355159.0	355848.0	+	354852.0	tss_within_coding	1.01336302895323	455.0	449.0	307.0	Low Confidence (TSS_2.1)												
SP_0378	356987.0	357985.0	+	356547.0	tss_within_coding	2.28571428571429	16.0	7.0	440.0	Low Confidence (TSS_2.1)												
SP_0380	359378.0	360340.0	-	360577.0	tss_intergenic	4.66666666666667	28.0	6.0	237.0	Low Confidence (TSS_2.1)												
SP_RS01865	360865.0	361196.0	+	360865.0	tss_intergenic	6.6	33.0	5.0	0.0	Low Confidence (TSS_2.1)												
SP_0382	362178.0	363131.0	+	361947.0	tss_within_coding	1.52542372881356	90.0	59.0	231.0	Low Confidence (TSS_2.1)												
SP_0383	363118.0	364125.0	+	362698.0	tss_within_coding	1.26666666666667	19.0	15.0	420.0	Low Confidence (TSS_2.1)												
SP_0385	365196.0	365894.0	+	365182.0	tss_intergenic	3.16666666666667	266.0	84.0	14.0	Low Confidence (TSS_2.1)												
SP_0386	365891.0	366886.0	+	365666.0	tss_within_coding	1.52173913043478	35.0	23.0	225.0	Low Confidence (TSS_2.1)												
SP_0387	366900.0	367532.0	+	366582.0	tss_within_coding	1.5	18.0	12.0	318.0	Low Confidence (TSS_2.1)												
SP_RS01905	367533.0	367774.0	+	367516.0	tss_within_coding	1.05128205128205	41.0	39.0	17.0	Low Confidence (TSS_2.1)												
SP_RS01910	367756.0	368010.0	+	367689.0	tss_within_coding	1.07692307692308	14.0	13.0	67.0	Low Confidence (TSS_2.1)												
SP_RS11710	368029.0	368301.0	+	367920.0	tss_within_coding	1.78571428571429	25.0	14.0	109.0	Low Confidence (TSS_2.1)												
SP_0390	368771.0	369592.0	+	368732.0	tss_intergenic	1.08181818181818	119.0	110.0	39.0	Low Confidence (TSS_2.1)												
SP_0391	369611.0	370633.0	+	369166.0	tss_within_coding	1.07547169811321	114.0	106.0	445.0	Low Confidence (TSS_2.1)												
SP_RS01940	371263.0	371592.0	-	371645.0	tss_intergenic	1.07142857142857	15.0	14.0	53.0	Low Confidence (TSS_2.1)												
SP_RS01950	371889.0	372158.0	-	372185.0	tss_intergenic	2.0	2.0	0.0	27.0	Low Confidence (TSS_2.1)												
SP_0394	372310.0	374079.0	+	372290.0	tss_intergenic	10.1666666666667	61.0	6.0	20.0	Low Confidence (TSS_2.1)												
SP_0401	379812.0	382178.0	-	382323.0	tss_within_coding	1.11363636363636	49.0	44.0	145.0	Low Confidence (TSS_2.1)												
SP_RS11715	382223.0	382377.0	-	382663.0	tss_within_coding	1.0	28.0	28.0	286.0	Low Confidence (TSS_2.1)												
SP_0406	384994.0	387330.0	+	384626.0	tss_within_coding	78.0	78.0	0.0	368.0	Low Confidence (TSS_2.1)												
SP_0408	387673.0	388995.0	+	387613.0	tss_intergenic	5.0	10.0	2.0	60.0	Low Confidence (TSS_2.1)												
SP_0411	390795.0	392069.0	-	392077.0	tss_intergenic	1.15217391304348	106.0	92.0	8.0	Low Confidence (TSS_2.1)												
trn0218	392084.0	392155.0	-	392260.0	tss_within_coding	2.12639338367494	11827.0	5562.0	105.0	Low Confidence (TSS_2.1)												
T-box	392105.0	392273.0	-	392608.0	tss_within_coding	1.36666666666667	41.0	30.0	335.0	Low Confidence (TSS_2.1)												
SP_0414	394104.0	394208.0	-	394325.0	tss_intergenic	2.0	2.0	0.0	117.0	Low Confidence (TSS_2.1)												
SP_0417	395658.0	396632.0	+	395352.0	tss_within_coding	1.06477732793522	789.0	741.0	306.0	Low Confidence (TSS_2.1)												
SP_0420	398002.0	398922.0	+	397520.0	tss_within_coding	1.12018779342723	1193.0	1065.0	482.0	Low Confidence (TSS_2.1)												
SP_0421	398956.0	399687.0	+	398937.0	tss_intergenic	1.26153846153846	82.0	65.0	19.0	Low Confidence (TSS_2.1)												
SP_0424	401429.0	401851.0	+	401149.0	tss_within_coding	1.02352941176471	87.0	85.0	280.0	Low Confidence (TSS_2.1)												
SP_0425	401863.0	403230.0	+	401751.0	tss_within_coding	1.01960784313725	52.0	51.0	112.0	Low Confidence (TSS_2.1)												
SP_0426	403267.0	404133.0	+	402806.0	tss_within_coding	1.03174603174603	130.0	126.0	461.0	Low Confidence (TSS_2.1)												
SP_0427	404130.0	404897.0	+	403850.0	tss_within_coding	1.06077348066298	192.0	181.0	280.0	Low Confidence (TSS_2.1)												
SP_0428	404908.0	405049.0	+	404666.0	tss_within_coding	1.17777777777778	53.0	45.0	242.0	Low Confidence (TSS_2.1)												
SP_0429	405056.0	405241.0	+	405045.0	tss_within_coding	1.14705882352941	39.0	34.0	11.0	Low Confidence (TSS_2.1)												
SP_0430	405259.0	405732.0	+	405108.0	tss_within_coding	1.03703703703704	28.0	27.0	151.0	Low Confidence (TSS_2.1)												
SP_0432	406163.0	407469.0	+	406154.0	tss_intergenic	1.7	17.0	10.0	9.0	Low Confidence (TSS_2.1)												
SP_0433	407504.0	407926.0	-	408058.0	tss_within_coding	1.04805491990847	458.0	437.0	132.0	Low Confidence (TSS_2.1)												
SP_0434	407919.0	408308.0	-	408745.0	tss_within_coding	1.45064377682403	338.0	233.0	437.0	Low Confidence (TSS_2.1)												
SP_0436	409019.0	410461.0	-	410548.0	tss_within_coding	1.23529411764706	42.0	34.0	87.0	Low Confidence (TSS_2.1)												
SP_0437	410461.0	411927.0	-	412157.0	tss_within_coding	1.02459016393443	125.0	122.0	230.0	Low Confidence (TSS_2.1)												
SP_0439	412442.0	413986.0	+	412432.0	tss_intergenic	1.0	23.0	23.0	10.0	Low Confidence (TSS_2.1)												
SP_RS11740	414269.0	414466.0	+	414194.0	tss_intergenic	1.16666666666667	70.0	60.0	75.0	Low Confidence (TSS_2.1)												
SP_RS11745	414541.0	414753.0	+	414530.0	tss_intergenic	1.125	18.0	16.0	11.0	Low Confidence (TSS_2.1)												
SP_0443	415582.0	417249.0	+	415264.0	tss_within_coding	1.02521008403361	244.0	238.0	318.0	Low Confidence (TSS_2.1)												
SP_0446	419142.0	419618.0	+	418691.0	tss_within_coding	1.16666666666667	28.0	24.0	451.0	Low Confidence (TSS_2.1)												
SP_0447	419684.0	420706.0	+	419636.0	tss_intergenic	1.51612903225806	47.0	31.0	48.0	Low Confidence (TSS_2.1)												
SP_0448	420813.0	421049.0	+	420747.0	tss_intergenic	1.10714285714286	31.0	28.0	66.0	Low Confidence (TSS_2.1)												
SP_0449	421287.0	421643.0	+	421094.0	tss_intergenic	1.05882352941176	36.0	34.0	193.0	Low Confidence (TSS_2.1)												
SP_0450	421693.0	422943.0	+	421540.0	tss_within_coding	4.11764705882353	70.0	17.0	153.0	Low Confidence (TSS_2.1)												
SP_RS11750	423013.0	423121.0	-	423238.0	tss_intergenic	3.0	3.0	0.0	117.0	Low Confidence (TSS_2.1)												
SP_0451	423678.0	423893.0	+	423653.0	tss_intergenic	2.26287262872629	5010.0	2214.0	25.0	Low Confidence (TSS_2.1)												
SP_0452	424002.0	424742.0	-	424937.0	tss_within_coding	22.0	22.0	0.0	195.0	Low Confidence (TSS_2.1)												
SP_0456	428635.0	429652.0	-	429806.0	tss_intergenic	2.0	2.0	0.0	154.0	Low Confidence (TSS_2.1)												
SP_RS11765	431976.0	432062.0	+	431976.0	tss_intergenic	1.75	7.0	4.0	0.0	Low Confidence (TSS_2.1)												
SP_0460	434770.0	436038.0	-	436048.0	tss_intergenic	2.5	5.0	2.0	10.0	Low Confidence (TSS_2.1)												
SP_0461	436303.0	437832.0	-	437866.0	tss_within_coding	5.16666666666667	31.0	6.0	34.0	Low Confidence (TSS_2.1)												
SP_0462	438348.0	441008.0	+	438335.0	tss_intergenic	1.0	2.0	2.0	13.0	Low Confidence (TSS_2.1)												
SP_0463	441232.0	443229.0	+	441033.0	tss_intergenic	1.11538461538462	29.0	26.0	199.0	Low Confidence (TSS_2.1)												
SP_RS02290	443546.0	444457.0	+	443545.0	tss_intergenic	1.0	5.0	5.0	1.0	Low Confidence (TSS_2.1)												
SP_0466	444795.0	445697.0	+	444721.0	tss_intergenic	2.0	2.0	0.0	74.0	Low Confidence (TSS_2.1)												
SP_0467	445780.0	446577.0	+	445616.0	tss_within_coding	1.15384615384615	15.0	13.0	164.0	Low Confidence (TSS_2.1)												
SP_0469	447488.0	448764.0	-	448774.0	tss_intergenic	1.31578947368421	25.0	19.0	10.0	Low Confidence (TSS_2.1)												
SP_0471	449021.0	449305.0	-	449730.0	tss_intergenic	1.02941176470588	35.0	34.0	425.0	Low Confidence (TSS_2.1)												
SP_0476	455508.0	455852.0	+	455482.0	tss_intergenic	7.0	7.0	0.0	26.0	Low Confidence (TSS_2.1)												
SP_0479	459148.0	460587.0	-	460805.0	tss_within_coding	1.11538461538462	29.0	26.0	218.0	Low Confidence (TSS_2.1)												
SP_0482	462991.0	463539.0	+	462676.0	tss_within_coding	1.5	24.0	16.0	315.0	Low Confidence (TSS_2.1)												
SP_RS02385	463546.0	463803.0	+	463349.0	tss_within_coding	1.17241379310345	34.0	29.0	197.0	Low Confidence (TSS_2.1)												
srn141  	463613.0	463725.0	+	463569.0	tss_intergenic	1.39130434782609	32.0	23.0	44.0	Low Confidence (TSS_2.1)												
SP_0484	465572.0	466402.0	+	465164.0	tss_within_coding	25.0	25.0	0.0	408.0	Low Confidence (TSS_2.1)												
SP_0486	466595.0	467098.0	+	466489.0	tss_within_coding	1.03157894736842	98.0	95.0	106.0	Low Confidence (TSS_2.1)												
SP_0489	468104.0	468754.0	+	468098.0	tss_intergenic	1.10280373831776	118.0	107.0	6.0	Low Confidence (TSS_2.1)												
SP_0490	468782.0	469171.0	+	468430.0	tss_within_coding	1.20512820512821	47.0	39.0	352.0	Low Confidence (TSS_2.1)												
SP_RS02420	469303.0	469626.0	+	469144.0	tss_within_coding	1.09756097560976	45.0	41.0	159.0	Low Confidence (TSS_2.1)												
srn145  	470561.0	470657.0	+	470533.0	tss_intergenic	1.33333333333333	20.0	15.0	28.0	Low Confidence (TSS_2.1)												
SP_0494	470731.0	472338.0	+	470665.0	tss_intergenic	1.25	25.0	20.0	66.0	Low Confidence (TSS_2.1)												
SP_0498	476529.0	481508.0	+	476438.0	tss_intergenic	19.0	57.0	3.0	91.0	Low Confidence (TSS_2.1)												
SP_0502	483927.0	485273.0	+	483549.0	tss_within_coding	1.07640067911715	634.0	589.0	378.0	Low Confidence (TSS_2.1)												
SP_RS02475	485453.0	485602.0	+	485429.0	tss_intergenic	9.33333333333333	28.0	3.0	24.0	Low Confidence (TSS_2.1)												
SP_0508	488752.0	490071.0	-	490073.0	tss_intergenic	2.16666666666667	13.0	6.0	2.0	Low Confidence (TSS_2.1)												
SP_RS11800	490047.0	490320.0	-	490607.0	tss_within_coding	1.06521739130435	49.0	46.0	287.0	Low Confidence (TSS_2.1)												
SP_0509	490320.0	491783.0	-	492007.0	tss_within_coding	78.0	78.0	0.0	224.0	Low Confidence (TSS_2.1)												
SP_0510	491796.0	494129.0	-	494191.0	tss_intergenic	3.94904458598726	3720.0	942.0	62.0	Low Confidence (TSS_2.1)												
SP_0516	496472.0	496996.0	+	496455.0	tss_intergenic	1.0	129.0	129.0	17.0	Low Confidence (TSS_2.1)												
SSRC8_2	497347.0	497410.0	+	497323.0	tss_intergenic	1.07723577235772	1855.0	1722.0	24.0	Low Confidence (TSS_2.1)												
trn0290	497393.0	497444.0	+	497385.0	tss_intergenic	1.10774410774411	1316.0	1188.0	8.0	Low Confidence (TSS_2.1)												
SP_RS02535	499310.0	499665.0	+	498825.0	tss_within_coding	1.22222222222222	187.0	153.0	485.0	Low Confidence (TSS_2.1)												
SpF14_sRNA	499570.0	499689.0	+	499523.0	tss_intergenic	1.625	26.0	16.0	47.0	Low Confidence (TSS_2.1)												
SP_0519	500067.0	501203.0	+	499986.0	tss_intergenic	1.05424528301887	447.0	424.0	81.0	Low Confidence (TSS_2.1)												
srn151  	501260.0	501364.0	+	501224.0	tss_intergenic	8.0	8.0	1.0	36.0	Low Confidence (TSS_2.1)												
SP_0520	501893.0	502180.0	-	502194.0	tss_within_coding	1.26785714285714	71.0	56.0	14.0	Low Confidence (TSS_2.1)												
SP_0523	503396.0	504445.0	+	503237.0	tss_within_coding	1.19327731092437	142.0	119.0	159.0	Low Confidence (TSS_2.1)												
SP_0526	505561.0	506298.0	+	505531.0	tss_within_coding	1.03448275862069	60.0	58.0	30.0	Low Confidence (TSS_2.1)												
SP_0527	506312.0	507652.0	+	505913.0	tss_within_coding	1.13432835820896	76.0	67.0	399.0	Low Confidence (TSS_2.1)												
SP_0528	507723.0	507851.0	-	508193.0	tss_within_coding	1.375	44.0	32.0	342.0	Low Confidence (TSS_2.1)												
SP_0529	507908.0	509269.0	-	509281.0	tss_intergenic	6.0	6.0	1.0	12.0	Low Confidence (TSS_2.1)												
SP_RS02595	509280.0	509927.0	-	510187.0	tss_within_coding	15.0	15.0	0.0	260.0	Low Confidence (TSS_2.1)												
SP_RS02605	510850.0	511437.0	-	511462.0	tss_intergenic	4.04347826086957	93.0	23.0	25.0	Low Confidence (TSS_2.1)												
SP_0532	512383.0	512652.0	+	512372.0	tss_intergenic	1.18548387096774	147.0	124.0	11.0	Low Confidence (TSS_2.1)												
SP_0533	512721.0	512951.0	+	512638.0	tss_within_coding	66.0	66.0	0.0	83.0	Low Confidence (TSS_2.1)												
SP_RS02625	512954.0	513073.0	+	512780.0	tss_within_coding	1.34782608695652	31.0	23.0	174.0	Low Confidence (TSS_2.1)												
SP_0539	515092.0	515346.0	+	515043.0	tss_intergenic	6.5	13.0	2.0	49.0	Low Confidence (TSS_2.1)												
SP_0540	515362.0	515565.0	+	515190.0	tss_within_coding	2.5	15.0	6.0	172.0	Low Confidence (TSS_2.1)												
SP_RS02670	516062.0	516181.0	+	516051.0	tss_intergenic	21.0	21.0	0.0	11.0	Low Confidence (TSS_2.1)												
SP_RS02675	516516.0	516695.0	+	516429.0	tss_intergenic	3.67375886524823	518.0	141.0	87.0	Low Confidence (TSS_2.1)												
SP_0544	516952.0	517350.0	+	516874.0	tss_intergenic	4.0	8.0	2.0	78.0	Low Confidence (TSS_2.1)												
SP_RS11840	518344.0	518480.0	+	518317.0	tss_within_coding	4.5	18.0	4.0	27.0	Low Confidence (TSS_2.1)												
SP_0550	520080.0	520715.0	+	520013.0	tss_within_coding	1.1417004048583	282.0	247.0	67.0	Low Confidence (TSS_2.1)												
SP_0553	521364.0	522500.0	+	521190.0	tss_within_coding	1.22507122507123	430.0	351.0	174.0	Low Confidence (TSS_2.1)												
SP_0554	522522.0	522815.0	+	522448.0	tss_within_coding	1.2125	97.0	80.0	74.0	Low Confidence (TSS_2.1)												
SP_0555	522808.0	523107.0	+	522526.0	tss_within_coding	1.0703125	137.0	128.0	282.0	Low Confidence (TSS_2.1)												
SP_0556	523124.0	526000.0	+	522840.0	tss_within_coding	1.06521739130435	245.0	230.0	284.0	Low Confidence (TSS_2.1)												
SSRC8_2	526033.0	526089.0	-	526145.0	tss_intergenic	2.0	2.0	0.0	56.0	Low Confidence (TSS_2.1)												
SP_0557	526251.0	526601.0	+	526090.0	tss_intergenic	1.14	57.0	50.0	161.0	Low Confidence (TSS_2.1)												
SP_0563	529880.0	530134.0	+	529549.0	tss_within_coding	1.425	57.0	40.0	331.0	Low Confidence (TSS_2.1)												
T-box	530661.0	530859.0	+	530334.0	tss_within_coding	1.14	57.0	50.0	327.0	Low Confidence (TSS_2.1)												
F17	530769.0	530895.0	+	530674.0	tss_within_coding	2.96499238964992	1948.0	657.0	95.0	Low Confidence (TSS_2.1)												
SP_0565	531038.0	531487.0	+	530961.0	tss_intergenic	1.16666666666667	35.0	30.0	77.0	Low Confidence (TSS_2.1)												
SP_0566	531474.0	532034.0	+	531098.0	tss_within_coding	1.06756756756757	79.0	74.0	376.0	Low Confidence (TSS_2.1)												
SP_0567	532034.0	532612.0	+	531999.0	tss_within_coding	1.01960784313725	52.0	51.0	35.0	Low Confidence (TSS_2.1)												
SP_0568	532605.0	535256.0	+	532336.0	tss_within_coding	74.0	74.0	0.0	269.0	Low Confidence (TSS_2.1)												
SP_0569	535337.0	535501.0	+	535316.0	tss_intergenic	3.15068493150685	230.0	73.0	21.0	Low Confidence (TSS_2.1)												
SP_0570	535552.0	537156.0	+	535547.0	tss_intergenic	1.0	14.0	14.0	5.0	Low Confidence (TSS_2.1)												
SP_0571	537536.0	538339.0	+	537424.0	tss_intergenic	1.23076923076923	16.0	13.0	112.0	Low Confidence (TSS_2.1)												
SP_0572	538454.0	539654.0	-	539664.0	tss_intergenic	1.21428571428571	17.0	14.0	10.0	Low Confidence (TSS_2.1)												
SP_0574	540142.0	541088.0	+	539953.0	tss_intergenic	4.57142857142857	64.0	14.0	189.0	Low Confidence (TSS_2.1)												
SpF19_sRNA	543052.0	543150.0	+	543003.0	tss_intergenic	8.8	88.0	10.0	49.0	Low Confidence (TSS_2.1)												
SP_0578	545872.0	547287.0	+	545430.0	tss_within_coding	4.11111111111111	37.0	9.0	442.0	Low Confidence (TSS_2.1)												
SP_0579	547769.0	548815.0	+	547755.0	tss_intergenic	1.01724137931034	59.0	58.0	14.0	Low Confidence (TSS_2.1)												
SP_0580	548815.0	549324.0	+	548711.0	tss_within_coding	1.01550387596899	131.0	129.0	104.0	Low Confidence (TSS_2.1)												
SP_0581	549401.0	551806.0	+	548934.0	tss_within_coding	1.09210526315789	83.0	76.0	467.0	Low Confidence (TSS_2.1)												
SP_0582	551874.0	552875.0	-	553034.0	tss_within_coding	2.84166666666667	341.0	120.0	159.0	Low Confidence (TSS_2.1)												
SP_0583	553031.0	553449.0	+	552738.0	tss_within_coding	1.04123711340206	404.0	388.0	293.0	Low Confidence (TSS_2.1)												
SP_RS02895	553572.0	553838.0	+	553521.0	tss_intergenic	2.5	10.0	4.0	51.0	Low Confidence (TSS_2.1)												
F57	553923.0	553982.0	+	553610.0	tss_within_coding	1.61111111111111	29.0	18.0	313.0	Low Confidence (TSS_2.1)												
SP_0589	560192.0	560809.0	+	560091.0	tss_within_coding	1.12459016393443	343.0	305.0	101.0	Low Confidence (TSS_2.1)												
SP_0590	560821.0	561705.0	+	560556.0	tss_within_coding	1.26865671641791	255.0	201.0	265.0	Low Confidence (TSS_2.1)												
SP_0591	561787.0	563130.0	+	561721.0	tss_intergenic	1.63636363636364	18.0	11.0	66.0	Low Confidence (TSS_2.1)												
SP_0592	563123.0	563509.0	+	563105.0	tss_within_coding	1.45	58.0	40.0	18.0	Low Confidence (TSS_2.1)												
SP_0593	563513.0	564397.0	+	563373.0	tss_within_coding	1.08333333333333	65.0	60.0	140.0	Low Confidence (TSS_2.1)												
SP_0595	564534.0	564989.0	+	564041.0	tss_within_coding	1.04651162790698	45.0	43.0	493.0	Low Confidence (TSS_2.1)												
SP_RS02945	565269.0	565448.0	+	565211.0	tss_intergenic	1.64285714285714	23.0	14.0	58.0	Low Confidence (TSS_2.1)												
Intron_gpII	565664.0	565729.0	+	565278.0	tss_within_coding	1.05263157894737	20.0	19.0	386.0	Low Confidence (TSS_2.1)												
SP_0601	567791.0	569170.0	+	567687.0	tss_within_coding	1.05882352941176	36.0	34.0	104.0	Low Confidence (TSS_2.1)												
SP_0606	572806.0	574008.0	-	574043.0	tss_within_coding	4.6875	75.0	16.0	35.0	Low Confidence (TSS_2.1)												
SP_0610	576417.0	577175.0	-	577344.0	tss_intergenic	6.0	6.0	0.0	169.0	Low Confidence (TSS_2.1)												
SP_0613	579849.0	581510.0	+	579760.0	tss_intergenic	2.74820143884892	382.0	139.0	89.0	Low Confidence (TSS_2.1)												
SP_0616	583695.0	584927.0	+	583474.0	tss_within_coding	1.05405405405405	39.0	37.0	221.0	Low Confidence (TSS_2.1)												
SP_0617	585006.0	585707.0	+	584980.0	tss_intergenic	3.77117263843648	4631.0	1228.0	26.0	Low Confidence (TSS_2.1)												
SP_0619	587581.0	588414.0	+	587410.0	tss_within_coding	1.08020698576973	835.0	773.0	171.0	Low Confidence (TSS_2.1)												
F53	588512.0	588590.0	+	588270.0	tss_within_coding	1.14189189189189	169.0	148.0	242.0	Low Confidence (TSS_2.1)												
SP_0620	588596.0	589396.0	-	589420.0	tss_intergenic	28.0	28.0	0.0	24.0	Low Confidence (TSS_2.1)												
SP_0624	591639.0	592217.0	+	591170.0	tss_within_coding	1.05405405405405	39.0	37.0	469.0	Low Confidence (TSS_2.1)												
SP_RS11875	592221.0	592366.0	+	592002.0	tss_within_coding	1.13333333333333	34.0	30.0	219.0	Low Confidence (TSS_2.1)												
SP_RS03065	592377.0	592529.0	+	592345.0	tss_within_coding	1.07377049180328	131.0	122.0	32.0	Low Confidence (TSS_2.1)												
SpF22_sRNA	592573.0	592712.0	+	592537.0	tss_intergenic	1.0	2.0	2.0	36.0	Low Confidence (TSS_2.1)												
SP_0628	595264.0	595767.0	+	595172.0	tss_within_coding	1.015625	65.0	64.0	92.0	Low Confidence (TSS_2.1)												
SP_0629	595770.0	596486.0	+	595665.0	tss_within_coding	1.0	562.0	562.0	105.0	Low Confidence (TSS_2.1)												
srn164  	596533.0	596633.0	+	596507.0	tss_intergenic	1.16666666666667	35.0	30.0	26.0	Low Confidence (TSS_2.1)												
Intron_gpII	598343.0	598408.0	+	597864.0	tss_within_coding	1.0	57.0	57.0	479.0	Low Confidence (TSS_2.1)												
SP_RS03110	599419.0	599664.0	+	599256.0	tss_intergenic	3.97435897435897	155.0	39.0	163.0	Low Confidence (TSS_2.1)												
SP_0637	601059.0	601877.0	+	600622.0	tss_within_coding	1.19607843137255	61.0	51.0	437.0	Low Confidence (TSS_2.1)												
SP_0639	602703.0	602981.0	+	602667.0	tss_intergenic	1.33333333333333	28.0	21.0	36.0	Low Confidence (TSS_2.1)												
F23	603204.0	603346.0	+	603204.0	tss_intergenic	12.25	49.0	4.0	0.0	Low Confidence (TSS_2.1)												
trn0329	603831.0	603887.0	+	603759.0	tss_intergenic	2.83696682464455	2993.0	1055.0	72.0	Low Confidence (TSS_2.1)												
F24	610528.0	610660.0	+	610052.0	tss_within_coding	1.2	66.0	55.0	476.0	Low Confidence (TSS_2.1)												
SP_RS11885	610613.0	610792.0	-	611028.0	tss_intergenic	1.0	3.0	3.0	236.0	Low Confidence (TSS_2.1)												
SP_0643	611051.0	611197.0	-	611236.0	tss_intergenic	3.0	3.0	0.0	39.0	Low Confidence (TSS_2.1)												
SP_0645	612705.0	613181.0	+	612675.0	tss_intergenic	3.11278195488722	414.0	133.0	30.0	Low Confidence (TSS_2.1)												
SP_0646	613219.0	613524.0	+	613187.0	tss_intergenic	2.66666666666667	8.0	3.0	32.0	Low Confidence (TSS_2.1)												
SP_RS03170	615073.0	615354.0	+	614792.0	tss_within_coding	14.0	14.0	1.0	281.0	Low Confidence (TSS_2.1)												
SP_0648	615442.0	622143.0	+	615282.0	tss_within_coding	1.0	22.0	22.0	160.0	Low Confidence (TSS_2.1)												
SP_RS03180	622391.0	623002.0	-	623025.0	tss_within_coding	1.125	18.0	16.0	23.0	Low Confidence (TSS_2.1)												
SP_RS03185	623002.0	623247.0	-	623258.0	tss_within_coding	1.32530120481928	110.0	83.0	11.0	Low Confidence (TSS_2.1)												
R13	623327.0	623372.0	-	623810.0	tss_within_coding	2.83809523809524	298.0	105.0	438.0	Low Confidence (TSS_2.1)												
SP_0650	623457.0	623816.0	-	623819.0	tss_intergenic	2.0	2.0	0.0	3.0	Low Confidence (TSS_2.1)												
SP_0652	624848.0	625405.0	+	624678.0	tss_within_coding	6.0	18.0	3.0	170.0	Low Confidence (TSS_2.1)												
SP_0653	625398.0	625652.0	+	625310.0	tss_within_coding	1.08474576271186	64.0	59.0	88.0	Low Confidence (TSS_2.1)												
SP_0655	625664.0	627718.0	+	625480.0	tss_within_coding	1.11538461538462	29.0	26.0	184.0	Low Confidence (TSS_2.1)												
SP_RS11905	627719.0	627864.0	-	627871.0	tss_intergenic	2.0	2.0	1.0	7.0	Low Confidence (TSS_2.1)												
SP_0659	629698.0	630264.0	+	629675.0	tss_within_coding	1.08333333333333	91.0	84.0	23.0	Low Confidence (TSS_2.1)												
SP_0660	630275.0	631387.0	+	630255.0	tss_within_coding	2.125	17.0	8.0	20.0	Low Confidence (TSS_2.1)												
SP_0662	632389.0	634080.0	+	632197.0	tss_within_coding	1.26712328767123	185.0	146.0	192.0	Low Confidence (TSS_2.1)												
SP_0664	634781.0	640501.0	+	634493.0	tss_within_coding	1.47272727272727	81.0	55.0	288.0	Low Confidence (TSS_2.1)												
SP_0666	642284.0	642901.0	+	641928.0	tss_within_coding	1.05882352941176	72.0	68.0	356.0	Low Confidence (TSS_2.1)												
SP_0672	647187.0	648425.0	+	647017.0	tss_within_coding	1.10185185185185	119.0	108.0	170.0	Low Confidence (TSS_2.1)												
SP_0673	648418.0	649041.0	+	648248.0	tss_within_coding	1.3	143.0	110.0	170.0	Low Confidence (TSS_2.1)												
SP_0674	649056.0	649985.0	+	648802.0	tss_within_coding	1.16949152542373	69.0	59.0	254.0	Low Confidence (TSS_2.1)												
SP_0675	650006.0	650761.0	+	649909.0	tss_within_coding	1.0377358490566	55.0	53.0	97.0	Low Confidence (TSS_2.1)												
SP_0682	655540.0	655794.0	+	655369.0	tss_within_coding	1.14465408805031	182.0	159.0	171.0	Low Confidence (TSS_2.1)												
SP_RS03355	656110.0	656456.0	+	655615.0	tss_within_coding	1.00787401574803	128.0	127.0	495.0	Low Confidence (TSS_2.1)												
SP_0686	656527.0	658548.0	+	656249.0	tss_within_coding	9.5	19.0	2.0	278.0	Low Confidence (TSS_2.1)												
SP_0689	660649.0	661707.0	+	660607.0	tss_within_coding	1.04651162790698	45.0	43.0	42.0	Low Confidence (TSS_2.1)												
SP_0694	663727.0	664311.0	+	663366.0	tss_intergenic	1.2	12.0	10.0	361.0	Low Confidence (TSS_2.1)												
SP_RS03395	664295.0	664486.0	+	664295.0	tss_intergenic	1.08695652173913	25.0	23.0	0.0	Low Confidence (TSS_2.1)												
SP_0695	664585.0	665289.0	+	664584.0	tss_intergenic	1.08695652173913	75.0	69.0	1.0	Low Confidence (TSS_2.1)												
SP_0696	665286.0	665666.0	+	665126.0	tss_within_coding	1.19047619047619	50.0	42.0	160.0	Low Confidence (TSS_2.1)												
PyrR	668006.0	668110.0	+	668004.0	tss_intergenic	61.0	61.0	1.0	2.0	Low Confidence (TSS_2.1)												
SP_0702	668896.0	669528.0	+	668695.0	tss_within_coding	2.57142857142857	18.0	7.0	201.0	Low Confidence (TSS_2.1)												
SP_0704	670207.0	670971.0	+	669884.0	tss_within_coding	1.6	16.0	10.0	323.0	Low Confidence (TSS_2.1)												
SP_0706	671727.0	672431.0	+	671600.0	tss_within_coding	4.08	102.0	25.0	127.0	Low Confidence (TSS_2.1)												
SP_0711	675441.0	676109.0	-	676148.0	tss_intergenic	10.0	10.0	1.0	39.0	Low Confidence (TSS_2.1)												
SP_0712	676335.0	676481.0	+	676263.0	tss_intergenic	2.0	2.0	1.0	72.0	Low Confidence (TSS_2.1)												
SP_0714	678711.0	680057.0	-	680308.0	tss_intergenic	12.0	12.0	0.0	251.0	Low Confidence (TSS_2.1)												
SP_0716	682123.0	682791.0	+	682076.0	tss_intergenic	1.36363636363636	15.0	11.0	47.0	Low Confidence (TSS_2.1)												
SP_0717	683007.0	683810.0	+	682954.0	tss_intergenic	1.23913043478261	57.0	46.0	53.0	Low Confidence (TSS_2.1)												
SP_0718	683812.0	684441.0	+	683470.0	tss_within_coding	1.359375	87.0	64.0	342.0	Low Confidence (TSS_2.1)												
TPP	684650.0	684738.0	+	684638.0	tss_intergenic	5.54545454545455	61.0	11.0	12.0	Low Confidence (TSS_2.1)												
SP_0723	688306.0	688830.0	+	688065.0	tss_within_coding	1.30769230769231	17.0	13.0	241.0	Low Confidence (TSS_2.1)												
SP_0726	690468.0	691259.0	-	691382.0	tss_within_coding	1.18181818181818	13.0	11.0	123.0	Low Confidence (TSS_2.1)												
SP_0728	692031.0	692402.0	+	692020.0	tss_intergenic	1.28813559322034	76.0	59.0	11.0	Low Confidence (TSS_2.1)												
SP_0729	692412.0	694655.0	+	692209.0	tss_within_coding	1.37142857142857	48.0	35.0	203.0	Low Confidence (TSS_2.1)												
SP_0735	698523.0	698819.0	+	698367.0	tss_intergenic	1.21428571428571	17.0	14.0	156.0	Low Confidence (TSS_2.1)												
SP_0740	702268.0	702723.0	-	702789.0	tss_within_coding	1.59090909090909	35.0	22.0	66.0	Low Confidence (TSS_2.1)												
SP_0743	704947.0	705504.0	+	704889.0	tss_intergenic	4.15384615384615	54.0	13.0	58.0	Low Confidence (TSS_2.1)												
SP_0744	705523.0	705990.0	+	705363.0	tss_within_coding	1.0	72.0	72.0	160.0	Low Confidence (TSS_2.1)												
F28	709064.0	709122.0	+	708586.0	tss_within_coding	1.66666666666667	20.0	12.0	478.0	Low Confidence (TSS_2.1)												
SP_0750	709328.0	710197.0	+	709148.0	tss_intergenic	2.5	5.0	2.0	180.0	Low Confidence (TSS_2.1)												
SP_0751	710201.0	711157.0	+	710100.0	tss_within_coding	1.45454545454545	16.0	11.0	101.0	Low Confidence (TSS_2.1)												
SP_0753	711921.0	712631.0	+	711828.0	tss_within_coding	1.11764705882353	57.0	51.0	93.0	Low Confidence (TSS_2.1)												
SP_RS03695	713821.0	714798.0	+	713707.0	tss_within_coding	1.3125	21.0	16.0	114.0	Low Confidence (TSS_2.1)												
SP_0756	714816.0	715508.0	+	714357.0	tss_within_coding	1.10079575596817	830.0	754.0	459.0	Low Confidence (TSS_2.1)												
SP_0757	715501.0	716427.0	+	715101.0	tss_within_coding	76.0	76.0	0.0	400.0	Low Confidence (TSS_2.1)												
F58	716443.0	716473.0	+	716270.0	tss_within_coding	1.12316715542522	766.0	682.0	173.0	Low Confidence (TSS_2.1)												
SP_0765	724170.0	725207.0	+	723944.0	tss_within_coding	1.10096153846154	229.0	208.0	226.0	Low Confidence (TSS_2.1)												
SP_0767	726141.0	726653.0	+	726113.0	tss_intergenic	3.20629370629371	917.0	286.0	28.0	Low Confidence (TSS_2.1)												
SP_0768	726674.0	727759.0	+	726439.0	tss_within_coding	1.025	82.0	80.0	235.0	Low Confidence (TSS_2.1)												
SP_0769	727759.0	728241.0	+	727279.0	tss_within_coding	1.0	56.0	56.0	480.0	Low Confidence (TSS_2.1)												
SP_0770	728243.0	729784.0	+	728123.0	tss_within_coding	1.1	33.0	30.0	120.0	Low Confidence (TSS_2.1)												
SP_0772	730727.0	730930.0	-	731079.0	tss_intergenic	4.0	4.0	0.0	149.0	Low Confidence (TSS_2.1)												
SP_0774	731419.0	731628.0	-	731644.0	tss_intergenic	9.0	9.0	0.0	16.0	Low Confidence (TSS_2.1)												
SP_RS11950	732559.0	732802.0	+	732184.0	tss_within_coding	1.67857142857143	47.0	28.0	375.0	Low Confidence (TSS_2.1)												
SP_0777	732906.0	733694.0	+	732860.0	tss_intergenic	3.51187335092348	1331.0	379.0	46.0	Low Confidence (TSS_2.1)												
SP_0778	733725.0	734243.0	+	733621.0	tss_within_coding	1.03305785123967	125.0	121.0	104.0	Low Confidence (TSS_2.1)												
SP_0779	734233.0	734952.0	+	733853.0	tss_within_coding	1.03703703703704	56.0	54.0	380.0	Low Confidence (TSS_2.1)												
SP_0780	734964.0	735302.0	+	734565.0	tss_within_coding	1.13917525773196	442.0	388.0	399.0	Low Confidence (TSS_2.1)												
SP_0782	735727.0	735966.0	+	735655.0	tss_intergenic	34.0	34.0	0.0	72.0	Low Confidence (TSS_2.1)												
SP_RS03820	735963.0	736109.0	-	736538.0	tss_within_coding	1.23076923076923	16.0	13.0	429.0	Low Confidence (TSS_2.1)												
SP_0786	739699.0	740400.0	+	739201.0	tss_within_coding	1.14285714285714	24.0	21.0	498.0	Low Confidence (TSS_2.1)												
SP_0787	740402.0	741661.0	+	740102.0	tss_within_coding	1.27027027027027	47.0	37.0	300.0	Low Confidence (TSS_2.1)												
F29	743792.0	743828.0	+	743431.0	tss_within_coding	1.05882352941176	144.0	136.0	361.0	Low Confidence (TSS_2.1)												
F30	743886.0	743933.0	+	743869.0	tss_intergenic	1.27777777777778	23.0	18.0	17.0	Low Confidence (TSS_2.1)												
SP_0789	744245.0	744568.0	+	744203.0	tss_intergenic	2.17480750721848	18077.0	8312.0	42.0	Low Confidence (TSS_2.1)												
SP_0790	744572.0	745387.0	+	744396.0	tss_within_coding	1.08133971291866	226.0	209.0	176.0	Low Confidence (TSS_2.1)												
SP_0793	746713.0	747411.0	+	746593.0	tss_within_coding	1.51408450704225	215.0	142.0	120.0	Low Confidence (TSS_2.1)												
SP_0794	747422.0	747922.0	+	747380.0	tss_within_coding	1.77272727272727	39.0	22.0	42.0	Low Confidence (TSS_2.1)												
SP_0795	747900.0	748769.0	+	747441.0	tss_within_coding	1.84375	59.0	32.0	459.0	Low Confidence (TSS_2.1)												
SP_0796	748744.0	749184.0	+	748581.0	tss_within_coding	1.02247191011236	91.0	89.0	163.0	Low Confidence (TSS_2.1)												
SP_0799	752626.0	753960.0	+	752147.0	tss_within_coding	81.0	81.0	0.0	479.0	Low Confidence (TSS_2.1)												
SP_0801	754421.0	755350.0	+	754421.0	tss_intergenic	2.87801087801088	3704.0	1287.0	0.0	Low Confidence (TSS_2.1)												
SP_RS03925	755378.0	755566.0	+	754969.0	tss_within_coding	1.8	36.0	20.0	409.0	Low Confidence (TSS_2.1)												
SP_0804	759271.0	759825.0	+	759259.0	tss_intergenic	1.07407407407407	58.0	54.0	12.0	Low Confidence (TSS_2.1)												
SP_0805	759901.0	760473.0	+	759536.0	tss_within_coding	2.33333333333333	28.0	12.0	365.0	Low Confidence (TSS_2.1)												
SP_0806	760488.0	762434.0	+	760325.0	tss_within_coding	1.08333333333333	52.0	48.0	163.0	Low Confidence (TSS_2.1)												
SP_RS11955	764266.0	764478.0	+	763862.0	tss_within_coding	1.09677419354839	34.0	31.0	404.0	Low Confidence (TSS_2.1)												
SP_0808	764616.0	764741.0	-	764844.0	tss_intergenic	12.0	12.0	0.0	103.0	Low Confidence (TSS_2.1)												
SP_RS11970	766098.0	766277.0	+	765969.0	tss_within_coding	1.42857142857143	20.0	14.0	129.0	Low Confidence (TSS_2.1)												
SP_RS03970	766227.0	766514.0	-	766688.0	tss_intergenic	1.0	6.0	6.0	174.0	Low Confidence (TSS_2.1)												
SP_RS03980	767025.0	767270.0	+	767023.0	tss_intergenic	5.0	5.0	0.0	2.0	Low Confidence (TSS_2.1)												
SP_0817	768665.0	769087.0	-	769141.0	tss_intergenic	2.0	2.0	1.0	54.0	Low Confidence (TSS_2.1)												
SP_0823	773165.0	773848.0	+	773139.0	tss_intergenic	2.2	11.0	5.0	26.0	Low Confidence (TSS_2.1)												
SP_0824	773848.0	774582.0	+	773683.0	tss_within_coding	1.08333333333333	26.0	24.0	165.0	Low Confidence (TSS_2.1)												
SP_RS04045	776592.0	777431.0	+	776421.0	tss_within_coding	18.0	18.0	0.0	171.0	Low Confidence (TSS_2.1)												
SP_0829	778426.0	779637.0	+	778310.0	tss_within_coding	1.1965811965812	140.0	117.0	116.0	Low Confidence (TSS_2.1)												
SP_0830	779639.0	780200.0	+	779532.0	tss_within_coding	44.0	44.0	0.0	107.0	Low Confidence (TSS_2.1)												
srn206  	781187.0	781305.0	-	781323.0	tss_intergenic	3.0	12.0	4.0	18.0	Low Confidence (TSS_2.1)												
SP_RS11980	781211.0	781441.0	-	781667.0	tss_within_coding	1.0	32.0	32.0	226.0	Low Confidence (TSS_2.1)												
SP_0834	782487.0	782999.0	+	782013.0	tss_within_coding	89.0	89.0	0.0	474.0	Low Confidence (TSS_2.1)												
SP_RS11990	783441.0	783647.0	-	783837.0	tss_within_coding	66.0	66.0	0.0	190.0	Low Confidence (TSS_2.1)												
SP_0835	783653.0	784363.0	+	783508.0	tss_within_coding	17.0	17.0	0.0	145.0	Low Confidence (TSS_2.1)												
SP_0836	784413.0	785669.0	-	786029.0	tss_within_coding	1.21739130434783	28.0	23.0	360.0	Low Confidence (TSS_2.1)												
SP_0837	785809.0	786333.0	-	786606.0	tss_within_coding	1.24096385542169	103.0	83.0	273.0	Low Confidence (TSS_2.1)												
SP_0838	786386.0	786637.0	-	786647.0	tss_intergenic	2.16908682179962	35701.0	16459.0	10.0	Low Confidence (TSS_2.1)												
SP_RS04110	787800.0	788125.0	+	787708.0	tss_intergenic	11.0	11.0	1.0	92.0	Low Confidence (TSS_2.1)												
SP_0842	788997.0	790274.0	+	788789.0	tss_within_coding	1.21052631578947	46.0	38.0	208.0	Low Confidence (TSS_2.1)												
SP_0844	790941.0	791330.0	+	790781.0	tss_within_coding	1.07013201320132	1297.0	1212.0	160.0	Low Confidence (TSS_2.1)												
SP_0845	791420.0	792472.0	+	791270.0	tss_within_coding	1.0126969731323	8933.0	8821.0	150.0	Low Confidence (TSS_2.1)												
SP_0847	794144.0	795202.0	+	793895.0	tss_within_coding	1.39344262295082	255.0	183.0	249.0	Low Confidence (TSS_2.1)												
SP_0848	795205.0	796161.0	+	794849.0	tss_within_coding	1.06716417910448	143.0	134.0	356.0	Low Confidence (TSS_2.1)												
SP_RS04155	796189.0	796458.0	+	796092.0	tss_within_coding	1.09251101321586	248.0	227.0	97.0	Low Confidence (TSS_2.1)												
trn0423	800595.0	800664.0	+	800288.0	tss_intergenic	1.08888888888889	49.0	45.0	307.0	Low Confidence (TSS_2.1)												
SP_RS04200	804381.0	805085.0	+	804278.0	tss_within_coding	1.21212121212121	280.0	231.0	103.0	Low Confidence (TSS_2.1)												
SP_0858	805129.0	805839.0	+	804661.0	tss_within_coding	1.38461538461538	36.0	26.0	468.0	Low Confidence (TSS_2.1)												
SP_0859	805836.0	806759.0	+	805495.0	tss_within_coding	1.02380952380952	86.0	84.0	341.0	Low Confidence (TSS_2.1)												
SP_0860	806774.0	807418.0	+	806323.0	tss_within_coding	1.10619469026549	125.0	113.0	451.0	Low Confidence (TSS_2.1)												
srn218  	808047.0	808148.0	+	808047.0	tss_intergenic	1.48275862068966	43.0	29.0	0.0	Low Confidence (TSS_2.1)												
SP_0862	808189.0	809391.0	+	808139.0	tss_within_coding	1.05245346869712	622.0	591.0	50.0	Low Confidence (TSS_2.1)												
SP_0863	809477.0	810803.0	-	810812.0	tss_intergenic	1.05555555555556	19.0	18.0	9.0	Low Confidence (TSS_2.1)												
SP_0865	811494.0	813149.0	+	811326.0	tss_within_coding	24.0	24.0	0.0	168.0	Low Confidence (TSS_2.1)												
SP_0868	814319.0	815581.0	+	814102.0	tss_within_coding	1.0	156.0	156.0	217.0	Low Confidence (TSS_2.1)												
SP_RS04295	818684.0	818869.0	-	819291.0	tss_within_coding	1.83333333333333	22.0	12.0	422.0	Low Confidence (TSS_2.1)												
SP_2247	822458.0	822545.0	-	822702.0	tss_intergenic	2.0	2.0	0.0	157.0	Low Confidence (TSS_2.1)												
SP_0876	823444.0	824355.0	+	823425.0	tss_within_coding	1.28571428571429	18.0	14.0	19.0	Low Confidence (TSS_2.1)												
SP_0877	824352.0	826304.0	+	824049.0	tss_within_coding	1.33333333333333	20.0	15.0	303.0	Low Confidence (TSS_2.1)												
SP_0881	830455.0	831669.0	+	830283.0	tss_within_coding	1.22093023255814	105.0	86.0	172.0	Low Confidence (TSS_2.1)												
SP_0882	831804.0	832628.0	+	831359.0	tss_within_coding	1.07203389830508	253.0	236.0	445.0	Low Confidence (TSS_2.1)												
SP_RS12005	832650.0	833389.0	+	832409.0	tss_within_coding	1.3	26.0	20.0	241.0	Low Confidence (TSS_2.1)												
SP_0886	835075.0	836568.0	+	835039.0	tss_intergenic	2.69421487603306	326.0	121.0	36.0	Low Confidence (TSS_2.1)												
SP_0889	837995.0	838408.0	+	837844.0	tss_within_coding	1.0	17.0	17.0	151.0	Low Confidence (TSS_2.1)												
SP_0890	838526.0	839491.0	+	838149.0	tss_within_coding	1.0188679245283	54.0	53.0	377.0	Low Confidence (TSS_2.1)												
SP_0892	840125.0	843475.0	+	840098.0	tss_intergenic	8.81818181818182	97.0	11.0	27.0	Low Confidence (TSS_2.1)												
SP_RS12015	843746.0	843864.0	+	843541.0	tss_intergenic	3.5	7.0	2.0	205.0	Low Confidence (TSS_2.1)												
SP_0893	843981.0	844451.0	-	844505.0	tss_within_coding	1.12698412698413	71.0	63.0	54.0	Low Confidence (TSS_2.1)												
SP_0895	847061.0	850189.0	+	847060.0	tss_intergenic	1.55555555555556	14.0	9.0	1.0	Low Confidence (TSS_2.1)												
SP_0897	851337.0	852842.0	+	851283.0	tss_intergenic	1.01851851851852	220.0	216.0	54.0	Low Confidence (TSS_2.1)												
SP_RS04430	852934.0	853082.0	-	853293.0	tss_within_coding	35.0	35.0	0.0	211.0	Low Confidence (TSS_2.1)												
SP_RS12035	854248.0	854334.0	-	854419.0	tss_intergenic	6.0	6.0	1.0	85.0	Low Confidence (TSS_2.1)												
SP_0901	856151.0	856462.0	+	856127.0	tss_intergenic	2.69230769230769	35.0	13.0	24.0	Low Confidence (TSS_2.1)												
SP_0904	857311.0	858126.0	-	858380.0	tss_within_coding	1.20833333333333	58.0	48.0	254.0	Low Confidence (TSS_2.1)												
SP_0905	858123.0	859028.0	-	859147.0	tss_within_coding	1.5	27.0	18.0	119.0	Low Confidence (TSS_2.1)												
SP_0909	862955.0	863404.0	+	862638.0	tss_within_coding	1.3	52.0	40.0	317.0	Low Confidence (TSS_2.1)												
F33	863736.0	863818.0	+	863591.0	tss_within_coding	1.44354838709677	358.0	248.0	145.0	Low Confidence (TSS_2.1)												
Spd-sr07	863740.0	863802.0	+	863740.0	tss_intergenic	2.0	2.0	0.0	0.0	Low Confidence (TSS_2.1)												
SP_0911	864088.0	864279.0	-	864405.0	tss_intergenic	3.11320754716981	165.0	53.0	126.0	Low Confidence (TSS_2.1)												
SP_0912	864707.0	865465.0	+	864559.0	tss_intergenic	2.18032786885246	266.0	122.0	148.0	Low Confidence (TSS_2.1)												
SP_0913	865467.0	867455.0	+	865201.0	tss_within_coding	1.0	14.0	14.0	266.0	Low Confidence (TSS_2.1)												
SP_RS04515	867497.0	868138.0	-	868613.0	tss_within_coding	1.0	13.0	13.0	475.0	Low Confidence (TSS_2.1)												
SP_0915	868167.0	869162.0	-	869178.0	tss_intergenic	1.09243697478992	130.0	119.0	16.0	Low Confidence (TSS_2.1)												
SP_0918	872282.0	873142.0	+	872193.0	tss_intergenic	1.26190476190476	53.0	42.0	89.0	Low Confidence (TSS_2.1)												
SP_0919	873139.0	874398.0	+	872644.0	tss_within_coding	1.03743315508021	194.0	187.0	495.0	Low Confidence (TSS_2.1)												
SP_0920	874398.0	875525.0	+	874198.0	tss_within_coding	1.60869565217391	37.0	23.0	200.0	Low Confidence (TSS_2.1)												
SP_0921	875522.0	876607.0	+	875502.0	tss_within_coding	1.00757575757576	266.0	264.0	20.0	Low Confidence (TSS_2.1)												
SP_0922	876617.0	877492.0	+	876345.0	tss_within_coding	1.01219512195122	83.0	82.0	272.0	Low Confidence (TSS_2.1)												
SP_0925	879029.0	879700.0	+	879007.0	tss_intergenic	1.25	5.0	4.0	22.0	Low Confidence (TSS_2.1)												
SP_0928	880847.0	881308.0	+	880579.0	tss_within_coding	1.07407407407407	87.0	81.0	268.0	Low Confidence (TSS_2.1)												
SP_0929	881298.0	882185.0	+	881215.0	tss_within_coding	2.47826086956522	57.0	23.0	83.0	Low Confidence (TSS_2.1)												
SP_0930	882188.0	884071.0	+	882178.0	tss_within_coding	1.27472527472527	116.0	91.0	10.0	Low Confidence (TSS_2.1)												
SP_0932	885291.0	886553.0	+	885077.0	tss_within_coding	1.04761904761905	22.0	21.0	214.0	Low Confidence (TSS_2.1)												
SP_0933	886557.0	887354.0	+	886082.0	tss_within_coding	1.14583333333333	55.0	48.0	475.0	Low Confidence (TSS_2.1)												
SP_0936	888105.0	888995.0	+	887797.0	tss_within_coding	1.25925925925926	34.0	27.0	308.0	Low Confidence (TSS_2.1)												
SP_0937	889035.0	889352.0	+	888892.0	tss_within_coding	1.05952380952381	89.0	84.0	143.0	Low Confidence (TSS_2.1)												
SP_0938	889355.0	890224.0	+	889177.0	tss_within_coding	1.125	45.0	40.0	178.0	Low Confidence (TSS_2.1)												
SP_0939	890424.0	890969.0	+	890006.0	tss_within_coding	1.1875	38.0	32.0	418.0	Low Confidence (TSS_2.1)												
SP_RS04645	891078.0	891724.0	+	890795.0	tss_within_coding	1.38461538461538	18.0	13.0	283.0	Low Confidence (TSS_2.1)												
SP_0946	895741.0	896595.0	+	895405.0	tss_within_coding	1.01372549019608	517.0	510.0	336.0	Low Confidence (TSS_2.1)												
SP_0947	896604.0	896819.0	+	896579.0	tss_within_coding	1.72727272727273	38.0	22.0	25.0	Low Confidence (TSS_2.1)												
SP_0950	898939.0	899439.0	+	898770.0	tss_within_coding	1.12857142857143	79.0	70.0	169.0	Low Confidence (TSS_2.1)												
SP_0951	899442.0	899669.0	+	899441.0	tss_intergenic	2.375	19.0	8.0	1.0	Low Confidence (TSS_2.1)												
SP_0952	900069.0	901168.0	-	901241.0	tss_intergenic	3.81818181818182	42.0	11.0	73.0	Low Confidence (TSS_2.1)												
SP_0953	901345.0	901914.0	+	901317.0	tss_intergenic	4.95	99.0	20.0	28.0	Low Confidence (TSS_2.1)												
SP_0954	901982.0	902632.0	+	901687.0	tss_within_coding	1.71428571428571	24.0	14.0	295.0	Low Confidence (TSS_2.1)												
SP_0955	902616.0	904856.0	+	902119.0	tss_within_coding	2.125	17.0	8.0	497.0	Low Confidence (TSS_2.1)												
SP_0957	905256.0	905843.0	+	905089.0	tss_within_coding	1.48648648648649	55.0	37.0	167.0	Low Confidence (TSS_2.1)												
SP_0958	905847.0	907031.0	+	905536.0	tss_within_coding	1.0	15.0	15.0	311.0	Low Confidence (TSS_2.1)												
L20_leader	907195.0	907326.0	+	907193.0	tss_intergenic	2.96630434782609	19103.0	6440.0	2.0	Low Confidence (TSS_2.1)												
srn239  	907201.0	907415.0	+	907196.0	tss_intergenic	3.11111111111111	112.0	36.0	5.0	Low Confidence (TSS_2.1)												
SP_0960	907905.0	908105.0	+	907827.0	tss_within_coding	1.15107913669065	480.0	417.0	78.0	Low Confidence (TSS_2.1)												
SP_0962	908574.0	908954.0	+	908208.0	tss_within_coding	1.01984126984127	514.0	504.0	366.0	Low Confidence (TSS_2.1)												
SP_0964	910015.0	910953.0	+	909826.0	tss_within_coding	2.27272727272727	25.0	11.0	189.0	Low Confidence (TSS_2.1)												
SP_0965	910995.0	913028.0	+	910780.0	tss_within_coding	1.05882352941176	18.0	17.0	215.0	Low Confidence (TSS_2.1)												
SP_0966	913089.0	914771.0	-	914773.0	tss_intergenic	4.0	8.0	2.0	2.0	Low Confidence (TSS_2.1)												
SP_0968	915327.0	915722.0	+	915315.0	tss_intergenic	2.0	8.0	4.0	12.0	Low Confidence (TSS_2.1)												
SP_0969	915739.0	916638.0	+	915707.0	tss_within_coding	1.0962962962963	148.0	135.0	32.0	Low Confidence (TSS_2.1)												
SP_0970	916687.0	917511.0	+	916332.0	tss_within_coding	1.10891089108911	112.0	101.0	355.0	Low Confidence (TSS_2.1)												
SP_0971	917511.0	918116.0	+	917133.0	tss_within_coding	1.15723270440252	184.0	159.0	378.0	Low Confidence (TSS_2.1)												
SP_0972	918103.0	919302.0	+	917831.0	tss_within_coding	1.76923076923077	23.0	13.0	272.0	Low Confidence (TSS_2.1)												
SP_0973	919302.0	919451.0	+	919143.0	tss_within_coding	1.375	22.0	16.0	159.0	Low Confidence (TSS_2.1)												
SP_0974	919491.0	919724.0	+	919473.0	tss_intergenic	2.92979127134725	1544.0	527.0	18.0	Low Confidence (TSS_2.1)												
SP_0975	919826.0	922180.0	+	919716.0	tss_within_coding	1.26666666666667	19.0	15.0	110.0	Low Confidence (TSS_2.1)												
SP_0976	922143.0	922610.0	+	921882.0	tss_within_coding	1.00292397660819	343.0	342.0	261.0	Low Confidence (TSS_2.1)												
SP_0977	922626.0	923486.0	+	922453.0	tss_within_coding	1.125	144.0	128.0	173.0	Low Confidence (TSS_2.1)												
SP_0978	923559.0	924512.0	+	923348.0	tss_within_coding	1.26315789473684	48.0	38.0	211.0	Low Confidence (TSS_2.1)												
SP_0980	926335.0	927048.0	+	925854.0	tss_within_coding	1.45714285714286	51.0	35.0	481.0	Low Confidence (TSS_2.1)												
SP_RS12060	928794.0	929024.0	-	929515.0	tss_within_coding	1.16216216216216	43.0	37.0	491.0	Low Confidence (TSS_2.1)												
SP_0984	929276.0	929896.0	-	930242.0	tss_within_coding	1.02941176470588	35.0	34.0	346.0	Low Confidence (TSS_2.1)												
SP_0985	929896.0	930378.0	-	930763.0	tss_within_coding	1.48571428571429	52.0	35.0	385.0	Low Confidence (TSS_2.1)												
SP_0989	933648.0	934193.0	+	933192.0	tss_within_coding	1.08387096774194	168.0	155.0	456.0	Low Confidence (TSS_2.1)												
SP_0990	934205.0	934519.0	+	934085.0	tss_within_coding	1.15121951219512	236.0	205.0	120.0	Low Confidence (TSS_2.1)												
SP_0991	934536.0	935228.0	+	934231.0	tss_within_coding	1.03296703296703	94.0	91.0	305.0	Low Confidence (TSS_2.1)												
SP_0994	936487.0	938256.0	+	936260.0	tss_within_coding	1.13513513513514	84.0	74.0	227.0	Low Confidence (TSS_2.1)												
SP_0997	939279.0	939479.0	+	938940.0	tss_within_coding	1.09090909090909	24.0	22.0	339.0	Low Confidence (TSS_2.1)												
SP_0999	940156.0	940863.0	+	940129.0	tss_intergenic	2.7007874015748	1029.0	381.0	27.0	Low Confidence (TSS_2.1)												
SP_1000	940874.0	941431.0	+	940859.0	tss_within_coding	1.33333333333333	16.0	12.0	15.0	Low Confidence (TSS_2.1)												
SpF36_sRNA	941435.0	941487.0	+	941088.0	tss_within_coding	1.0	33.0	33.0	347.0	Low Confidence (TSS_2.1)												
SP_1003	944264.0	946783.0	+	944052.0	tss_within_coding	1.25	15.0	12.0	212.0	Low Confidence (TSS_2.1)												
trn0485	950119.0	950196.0	+	949619.0	tss_within_coding	1.34666666666667	101.0	75.0	500.0	Low Confidence (TSS_2.1)												
SP_RS12070	950338.0	950901.0	+	950281.0	tss_intergenic	6.0	6.0	0.0	57.0	Low Confidence (TSS_2.1)												
SP_RS04985	950942.0	951511.0	+	950643.0	tss_within_coding	1.625	26.0	16.0	299.0	Low Confidence (TSS_2.1)												
SP_1010	954985.0	955362.0	-	955386.0	tss_intergenic	1.74736842105263	166.0	95.0	24.0	Low Confidence (TSS_2.1)												
SP_1011	955444.0	955875.0	-	955875.0	tss_intergenic	13.5	27.0	2.0	0.0	Low Confidence (TSS_2.1)												
preQ1-II	955904.0	956000.0	+	955903.0	tss_intergenic	2.0	2.0	0.0	1.0	Low Confidence (TSS_2.1)												
SP_2248	956607.0	956679.0	+	956603.0	tss_intergenic	44.5	89.0	2.0	4.0	Low Confidence (TSS_2.1)												
asd	956780.0	956922.0	+	956780.0	tss_intergenic	4.33333333333333	39.0	9.0	0.0	Low Confidence (TSS_2.1)												
SP_1014	958153.0	959088.0	+	957771.0	tss_within_coding	1.06694560669456	255.0	239.0	382.0	Low Confidence (TSS_2.1)												
trn0489	959291.0	959352.0	+	959237.0	tss_intergenic	1.0	5.0	5.0	54.0	Low Confidence (TSS_2.1)												
SP_1019	962963.0	963442.0	+	962850.0	tss_within_coding	1.22222222222222	33.0	27.0	113.0	Low Confidence (TSS_2.1)												
SP_1020	963452.0	964531.0	+	963435.0	tss_within_coding	1.05882352941176	198.0	187.0	17.0	Low Confidence (TSS_2.1)												
SP_1021	964531.0	965370.0	+	964126.0	tss_within_coding	1.075	43.0	40.0	405.0	Low Confidence (TSS_2.1)												
SP_1023	965958.0	966389.0	+	965803.0	tss_within_coding	1.10769230769231	144.0	130.0	155.0	Low Confidence (TSS_2.1)												
SP_1024	966451.0	967707.0	+	966060.0	tss_within_coding	1.3134328358209	88.0	67.0	391.0	Low Confidence (TSS_2.1)												
SP_1026	968689.0	969303.0	+	968605.0	tss_within_coding	1.01234567901235	82.0	81.0	84.0	Low Confidence (TSS_2.1)												
SP_RS05110	972255.0	972512.0	+	971943.0	tss_within_coding	1.17241379310345	34.0	29.0	312.0	Low Confidence (TSS_2.1)												
SpF61_sRNA	972327.0	972384.0	+	972273.0	tss_intergenic	1.2	6.0	5.0	54.0	Low Confidence (TSS_2.1)												
SP_1032	973406.0	974431.0	+	973384.0	tss_intergenic	2.86006825938567	1676.0	586.0	22.0	Low Confidence (TSS_2.1)												
SP_1033	974409.0	975428.0	+	974086.0	tss_within_coding	1.046875	67.0	64.0	323.0	Low Confidence (TSS_2.1)												
SP_1034	975428.0	976435.0	+	975057.0	tss_within_coding	1.04761904761905	22.0	21.0	371.0	Low Confidence (TSS_2.1)												
SP_RS12080	977617.0	978006.0	+	977259.0	tss_intergenic	1.1025641025641	43.0	39.0	358.0	Low Confidence (TSS_2.1)												
SP_1038	978131.0	978286.0	+	978025.0	tss_intergenic	1.1063829787234	104.0	94.0	106.0	Low Confidence (TSS_2.1)												
SP_1039	978970.0	979131.0	+	978619.0	tss_intergenic	1.05263157894737	20.0	19.0	351.0	Low Confidence (TSS_2.1)												
SP_1040	979223.0	980902.0	+	979153.0	tss_intergenic	3.08333333333333	111.0	36.0	70.0	Low Confidence (TSS_2.1)												
SP_1041	981170.0	981736.0	+	980860.0	tss_within_coding	1.52380952380952	32.0	21.0	310.0	Low Confidence (TSS_2.1)												
SP_RS12090	985114.0	985500.0	+	985082.0	tss_intergenic	7.23076923076923	94.0	13.0	32.0	Low Confidence (TSS_2.1)												
SP_1051	988528.0	989289.0	+	988459.0	tss_within_coding	1.4	21.0	15.0	69.0	Low Confidence (TSS_2.1)												
SP_1052	989317.0	990473.0	+	988844.0	tss_within_coding	1.21153846153846	63.0	52.0	473.0	Low Confidence (TSS_2.1)												
group-II-D1D4-3	990602.0	990766.0	+	990113.0	tss_within_coding	1.03743315508021	194.0	187.0	489.0	Low Confidence (TSS_2.1)												
SP_1054	991304.0	991660.0	+	991133.0	tss_intergenic	2.0	2.0	0.0	171.0	Low Confidence (TSS_2.1)												
SP_1060	995891.0	996193.0	+	995794.0	tss_intergenic	7.0	7.0	1.0	97.0	Low Confidence (TSS_2.1)												
SP_1064	999422.0	999895.0	+	999381.0	tss_within_coding	9.0	27.0	3.0	41.0	Low Confidence (TSS_2.1)												
SP_1065	1000458.0	1000637.0	-	1000797.0	tss_intergenic	6.0	6.0	0.0	160.0	Low Confidence (TSS_2.1)												
SP_1066	1000820.0	1001134.0	+	1000820.0	tss_intergenic	18.0	18.0	1.0	0.0	Low Confidence (TSS_2.1)												
SP_1068	1002527.0	1005223.0	+	1002203.0	tss_within_coding	1.33333333333333	104.0	78.0	324.0	Low Confidence (TSS_2.1)												
T-box	1005306.0	1005523.0	+	1004922.0	tss_within_coding	1.01136363636364	89.0	88.0	384.0	Low Confidence (TSS_2.1)												
SP_1070	1006709.0	1007575.0	+	1006706.0	tss_intergenic	2.0	10.0	5.0	3.0	Low Confidence (TSS_2.1)												
SP_1073	1010183.0	1011292.0	+	1010080.0	tss_within_coding	1.17839607201309	720.0	611.0	103.0	Low Confidence (TSS_2.1)												
SP_1074	1011306.0	1011635.0	+	1011088.0	tss_within_coding	1.0625	306.0	288.0	218.0	Low Confidence (TSS_2.1)												
SP_1076	1012809.0	1014134.0	+	1012460.0	tss_within_coding	1.0	57.0	57.0	349.0	Low Confidence (TSS_2.1)												
SP_1077	1014165.0	1014341.0	+	1013845.0	tss_within_coding	1.08219178082192	79.0	73.0	320.0	Low Confidence (TSS_2.1)												
SP_1079	1014598.0	1015908.0	+	1014570.0	tss_intergenic	1.23529411764706	42.0	34.0	28.0	Low Confidence (TSS_2.1)												
SP_1080	1015918.0	1016076.0	+	1015561.0	tss_within_coding	1.07894736842105	164.0	152.0	357.0	Low Confidence (TSS_2.1)												
trn0510	1016417.0	1016473.0	+	1015939.0	tss_within_coding	1.0	56.0	56.0	478.0	Low Confidence (TSS_2.1)												
SP_1082	1018494.0	1019045.0	+	1018021.0	tss_within_coding	1.11111111111111	50.0	45.0	473.0	Low Confidence (TSS_2.1)												
SP_1083	1019038.0	1020315.0	+	1018827.0	tss_within_coding	1.0	120.0	120.0	211.0	Low Confidence (TSS_2.1)												
SP_RS05365	1021290.0	1021574.0	+	1020828.0	tss_within_coding	1.13698630136986	166.0	146.0	462.0	Low Confidence (TSS_2.1)												
SP_1089	1025576.0	1026265.0	-	1026758.0	tss_within_coding	1.52631578947368	58.0	38.0	493.0	Low Confidence (TSS_2.1)												
SP_1092	1027007.0	1027258.0	-	1027522.0	tss_within_coding	1.10606060606061	73.0	66.0	264.0	Low Confidence (TSS_2.1)												
SP_1093	1027230.0	1027577.0	-	1027763.0	tss_within_coding	1.28571428571429	27.0	21.0	186.0	Low Confidence (TSS_2.1)												
SP_1094	1027582.0	1028697.0	-	1028730.0	tss_within_coding	1.0	44.0	44.0	33.0	Low Confidence (TSS_2.1)												
SP_1096	1029779.0	1030348.0	-	1030402.0	tss_intergenic	5.0	5.0	1.0	54.0	Low Confidence (TSS_2.1)												
SP_1099	1031946.0	1032842.0	+	1031785.0	tss_within_coding	1.27586206896552	37.0	29.0	161.0	Low Confidence (TSS_2.1)												
SP_1100	1032886.0	1033860.0	+	1032412.0	tss_within_coding	1.02222222222222	46.0	45.0	474.0	Low Confidence (TSS_2.1)												
SpR14_sRNA	1034021.0	1034100.0	-	1034114.0	tss_intergenic	2.0	4.0	2.0	14.0	Low Confidence (TSS_2.1)												
SP_1101	1034122.0	1035448.0	-	1035460.0	tss_intergenic	1.0	5.0	5.0	12.0	Low Confidence (TSS_2.1)												
SP_1104	1036330.0	1037034.0	+	1036317.0	tss_intergenic	2.97727272727273	393.0	132.0	13.0	Low Confidence (TSS_2.1)												
SP_1105	1037216.0	1037530.0	+	1037195.0	tss_intergenic	1.01953125	261.0	256.0	21.0	Low Confidence (TSS_2.1)												
srn270  	1038198.0	1038302.0	+	1037989.0	tss_within_coding	77.0	77.0	0.0	209.0	Low Confidence (TSS_2.1)												
SP_1111	1040164.0	1041012.0	-	1041031.0	tss_intergenic	3.27272727272727	324.0	99.0	19.0	Low Confidence (TSS_2.1)												
SP_1115	1044704.0	1045567.0	+	1044488.0	tss_within_coding	1.20689655172414	315.0	261.0	216.0	Low Confidence (TSS_2.1)												
SP_1116	1045647.0	1046825.0	+	1045207.0	tss_within_coding	1.11538461538462	29.0	26.0	440.0	Low Confidence (TSS_2.1)												
SP_1118	1048988.0	1051267.0	+	1048763.0	tss_within_coding	1.0	62.0	62.0	225.0	Low Confidence (TSS_2.1)												
SP_1122	1055637.0	1056779.0	+	1055445.0	tss_within_coding	1.23529411764706	21.0	17.0	192.0	Low Confidence (TSS_2.1)												
SP_1123	1056769.0	1057908.0	+	1056540.0	tss_within_coding	1.12389380530973	127.0	113.0	229.0	Low Confidence (TSS_2.1)												
SP_1124	1057905.0	1059338.0	+	1057677.0	tss_within_coding	1.46666666666667	22.0	15.0	228.0	Low Confidence (TSS_2.1)												
SpF01_sRNA	1063080.0	1063157.0	+	1062831.0	tss_within_coding	1.11926605504587	122.0	109.0	249.0	Low Confidence (TSS_2.1)												
SP_1129	1063231.0	1064394.0	-	1064796.0	tss_within_coding	1.21052631578947	23.0	19.0	402.0	Low Confidence (TSS_2.1)												
SP_1134	1066524.0	1067141.0	+	1066271.0	tss_intergenic	2.0	2.0	0.0	253.0	Low Confidence (TSS_2.1)												
SP_1140	1069913.0	1070341.0	+	1069429.0	tss_within_coding	1.21212121212121	40.0	33.0	484.0	Low Confidence (TSS_2.1)												
SP_1141	1070349.0	1070660.0	+	1070067.0	tss_within_coding	1.06896551724138	31.0	29.0	282.0	Low Confidence (TSS_2.1)												
SP_1142	1070678.0	1071088.0	+	1070664.0	tss_intergenic	1.35	27.0	20.0	14.0	Low Confidence (TSS_2.1)												
SpF41_sRNA	1071112.0	1071214.0	+	1071112.0	tss_intergenic	2.16842105263158	206.0	95.0	0.0	Low Confidence (TSS_2.1)												
SP_1144	1071640.0	1071933.0	+	1071629.0	tss_intergenic	1.0390243902439	213.0	205.0	11.0	Low Confidence (TSS_2.1)												
SP_1145	1071951.0	1073141.0	+	1071657.0	tss_within_coding	1.05769230769231	110.0	104.0	294.0	Low Confidence (TSS_2.1)												
SP_RS12125	1073640.0	1074086.0	-	1074314.0	tss_within_coding	1.04166666666667	25.0	24.0	228.0	Low Confidence (TSS_2.1)												
SP_1152	1078629.0	1082279.0	+	1078506.0	tss_within_coding	1.88888888888889	17.0	9.0	123.0	Low Confidence (TSS_2.1)												
SP_1153	1082494.0	1083672.0	+	1082420.0	tss_within_coding	47.0	47.0	0.0	74.0	Low Confidence (TSS_2.1)												
SP_1154	1083881.0	1089895.0	+	1083794.0	tss_intergenic	2.08695652173913	384.0	184.0	87.0	Low Confidence (TSS_2.1)												
SP_RS12140	1089947.0	1090123.0	+	1089802.0	tss_within_coding	1.5	27.0	18.0	145.0	Low Confidence (TSS_2.1)												
F63	1090060.0	1090100.0	+	1090018.0	tss_intergenic	4.0	4.0	1.0	42.0	Low Confidence (TSS_2.1)												
SP_1156	1091180.0	1091959.0	+	1091006.0	tss_within_coding	1.34042553191489	126.0	94.0	174.0	Low Confidence (TSS_2.1)												
SP_1157	1091975.0	1093525.0	+	1091590.0	tss_within_coding	1.04210526315789	99.0	95.0	385.0	Low Confidence (TSS_2.1)												
F42	1093532.0	1093614.0	+	1093081.0	tss_within_coding	1.33333333333333	20.0	15.0	451.0	Low Confidence (TSS_2.1)												
SP_1160	1095244.0	1096233.0	-	1096424.0	tss_within_coding	1.5	18.0	12.0	191.0	Low Confidence (TSS_2.1)												
SP_1161	1096297.0	1098000.0	-	1098167.0	tss_within_coding	1.15533980582524	119.0	103.0	167.0	Low Confidence (TSS_2.1)												
SP_1162	1098046.0	1099089.0	-	1099174.0	tss_intergenic	1.09574468085106	103.0	94.0	85.0	Low Confidence (TSS_2.1)												
SP_1163	1099307.0	1100299.0	-	1100618.0	tss_within_coding	1.41379310344828	41.0	29.0	319.0	Low Confidence (TSS_2.1)												
srn279  	1102805.0	1102928.0	-	1102964.0	tss_intergenic	1.5625	25.0	16.0	36.0	Low Confidence (TSS_2.1)												
SP_RS05750	1102809.0	1103069.0	-	1103525.0	tss_within_coding	1.73913043478261	40.0	23.0	456.0	Low Confidence (TSS_2.1)												
SP_1167	1103083.0	1104351.0	-	1104647.0	tss_within_coding	1.0952380952381	23.0	21.0	296.0	Low Confidence (TSS_2.1)												
SP_1168	1104364.0	1104828.0	-	1105217.0	tss_within_coding	1.54545454545455	17.0	11.0	389.0	Low Confidence (TSS_2.1)												
SP_1170	1105629.0	1106231.0	-	1106511.0	tss_within_coding	1.33333333333333	28.0	21.0	280.0	Low Confidence (TSS_2.1)												
SP_1179	1116230.0	1118389.0	+	1116217.0	tss_intergenic	1.72727272727273	19.0	11.0	13.0	Low Confidence (TSS_2.1)												
F64	1118416.0	1118462.0	+	1118272.0	tss_within_coding	1.14035087719298	65.0	57.0	144.0	Low Confidence (TSS_2.1)												
SP_1180	1118577.0	1119539.0	+	1118536.0	tss_intergenic	1.62686567164179	109.0	67.0	41.0	Low Confidence (TSS_2.1)												
SP_1183	1120867.0	1121079.0	-	1121087.0	tss_intergenic	2.0	2.0	0.0	8.0	Low Confidence (TSS_2.1)												
SP_1191	1127919.0	1128848.0	-	1129061.0	tss_within_coding	1.10606060606061	73.0	66.0	213.0	Low Confidence (TSS_2.1)												
SP_1192	1128859.0	1129374.0	-	1129421.0	tss_within_coding	1.75	14.0	8.0	47.0	Low Confidence (TSS_2.1)												
SP_RS12150	1130500.0	1131305.0	-	1131305.0	tss_intergenic	11.0	11.0	1.0	0.0	Low Confidence (TSS_2.1)												
SP_RS05890	1131653.0	1132128.0	-	1132158.0	tss_intergenic	6.5	26.0	4.0	30.0	Low Confidence (TSS_2.1)												
SP_1201	1134486.0	1135214.0	-	1135369.0	tss_within_coding	1.09053497942387	265.0	243.0	155.0	Low Confidence (TSS_2.1)												
SP_1202	1135216.0	1136883.0	-	1136937.0	tss_within_coding	1.03225806451613	32.0	31.0	54.0	Low Confidence (TSS_2.1)												
SP_1203	1136890.0	1137321.0	-	1137503.0	tss_within_coding	1.25862068965517	73.0	58.0	182.0	Low Confidence (TSS_2.1)												
SP_RS05915	1137314.0	1138129.0	-	1138170.0	tss_within_coding	1.29787234042553	61.0	47.0	41.0	Low Confidence (TSS_2.1)												
SP_1205	1138122.0	1138997.0	-	1139163.0	tss_within_coding	1.35470085470085	317.0	234.0	166.0	Low Confidence (TSS_2.1)												
SP_1206	1138994.0	1139206.0	-	1139266.0	tss_within_coding	1.27777777777778	69.0	54.0	60.0	Low Confidence (TSS_2.1)												
SP_RS05940	1141398.0	1141700.0	-	1141865.0	tss_intergenic	2.94520547945205	860.0	292.0	165.0	Low Confidence (TSS_2.1)												
SP_1212	1141941.0	1142819.0	-	1143054.0	tss_within_coding	1.25925925925926	34.0	27.0	235.0	Low Confidence (TSS_2.1)												
SP_RS12165	1145336.0	1145458.0	-	1145483.0	tss_intergenic	4.0	24.0	6.0	25.0	Low Confidence (TSS_2.1)												
SP_RS05970	1146647.0	1147390.0	-	1147585.0	tss_within_coding	1.10809018567639	1671.0	1508.0	195.0	Low Confidence (TSS_2.1)												
trn0573	1151276.0	1151348.0	+	1150813.0	tss_within_coding	1.08888888888889	49.0	45.0	463.0	Low Confidence (TSS_2.1)												
SP_RS06000	1156969.0	1157271.0	-	1157491.0	tss_within_coding	1.15	46.0	40.0	220.0	Low Confidence (TSS_2.1)												
SP_1225	1157302.0	1158111.0	-	1158292.0	tss_within_coding	1.02027883396705	1610.0	1578.0	181.0	Low Confidence (TSS_2.1)												
SP_1226	1158113.0	1159462.0	-	1159865.0	tss_within_coding	1.1505376344086	428.0	372.0	403.0	Low Confidence (TSS_2.1)												
SP_RS12170	1161487.0	1161607.0	+	1161481.0	tss_intergenic	2.0	2.0	0.0	6.0	Low Confidence (TSS_2.1)												
SP_1231	1164319.0	1164870.0	+	1164153.0	tss_within_coding	1.25	15.0	12.0	166.0	Low Confidence (TSS_2.1)												
SP_1232	1164854.0	1165417.0	+	1164757.0	tss_within_coding	1.08333333333333	65.0	60.0	97.0	Low Confidence (TSS_2.1)												
SP_1236	1167286.0	1167774.0	-	1168134.0	tss_within_coding	60.0	60.0	0.0	360.0	Low Confidence (TSS_2.1)												
SP_1237	1167740.0	1168303.0	-	1168432.0	tss_within_coding	101.0	101.0	0.0	129.0	Low Confidence (TSS_2.1)												
SP_1241	1171501.0	1173666.0	+	1171478.0	tss_intergenic	2.90575275397797	7122.0	2451.0	23.0	Low Confidence (TSS_2.1)												
SP_1242	1173666.0	1174406.0	+	1173468.0	tss_within_coding	1.2093023255814	52.0	43.0	198.0	Low Confidence (TSS_2.1)												
SP_1244	1176088.0	1177377.0	-	1177619.0	tss_within_coding	1.18181818181818	104.0	88.0	242.0	Low Confidence (TSS_2.1)												
SP_1245	1177381.0	1178199.0	-	1178391.0	tss_within_coding	1.04	26.0	25.0	192.0	Low Confidence (TSS_2.1)												
SP_1246	1178199.0	1178993.0	-	1179222.0	tss_within_coding	1.10526315789474	42.0	38.0	229.0	Low Confidence (TSS_2.1)												
SP_1247	1178990.0	1182529.0	-	1182841.0	tss_within_coding	1.42857142857143	30.0	21.0	312.0	Low Confidence (TSS_2.1)												
SP_2249	1183401.0	1183472.0	-	1183972.0	tss_within_coding	1.29032258064516	40.0	31.0	500.0	Low Confidence (TSS_2.1)												
SP_1251	1186000.0	1187934.0	-	1187993.0	tss_intergenic	1.86666666666667	28.0	15.0	59.0	Low Confidence (TSS_2.1)												
SP_1252	1188095.0	1188265.0	-	1188379.0	tss_within_coding	1.07017543859649	61.0	57.0	114.0	Low Confidence (TSS_2.1)												
SP_RS06145	1188246.0	1188417.0	-	1188797.0	tss_intergenic	2.2	11.0	5.0	380.0	Low Confidence (TSS_2.1)												
SP_1256	1189242.0	1189511.0	-	1189656.0	tss_within_coding	1.35714285714286	19.0	14.0	145.0	Low Confidence (TSS_2.1)												
trn0591	1189881.0	1189963.0	-	1190260.0	tss_intergenic	2.0	14.0	7.0	297.0	Low Confidence (TSS_2.1)												
SP_1258	1190557.0	1191651.0	-	1192143.0	tss_within_coding	2.8	14.0	5.0	492.0	Low Confidence (TSS_2.1)												
SP_RS06175	1191670.0	1192326.0	-	1192735.0	tss_within_coding	1.375	55.0	40.0	409.0	Low Confidence (TSS_2.1)												
SP_1261	1193095.0	1193454.0	-	1193593.0	tss_intergenic	3.04761904761905	320.0	105.0	139.0	Low Confidence (TSS_2.1)												
SP_1262	1193814.0	1195070.0	+	1193804.0	tss_intergenic	1.0	25.0	25.0	10.0	Low Confidence (TSS_2.1)												
SP_1266	1199284.0	1200132.0	-	1200562.0	tss_within_coding	1.14814814814815	186.0	162.0	430.0	Low Confidence (TSS_2.1)												
SP_1267	1200228.0	1200917.0	-	1201284.0	tss_within_coding	1.1025641025641	43.0	39.0	367.0	Low Confidence (TSS_2.1)												
SP_1268	1200929.0	1201807.0	-	1201931.0	tss_within_coding	1.10810810810811	41.0	37.0	124.0	Low Confidence (TSS_2.1)												
SP_1269	1201797.0	1202666.0	-	1202887.0	tss_within_coding	1.29310344827586	75.0	58.0	221.0	Low Confidence (TSS_2.1)												
SP_1270	1202683.0	1203705.0	-	1203850.0	tss_within_coding	1.032	129.0	125.0	145.0	Low Confidence (TSS_2.1)												
snR45	1204216.0	1204351.0	-	1204617.0	tss_intergenic	1.52058823529412	1034.0	680.0	266.0	Low Confidence (TSS_2.1)												
SP_1273	1206250.0	1207053.0	+	1205838.0	tss_within_coding	1.25	35.0	28.0	412.0	Low Confidence (TSS_2.1)												
SP_1274	1207055.0	1207864.0	+	1206886.0	tss_within_coding	1.04166666666667	25.0	24.0	169.0	Low Confidence (TSS_2.1)												
SP_1275	1208139.0	1211315.0	-	1211492.0	tss_intergenic	1.58823529411765	27.0	17.0	177.0	Low Confidence (TSS_2.1)												
SP_1276	1211628.0	1212707.0	-	1213028.0	tss_within_coding	1.0	41.0	41.0	321.0	Low Confidence (TSS_2.1)												
SP_1277	1212757.0	1213680.0	-	1213937.0	tss_within_coding	1.05084745762712	62.0	59.0	257.0	Low Confidence (TSS_2.1)												
SP_1278	1213699.0	1214220.0	-	1214263.0	tss_within_coding	1.52380952380952	32.0	21.0	43.0	Low Confidence (TSS_2.1)												
SP_1279	1214431.0	1215060.0	-	1215255.0	tss_within_coding	1.02919708029197	423.0	411.0	195.0	Low Confidence (TSS_2.1)												
SP_1280	1215060.0	1215602.0	-	1215624.0	tss_intergenic	3.4040404040404	2359.0	693.0	22.0	Low Confidence (TSS_2.1)												
SP_1281	1215772.0	1216089.0	+	1215739.0	tss_intergenic	17.5	35.0	2.0	33.0	Low Confidence (TSS_2.1)												
SP_1282	1216328.0	1217887.0	+	1216295.0	tss_intergenic	1.35714285714286	19.0	14.0	33.0	Low Confidence (TSS_2.1)												
SP_1283	1217931.0	1218830.0	-	1219274.0	tss_within_coding	100.0	100.0	0.0	444.0	Low Confidence (TSS_2.1)												
SpF44_sRNA	1220366.0	1220460.0	+	1220359.0	tss_intergenic	1.2	6.0	5.0	7.0	Low Confidence (TSS_2.1)												
SP_1287	1221980.0	1223551.0	-	1223677.0	tss_within_coding	1.18827160493827	385.0	324.0	126.0	Low Confidence (TSS_2.1)												
SP_1290	1224435.0	1225739.0	+	1224434.0	tss_intergenic	5.0	20.0	4.0	1.0	Low Confidence (TSS_2.1)												
SP_1291	1225752.0	1226558.0	+	1225601.0	tss_within_coding	1.22448979591837	60.0	49.0	151.0	Low Confidence (TSS_2.1)												
SP_1292	1226601.0	1227599.0	+	1226472.0	tss_within_coding	1.13636363636364	25.0	22.0	129.0	Low Confidence (TSS_2.1)												
R16	1227703.0	1227744.0	-	1227764.0	tss_intergenic	3.0	3.0	0.0	20.0	Low Confidence (TSS_2.1)												
SP_2250	1227766.0	1227837.0	-	1228149.0	tss_within_coding	1.01010101010101	400.0	396.0	312.0	Low Confidence (TSS_2.1)												
SP_1294	1228346.0	1228675.0	-	1228850.0	tss_within_coding	1.02941176470588	70.0	68.0	175.0	Low Confidence (TSS_2.1)												
SP_1295	1228669.0	1229043.0	-	1229227.0	tss_within_coding	1.03571428571429	3103.0	2996.0	184.0	Low Confidence (TSS_2.1)												
SP_1297	1229422.0	1229865.0	-	1229886.0	tss_intergenic	3.87155172413793	13473.0	3480.0	21.0	Low Confidence (TSS_2.1)												
SP_1307	1234454.0	1234624.0	-	1234731.0	tss_within_coding	40.0	40.0	0.0	107.0	Low Confidence (TSS_2.1)												
SP_RS06410	1234637.0	1235221.0	-	1235631.0	tss_within_coding	1.36842105263158	26.0	19.0	410.0	Low Confidence (TSS_2.1)												
SP_RS12180	1235232.0	1236035.0	-	1236036.0	tss_intergenic	1.5	6.0	4.0	1.0	Low Confidence (TSS_2.1)												
SP_RS06425	1236128.0	1236286.0	-	1236685.0	tss_intergenic	2.0	2.0	0.0	399.0	Low Confidence (TSS_2.1)												
SP_1323	1246865.0	1247188.0	-	1247207.0	tss_intergenic	2.0	2.0	0.0	19.0	Low Confidence (TSS_2.1)												
SP_1336	1258315.0	1259538.0	-	1259548.0	tss_intergenic	2.0	2.0	1.0	10.0	Low Confidence (TSS_2.1)												
SP_1337	1259720.0	1261066.0	-	1261080.0	tss_intergenic	4.0	4.0	1.0	14.0	Low Confidence (TSS_2.1)												
SP_1343	1265638.0	1267578.0	-	1267830.0	tss_within_coding	1.07407407407407	29.0	27.0	252.0	Low Confidence (TSS_2.1)												
SP_1352	1272838.0	1274184.0	-	1274555.0	tss_within_coding	2.4	24.0	10.0	371.0	Low Confidence (TSS_2.1)												
SP_1355	1275058.0	1275558.0	-	1275682.0	tss_within_coding	1.11585365853659	183.0	164.0	124.0	Low Confidence (TSS_2.1)												
L10_leader	1275597.0	1275732.0	-	1276227.0	tss_within_coding	1.2	18.0	15.0	495.0	Low Confidence (TSS_2.1)												
SP_1356	1275807.0	1277363.0	-	1277372.0	tss_intergenic	1.14893617021277	54.0	47.0	9.0	Low Confidence (TSS_2.1)												
SP_1357	1277458.0	1279209.0	-	1279209.0	tss_intergenic	1.4	14.0	10.0	0.0	Low Confidence (TSS_2.1)												
SP_1358	1279211.0	1280935.0	-	1281373.0	tss_within_coding	1.09433962264151	58.0	53.0	438.0	Low Confidence (TSS_2.1)												
SP_1359	1280993.0	1281931.0	-	1282120.0	tss_within_coding	1.06028368794326	299.0	282.0	189.0	Low Confidence (TSS_2.1)												
SP_1360	1282226.0	1283095.0	-	1283280.0	tss_within_coding	1.21681415929204	550.0	452.0	185.0	Low Confidence (TSS_2.1)												
SP_1363	1285471.0	1286505.0	-	1286533.0	tss_intergenic	36.0	36.0	0.0	28.0	Low Confidence (TSS_2.1)												
SP_1364	1286534.0	1287967.0	-	1288403.0	tss_within_coding	1.13541666666667	109.0	96.0	436.0	Low Confidence (TSS_2.1)												
SP_1365	1287983.0	1288969.0	-	1289110.0	tss_within_coding	1.0	566.0	566.0	141.0	Low Confidence (TSS_2.1)												
SP_1366	1288971.0	1290128.0	-	1290193.0	tss_intergenic	1.09375	35.0	32.0	65.0	Low Confidence (TSS_2.1)												
SP_RS12210	1291029.0	1291176.0	-	1291659.0	tss_within_coding	1.21666666666667	73.0	60.0	483.0	Low Confidence (TSS_2.1)												
SP_1368	1291188.0	1292462.0	-	1292945.0	tss_within_coding	1.30088495575221	147.0	113.0	483.0	Low Confidence (TSS_2.1)												
SP_1369	1292459.0	1293307.0	-	1293696.0	tss_within_coding	1.06666666666667	96.0	90.0	389.0	Low Confidence (TSS_2.1)												
SP_1370	1293304.0	1293780.0	-	1294115.0	tss_within_coding	1.24832214765101	186.0	149.0	335.0	Low Confidence (TSS_2.1)												
SP_1373	1295497.0	1296600.0	-	1296773.0	tss_within_coding	1.09722222222222	79.0	72.0	173.0	Low Confidence (TSS_2.1)												
SP_1374	1296610.0	1297776.0	-	1297861.0	tss_within_coding	1.00687285223368	293.0	291.0	85.0	Low Confidence (TSS_2.1)												
SP_1375	1297786.0	1298853.0	-	1299240.0	tss_within_coding	1.06896551724138	62.0	58.0	387.0	Low Confidence (TSS_2.1)												
SP_1376	1298872.0	1299726.0	-	1300209.0	tss_within_coding	1.36111111111111	49.0	36.0	483.0	Low Confidence (TSS_2.1)												
SP_1377	1299716.0	1300393.0	-	1300526.0	tss_within_coding	1.0	40.0	40.0	133.0	Low Confidence (TSS_2.1)												
SP_1378	1300390.0	1301562.0	-	1301562.0	tss_intergenic	2.40740740740741	65.0	27.0	0.0	Low Confidence (TSS_2.1)												
SP_RS06760	1301908.0	1302168.0	-	1302172.0	tss_intergenic	17.0	17.0	0.0	4.0	Low Confidence (TSS_2.1)												
SP_1383	1306327.0	1308945.0	-	1309139.0	tss_within_coding	1.00490196078431	205.0	204.0	194.0	Low Confidence (TSS_2.1)												
T-box	1309488.0	1309659.0	-	1309896.0	tss_within_coding	1.41666666666667	17.0	12.0	237.0	Low Confidence (TSS_2.1)												
SP_1385	1309727.0	1309966.0	-	1310085.0	tss_intergenic	8.375	67.0	8.0	119.0	Low Confidence (TSS_2.1)												
SP_1387	1311286.0	1312059.0	-	1312072.0	tss_within_coding	1.44444444444444	13.0	9.0	13.0	Low Confidence (TSS_2.1)												
SP_1388	1312056.0	1312862.0	-	1313022.0	tss_within_coding	1.17948717948718	92.0	78.0	160.0	Low Confidence (TSS_2.1)												
SP_1389	1312843.0	1314000.0	-	1314076.0	tss_within_coding	1.18571428571429	83.0	70.0	76.0	Low Confidence (TSS_2.1)												
SP_1391	1315121.0	1315873.0	-	1315998.0	tss_within_coding	1.08823529411765	37.0	34.0	125.0	Low Confidence (TSS_2.1)												
SP_1394	1318047.0	1318862.0	-	1319355.0	tss_within_coding	1.05590062111801	170.0	161.0	493.0	Low Confidence (TSS_2.1)												
SP_1395	1319019.0	1319672.0	-	1319747.0	tss_within_coding	1.1	363.0	330.0	75.0	Low Confidence (TSS_2.1)												
SP_1396	1319684.0	1320442.0	-	1320856.0	tss_within_coding	1.02739726027397	750.0	730.0	414.0	Low Confidence (TSS_2.1)												
SP_1397	1320455.0	1321258.0	-	1321358.0	tss_within_coding	1.13590263691684	560.0	493.0	100.0	Low Confidence (TSS_2.1)												
SP_1398	1321269.0	1322153.0	-	1322441.0	tss_within_coding	1.30434782608696	60.0	46.0	288.0	Low Confidence (TSS_2.1)												
SP_1399	1322143.0	1323060.0	-	1323516.0	tss_within_coding	1.09756097560976	90.0	82.0	456.0	Low Confidence (TSS_2.1)												
SP_1400	1323060.0	1323938.0	-	1324391.0	tss_intergenic	1.01639344262295	124.0	122.0	453.0	Low Confidence (TSS_2.1)												
SP_1402	1324512.0	1325816.0	-	1326071.0	tss_within_coding	1.20689655172414	35.0	29.0	255.0	Low Confidence (TSS_2.1)												
SP_1403	1325817.0	1326590.0	-	1326839.0	tss_within_coding	1.27272727272727	42.0	33.0	249.0	Low Confidence (TSS_2.1)												
SP_1404	1326580.0	1326858.0	-	1327023.0	tss_within_coding	1.12749003984064	283.0	251.0	165.0	Low Confidence (TSS_2.1)												
SP_1406	1327469.0	1328119.0	-	1328399.0	tss_within_coding	1.83333333333333	33.0	18.0	280.0	Low Confidence (TSS_2.1)												
SP_1407	1328076.0	1328849.0	-	1329179.0	tss_within_coding	1.11538461538462	29.0	26.0	330.0	Low Confidence (TSS_2.1)												
SP_1408	1328860.0	1329597.0	-	1329979.0	tss_within_coding	1.41304347826087	65.0	46.0	382.0	Low Confidence (TSS_2.1)												
SP_1410	1330816.0	1331205.0	-	1331227.0	tss_within_coding	1.13513513513514	42.0	37.0	22.0	Low Confidence (TSS_2.1)												
SP_1411	1331221.0	1331604.0	-	1331834.0	tss_within_coding	1.0	223.0	223.0	230.0	Low Confidence (TSS_2.1)												
SP_1412	1331605.0	1332393.0	-	1332817.0	tss_within_coding	1.05172413793103	61.0	58.0	424.0	Low Confidence (TSS_2.1)												
SP_RS06945	1336314.0	1336703.0	-	1337029.0	tss_within_coding	1.36363636363636	15.0	11.0	326.0	Low Confidence (TSS_2.1)												
SP_RS12220	1337828.0	1337941.0	-	1338002.0	tss_intergenic	8.0	8.0	1.0	61.0	Low Confidence (TSS_2.1)												
SP_1418	1338003.0	1339349.0	+	1337985.0	tss_intergenic	1.33333333333333	4.0	3.0	18.0	Low Confidence (TSS_2.1)												
SP_1419	1339908.0	1340459.0	-	1340666.0	tss_intergenic	1.3125	63.0	48.0	207.0	Low Confidence (TSS_2.1)												
SP_1420	1340809.0	1341633.0	-	1341864.0	tss_within_coding	1.19029850746269	319.0	268.0	231.0	Low Confidence (TSS_2.1)												
SP_1423	1343684.0	1343923.0	-	1344144.0	tss_intergenic	1.97142857142857	69.0	35.0	221.0	Low Confidence (TSS_2.1)												
SP_1424	1344278.0	1344758.0	-	1344759.0	tss_intergenic	5.0	5.0	1.0	1.0	Low Confidence (TSS_2.1)												
SP_1426	1344918.0	1345565.0	-	1345679.0	tss_intergenic	3.97142857142857	139.0	35.0	114.0	Low Confidence (TSS_2.1)												
SP_1427	1345987.0	1346712.0	-	1346811.0	tss_intergenic	1.04	52.0	50.0	99.0	Low Confidence (TSS_2.1)												
SP_1428	1346961.0	1347272.0	-	1347429.0	tss_within_coding	1.08536585365854	89.0	82.0	157.0	Low Confidence (TSS_2.1)												
SP_1430	1349389.0	1349754.0	+	1349340.0	tss_within_coding	1.25342465753425	183.0	146.0	49.0	Low Confidence (TSS_2.1)												
SP_1431	1349751.0	1350941.0	+	1349430.0	tss_within_coding	2.30769230769231	30.0	13.0	321.0	Low Confidence (TSS_2.1)												
F65	1350946.0	1351012.0	+	1350477.0	tss_within_coding	1.45	29.0	20.0	469.0	Low Confidence (TSS_2.1)												
R4	1351009.0	1351076.0	-	1351266.0	tss_intergenic	1.0	5.0	5.0	190.0	Low Confidence (TSS_2.1)												
SP_1436	1356073.0	1356702.0	+	1355778.0	tss_within_coding	1.14285714285714	16.0	14.0	295.0	Low Confidence (TSS_2.1)												
SP_1438	1357148.0	1358272.0	+	1357085.0	tss_within_coding	1.0	13.0	13.0	63.0	Low Confidence (TSS_2.1)												
SP_RS12240	1358241.0	1358351.0	-	1358412.0	tss_intergenic	3.5	7.0	2.0	61.0	Low Confidence (TSS_2.1)												
SP_1439	1358413.0	1359759.0	+	1358397.0	tss_intergenic	2.0	2.0	0.0	16.0	Low Confidence (TSS_2.1)												
SP_RS07075	1361531.0	1362328.0	-	1362342.0	tss_intergenic	3.5	7.0	2.0	14.0	Low Confidence (TSS_2.1)												
SpR18_sRNA	1364575.0	1364706.0	-	1364981.0	tss_within_coding	1.0	44.0	44.0	275.0	Low Confidence (TSS_2.1)												
SP_1447	1367179.0	1368075.0	-	1368299.0	tss_within_coding	1.02739726027397	75.0	73.0	224.0	Low Confidence (TSS_2.1)												
SP_1448	1368084.0	1369019.0	-	1369179.0	tss_within_coding	1.28571428571429	18.0	14.0	160.0	Low Confidence (TSS_2.1)												
SP_1451	1370462.0	1371289.0	-	1371458.0	tss_within_coding	1.10714285714286	31.0	28.0	169.0	Low Confidence (TSS_2.1)												
SP_1452	1371311.0	1371646.0	-	1372013.0	tss_within_coding	1.05128205128205	82.0	78.0	367.0	Low Confidence (TSS_2.1)												
SP_1453	1371647.0	1372375.0	-	1372475.0	tss_within_coding	1.6	16.0	10.0	100.0	Low Confidence (TSS_2.1)												
SP_1456	1372898.0	1373509.0	+	1372879.0	tss_intergenic	1.12328767123288	82.0	73.0	19.0	Low Confidence (TSS_2.1)												
SP_1460	1375600.0	1376343.0	-	1376506.0	tss_within_coding	2.85714285714286	20.0	7.0	163.0	Low Confidence (TSS_2.1)												
SP_1461	1376343.0	1377143.0	-	1377165.0	tss_intergenic	3.16	79.0	25.0	22.0	Low Confidence (TSS_2.1)												
SP_1462	1377301.0	1377657.0	-	1377911.0	tss_within_coding	1.01476014760148	275.0	271.0	254.0	Low Confidence (TSS_2.1)												
SP_1463	1377651.0	1378181.0	-	1378535.0	tss_within_coding	1.17391304347826	27.0	23.0	354.0	Low Confidence (TSS_2.1)												
SP_1466	1379253.0	1379900.0	+	1379184.0	tss_within_coding	98.0	98.0	0.0	69.0	Low Confidence (TSS_2.1)												
SP_1467	1379921.0	1380502.0	-	1380642.0	tss_within_coding	1.16666666666667	35.0	30.0	140.0	Low Confidence (TSS_2.1)												
SP_1471	1384186.0	1384791.0	+	1384158.0	tss_intergenic	1.31506849315068	96.0	73.0	28.0	Low Confidence (TSS_2.1)												
SP_1472	1384810.0	1386054.0	+	1384676.0	tss_within_coding	25.0	25.0	0.0	134.0	Low Confidence (TSS_2.1)												
SP_1473	1386277.0	1386534.0	-	1386962.0	tss_within_coding	1.28712871287129	130.0	101.0	428.0	Low Confidence (TSS_2.1)												
SP_1474	1386576.0	1388612.0	-	1388723.0	tss_within_coding	2.66666666666667	16.0	6.0	111.0	Low Confidence (TSS_2.1)												
SSRC8_2	1388668.0	1388725.0	-	1388999.0	tss_within_coding	1.15702479338843	140.0	121.0	274.0	Low Confidence (TSS_2.1)												
SP_1475	1388824.0	1389741.0	-	1389984.0	tss_intergenic	1.10975609756098	91.0	82.0	243.0	Low Confidence (TSS_2.1)												
SP_RS07255	1390112.0	1390872.0	-	1391092.0	tss_within_coding	6.17898832684825	3176.0	514.0	220.0	Low Confidence (TSS_2.1)												
T-box	1390945.0	1391107.0	-	1391181.0	tss_intergenic	2.16666666666667	13.0	6.0	74.0	Low Confidence (TSS_2.1)												
SP_1478	1391145.0	1391987.0	-	1392008.0	tss_intergenic	2.68927444794953	1705.0	634.0	21.0	Low Confidence (TSS_2.1)												
SP_1483	1395293.0	1396375.0	+	1395135.0	tss_within_coding	1.02	102.0	100.0	158.0	Low Confidence (TSS_2.1)												
SP_1485	1397026.0	1398297.0	-	1398604.0	tss_within_coding	2.0	16.0	8.0	307.0	Low Confidence (TSS_2.1)												
SP_1489	1399336.0	1400532.0	-	1400597.0	tss_intergenic	2.72064246566073	321667.0	118232.0	65.0	Low Confidence (TSS_2.1)												
SP_RS07335	1401094.0	1401300.0	+	1401051.0	tss_intergenic	14.0	14.0	0.0	43.0	Low Confidence (TSS_2.1)												
trn0674	1401387.0	1401457.0	-	1401906.0	tss_within_coding	1.09375	35.0	32.0	449.0	Low Confidence (TSS_2.1)												
F45	1408204.0	1408275.0	+	1407870.0	tss_within_coding	1.14754098360656	70.0	61.0	334.0	Low Confidence (TSS_2.1)												
SP_1500	1408475.0	1409311.0	-	1409550.0	tss_within_coding	1.1038961038961	85.0	77.0	239.0	Low Confidence (TSS_2.1)												
SP_RS12275	1410735.0	1410848.0	-	1410909.0	tss_intergenic	2.33333333333333	7.0	3.0	61.0	Low Confidence (TSS_2.1)												
SP_1504	1412458.0	1413669.0	-	1413845.0	tss_within_coding	1.03960396039604	315.0	303.0	176.0	Low Confidence (TSS_2.1)												
SP_1506	1414987.0	1416000.0	+	1414964.0	tss_intergenic	3.41666666666667	41.0	12.0	23.0	Low Confidence (TSS_2.1)												
SP_1507	1416045.0	1416464.0	-	1416548.0	tss_within_coding	1.17543859649123	134.0	114.0	84.0	Low Confidence (TSS_2.1)												
SP_1508	1416475.0	1417881.0	-	1417945.0	tss_intergenic	1.00613496932515	164.0	163.0	64.0	Low Confidence (TSS_2.1)												
SP_1509	1417967.0	1418845.0	-	1419000.0	tss_within_coding	1.03389830508475	122.0	118.0	155.0	Low Confidence (TSS_2.1)												
SP_1512	1420917.0	1421411.0	-	1421532.0	tss_within_coding	1.13157894736842	129.0	114.0	121.0	Low Confidence (TSS_2.1)												
SP_1513	1421425.0	1422141.0	-	1422288.0	tss_within_coding	1.09090909090909	60.0	55.0	147.0	Low Confidence (TSS_2.1)												
trn0696	1423633.0	1423714.0	-	1423906.0	tss_within_coding	2.5	20.0	8.0	192.0	Low Confidence (TSS_2.1)												
SP_1516	1423902.0	1424384.0	-	1424434.0	tss_within_coding	60.0	60.0	0.0	50.0	Low Confidence (TSS_2.1)												
SP_1519	1427097.0	1427591.0	-	1427810.0	tss_within_coding	1.13333333333333	34.0	30.0	219.0	Low Confidence (TSS_2.1)												
SP_1520	1427588.0	1428052.0	-	1428503.0	tss_within_coding	1.42307692307692	37.0	26.0	451.0	Low Confidence (TSS_2.1)												
SP_1521	1428062.0	1429396.0	-	1429470.0	tss_within_coding	1.11851851851852	302.0	270.0	74.0	Low Confidence (TSS_2.1)												
SP_1524	1433263.0	1434429.0	-	1434917.0	tss_within_coding	1.13888888888889	41.0	36.0	488.0	Low Confidence (TSS_2.1)												
SP_1526	1435689.0	1436810.0	-	1436931.0	tss_within_coding	1.1875	38.0	32.0	121.0	Low Confidence (TSS_2.1)												
SP_RS07520	1436819.0	1437364.0	-	1437729.0	tss_within_coding	1.14792899408284	194.0	169.0	365.0	Low Confidence (TSS_2.1)												
SP_RS07545	1443211.0	1443807.0	-	1444018.0	tss_within_coding	1.11111111111111	20.0	18.0	211.0	Low Confidence (TSS_2.1)												
SP_1533	1443844.0	1444356.0	-	1444406.0	tss_intergenic	1.22727272727273	27.0	22.0	50.0	Low Confidence (TSS_2.1)												
SP_1537	1446540.0	1446899.0	-	1446918.0	tss_within_coding	1.35087719298246	77.0	57.0	19.0	Low Confidence (TSS_2.1)												
SP_1540	1448867.0	1449337.0	-	1449551.0	tss_within_coding	1.01617647058824	691.0	680.0	214.0	Low Confidence (TSS_2.1)												
SP_1542	1449792.0	1451135.0	-	1451250.0	tss_within_coding	1.0707399373343	8885.0	8298.0	115.0	Low Confidence (TSS_2.1)												
SP_RS07600	1451154.0	1451444.0	-	1451691.0	tss_within_coding	1.33333333333333	52.0	39.0	247.0	Low Confidence (TSS_2.1)												
SP_1544	1451512.0	1452699.0	-	1452851.0	tss_within_coding	1.01408450704225	72.0	71.0	152.0	Low Confidence (TSS_2.1)												
SP_RS11495	1454064.0	1454281.0	+	1453834.0	tss_within_coding	65.0	65.0	0.0	230.0	Low Confidence (TSS_2.1)												
F46	1454220.0	1454277.0	+	1454066.0	tss_within_coding	3.25	39.0	12.0	154.0	Low Confidence (TSS_2.1)												
SP_RS07630	1455137.0	1455316.0	-	1455328.0	tss_intergenic	1.8	18.0	10.0	12.0	Low Confidence (TSS_2.1)												
SpR20_sRNA	1455141.0	1455185.0	-	1455680.0	tss_within_coding	1.14814814814815	62.0	54.0	495.0	Low Confidence (TSS_2.1)												
SP_1548	1455368.0	1456963.0	-	1457173.0	tss_within_coding	1.34210526315789	51.0	38.0	210.0	Low Confidence (TSS_2.1)												
SP_1550	1457501.0	1458292.0	-	1458348.0	tss_within_coding	1.55	31.0	20.0	56.0	Low Confidence (TSS_2.1)												
SP_1551	1458305.0	1461001.0	-	1461139.0	tss_within_coding	1.0875	261.0	240.0	138.0	Low Confidence (TSS_2.1)												
trn0723	1462550.0	1462631.0	+	1462195.0	tss_within_coding	73.0	73.0	0.0	355.0	Low Confidence (TSS_2.1)												
SP_1553	1462632.0	1464503.0	-	1464681.0	tss_within_coding	1.1044776119403	74.0	67.0	178.0	Low Confidence (TSS_2.1)												
SP_1554	1464500.0	1465699.0	-	1466060.0	tss_within_coding	1.03960396039604	420.0	404.0	361.0	Low Confidence (TSS_2.1)												
SP_1557	1466740.0	1467588.0	-	1467942.0	tss_within_coding	1.18181818181818	26.0	22.0	354.0	Low Confidence (TSS_2.1)												
SP_1559	1468038.0	1469390.0	-	1469696.0	tss_within_coding	1.01768172888016	518.0	509.0	306.0	Low Confidence (TSS_2.1)												
SP_1560	1469414.0	1470193.0	-	1470496.0	tss_within_coding	1.075	129.0	120.0	303.0	Low Confidence (TSS_2.1)												
SP_1564	1472172.0	1473083.0	-	1473093.0	tss_within_coding	1.65384615384615	43.0	26.0	10.0	Low Confidence (TSS_2.1)												
SP_1565	1473080.0	1474057.0	-	1474271.0	tss_within_coding	1.1969696969697	79.0	66.0	214.0	Low Confidence (TSS_2.1)												
SP_1566	1474054.0	1474944.0	-	1475162.0	tss_within_coding	1.00909090909091	111.0	110.0	218.0	Low Confidence (TSS_2.1)												
SP_1567	1474996.0	1475376.0	-	1475519.0	tss_within_coding	1.11188811188811	159.0	143.0	143.0	Low Confidence (TSS_2.1)												
SP_1568	1475387.0	1475980.0	-	1476335.0	tss_within_coding	1.18421052631579	45.0	38.0	355.0	Low Confidence (TSS_2.1)												
SP_1570	1477247.0	1477417.0	-	1477574.0	tss_within_coding	1.10372340425532	415.0	376.0	157.0	Low Confidence (TSS_2.1)												
SP_1575	1481465.0	1482142.0	-	1482483.0	tss_within_coding	1.5625	25.0	16.0	341.0	Low Confidence (TSS_2.1)												
SP_1582	1486593.0	1487849.0	+	1486581.0	tss_intergenic	5.0	5.0	1.0	12.0	Low Confidence (TSS_2.1)												
SP_2251	1487972.0	1488057.0	-	1488442.0	tss_within_coding	1.0	38.0	38.0	385.0	Low Confidence (TSS_2.1)												
SP_1583	1488139.0	1488714.0	-	1488984.0	tss_within_coding	1.02631578947368	78.0	76.0	270.0	Low Confidence (TSS_2.1)												
SP_1590	1495716.0	1496498.0	+	1495526.0	tss_within_coding	1.83333333333333	33.0	18.0	190.0	Low Confidence (TSS_2.1)												
SP_1593	1498027.0	1499178.0	-	1499264.0	tss_intergenic	4.0	8.0	2.0	86.0	Low Confidence (TSS_2.1)												
SP_1595	1499265.0	1500611.0	+	1499252.0	tss_intergenic	1.0	5.0	5.0	13.0	Low Confidence (TSS_2.1)												
SP_1597	1501234.0	1501695.0	-	1501955.0	tss_within_coding	1.25	35.0	28.0	260.0	Low Confidence (TSS_2.1)												
SP_1598	1501673.0	1502446.0	-	1502457.0	tss_intergenic	2.77777777777778	25.0	9.0	11.0	Low Confidence (TSS_2.1)												
SP_1600	1503503.0	1504654.0	-	1504795.0	tss_within_coding	1.04545454545455	23.0	22.0	141.0	Low Confidence (TSS_2.1)												
SP_1601	1504894.0	1505523.0	-	1505824.0	tss_within_coding	1.07751937984496	278.0	258.0	301.0	Low Confidence (TSS_2.1)												
SP_1604	1506675.0	1507151.0	-	1507179.0	tss_within_coding	1.03034901365706	679.0	659.0	28.0	Low Confidence (TSS_2.1)												
SP_1606	1507460.0	1508425.0	-	1508910.0	tss_within_coding	1.26315789473684	312.0	247.0	485.0	Low Confidence (TSS_2.1)												
SP_1609	1510867.0	1511664.0	-	1512084.0	tss_within_coding	1.8	36.0	20.0	420.0	Low Confidence (TSS_2.1)												
SP_1612	1512877.0	1513869.0	+	1512554.0	tss_intergenic	4.25	68.0	16.0	323.0	Low Confidence (TSS_2.1)												
SP_1613	1513943.0	1515214.0	-	1515489.0	tss_intergenic	2.0	2.0	0.0	275.0	Low Confidence (TSS_2.1)												
SP_1615	1515589.0	1517556.0	-	1517579.0	tss_intergenic	3.0	3.0	1.0	23.0	Low Confidence (TSS_2.1)												
SP_1618	1519410.0	1519721.0	-	1519733.0	tss_intergenic	6.0	6.0	0.0	12.0	Low Confidence (TSS_2.1)												
SP_1619	1519749.0	1520198.0	-	1520209.0	tss_intergenic	1.33333333333333	4.0	3.0	11.0	Low Confidence (TSS_2.1)												
SP_1621	1520597.0	1522060.0	-	1522076.0	tss_intergenic	4.5	18.0	4.0	16.0	Low Confidence (TSS_2.1)												
SP_1622	1522724.0	1523197.0	+	1522683.0	tss_within_coding	3.83333333333333	23.0	6.0	41.0	Low Confidence (TSS_2.1)												
SP_1625	1526838.0	1527452.0	-	1527469.0	tss_within_coding	1.35714285714286	19.0	14.0	17.0	Low Confidence (TSS_2.1)												
trn0760	1527461.0	1527537.0	-	1527621.0	tss_intergenic	3.78390957446809	5691.0	1504.0	84.0	Low Confidence (TSS_2.1)												
SP_1626	1528268.0	1528537.0	-	1528620.0	tss_within_coding	52.6996569814366	522359.0	9912.0	83.0	Low Confidence (TSS_2.1)												
SP_1627	1528678.0	1529307.0	-	1529420.0	tss_intergenic	3.0	9.0	3.0	113.0	Low Confidence (TSS_2.1)												
SP_1628	1529535.0	1529744.0	+	1529498.0	tss_intergenic	3.92537313432836	263.0	67.0	37.0	Low Confidence (TSS_2.1)												
T-box	1529938.0	1530141.0	+	1529924.0	tss_intergenic	2.71428571428571	19.0	7.0	14.0	Low Confidence (TSS_2.1)												
SP_1631	1530556.0	1532499.0	+	1530179.0	tss_within_coding	1.13888888888889	41.0	36.0	377.0	Low Confidence (TSS_2.1)												
SP_1632	1532548.0	1533522.0	-	1533714.0	tss_within_coding	3.33333333333333	20.0	6.0	192.0	Low Confidence (TSS_2.1)												
SP_1635	1535512.0	1535814.0	-	1536051.0	tss_within_coding	1.31645569620253	104.0	79.0	237.0	Low Confidence (TSS_2.1)												
SP_1639	1538071.0	1539345.0	-	1539373.0	tss_intergenic	5.0	5.0	0.0	28.0	Low Confidence (TSS_2.1)												
SP_RS08085	1539426.0	1539590.0	+	1539339.0	tss_within_coding	23.0	23.0	1.0	87.0	Low Confidence (TSS_2.1)												
SP_1641	1540394.0	1540807.0	+	1540371.0	tss_intergenic	4.0	60.0	15.0	23.0	Low Confidence (TSS_2.1)												
SP_1644	1541278.0	1541721.0	-	1542207.0	tss_within_coding	1.59677419354839	99.0	62.0	486.0	Low Confidence (TSS_2.1)												
SP_RS12340	1544798.0	1544906.0	+	1544791.0	tss_intergenic	3.42065009560229	1789.0	523.0	7.0	Low Confidence (TSS_2.1)												
SP_1646	1544950.0	1545561.0	+	1544895.0	tss_within_coding	27.0	27.0	0.0	55.0	Low Confidence (TSS_2.1)												
SP_1649	1548586.0	1549434.0	+	1548192.0	tss_within_coding	1.0	74.0	74.0	394.0	Low Confidence (TSS_2.1)												
SP_1650	1549466.0	1550395.0	+	1549453.0	tss_intergenic	1.26086956521739	29.0	23.0	13.0	Low Confidence (TSS_2.1)												
SP_1651	1550518.0	1551009.0	+	1550495.0	tss_intergenic	3.68300653594771	4508.0	1224.0	23.0	Low Confidence (TSS_2.1)												
SP_1652	1551105.0	1553813.0	-	1553869.0	tss_within_coding	1.38461538461538	18.0	13.0	56.0	Low Confidence (TSS_2.1)												
SP_1658	1558457.0	1558842.0	-	1558869.0	tss_intergenic	10.0	10.0	1.0	27.0	Low Confidence (TSS_2.1)												
SP_1659	1559245.0	1562037.0	-	1562048.0	tss_intergenic	1.0	53.0	53.0	11.0	Low Confidence (TSS_2.1)												
T-box	1562083.0	1562289.0	-	1562469.0	tss_within_coding	1.04850746268657	281.0	268.0	180.0	Low Confidence (TSS_2.1)												
SP_1662	1563182.0	1564033.0	-	1564175.0	tss_within_coding	1.23809523809524	156.0	126.0	142.0	Low Confidence (TSS_2.1)												
SP_1665	1564776.0	1565447.0	-	1565465.0	tss_within_coding	74.0	74.0	0.0	18.0	Low Confidence (TSS_2.1)												
SP_1669	1569115.0	1569726.0	-	1570017.0	tss_within_coding	1.0	19.0	19.0	291.0	Low Confidence (TSS_2.1)												
SP_1670	1569713.0	1571086.0	-	1571326.0	tss_within_coding	1.08510638297872	51.0	47.0	240.0	Low Confidence (TSS_2.1)												
SP_1672	1572389.0	1572985.0	-	1573324.0	tss_within_coding	1.05555555555556	38.0	36.0	339.0	Low Confidence (TSS_2.1)												
SP_1675	1576120.0	1577004.0	-	1577472.0	tss_within_coding	1.40909090909091	31.0	22.0	468.0	Low Confidence (TSS_2.1)												
SP_1677	1578108.0	1578752.0	-	1578812.0	tss_within_coding	1.33665835411471	536.0	401.0	60.0	Low Confidence (TSS_2.1)												
SP_RS08290	1578810.0	1579019.0	-	1579034.0	tss_within_coding	1.0	16.0	16.0	15.0	Low Confidence (TSS_2.1)												
SP_1679	1579029.0	1579373.0	-	1579430.0	tss_intergenic	2.11111111111111	19.0	9.0	57.0	Low Confidence (TSS_2.1)												
SP_1680	1579470.0	1579922.0	-	1580076.0	tss_intergenic	23.0	23.0	0.0	154.0	Low Confidence (TSS_2.1)												
SP_1681	1580194.0	1581033.0	-	1581182.0	tss_within_coding	17.0	17.0	0.0	149.0	Low Confidence (TSS_2.1)												
SP_1683	1582167.0	1583495.0	-	1583599.0	tss_intergenic	1.0531914893617	99.0	94.0	104.0	Low Confidence (TSS_2.1)												
SP_1685	1585156.0	1585854.0	-	1585882.0	tss_intergenic	3.04915254237288	1799.0	590.0	28.0	Low Confidence (TSS_2.1)												
SP_1691	1592406.0	1592858.0	-	1593045.0	tss_intergenic	4.33333333333333	13.0	3.0	187.0	Low Confidence (TSS_2.1)												
SP_1692	1593972.0	1595228.0	+	1593962.0	tss_intergenic	1.09090909090909	24.0	22.0	10.0	Low Confidence (TSS_2.1)												
SP_1696	1600611.0	1600718.0	-	1600807.0	tss_within_coding	1.375	66.0	48.0	89.0	Low Confidence (TSS_2.1)												
SP_RS08385	1600733.0	1600925.0	-	1601120.0	tss_within_coding	2.125	17.0	8.0	195.0	Low Confidence (TSS_2.1)												
SP_1697	1600953.0	1602968.0	-	1603269.0	tss_within_coding	1.12765957446809	53.0	47.0	301.0	Low Confidence (TSS_2.1)												
SP_1698	1602987.0	1604090.0	-	1604374.0	tss_within_coding	1.10655737704918	135.0	122.0	284.0	Low Confidence (TSS_2.1)												
SP_1699	1604080.0	1604448.0	-	1604557.0	tss_within_coding	1.03663003663004	283.0	273.0	109.0	Low Confidence (TSS_2.1)												
SP_1700	1604487.0	1605518.0	-	1605676.0	tss_within_coding	1.01136363636364	89.0	88.0	158.0	Low Confidence (TSS_2.1)												
SP_1701	1605520.0	1606551.0	-	1606882.0	tss_within_coding	1.01379310344828	294.0	290.0	331.0	Low Confidence (TSS_2.1)												
SP_1703	1609291.0	1609518.0	-	1609867.0	tss_within_coding	1.55555555555556	14.0	9.0	349.0	Low Confidence (TSS_2.1)												
SP_1704	1609606.0	1610238.0	-	1610356.0	tss_within_coding	1.0	13.0	13.0	118.0	Low Confidence (TSS_2.1)												
SP_1708	1612327.0	1612671.0	-	1612699.0	tss_intergenic	3.84126984126984	242.0	63.0	28.0	Low Confidence (TSS_2.1)												
SP_1709	1612751.0	1614061.0	-	1614176.0	tss_within_coding	1.16071428571429	585.0	504.0	115.0	Low Confidence (TSS_2.1)												
SP_1711	1614785.0	1615681.0	-	1615861.0	tss_within_coding	1.08988764044944	97.0	89.0	180.0	Low Confidence (TSS_2.1)												
SP_1712	1615682.0	1616851.0	-	1617308.0	tss_within_coding	1.12875536480687	263.0	233.0	457.0	Low Confidence (TSS_2.1)												
SP_RS08480	1617835.0	1618515.0	+	1617826.0	tss_within_coding	1.24489795918367	61.0	49.0	9.0	Low Confidence (TSS_2.1)												
SP_RS08485	1618546.0	1619313.0	+	1618259.0	tss_within_coding	1.13513513513514	84.0	74.0	287.0	Low Confidence (TSS_2.1)												
SP_1716	1619725.0	1620924.0	-	1621325.0	tss_within_coding	1.5	18.0	12.0	401.0	Low Confidence (TSS_2.1)												
SP_1720	1623130.0	1623747.0	+	1623106.0	tss_intergenic	2.75728155339806	284.0	103.0	24.0	Low Confidence (TSS_2.1)												
SSRC8_2	1623758.0	1624060.0	+	1623464.0	tss_within_coding	1.23636363636364	68.0	55.0	294.0	Low Confidence (TSS_2.1)												
SP_1721	1624067.0	1624954.0	-	1624978.0	tss_intergenic	4.1	41.0	10.0	24.0	Low Confidence (TSS_2.1)												
SP_1723	1627112.0	1627309.0	-	1627358.0	tss_intergenic	2.0	2.0	0.0	49.0	Low Confidence (TSS_2.1)												
SP_1725	1628797.0	1629762.0	+	1628793.0	tss_intergenic	3.0	9.0	3.0	4.0	Low Confidence (TSS_2.1)												
SP_1726	1629797.0	1631071.0	-	1631566.0	tss_within_coding	1.12121212121212	37.0	33.0	495.0	Low Confidence (TSS_2.1)												
SP_1728	1632374.0	1632661.0	-	1633000.0	tss_within_coding	1.15	23.0	20.0	339.0	Low Confidence (TSS_2.1)												
SP_1729	1632690.0	1633313.0	-	1633550.0	tss_within_coding	1.14285714285714	24.0	21.0	237.0	Low Confidence (TSS_2.1)												
SP_1732	1634699.0	1636678.0	-	1637163.0	tss_within_coding	1.27466666666667	478.0	375.0	485.0	Low Confidence (TSS_2.1)												
SP_1734	1637430.0	1638746.0	-	1638875.0	tss_within_coding	1.41025641025641	55.0	39.0	129.0	Low Confidence (TSS_2.1)												
SP_1735	1638736.0	1639671.0	-	1639860.0	tss_within_coding	1.02857142857143	36.0	35.0	189.0	Low Confidence (TSS_2.1)												
SP_1736	1639684.0	1642080.0	-	1642277.0	tss_within_coding	1.01747311827957	757.0	744.0	197.0	Low Confidence (TSS_2.1)												
SP_1737	1642146.0	1642460.0	-	1642472.0	tss_intergenic	1.02118644067797	241.0	236.0	12.0	Low Confidence (TSS_2.1)												
SP_1741	1645303.0	1645596.0	-	1646065.0	tss_within_coding	3.0	24.0	8.0	469.0	Low Confidence (TSS_2.1)												
SP_1742	1645795.0	1646892.0	-	1647318.0	tss_within_coding	1.04310344827586	121.0	116.0	426.0	Low Confidence (TSS_2.1)												
SP_1743	1646902.0	1647648.0	-	1647822.0	tss_within_coding	1.48	37.0	25.0	174.0	Low Confidence (TSS_2.1)												
SP_1744	1647751.0	1648104.0	-	1648178.0	tss_within_coding	1.93548387096774	60.0	31.0	74.0	Low Confidence (TSS_2.1)												
SP_1745	1648117.0	1648617.0	-	1648791.0	tss_within_coding	1.36486486486486	202.0	148.0	174.0	Low Confidence (TSS_2.1)												
SP_1746	1648618.0	1649211.0	-	1649490.0	tss_within_coding	1.00712589073634	424.0	421.0	279.0	Low Confidence (TSS_2.1)												
SP_1747	1649211.0	1649840.0	-	1649898.0	tss_within_coding	1.00578034682081	174.0	173.0	58.0	Low Confidence (TSS_2.1)												
SP_1748	1649892.0	1650203.0	-	1650258.0	tss_intergenic	1.02590214744299	13902.0	13551.0	55.0	Low Confidence (TSS_2.1)												
SP_1749	1650417.0	1651523.0	-	1651643.0	tss_within_coding	1.09395973154362	163.0	149.0	120.0	Low Confidence (TSS_2.1)												
SP_1754	1655009.0	1655962.0	+	1654826.0	tss_within_coding	1.25	25.0	20.0	183.0	Low Confidence (TSS_2.1)												
SP_RS08685	1655941.0	1656317.0	-	1656325.0	tss_intergenic	12.0	12.0	0.0	8.0	Low Confidence (TSS_2.1)												
SP_1760	1662006.0	1662446.0	-	1662574.0	tss_within_coding	1.57142857142857	22.0	14.0	128.0	Low Confidence (TSS_2.1)												
SP_1761	1662443.0	1663951.0	-	1664118.0	tss_within_coding	1.34042553191489	63.0	47.0	167.0	Low Confidence (TSS_2.1)												
SP_1762	1663962.0	1665542.0	-	1665565.0	tss_within_coding	1.17073170731707	48.0	41.0	23.0	Low Confidence (TSS_2.1)												
SP_1763	1665552.0	1666769.0	-	1667110.0	tss_within_coding	39.0	39.0	0.0	341.0	Low Confidence (TSS_2.1)												
SP_1765	1667731.0	1668927.0	-	1669048.0	tss_within_coding	1.23076923076923	16.0	13.0	121.0	Low Confidence (TSS_2.1)												
SP_1766	1668936.0	1670156.0	-	1670328.0	tss_within_coding	1.21428571428571	17.0	14.0	172.0	Low Confidence (TSS_2.1)												
SP_1767	1670187.0	1672631.0	-	1672776.0	tss_within_coding	1.35714285714286	19.0	14.0	145.0	Low Confidence (TSS_2.1)												
SP_1768	1672641.0	1673651.0	-	1674067.0	tss_within_coding	48.0	48.0	0.0	416.0	Low Confidence (TSS_2.1)												
SP_RS12365	1676005.0	1676085.0	-	1676338.0	tss_within_coding	1.85714285714286	52.0	28.0	253.0	Low Confidence (TSS_2.1)												
SP_1771	1676082.0	1678166.0	-	1678245.0	tss_within_coding	1.5531914893617	73.0	47.0	79.0	Low Confidence (TSS_2.1)												
SP_RS12375	1693400.0	1693487.0	-	1693622.0	tss_intergenic	2.0	2.0	0.0	135.0	Low Confidence (TSS_2.1)												
SP_1777	1695201.0	1695665.0	+	1694910.0	tss_intergenic	7.375	59.0	8.0	291.0	Low Confidence (TSS_2.1)												
F55	1696066.0	1696162.0	+	1695751.0	tss_within_coding	1.68421052631579	32.0	19.0	315.0	Low Confidence (TSS_2.1)												
SP_1779	1696968.0	1697522.0	-	1697680.0	tss_intergenic	1.07142857142857	15.0	14.0	158.0	Low Confidence (TSS_2.1)												
SP_1780	1697768.0	1699564.0	-	1699847.0	tss_within_coding	1.1063829787234	104.0	94.0	283.0	Low Confidence (TSS_2.1)												
SP_1781	1699575.0	1700318.0	-	1700741.0	tss_within_coding	1.57142857142857	33.0	21.0	423.0	Low Confidence (TSS_2.1)												
SP_1782	1700320.0	1701270.0	-	1701346.0	tss_intergenic	1.03541448058762	7894.0	7624.0	76.0	Low Confidence (TSS_2.1)												
SP_1783	1701406.0	1701834.0	-	1702309.0	tss_within_coding	1.22568279827504	2558.0	2087.0	475.0	Low Confidence (TSS_2.1)												
SP_1784	1701815.0	1702918.0	-	1703340.0	tss_within_coding	1.03333333333333	31.0	30.0	422.0	Low Confidence (TSS_2.1)												
SP_1787	1704172.0	1704378.0	-	1704419.0	tss_intergenic	41.0	41.0	0.0	41.0	Low Confidence (TSS_2.1)												
SP_1789	1704832.0	1705047.0	-	1705233.0	tss_intergenic	11.5	46.0	4.0	186.0	Low Confidence (TSS_2.1)												
6S	1706683.0	1706876.0	+	1706680.0	tss_intergenic	3.51818181818182	387.0	110.0	3.0	Low Confidence (TSS_2.1)												
SP_2252	1706881.0	1706953.0	+	1706786.0	tss_within_coding	1.37351443123939	809.0	589.0	95.0	Low Confidence (TSS_2.1)												
SP_1792	1707173.0	1708429.0	-	1708441.0	tss_intergenic	7.0	7.0	0.0	12.0	Low Confidence (TSS_2.1)												
SP_1793	1708735.0	1709310.0	-	1709518.0	tss_intergenic	1.51025056947608	663.0	439.0	208.0	Low Confidence (TSS_2.1)												
SP_1798	1714247.0	1715164.0	-	1715663.0	tss_within_coding	3.0	15.0	5.0	499.0	Low Confidence (TSS_2.1)												
SP_1800	1716678.0	1718159.0	-	1718198.0	tss_intergenic	8.375	67.0	8.0	39.0	Low Confidence (TSS_2.1)												
SP_RS08940	1718602.0	1718766.0	+	1718481.0	tss_intergenic	2.77199124726477	25336.0	9140.0	121.0	Low Confidence (TSS_2.1)												
SP_1802	1718850.0	1719416.0	+	1718660.0	tss_within_coding	1.0	41.0	41.0	190.0	Low Confidence (TSS_2.1)												
SP_1803	1719428.0	1719598.0	+	1719289.0	tss_within_coding	1.13102409638554	751.0	664.0	139.0	Low Confidence (TSS_2.1)												
SP_1806	1720589.0	1720828.0	-	1721022.0	tss_within_coding	7.09090909090909	78.0	11.0	194.0	Low Confidence (TSS_2.1)												
SP_1808	1721522.0	1722181.0	+	1721465.0	tss_intergenic	2.0	2.0	0.0	57.0	Low Confidence (TSS_2.1)												
SP_1809	1722233.0	1723384.0	-	1723412.0	tss_within_coding	1.03225806451613	32.0	31.0	28.0	Low Confidence (TSS_2.1)												
SP_1811	1724432.0	1725208.0	-	1725416.0	tss_within_coding	1.0625	17.0	16.0	208.0	Low Confidence (TSS_2.1)												
SP_1812	1725201.0	1726424.0	-	1726589.0	tss_within_coding	1.11290322580645	69.0	62.0	165.0	Low Confidence (TSS_2.1)												
SP_1813	1726402.0	1727031.0	-	1727075.0	tss_intergenic	6.0	6.0	0.0	44.0	Low Confidence (TSS_2.1)												
SP_1814	1726988.0	1727755.0	-	1727902.0	tss_within_coding	2.125	17.0	8.0	147.0	Low Confidence (TSS_2.1)												
SP_1815	1727752.0	1728756.0	-	1728917.0	tss_within_coding	2.14285714285714	15.0	7.0	161.0	Low Confidence (TSS_2.1)												
SP_1816	1728767.0	1729333.0	-	1729460.0	tss_within_coding	1.23529411764706	21.0	17.0	127.0	Low Confidence (TSS_2.1)												
SP_1817	1729330.0	1730691.0	-	1730959.0	tss_within_coding	1.17142857142857	123.0	105.0	268.0	Low Confidence (TSS_2.1)												
T-box	1730763.0	1730994.0	-	1731150.0	tss_within_coding	1.05762711864407	312.0	295.0	156.0	Low Confidence (TSS_2.1)												
R12	1731041.0	1731440.0	-	1731479.0	tss_intergenic	2.0	6.0	3.0	39.0	Low Confidence (TSS_2.1)												
T-box	1731526.0	1731755.0	-	1731988.0	tss_within_coding	1.44444444444444	13.0	9.0	233.0	Low Confidence (TSS_2.1)												
SP_1821	1731967.0	1732968.0	-	1732993.0	tss_intergenic	2.97	594.0	200.0	25.0	Low Confidence (TSS_2.1)												
SP_1827	1738161.0	1738820.0	-	1738861.0	tss_intergenic	2.75	22.0	8.0	41.0	Low Confidence (TSS_2.1)												
SP_1831	1742210.0	1742611.0	-	1742753.0	tss_intergenic	3.33333333333333	10.0	3.0	142.0	Low Confidence (TSS_2.1)												
SP_1832	1742753.0	1743049.0	-	1743428.0	tss_within_coding	1.85714285714286	13.0	7.0	379.0	Low Confidence (TSS_2.1)												
SP_1833	1743033.0	1745192.0	-	1745239.0	tss_intergenic	1.83333333333333	11.0	6.0	47.0	Low Confidence (TSS_2.1)												
SP_1834	1745472.0	1745702.0	-	1746128.0	tss_intergenic	2.0	10.0	5.0	426.0	Low Confidence (TSS_2.1)												
SP_1837	1746322.0	1747575.0	-	1747821.0	tss_within_coding	1.03125	66.0	64.0	246.0	Low Confidence (TSS_2.1)												
SP_1839	1748456.0	1750207.0	-	1750513.0	tss_within_coding	1.16	58.0	50.0	306.0	Low Confidence (TSS_2.1)												
SP_1840	1750197.0	1751942.0	-	1752069.0	tss_within_coding	1.4375	23.0	16.0	127.0	Low Confidence (TSS_2.1)												
SP_1841	1752148.0	1752525.0	-	1752744.0	tss_within_coding	3.25	13.0	4.0	219.0	Low Confidence (TSS_2.1)												
SP_RS09140	1752597.0	1752866.0	-	1753033.0	tss_within_coding	42.0	42.0	0.0	167.0	Low Confidence (TSS_2.1)												
SP_RS09155	1754026.0	1754169.0	+	1753622.0	tss_within_coding	1.34285714285714	47.0	35.0	404.0	Low Confidence (TSS_2.1)												
SP_RS09160	1754280.0	1754408.0	+	1754140.0	tss_within_coding	1.0	34.0	34.0	140.0	Low Confidence (TSS_2.1)												
SP_1847	1755277.0	1755858.0	+	1755263.0	tss_intergenic	59.0	59.0	0.0	14.0	Low Confidence (TSS_2.1)												
SP_1848	1755858.0	1757120.0	+	1755587.0	tss_within_coding	1.07291666666667	103.0	96.0	271.0	Low Confidence (TSS_2.1)												
SP_1849	1757170.0	1757631.0	-	1757648.0	tss_within_coding	1.06521739130435	49.0	46.0	17.0	Low Confidence (TSS_2.1)												
SP_1853	1760548.0	1761726.0	-	1761785.0	tss_intergenic	9.0	18.0	2.0	59.0	Low Confidence (TSS_2.1)												
SP_1854	1761891.0	1762898.0	+	1761876.0	tss_intergenic	5.66666666666667	51.0	9.0	15.0	Low Confidence (TSS_2.1)												
SP_1855	1762944.0	1763981.0	-	1764183.0	tss_within_coding	1.016	127.0	125.0	202.0	Low Confidence (TSS_2.1)												
SP_1856	1763982.0	1764335.0	-	1764388.0	tss_intergenic	3.04526748971193	740.0	243.0	53.0	Low Confidence (TSS_2.1)												
SP_1857	1764579.0	1765478.0	-	1765512.0	tss_intergenic	7.0	7.0	0.0	34.0	Low Confidence (TSS_2.1)												
SP_1860	1767456.0	1768976.0	-	1769411.0	tss_within_coding	1.04545454545455	46.0	44.0	435.0	Low Confidence (TSS_2.1)												
SP_1861	1768969.0	1769697.0	-	1769918.0	tss_within_coding	1.03896103896104	320.0	308.0	221.0	Low Confidence (TSS_2.1)												
SP_1862	1769712.0	1770476.0	-	1770625.0	tss_within_coding	1.13333333333333	68.0	60.0	149.0	Low Confidence (TSS_2.1)												
SP_1864	1771605.0	1771901.0	-	1771930.0	tss_within_coding	1.05479452054795	77.0	73.0	29.0	Low Confidence (TSS_2.1)												
SP_1867	1773388.0	1774089.0	+	1773264.0	tss_intergenic	5.0	5.0	1.0	124.0	Low Confidence (TSS_2.1)												
SP_1871	1776414.0	1777166.0	+	1776312.0	tss_within_coding	1.76923076923077	23.0	13.0	102.0	Low Confidence (TSS_2.1)												
SP_1872	1777262.0	1778227.0	+	1776948.0	tss_within_coding	1.4375	23.0	16.0	314.0	Low Confidence (TSS_2.1)												
SP_RS12400	1778255.0	1778379.0	+	1777837.0	tss_within_coding	1.21052631578947	46.0	38.0	418.0	Low Confidence (TSS_2.1)												
SP_1873	1778452.0	1778694.0	-	1779021.0	tss_within_coding	1.20408163265306	59.0	49.0	327.0	Low Confidence (TSS_2.1)												
SP_1874	1778694.0	1779416.0	-	1779487.0	tss_within_coding	1.33103448275862	193.0	145.0	71.0	Low Confidence (TSS_2.1)												
SP_1876	1779991.0	1780719.0	-	1781145.0	tss_within_coding	1.1	33.0	30.0	426.0	Low Confidence (TSS_2.1)												
SP_1877	1780719.0	1781459.0	-	1781632.0	tss_within_coding	1.5	42.0	28.0	173.0	Low Confidence (TSS_2.1)												
SP_1878	1781450.0	1781911.0	-	1782017.0	tss_within_coding	1.25	65.0	52.0	106.0	Low Confidence (TSS_2.1)												
SP_1879	1781908.0	1782429.0	-	1782766.0	tss_within_coding	1.0188679245283	54.0	53.0	337.0	Low Confidence (TSS_2.1)												
SP_RS09325	1782405.0	1783376.0	-	1783602.0	tss_within_coding	1.01010101010101	100.0	99.0	226.0	Low Confidence (TSS_2.1)												
SP_1883	1784879.0	1786504.0	-	1786560.0	tss_intergenic	11.0	55.0	5.0	56.0	Low Confidence (TSS_2.1)												
R7	1791010.0	1791080.0	-	1791431.0	tss_within_coding	1.0679012345679	173.0	162.0	351.0	Low Confidence (TSS_2.1)												
SP_1887	1791100.0	1792026.0	-	1792196.0	tss_within_coding	1.02083333333333	49.0	48.0	170.0	Low Confidence (TSS_2.1)												
SP_1888	1792037.0	1793104.0	-	1793229.0	tss_within_coding	1.62295081967213	99.0	61.0	125.0	Low Confidence (TSS_2.1)												
SP_1889	1793113.0	1794039.0	-	1794219.0	tss_within_coding	2.25	27.0	12.0	180.0	Low Confidence (TSS_2.1)												
SP_1890	1794039.0	1795535.0	-	1795726.0	tss_within_coding	1.08	108.0	100.0	191.0	Low Confidence (TSS_2.1)												
SP_1893	1798266.0	1799459.0	-	1799506.0	tss_within_coding	3.71487603305785	899.0	242.0	47.0	Low Confidence (TSS_2.1)												
SP_1894	1799597.0	1801039.0	-	1801386.0	tss_within_coding	1.875	30.0	16.0	347.0	Low Confidence (TSS_2.1)												
SP_RS09410	1801223.0	1801390.0	-	1801844.0	tss_within_coding	1.13636363636364	25.0	22.0	454.0	Low Confidence (TSS_2.1)												
SP_1896	1802244.0	1803134.0	-	1803470.0	tss_within_coding	1.18181818181818	26.0	22.0	336.0	Low Confidence (TSS_2.1)												
SP_1897	1803124.0	1804383.0	-	1804414.0	tss_intergenic	1.25	40.0	32.0	31.0	Low Confidence (TSS_2.1)												
SP_1898	1804475.0	1806637.0	-	1806698.0	tss_intergenic	1.4	14.0	10.0	61.0	Low Confidence (TSS_2.1)												
SP_1900	1807602.0	1808537.0	+	1807316.0	tss_within_coding	62.0	62.0	0.0	286.0	Low Confidence (TSS_2.1)												
SP_2253	1808663.0	1808750.0	-	1809031.0	tss_within_coding	2011.0	2011.0	0.0	281.0	Low Confidence (TSS_2.1)												
SP_2254	1808757.0	1808830.0	-	1809218.0	tss_within_coding	1.28695652173913	148.0	115.0	388.0	Low Confidence (TSS_2.1)												
SP_2255	1808866.0	1808936.0	-	1809307.0	tss_within_coding	1.58333333333333	19.0	12.0	371.0	Low Confidence (TSS_2.1)												
SP_2257	1809032.0	1809105.0	-	1809473.0	tss_within_coding	977.0	977.0	0.0	368.0	Low Confidence (TSS_2.1)												
SP_2258	1809119.0	1809208.0	-	1809538.0	tss_within_coding	1.18181818181818	13.0	11.0	330.0	Low Confidence (TSS_2.1)												
SP_2259	1809219.0	1809292.0	-	1809649.0	tss_within_coding	1012.0	1012.0	0.0	357.0	Low Confidence (TSS_2.1)												
SP_2260	1809306.0	1809379.0	-	1809779.0	tss_within_coding	2.28571428571429	16.0	7.0	400.0	Low Confidence (TSS_2.1)												
SP_2262	1809474.0	1809547.0	-	1809954.0	tss_within_coding	1.24	31.0	25.0	407.0	Low Confidence (TSS_2.1)												
SP_2264	1809650.0	1809721.0	-	1810093.0	tss_within_coding	1.06906906906907	712.0	666.0	372.0	Low Confidence (TSS_2.1)												
SP_2265	1809744.0	1809816.0	-	1810170.0	tss_within_coding	1.16994219653179	1012.0	865.0	354.0	Low Confidence (TSS_2.1)												
SP_2266	1809835.0	1809916.0	-	1810286.0	tss_within_coding	1.64317573595004	1842.0	1121.0	370.0	Low Confidence (TSS_2.1)												
SP_2267	1809922.0	1809994.0	-	1810416.0	tss_within_coding	2.64285714285714	37.0	14.0	422.0	Low Confidence (TSS_2.1)												
SP_2268	1810019.0	1810091.0	-	1810481.0	tss_within_coding	2.0379746835443	322.0	158.0	390.0	Low Confidence (TSS_2.1)												
SP_2269	1810094.0	1810166.0	-	1810519.0	tss_within_coding	1.90909090909091	42.0	22.0	353.0	Low Confidence (TSS_2.1)												
SP_rrnaD5S	1810171.0	1810286.0	-	1810592.0	tss_within_coding	1.51515151515152	100.0	66.0	306.0	Low Confidence (TSS_2.1)												
SP_rrnaD23S	1810362.0	1813265.0	-	1813354.0	tss_intergenic	1.68877602844083	16626.0	9845.0	89.0	Low Confidence (TSS_2.1)												
SP_2270	1813389.0	1813461.0	-	1813863.0	tss_within_coding	2.02691790040377	1506.0	743.0	402.0	Low Confidence (TSS_2.1)												
SP_1905	1818957.0	1820263.0	+	1818948.0	tss_intergenic	1.16666666666667	42.0	36.0	9.0	Low Confidence (TSS_2.1)												
SP_1906	1820362.0	1821984.0	-	1822172.0	tss_within_coding	1.03240740740741	223.0	216.0	188.0	Low Confidence (TSS_2.1)												
SP_1907	1822000.0	1822284.0	-	1822344.0	tss_intergenic	1.5	126.0	84.0	60.0	Low Confidence (TSS_2.1)												
SP_1908	1822440.0	1822835.0	-	1822849.0	tss_intergenic	11.25	45.0	4.0	14.0	Low Confidence (TSS_2.1)												
SP_1909	1822913.0	1823674.0	-	1823690.0	tss_intergenic	1.69047619047619	71.0	42.0	16.0	Low Confidence (TSS_2.1)												
SP_1910	1823716.0	1824342.0	-	1824602.0	tss_within_coding	1.2	144.0	120.0	260.0	Low Confidence (TSS_2.1)												
SP_1912	1824672.0	1824971.0	-	1824971.0	tss_intergenic	4.5	9.0	2.0	0.0	Low Confidence (TSS_2.1)												
SP_1914	1825660.0	1826334.0	-	1826562.0	tss_within_coding	1.02564102564103	40.0	39.0	228.0	Low Confidence (TSS_2.1)												
SP_1920	1829704.0	1830175.0	-	1830188.0	tss_intergenic	2.0	2.0	0.0	13.0	Low Confidence (TSS_2.1)												
SP_1921	1830188.0	1830283.0	-	1830694.0	tss_within_coding	1.22784810126582	485.0	395.0	411.0	Low Confidence (TSS_2.1)												
trn0883	1831635.0	1831700.0	-	1831753.0	tss_within_coding	1.0377358490566	55.0	53.0	53.0	Low Confidence (TSS_2.1)												
trn0884	1831707.0	1831795.0	-	1832009.0	tss_within_coding	1.10569105691057	136.0	123.0	214.0	Low Confidence (TSS_2.1)												
SP_1923	1831896.0	1833311.0	-	1833581.0	tss_within_coding	1.05776173285199	293.0	277.0	270.0	Low Confidence (TSS_2.1)												
SP_1924	1833322.0	1833732.0	-	1833741.0	tss_within_coding	1.01442307692308	422.0	416.0	9.0	Low Confidence (TSS_2.1)												
SP_1925	1833725.0	1834333.0	-	1834620.0	tss_within_coding	1.0625	102.0	96.0	287.0	Low Confidence (TSS_2.1)												
SP_1933	1837532.0	1838326.0	-	1838701.0	tss_intergenic	1.14285714285714	8.0	7.0	375.0	Low Confidence (TSS_2.1)												
SP_1934	1838734.0	1839159.0	-	1839186.0	tss_intergenic	2.6	13.0	5.0	27.0	Low Confidence (TSS_2.1)												
SP_RS09730	1839693.0	1839935.0	-	1840069.0	tss_within_coding	3.16666666666667	38.0	12.0	134.0	Low Confidence (TSS_2.1)												
SP_1936	1839886.0	1840047.0	-	1840444.0	tss_within_coding	1.5	24.0	16.0	397.0	Low Confidence (TSS_2.1)												
SP_1939	1841737.0	1843107.0	-	1843107.0	tss_intergenic	6.16666666666667	74.0	12.0	0.0	Low Confidence (TSS_2.1)												
SP_RS12455	1843242.0	1843328.0	-	1843575.0	tss_within_coding	1.75862068965517	51.0	29.0	247.0	Low Confidence (TSS_2.1)												
SP_1941	1844634.0	1845890.0	-	1846198.0	tss_within_coding	1.09302325581395	47.0	43.0	308.0	Low Confidence (TSS_2.1)												
SP_1942	1845975.0	1846991.0	-	1847267.0	tss_within_coding	1.01652892561983	369.0	363.0	276.0	Low Confidence (TSS_2.1)												
SP_1943	1846999.0	1847517.0	-	1847556.0	tss_within_coding	1.09090909090909	60.0	55.0	39.0	Low Confidence (TSS_2.1)												
SP_1945	1848036.0	1848656.0	-	1848673.0	tss_intergenic	11.0	11.0	1.0	17.0	Low Confidence (TSS_2.1)												
SP_RS12460	1848787.0	1848924.0	-	1849302.0	tss_within_coding	1.4	21.0	15.0	378.0	Low Confidence (TSS_2.1)												
SP_1949	1850598.0	1850786.0	+	1850528.0	tss_within_coding	2.2	22.0	10.0	70.0	Low Confidence (TSS_2.1)												
SP_1950	1850902.0	1853892.0	+	1850638.0	tss_within_coding	2.2	22.0	10.0	264.0	Low Confidence (TSS_2.1)												
SP_1951	1854242.0	1854946.0	+	1854047.0	tss_intergenic	1.5	9.0	6.0	195.0	Low Confidence (TSS_2.1)												
SP_1952	1854927.0	1855856.0	+	1854613.0	tss_within_coding	28.0	28.0	0.0	314.0	Low Confidence (TSS_2.1)												
SP_1954	1857985.0	1859723.0	+	1857860.0	tss_within_coding	2.6	13.0	5.0	125.0	Low Confidence (TSS_2.1)												
SP_1957	1860543.0	1861175.0	+	1860353.0	tss_within_coding	2.3	23.0	10.0	190.0	Low Confidence (TSS_2.1)												
SP_1960	1862645.0	1866295.0	-	1866311.0	tss_intergenic	1.03105590062112	166.0	161.0	16.0	Low Confidence (TSS_2.1)												
SP_1961	1866355.0	1869966.0	-	1870173.0	tss_within_coding	1.0	61.0	61.0	207.0	Low Confidence (TSS_2.1)												
Lacto-rpoB	1870152.0	1870209.0	-	1870213.0	tss_intergenic	3.73308592634884	13077.0	3503.0	4.0	Low Confidence (TSS_2.1)												
srn435  	1872034.0	1872146.0	-	1872568.0	tss_within_coding	26.0	26.0	0.0	422.0	Low Confidence (TSS_2.1)												
SP_1964	1872210.0	1873034.0	-	1873251.0	tss_within_coding	1.0	26.0	26.0	217.0	Low Confidence (TSS_2.1)												
SP_1965	1873073.0	1873267.0	-	1873611.0	tss_within_coding	1.23863636363636	109.0	88.0	344.0	Low Confidence (TSS_2.1)												
SP_1967	1874849.0	1875886.0	-	1875944.0	tss_within_coding	2.54545454545455	28.0	11.0	58.0	Low Confidence (TSS_2.1)												
SP_1968	1875870.0	1876358.0	-	1876474.0	tss_within_coding	1.04477611940298	70.0	67.0	116.0	Low Confidence (TSS_2.1)												
SP_1970	1876952.0	1877944.0	-	1877967.0	tss_intergenic	3.71492204899777	3336.0	898.0	23.0	Low Confidence (TSS_2.1)												
SP_1974	1879569.0	1879847.0	+	1879557.0	tss_intergenic	1.33333333333333	4.0	3.0	12.0	Low Confidence (TSS_2.1)												
SP_1980	1884257.0	1885198.0	-	1885401.0	tss_within_coding	1.04347826086957	72.0	69.0	203.0	Low Confidence (TSS_2.1)												
SP_1981	1885188.0	1886486.0	-	1886519.0	tss_intergenic	1.27272727272727	56.0	44.0	33.0	Low Confidence (TSS_2.1)												
SP_1982	1886446.0	1887108.0	-	1887161.0	tss_within_coding	1.19594594594595	177.0	148.0	53.0	Low Confidence (TSS_2.1)												
SP_1983	1887071.0	1887727.0	-	1887942.0	tss_within_coding	1.10666666666667	83.0	75.0	215.0	Low Confidence (TSS_2.1)												
SP_1984	1887738.0	1888616.0	-	1888750.0	tss_within_coding	1.0	54.0	54.0	134.0	Low Confidence (TSS_2.1)												
SP_1987	1889922.0	1890563.0	-	1890785.0	tss_within_coding	1.01666666666667	244.0	240.0	222.0	Low Confidence (TSS_2.1)												
SpR08_sRNA	1892645.0	1892717.0	-	1892726.0	tss_intergenic	1.07692307692308	14.0	13.0	9.0	Low Confidence (TSS_2.1)												
SP_1989	1892864.0	1893763.0	-	1893873.0	tss_within_coding	1.2972972972973	48.0	37.0	110.0	Low Confidence (TSS_2.1)												
SP_1990	1893835.0	1894395.0	-	1894577.0	tss_within_coding	1.05882352941176	18.0	17.0	182.0	Low Confidence (TSS_2.1)												
SP_RS10010	1895473.0	1896138.0	-	1896586.0	tss_intergenic	1.0	57.0	57.0	448.0	Low Confidence (TSS_2.1)												
SP_RS10025	1898299.0	1898590.0	-	1898627.0	tss_intergenic	2.33333333333333	14.0	6.0	37.0	Low Confidence (TSS_2.1)												
SP_RS10045	1901687.0	1902250.0	-	1902408.0	tss_within_coding	1.12	112.0	100.0	158.0	Low Confidence (TSS_2.1)												
R9	1903548.0	1903638.0	-	1903680.0	tss_intergenic	7.2	72.0	10.0	42.0	Low Confidence (TSS_2.1)												
SP_2000	1903749.0	1904348.0	-	1904547.0	tss_within_coding	1.53333333333333	23.0	15.0	199.0	Low Confidence (TSS_2.1)												
SP_2002	1905446.0	1906183.0	-	1906358.0	tss_within_coding	1.20634920634921	152.0	126.0	175.0	Low Confidence (TSS_2.1)												
SP_2003	1906185.0	1907069.0	-	1907246.0	tss_within_coding	1.01395348837209	218.0	215.0	177.0	Low Confidence (TSS_2.1)												
SP_2004	1907056.0	1907250.0	-	1907416.0	tss_within_coding	1.01145038167939	265.0	262.0	166.0	Low Confidence (TSS_2.1)												
SP_2005	1907247.0	1907378.0	-	1907608.0	tss_intergenic	1.0	13.0	13.0	230.0	Low Confidence (TSS_2.1)												
SP_2273	1908042.0	1908115.0	-	1908128.0	tss_intergenic	1.27777777777778	23.0	18.0	13.0	Low Confidence (TSS_2.1)												
SP_2274	1908131.0	1908204.0	-	1908306.0	tss_within_coding	943.0	943.0	0.0	102.0	Low Confidence (TSS_2.1)												
SP_2276	1908307.0	1908378.0	-	1908750.0	tss_within_coding	1.0077399380805	651.0	646.0	372.0	Low Confidence (TSS_2.1)												
SP_2277	1908401.0	1908473.0	-	1908827.0	tss_within_coding	1.19952774498229	1016.0	847.0	354.0	Low Confidence (TSS_2.1)												
SP_2278	1908492.0	1908573.0	-	1908943.0	tss_within_coding	1.64995442114859	1810.0	1097.0	370.0	Low Confidence (TSS_2.1)												
SP_2280	1908676.0	1908748.0	-	1909138.0	tss_within_coding	2.52631578947368	336.0	133.0	390.0	Low Confidence (TSS_2.1)												
SP_2281	1908751.0	1908823.0	-	1909176.0	tss_within_coding	2.30434782608696	53.0	23.0	353.0	Low Confidence (TSS_2.1)												
SP_rrnaC5S	1908828.0	1908943.0	-	1909249.0	tss_within_coding	1.59016393442623	97.0	61.0	306.0	Low Confidence (TSS_2.1)												
SP_rrnaC23S	1909019.0	1911922.0	-	1912011.0	tss_intergenic	1.76713898728902	16961.0	9598.0	89.0	Low Confidence (TSS_2.1)												
SP_2282	1912046.0	1912118.0	-	1912520.0	tss_within_coding	1.89664082687338	1468.0	774.0	402.0	Low Confidence (TSS_2.1)												
SP_2006	1914134.0	1914613.0	-	1914627.0	tss_intergenic	13.2857142857143	93.0	7.0	14.0	Low Confidence (TSS_2.1)												
SP_2007	1914735.0	1915271.0	-	1915334.0	tss_within_coding	1.12307692307692	73.0	65.0	63.0	Low Confidence (TSS_2.1)												
SP_2008	1915326.0	1915502.0	-	1915676.0	tss_within_coding	6.3546120375125	235127.0	37001.0	174.0	Low Confidence (TSS_2.1)												
SP_2011	1917999.0	1918874.0	+	1917998.0	tss_intergenic	3.2	16.0	5.0	1.0	Low Confidence (TSS_2.1)												
SP_2013	1920126.0	1921106.0	-	1921445.0	tss_within_coding	1.16352201257862	185.0	159.0	339.0	Low Confidence (TSS_2.1)												
SP_RS12480	1924519.0	1924653.0	-	1924663.0	tss_intergenic	2.0	2.0	0.0	10.0	Low Confidence (TSS_2.1)												
SP_2018	1924622.0	1924812.0	+	1924587.0	tss_within_coding	18.0	18.0	1.0	35.0	Low Confidence (TSS_2.1)												
SP_RS10215	1924910.0	1925104.0	-	1925453.0	tss_intergenic	6.0	6.0	0.0	349.0	Low Confidence (TSS_2.1)												
SP_2020	1925563.0	1926291.0	-	1926318.0	tss_intergenic	3.41140529531568	1675.0	491.0	27.0	Low Confidence (TSS_2.1)												
SP_2021	1926407.0	1927858.0	+	1926388.0	tss_intergenic	1.0	11.0	11.0	19.0	Low Confidence (TSS_2.1)												
SP_2022	1927876.0	1929171.0	+	1927522.0	tss_within_coding	1.0109375	647.0	640.0	354.0	Low Confidence (TSS_2.1)												
SP_2023	1929176.0	1929484.0	+	1929137.0	tss_within_coding	1.0	14.0	14.0	39.0	Low Confidence (TSS_2.1)												
SP_2024	1929463.0	1929789.0	+	1929372.0	tss_within_coding	1.08474576271186	64.0	59.0	91.0	Low Confidence (TSS_2.1)												
SP_2027	1933726.0	1934136.0	-	1934532.0	tss_within_coding	1.28205128205128	50.0	39.0	396.0	Low Confidence (TSS_2.1)												
SP_2028	1934138.0	1934566.0	-	1934869.0	tss_within_coding	1.00402504472272	2245.0	2236.0	303.0	Low Confidence (TSS_2.1)												
SP_2030	1935028.0	1937004.0	-	1937050.0	tss_intergenic	2.62222222222222	1416.0	540.0	46.0	Low Confidence (TSS_2.1)												
SP_2031	1937118.0	1938209.0	-	1938243.0	tss_intergenic	25.0	25.0	1.0	34.0	Low Confidence (TSS_2.1)												
SP_2032	1938321.0	1939994.0	-	1940034.0	tss_intergenic	3.33333333333333	20.0	6.0	40.0	Low Confidence (TSS_2.1)												
SP_2039	1944882.0	1945505.0	-	1945924.0	tss_within_coding	1.02290076335878	134.0	131.0	419.0	Low Confidence (TSS_2.1)												
SP_2040	1945556.0	1946542.0	-	1946800.0	tss_within_coding	1.02439024390244	126.0	123.0	258.0	Low Confidence (TSS_2.1)												
SP_2041	1946561.0	1947391.0	-	1947555.0	tss_within_coding	1.13953488372093	98.0	86.0	164.0	Low Confidence (TSS_2.1)												
SP_2052	1952671.0	1953687.0	-	1953971.0	tss_within_coding	4.0	16.0	4.0	284.0	Low Confidence (TSS_2.1)												
SP_2053	1953635.0	1954576.0	-	1955001.0	tss_within_coding	1.33333333333333	116.0	87.0	425.0	Low Confidence (TSS_2.1)												
SP_2056	1956389.0	1957540.0	-	1957584.0	tss_intergenic	2.9076354679803	2361.0	812.0	44.0	Low Confidence (TSS_2.1)												
SP_2061	1962516.0	1962875.0	-	1963113.0	tss_within_coding	1.9	19.0	10.0	238.0	Low Confidence (TSS_2.1)												
SP_2064	1964912.0	1965532.0	-	1965659.0	tss_within_coding	1.08333333333333	26.0	24.0	127.0	Low Confidence (TSS_2.1)												
SP_2065	1965536.0	1966816.0	-	1967048.0	tss_within_coding	85.0	85.0	0.0	232.0	Low Confidence (TSS_2.1)												
SP_2284	1969821.0	1969904.0	-	1970157.0	tss_within_coding	1.10652920962199	322.0	291.0	253.0	Low Confidence (TSS_2.1)												
SP_2285	1969914.0	1969985.0	-	1970326.0	tss_within_coding	1.02537823328453	2101.0	2049.0	341.0	Low Confidence (TSS_2.1)												
SP_2286	1969996.0	1970068.0	-	1970410.0	tss_within_coding	1149.0	1149.0	0.0	342.0	Low Confidence (TSS_2.1)												
SP_2287	1970083.0	1970153.0	-	1970545.0	tss_within_coding	1.0	20.0	20.0	392.0	Low Confidence (TSS_2.1)												
SP_2288	1970158.0	1970238.0	-	1970582.0	tss_within_coding	765.0	765.0	0.0	344.0	Low Confidence (TSS_2.1)												
SP_2289	1970251.0	1970323.0	-	1970690.0	tss_within_coding	2714.0	2714.0	0.0	367.0	Low Confidence (TSS_2.1)												
SP_2293	1970691.0	1970761.0	-	1971154.0	tss_within_coding	2.08125	333.0	160.0	393.0	Low Confidence (TSS_2.1)												
SP_2294	1970767.0	1970839.0	-	1971163.0	tss_within_coding	2.89473684210526	55.0	19.0	324.0	Low Confidence (TSS_2.1)												
SP_rrnaB5S	1970844.0	1970959.0	-	1971265.0	tss_within_coding	2.14814814814815	116.0	54.0	306.0	Low Confidence (TSS_2.1)												
SP_rrnaB23S	1971035.0	1973938.0	-	1974027.0	tss_intergenic	1.65753289148284	16756.0	10109.0	89.0	Low Confidence (TSS_2.1)												
SP_2295	1974062.0	1974134.0	-	1974536.0	tss_within_coding	2.12343966712899	1531.0	721.0	402.0	Low Confidence (TSS_2.1)												
SP_2068	1976179.0	1976613.0	-	1977087.0	tss_within_coding	1.01428571428571	284.0	280.0	474.0	Low Confidence (TSS_2.1)												
SP_2071	1979547.0	1979726.0	-	1979736.0	tss_within_coding	1.23076923076923	32.0	26.0	10.0	Low Confidence (TSS_2.1)												
SP_2073	1980558.0	1982324.0	-	1982599.0	tss_within_coding	1.1437908496732	175.0	153.0	275.0	Low Confidence (TSS_2.1)												
srn477  	1984831.0	1984969.0	-	1985058.0	tss_within_coding	1.30769230769231	34.0	26.0	89.0	Low Confidence (TSS_2.1)												
trn0978	1986229.0	1986311.0	-	1986340.0	tss_intergenic	1.21	121.0	100.0	29.0	Low Confidence (TSS_2.1)												
SP_2081	1990648.0	1991157.0	+	1990483.0	tss_within_coding	1.25641025641026	49.0	39.0	165.0	Low Confidence (TSS_2.1)												
SP_2083	1991949.0	1993280.0	+	1991476.0	tss_within_coding	1.07142857142857	75.0	70.0	473.0	Low Confidence (TSS_2.1)												
SP_2084	1993384.0	1994322.0	+	1993043.0	tss_within_coding	1.1864406779661	70.0	59.0	341.0	Low Confidence (TSS_2.1)												
SP_2085	1994440.0	1995303.0	+	1994199.0	tss_within_coding	1.05555555555556	19.0	18.0	241.0	Low Confidence (TSS_2.1)												
SP_2088	1996880.0	1997530.0	+	1996628.0	tss_within_coding	1.2	78.0	65.0	252.0	Low Confidence (TSS_2.1)												
SP_2089	1997598.0	1998023.0	+	1997251.0	tss_within_coding	1.625	13.0	8.0	347.0	Low Confidence (TSS_2.1)												
SP_2090	1998138.0	1998656.0	-	1998777.0	tss_intergenic	2.0	2.0	0.0	121.0	Low Confidence (TSS_2.1)												
SP_2092	1999828.0	2000727.0	+	1999683.0	tss_within_coding	1.32	66.0	50.0	145.0	Low Confidence (TSS_2.1)												
tracrRNA	2000874.0	2000966.0	-	2001099.0	tss_intergenic	2.0	2.0	0.0	133.0	Low Confidence (TSS_2.1)												
SP_2093	2001145.0	2002086.0	+	2001106.0	tss_intergenic	1.0	61.0	61.0	39.0	Low Confidence (TSS_2.1)												
R11	2002164.0	2002195.0	-	2002299.0	tss_within_coding	17.0	17.0	0.0	104.0	Low Confidence (TSS_2.1)												
SP_2095	2003048.0	2003587.0	-	2003765.0	tss_within_coding	1.0	39.0	39.0	178.0	Low Confidence (TSS_2.1)												
SP_2096	2003599.0	2004729.0	-	2004854.0	tss_within_coding	34.0	34.0	0.0	125.0	Low Confidence (TSS_2.1)												
SP_2097	2004797.0	2005495.0	-	2005519.0	tss_intergenic	3.03076923076923	197.0	65.0	24.0	Low Confidence (TSS_2.1)												
srn491  	2005533.0	2005674.0	-	2005685.0	tss_intergenic	6.23076923076923	81.0	13.0	11.0	Low Confidence (TSS_2.1)												
SP_2101	2010642.0	2012705.0	-	2012942.0	tss_within_coding	1.67741935483871	260.0	155.0	237.0	Low Confidence (TSS_2.1)												
SP_2104	2014501.0	2014707.0	-	2014729.0	tss_intergenic	4.0	64.0	16.0	22.0	Low Confidence (TSS_2.1)												
SP_RS11510	2016295.0	2016365.0	+	2016085.0	tss_intergenic	15.5	31.0	2.0	210.0	Low Confidence (TSS_2.1)												
SP_2106	2016399.0	2018657.0	-	2018990.0	tss_within_coding	1.02958579881657	174.0	169.0	333.0	Low Confidence (TSS_2.1)												
SP_2109	2022117.0	2023424.0	+	2022108.0	tss_intergenic	1.00591715976331	170.0	169.0	9.0	Low Confidence (TSS_2.1)												
SP_2112	2025331.0	2026317.0	+	2024924.0	tss_within_coding	1.17857142857143	33.0	28.0	407.0	Low Confidence (TSS_2.1)												
F49	2026337.0	2026403.0	+	2025895.0	tss_within_coding	27.0	27.0	0.0	442.0	Low Confidence (TSS_2.1)												
SP_2113	2026609.0	2027550.0	-	2027568.0	tss_intergenic	1.10344827586207	64.0	58.0	18.0	Low Confidence (TSS_2.1)												
SP_RS10785	2029410.0	2029601.0	-	2029859.0	tss_within_coding	2.58823529411765	88.0	34.0	258.0	Low Confidence (TSS_2.1)												
SP_2118	2031280.0	2031477.0	-	2031692.0	tss_within_coding	1.08928571428571	61.0	56.0	215.0	Low Confidence (TSS_2.1)												
SP_RS10815	2031693.0	2032160.0	-	2032387.0	tss_within_coding	1.11304347826087	128.0	115.0	227.0	Low Confidence (TSS_2.1)												
SP_RS10820	2032160.0	2032441.0	-	2032721.0	tss_within_coding	1.36170212765957	64.0	47.0	280.0	Low Confidence (TSS_2.1)												
SP_2122	2033805.0	2035052.0	-	2035445.0	tss_within_coding	1.26470588235294	43.0	34.0	393.0	Low Confidence (TSS_2.1)												
SP_RS10835	2035243.0	2036093.0	-	2036119.0	tss_intergenic	3.34939759036145	278.0	83.0	26.0	Low Confidence (TSS_2.1)												
SP_2127	2038796.0	2039728.0	-	2039862.0	tss_within_coding	20.0	20.0	0.0	134.0	Low Confidence (TSS_2.1)												
SP_2130	2041945.0	2042229.0	-	2042624.0	tss_within_coding	1.4390243902439	59.0	41.0	395.0	Low Confidence (TSS_2.1)												
SP_2133	2045465.0	2045665.0	+	2045262.0	tss_within_coding	1.2816091954023	223.0	174.0	203.0	Low Confidence (TSS_2.1)												
SP_2145	2057586.0	2059670.0	+	2057562.0	tss_intergenic	5.82352941176471	99.0	17.0	24.0	Low Confidence (TSS_2.1)												
SP_2148	2062144.0	2063373.0	+	2062092.0	tss_intergenic	5.5	33.0	6.0	52.0	Low Confidence (TSS_2.1)												
SP_2152	2065768.0	2067279.0	+	2065637.0	tss_intergenic	4.0	4.0	0.0	131.0	Low Confidence (TSS_2.1)												
SP_RS12520	2069038.0	2069178.0	-	2069199.0	tss_intergenic	1.3	13.0	10.0	21.0	Low Confidence (TSS_2.1)												
SP_RS12525	2069200.0	2069328.0	-	2069541.0	tss_within_coding	1.15789473684211	22.0	19.0	213.0	Low Confidence (TSS_2.1)												
SP_RS10990	2069316.0	2069567.0	-	2069947.0	tss_within_coding	2.14285714285714	15.0	7.0	380.0	Low Confidence (TSS_2.1)												
SP_2163	2081215.0	2081685.0	-	2081917.0	tss_within_coding	5.66666666666667	17.0	3.0	232.0	Low Confidence (TSS_2.1)												
SP_2164	2081676.0	2082122.0	-	2082135.0	tss_intergenic	5.0	20.0	4.0	13.0	Low Confidence (TSS_2.1)												
SP_RS12535	2085698.0	2085793.0	+	2085525.0	tss_within_coding	1.07692307692308	14.0	13.0	173.0	Low Confidence (TSS_2.1)												
F50	2085887.0	2085994.0	+	2085772.0	tss_within_coding	1.07142857142857	15.0	14.0	115.0	Low Confidence (TSS_2.1)												
RsaJ	2086624.0	2086730.0	-	2087037.0	tss_within_coding	1.66666666666667	25.0	15.0	307.0	Low Confidence (TSS_2.1)												
SP_2169	2086817.0	2088322.0	-	2088331.0	tss_intergenic	2.0	22.0	11.0	9.0	Low Confidence (TSS_2.1)												
SP_2170	2088332.0	2089138.0	-	2089157.0	tss_within_coding	1.19047619047619	50.0	42.0	19.0	Low Confidence (TSS_2.1)												
SP_2171	2089131.0	2089835.0	-	2090108.0	tss_within_coding	1.10820895522388	297.0	268.0	273.0	Low Confidence (TSS_2.1)												
SP_2173	2090430.0	2091698.0	-	2091892.0	tss_within_coding	1.07142857142857	660.0	616.0	194.0	Low Confidence (TSS_2.1)												
SP_2174	2091691.0	2091930.0	-	2092250.0	tss_within_coding	1.03370786516854	92.0	89.0	320.0	Low Confidence (TSS_2.1)												
SP_2175	2091944.0	2093188.0	-	2093377.0	tss_within_coding	1.08235294117647	92.0	85.0	189.0	Low Confidence (TSS_2.1)												
SP_2176	2093185.0	2094735.0	-	2094837.0	tss_within_coding	1.15384615384615	45.0	39.0	102.0	Low Confidence (TSS_2.1)												
SP_2178	2095201.0	2095473.0	-	2095567.0	tss_intergenic	3.0	3.0	0.0	94.0	Low Confidence (TSS_2.1)												
SP_2179	2095739.0	2097085.0	-	2097098.0	tss_intergenic	1.66666666666667	5.0	3.0	13.0	Low Confidence (TSS_2.1)												
SP_RS12540	2097147.0	2097251.0	+	2097086.0	tss_intergenic	10.0	10.0	0.0	61.0	Low Confidence (TSS_2.1)												
SP_RS11120	2097239.0	2098087.0	-	2098133.0	tss_intergenic	6.5	52.0	8.0	46.0	Low Confidence (TSS_2.1)												
Intron_gpII	2098478.0	2098543.0	-	2099028.0	tss_within_coding	1.0	29.0	29.0	485.0	Low Confidence (TSS_2.1)												
SP_RS11135	2099386.0	2099799.0	-	2100067.0	tss_within_coding	1.85714285714286	13.0	7.0	268.0	Low Confidence (TSS_2.1)												
group-II-D1D4-1	2100000.0	2100079.0	-	2100130.0	tss_intergenic	1.75	14.0	8.0	51.0	Low Confidence (TSS_2.1)												
group-II-D1D4-3	2100219.0	2100397.0	-	2100440.0	tss_intergenic	21.0	21.0	1.0	43.0	Low Confidence (TSS_2.1)												
SP_RS11140	2100520.0	2100717.0	-	2100742.0	tss_intergenic	10.0	10.0	1.0	25.0	Low Confidence (TSS_2.1)												
SP_2183	2101545.0	2101748.0	-	2101879.0	tss_intergenic	2.25	9.0	4.0	131.0	Low Confidence (TSS_2.1)												
SP_2185	2102819.0	2104645.0	-	2104926.0	tss_within_coding	1.20754716981132	64.0	53.0	281.0	Low Confidence (TSS_2.1)												
SP_2189	2108775.0	2109785.0	+	2108448.0	tss_within_coding	1.17307692307692	122.0	104.0	327.0	Low Confidence (TSS_2.1)												
SP_2192	2112785.0	2114116.0	-	2114335.0	tss_within_coding	1.22222222222222	22.0	18.0	219.0	Low Confidence (TSS_2.1)												
SP_2193	2114113.0	2114766.0	-	2114948.0	tss_within_coding	1.18546365914787	946.0	798.0	182.0	Low Confidence (TSS_2.1)												
SP_RS12550	2114912.0	2115035.0	-	2115037.0	tss_intergenic	1.09565217391304	126.0	115.0	2.0	Low Confidence (TSS_2.1)												
SP_2196	2118419.0	2119147.0	-	2119444.0	tss_within_coding	39.0	39.0	0.0	297.0	Low Confidence (TSS_2.1)												
SP_2197	2119147.0	2120154.0	-	2120375.0	tss_within_coding	1.38888888888889	25.0	18.0	221.0	Low Confidence (TSS_2.1)												
SP_2198	2120193.0	2120954.0	-	2121176.0	tss_within_coding	1.16129032258065	216.0	186.0	222.0	Low Confidence (TSS_2.1)												
TPP	2121275.0	2121377.0	-	2121653.0	tss_within_coding	1.90909090909091	21.0	11.0	276.0	Low Confidence (TSS_2.1)												
SP_2201	2121460.0	2122806.0	-	2123143.0	tss_within_coding	1.09677419354839	34.0	31.0	337.0	Low Confidence (TSS_2.1)												
SP_2204	2124559.0	2125011.0	-	2125030.0	tss_within_coding	1.07144878324844	7573.0	7068.0	19.0	Low Confidence (TSS_2.1)												
SP_2208	2128404.0	2129702.0	-	2130187.0	tss_within_coding	19.0	19.0	1.0	485.0	Low Confidence (TSS_2.1)												
SP_2210	2130642.0	2131562.0	+	2130603.0	tss_intergenic	1.3953488372093	60.0	43.0	39.0	Low Confidence (TSS_2.1)												
SP_RS11300	2132576.0	2132899.0	-	2132931.0	tss_intergenic	2.0	2.0	1.0	32.0	Low Confidence (TSS_2.1)												
SpF51_sRNA	2133001.0	2133045.0	+	2132692.0	tss_within_coding	1.64705882352941	28.0	17.0	309.0	Low Confidence (TSS_2.1)												
SP_2217	2136539.0	2137033.0	-	2137273.0	tss_within_coding	1.2	90.0	75.0	240.0	Low Confidence (TSS_2.1)												
SP_2218	2137033.0	2137851.0	-	2138329.0	tss_within_coding	1.35483870967742	42.0	31.0	478.0	Low Confidence (TSS_2.1)												
SP_2219	2137910.0	2138704.0	-	2138826.0	tss_within_coding	1.295	259.0	200.0	122.0	Low Confidence (TSS_2.1)												
SP_2220	2138697.0	2139536.0	-	2139784.0	tss_within_coding	1.02572347266881	319.0	311.0	248.0	Low Confidence (TSS_2.1)												
SP_2221	2139521.0	2140348.0	-	2140487.0	tss_within_coding	1.08333333333333	13.0	12.0	139.0	Low Confidence (TSS_2.1)												
SP_2222	2140345.0	2140890.0	-	2141216.0	tss_within_coding	36.0	36.0	0.0	326.0	Low Confidence (TSS_2.1)												
SP_2223	2140901.0	2141731.0	-	2141747.0	tss_intergenic	1.02105263157895	97.0	95.0	16.0	Low Confidence (TSS_2.1)												
SP_2224	2141764.0	2143047.0	-	2143064.0	tss_within_coding	1.5	18.0	12.0	17.0	Low Confidence (TSS_2.1)												
SP_2231	2150517.0	2153069.0	+	2150352.0	tss_within_coding	2.28571428571429	16.0	7.0	165.0	Low Confidence (TSS_2.1)												
SP_RS11400	2153512.0	2153849.0	-	2153879.0	tss_intergenic	3.0	3.0	0.0	30.0	Low Confidence (TSS_2.1)												
SP_2233	2153934.0	2154701.0	-	2154791.0	tss_intergenic	11.2	56.0	5.0	90.0	Low Confidence (TSS_2.1)												
SP_2234	2154880.0	2155422.0	+	2154802.0	tss_intergenic	3.84	96.0	25.0	78.0	Low Confidence (TSS_2.1)												
SP_2235	2155665.0	2156417.0	-	2156539.0	tss_within_coding	1.27272727272727	28.0	22.0	122.0	Low Confidence (TSS_2.1)												
SP_2299	2158050.0	2158123.0	-	2158568.0	tss_within_coding	1.21951219512195	50.0	41.0	445.0	Low Confidence (TSS_2.1)												
			+							Secondary TSS, Low confidence	SP_0014	14450.0	14929.0	14436.0	101.0	11.2222222222222	14.0		14006.0	683.0	1.08412698412698	444.0
			+							Secondary TSS, Low confidence	SP_rrnaA5S	20120.0	20235.0	20100.0	539.0	539.0	20.0		20120.0	2755.0	1.63404507710558	0.0
			+							Secondary TSS, Low confidence	SP_0021	24973.0	25416.0	24944.0	127.0	5.52173913043478	29.0		24827.0	781.0	1.01560468140442	146.0
			+							Secondary TSS, Low confidence	SP_0056	58271.0	59569.0	58183.0	181.0	181.0	88.0		58074.0	229.0	1.36309523809524	197.0
			+							Secondary TSS, Low confidence	SP_0129	129407.0	130417.0	129159.0	130.0	130.0	248.0		129217.0	136.0	1.03030303030303	190.0
			+							Secondary TSS, Low confidence	SP_0199	185221.0	186753.0	185181.0	107.0	5.35	40.0		184820.0	107.0	1.38961038961039	401.0
			+							Secondary TSS, Low confidence	SP_0212	195155.0	195988.0	194878.0	174.0	174.0	277.0		195120.0	315.0	1.05	35.0
			+							Secondary TSS, Low confidence	SP_0213	196092.0	196373.0	196070.0	1996.0	1996.0	22.0		195879.0	13682.0	1.22117101035345	213.0
			+							Secondary TSS, Low confidence	SP_0214	196385.0	196729.0	196093.0	606.0	606.0	292.0		196210.0	1526.0	1.1987431264729	175.0
			+							Secondary TSS, Low confidence	SP_0216	197399.0	197812.0	197068.0	1547.0	1547.0	331.0		197020.0	2168.0	1.06640432857846	379.0
			+							Secondary TSS, Low confidence	SP_0217	197822.0	198028.0	197575.0	2473.0	2473.0	247.0		197648.0	4315.0	1.57481751824818	174.0
			+							Secondary TSS, Low confidence	SP_0218	198053.0	198313.0	197877.0	412.0	412.0	176.0		197992.0	857.0	1.13359788359788	61.0
			+							Secondary TSS, Low confidence	SP_0220	198785.0	199090.0	198578.0	374.0	374.0	207.0		198433.0	1017.0	1.15963511972634	352.0
			+							Secondary TSS, Low confidence	SP_0221	199114.0	199656.0	198873.0	1577.0	1577.0	241.0		198943.0	7975.0	1.04768786127168	171.0
			+							Secondary TSS, Low confidence	SP_0222	199674.0	199943.0	199478.0	751.0	751.0	196.0		199537.0	769.0	1.0	137.0
			+							Secondary TSS, Low confidence	SP_0225	200818.0	201354.0	200748.0	797.0	797.0	70.0		200711.0	1980.0	1.13597246127367	107.0
			+							Secondary TSS, Low confidence	SP_0226	201438.0	201794.0	201386.0	156.0	156.0	52.0		201185.0	237.0	1.00851063829787	253.0
			+							Secondary TSS, Low confidence	SP_0228	202278.0	202502.0	202064.0	268.0	268.0	214.0		201847.0	347.0	1.36614173228346	431.0
			+							Secondary TSS, Low confidence	srn049  	202519.0	202622.0	202335.0	253.0	253.0	184.0		202506.0	635.0	1.00474683544304	13.0
			+							Secondary TSS, Low confidence	SP_0229	202647.0	203087.0	202623.0	137.0	137.0	24.0		202584.0	421.0	1.12868632707775	63.0
			+							Secondary TSS, Low confidence	SP_0233	205559.0	205675.0	205539.0	409.0	409.0	20.0		205321.0	1416.0	1.07762557077626	238.0
			+							Secondary TSS, Low confidence	SP_0237	207449.0	207835.0	207165.0	1814.0	1814.0	284.0		207370.0	15923.0	1.34803589569929	79.0
			+							Secondary TSS, Low confidence	L17DE	207851.0	207923.0	207654.0	133.0	133.0	197.0		207550.0	852.0	1.08121827411168	301.0
			+							Secondary TSS, Low confidence	SP_0270	247026.0	247118.0	246991.0	162.0	162.0	35.0		246976.0	26464.0	2.36962750716332	50.0
			+							Secondary TSS, Low confidence	SP_0272	247538.0	248008.0	247404.0	242.0	242.0	134.0		247376.0	838.0	1.29121725731895	162.0
			+							Secondary TSS, Low confidence	SP_0295	272517.0	272909.0	272497.0	688.0	688.0	20.0		272425.0	2154.0	1.05536501714846	92.0
			+							Secondary TSS, Low confidence	SP_0347	321524.0	322255.0	321242.0	143.0	143.0	282.0		321180.0	375.0	1.07142857142857	344.0
			+							Secondary TSS, Low confidence	SP_0348	322264.0	322956.0	322236.0	244.0	244.0	28.0		322073.0	559.0	1.04485981308411	191.0
			+							Secondary TSS, Low confidence	SP_0349	322966.0	323649.0	322904.0	369.0	369.0	62.0		322893.0	462.0	1.12958435207824	73.0
			+							Secondary TSS, Low confidence	SP_0351	324634.0	325863.0	324398.0	225.0	225.0	236.0		324278.0	1240.0	1.03075644222776	356.0
			+							Secondary TSS, Low confidence	SP_0352	325868.0	326944.0	325744.0	129.0	129.0	124.0		325660.0	1482.0	1.24224643755239	208.0
			+							Secondary TSS, Low confidence	SP_0354	328056.0	329456.0	327700.0	227.0	227.0	356.0		327914.0	308.0	1.01315789473684	142.0
			+							Secondary TSS, Low confidence	SP_0359	334030.0	335259.0	333738.0	299.0	299.0	292.0		333835.0	361.0	1.01404494382022	195.0
			-							Secondary TSS, Low confidence	His_leader	346753.0	346858.0	347114.0	525.0	525.0	256.0		347032.0	2186.0	1.14510214772132	174.0
			+							Secondary TSS, Low confidence	SP_0377	355947.0	356969.0	355932.0	181.0	15.0833333333333	15.0		355687.0	191.0	1.17177914110429	260.0
			+							Secondary TSS, Low confidence	SP_0384	364109.0	365119.0	363671.0	116.0	116.0	438.0		363879.0	201.0	1.005	230.0
			+							Secondary TSS, Low confidence	SP_0423	400947.0	401432.0	400849.0	161.0	161.0	98.0		400561.0	252.0	1.04132231404959	386.0
			+							Secondary TSS, Low confidence	SP_0614	581579.0	582358.0	581279.0	163.0	163.0	300.0		581421.0	181.0	1.72380952380952	158.0
			+							Secondary TSS, Low confidence	SP_0623	590185.0	591585.0	590023.0	196.0	196.0	162.0		589970.0	772.0	1.04183535762483	215.0
			+							Secondary TSS, Low confidence	SP_0631	597427.0	598116.0	597195.0	115.0	115.0	232.0		597274.0	1480.0	1.02706453851492	153.0
			+							Secondary TSS, Low confidence	SP_0669	645132.0	645971.0	645110.0	239.0	5.82926829268293	22.0		644732.0	282.0	1.0	400.0
			+							Secondary TSS, Low confidence	SP_0690	661717.0	662916.0	661701.0	155.0	155.0	16.0		661683.0	250.0	1.04602510460251	34.0
			+							Secondary TSS, Low confidence	SP_0846	792616.0	794151.0	792169.0	241.0	241.0	447.0		792549.0	6944.0	1.0398322851153	67.0
			+							Secondary TSS, Low confidence	SP_0869	815592.0	816818.0	815156.0	188.0	188.0	436.0		815433.0	392.0	1.1264367816092	159.0
			+							Secondary TSS, Low confidence	SP_0870	816805.0	817245.0	816370.0	112.0	112.0	435.0		816650.0	137.0	1.00735294117647	155.0
			+							Secondary TSS, Low confidence	SP_0961	908157.0	908516.0	908032.0	321.0	321.0	125.0		908074.0	392.0	1.10734463276836	83.0
			+							Secondary TSS, Low confidence	SP_0993	935894.0	936484.0	935785.0	116.0	116.0	109.0		935485.0	227.0	1.0607476635514	409.0
			+							Secondary TSS, Low confidence	SP_1002	943339.0	944256.0	943311.0	304.0	5.96078431372549	28.0		942847.0	560.0	1.02564102564103	492.0
			+							Secondary TSS, Low confidence	SP_1013	957021.0	958097.0	956782.0	1312.0	4.33003300330033	239.0		956982.0	4078.0	3.69049773755656	39.0
			+							Secondary TSS, Low confidence	SP_1106	1037546.0	1037890.0	1037380.0	485.0	485.0	166.0		1037415.0	1444.0	1.3009009009009	131.0
			+							Secondary TSS, Low confidence	SP_1159	1094109.0	1095179.0	1093678.0	110.0	4.78260869565217	431.0		1094086.0	201.0	3.52631578947368	23.0
			-							Secondary TSS, Low confidence	SP_1176	1113578.0	1115311.0	1115326.0	151.0	151.0	15.0		1115444.0	266.0	1.03100775193798	133.0
			-							Secondary TSS, Low confidence	R2	1221797.0	1221902.0	1222233.0	159.0	159.0	331.0		1222120.0	892.0	1.14948453608247	218.0
			-							Secondary TSS, Low confidence	rli38	1274492.0	1274628.0	1274942.0	278.0	278.0	314.0		1274834.0	450.0	1.2	206.0
			-							Secondary TSS, Low confidence	SP_1372	1295148.0	1295486.0	1295669.0	148.0	148.0	183.0		1295779.0	236.0	1.09767441860465	293.0
			-							Secondary TSS, Low confidence	SP_1535	1445448.0	1445747.0	1445890.0	169.0	169.0	143.0		1445782.0	710.0	1.00852272727273	35.0
			-							Secondary TSS, Low confidence	SP_1536	1445737.0	1446486.0	1446486.0	284.0	5.35849056603774	0.0		1446608.0	433.0	1.0771144278607	122.0
			-							Secondary TSS, Low confidence	SP_1603	1505995.0	1506666.0	1507100.0	143.0	143.0	434.0		1507078.0	179.0	1.7378640776699	412.0
			-							Secondary TSS, Low confidence	trn0761	1528108.0	1528175.0	1528401.0	790.0	790.0	226.0		1528505.0	1165.0	1.09287054409006	330.0
			-							Secondary TSS, Low confidence	SP_1660	1562181.0	1562342.0	1562621.0	269.0	269.0	279.0		1562694.0	464.0	1.00650759219089	352.0
			-							Secondary TSS, Low confidence	SP_1664	1564227.0	1564766.0	1565083.0	156.0	156.0	317.0		1565093.0	277.0	1.02592592592593	327.0
			-							Secondary TSS, Low confidence	SP_1666	1565452.0	1566711.0	1566939.0	134.0	134.0	228.0		1566722.0	310.0	1.10320284697509	11.0
			+							Secondary TSS, Low confidence	SP_1776	1694513.0	1694827.0	1694350.0	148.0	148.0	163.0		1694406.0	601.0	1.25208333333333	107.0
			-							Secondary TSS, Low confidence	SP_1785	1702922.0	1703392.0	1703473.0	107.0	107.0	81.0		1703444.0	157.0	1.27642276422764	52.0
			+							Secondary TSS, Low confidence	SP_1805	1720276.0	1720479.0	1720122.0	193.0	193.0	154.0		1720171.0	8117.0	1.04358446901517	105.0
			-							Secondary TSS, Low confidence	SP_1875	1779403.0	1779972.0	1780435.0	483.0	483.0	463.0		1780360.0	608.0	1.04109589041096	388.0
			-							Secondary TSS, Low confidence	SP_rrnaD16S	1813506.0	1815057.0	1815208.0	4284.0	37.9115044247788	151.0		1815168.0	4978.0	1.01467590705259	111.0
			-							Secondary TSS, Low confidence	SP_1937	1840405.0	1841361.0	1841420.0	115.0	115.0	59.0		1841611.0	3293.0	3.38437821171634	250.0
			-							Secondary TSS, Low confidence	SP_2275	1908214.0	1908299.0	1908306.0	943.0	943.0	8.0		1908675.0	3319.0	3319.0	376.0
			-							Secondary TSS, Low confidence	SP_rrnaC16S	1912163.0	1913714.0	1913865.0	4362.0	34.3464566929134	151.0		1913825.0	5171.0	1.05659991826727	111.0
			-							Secondary TSS, Low confidence	SP_2291	1970411.0	1970500.0	1970582.0	765.0	765.0	83.0		1970843.0	1022.0	1.27431421446384	343.0
			-							Secondary TSS, Low confidence	SP_2292	1970583.0	1970656.0	1970690.0	2714.0	2714.0	35.0		1970959.0	1829.0	1.68882733148661	303.0
			-							Secondary TSS, Low confidence	SP_rrnaB16S	1974179.0	1975730.0	1975881.0	4424.0	29.4933333333333	151.0		1975841.0	4667.0	1.00236254295533	111.0
			+							Secondary TSS, Low confidence	SP_2135	2046015.0	2046164.0	2045975.0	171.0	171.0	40.0		2045838.0	960.0	1.24675324675325	177.0
