Sequence_ID	Strain	Chrom_Start_0based	GC_Content(%)
NEG_IGR_D39V_0001	D39V	1901419	38.27
NEG_IGR_D39V_0002	D39V	781351	28.4
NEG_IGR_D39V_0003	D39V	289881	48.15
NEG_IGR_D39V_0004	D39V	1738434	40.74
NEG_IGR_D39V_0005	D39V	1153451	29.63
NEG_IGR_D39V_0006	D39V	1001948	24.69
NEG_IGR_D39V_0007	D39V	1073604	24.69
NEG_IGR_D39V_0008	D39V	170665	41.98
NEG_IGR_D39V_0009	D39V	458479	32.1
NEG_IGR_D39V_0010	D39V	1031796	33.33
NEG_IGR_D39V_0011	D39V	729772	32.1
NEG_IGR_D39V_0012	D39V	1660624	29.63
NEG_IGR_D39V_0013	D39V	1698616	34.57
NEG_IGR_D39V_0014	D39V	2000281	35.8
NEG_IGR_D39V_0015	D39V	727953	37.04
NEG_IGR_D39V_0016	D39V	569290	48.15
NEG_IGR_D39V_0017	D39V	1031520	37.04
NEG_IGR_D39V_0018	D39V	627012	22.22
NEG_IGR_D39V_0019	D39V	1987330	46.91
NEG_IGR_D39V_0020	D39V	1986059	19.75
NEG_IGR_D39V_0021	D39V	810355	22.22
NEG_IGR_D39V_0022	D39V	1903490	33.33
NEG_IGR_D39V_0023	D39V	57185	50.62
NEG_IGR_D39V_0024	D39V	1153786	24.69
NEG_IGR_D39V_0025	D39V	1553365	41.98
NEG_IGR_D39V_0026	D39V	76129	35.8
NEG_IGR_D39V_0027	D39V	493449	19.75
NEG_IGR_D39V_0028	D39V	781415	30.86
NEG_IGR_D39V_0029	D39V	576968	24.69
NEG_IGR_D39V_0030	D39V	1985835	45.68
NEG_IGR_D39V_0031	D39V	64469	27.16
NEG_IGR_D39V_0032	D39V	1457297	41.98
NEG_IGR_D39V_0033	D39V	1289946	37.04
NEG_IGR_D39V_0034	D39V	523557	46.91
NEG_IGR_D39V_0035	D39V	1276211	25.93
NEG_IGR_D39V_0036	D39V	675230	41.98
NEG_IGR_D39V_0037	D39V	1949214	18.52
NEG_IGR_D39V_0038	D39V	826077	28.4
NEG_IGR_D39V_0039	D39V	371670	40.74
NEG_IGR_D39V_0040	D39V	1277188	35.8
NEG_IGR_D39V_0041	D39V	1760123	32.1
NEG_IGR_D39V_0042	D39V	800309	25.93
NEG_IGR_D39V_0043	D39V	314042	32.1
NEG_IGR_D39V_0044	D39V	1660829	27.16
NEG_IGR_D39V_0045	D39V	258396	43.21
NEG_IGR_D39V_0046	D39V	1541121	28.4
NEG_IGR_D39V_0047	D39V	492803	37.04
NEG_IGR_D39V_0048	D39V	1487494	32.1
NEG_IGR_D39V_0049	D39V	289034	39.51
NEG_IGR_D39V_0050	D39V	1738522	44.44
NEG_IGR_D39V_0051	D39V	562453	46.91
NEG_IGR_D39V_0052	D39V	596063	45.68
NEG_IGR_D39V_0053	D39V	1983948	34.57
NEG_IGR_D39V_0054	D39V	1276588	28.4
NEG_IGR_D39V_0055	D39V	675231	41.98
NEG_IGR_D39V_0056	D39V	118807	30.86
NEG_IGR_D39V_0057	D39V	979136	40.74
NEG_IGR_D39V_0058	D39V	1796542	30.86
NEG_IGR_D39V_0059	D39V	1289877	22.22
NEG_IGR_D39V_0060	D39V	979155	37.04
NEG_IGR_D39V_0061	D39V	741871	38.27
NEG_IGR_D39V_0062	D39V	1279244	44.44
NEG_IGR_D39V_0063	D39V	1608889	35.8
NEG_IGR_D39V_0064	D39V	1203985	43.21
NEG_IGR_D39V_0065	D39V	249162	35.8
NEG_IGR_D39V_0066	D39V	1336880	43.21
NEG_IGR_D39V_0067	D39V	1743613	18.52
NEG_IGR_D39V_0068	D39V	810362	24.69
NEG_IGR_D39V_0069	D39V	76494	38.27
NEG_IGR_D39V_0070	D39V	580001	39.51
NEG_IGR_D39V_0071	D39V	1710298	34.57
NEG_IGR_D39V_0072	D39V	410850	30.86
NEG_IGR_D39V_0073	D39V	586991	32.1
NEG_IGR_D39V_0074	D39V	1187239	27.16
NEG_IGR_D39V_0075	D39V	679113	40.74
NEG_IGR_D39V_0076	D39V	652858	43.21
NEG_IGR_D39V_0077	D39V	1526001	28.4
NEG_IGR_D39V_0078	D39V	1522507	19.75
NEG_IGR_D39V_0079	D39V	1282599	23.46
NEG_IGR_D39V_0080	D39V	1575106	37.04
NEG_IGR_D39V_0081	D39V	935735	30.86
NEG_IGR_D39V_0082	D39V	1987364	45.68
NEG_IGR_D39V_0083	D39V	1732960	23.46
NEG_IGR_D39V_0084	D39V	895226	28.4
NEG_IGR_D39V_0085	D39V	120034	32.1
NEG_IGR_D39V_0086	D39V	1697952	28.4
NEG_IGR_D39V_0087	D39V	983997	43.21
NEG_IGR_D39V_0088	D39V	1279215	38.27
NEG_IGR_D39V_0089	D39V	1203708	30.86
NEG_IGR_D39V_0090	D39V	118785	29.63
NEG_IGR_D39V_0091	D39V	1277298	35.8
NEG_IGR_D39V_0092	D39V	731800	30.86
NEG_IGR_D39V_0093	D39V	1721165	33.33
NEG_IGR_D39V_0094	D39V	1577053	35.8
NEG_IGR_D39V_0095	D39V	1725542	40.74
NEG_IGR_D39V_0096	D39V	562526	43.21
NEG_IGR_D39V_0097	D39V	1698046	32.1
NEG_IGR_D39V_0098	D39V	816181	25.93
NEG_IGR_D39V_0099	D39V	810242	35.8
NEG_IGR_D39V_0100	D39V	834300	29.63
NEG_IGR_D39V_0101	D39V	1422383	32.1
NEG_IGR_D39V_0102	D39V	1076502	37.04
NEG_IGR_D39V_0103	D39V	1903051	43.21
NEG_IGR_D39V_0104	D39V	1642564	41.98
NEG_IGR_D39V_0105	D39V	800298	27.16
NEG_IGR_D39V_0106	D39V	57069	29.63
NEG_IGR_D39V_0107	D39V	513089	25.93
NEG_IGR_D39V_0108	D39V	2018600	35.8
NEG_IGR_D39V_0109	D39V	1032935	34.57
NEG_IGR_D39V_0110	D39V	1937756	44.44
NEG_IGR_D39V_0111	D39V	134855	38.27
NEG_IGR_D39V_0112	D39V	367277	32.1
NEG_IGR_D39V_0113	D39V	1277683	35.8
NEG_IGR_D39V_0114	D39V	1287780	23.46
NEG_IGR_D39V_0115	D39V	1456076	27.16
NEG_IGR_D39V_0116	D39V	1633832	37.04
NEG_IGR_D39V_0117	D39V	903046	24.69
NEG_IGR_D39V_0118	D39V	2018571	33.33
NEG_IGR_D39V_0119	D39V	727784	34.57
NEG_IGR_D39V_0120	D39V	263751	19.75
NEG_IGR_D39V_0121	D39V	647022	33.33
NEG_IGR_D39V_0122	D39V	661008	23.46
NEG_IGR_D39V_0123	D39V	1445005	33.33
NEG_IGR_D39V_0124	D39V	935695	28.4
NEG_IGR_D39V_0125	D39V	1655334	30.86
NEG_IGR_D39V_0126	D39V	493468	22.22
NEG_IGR_D39V_0127	D39V	1633551	28.4
NEG_IGR_D39V_0128	D39V	1329252	34.57
NEG_IGR_D39V_0129	D39V	685472	27.16
NEG_IGR_D39V_0130	D39V	1336747	35.8
NEG_IGR_D39V_0131	D39V	896072	43.21
NEG_IGR_D39V_0132	D39V	1336364	32.1
NEG_IGR_D39V_0133	D39V	809744	41.98
NEG_IGR_D39V_0134	D39V	1522059	40.74
NEG_IGR_D39V_0135	D39V	1340218	34.57
NEG_IGR_D39V_0136	D39V	917497	25.93
NEG_IGR_D39V_0137	D39V	984292	32.1
NEG_IGR_D39V_0138	D39V	1791228	39.51
NEG_IGR_D39V_0139	D39V	1457101	38.27
NEG_IGR_D39V_0140	D39V	137415	39.51
NEG_IGR_D39V_0141	D39V	1738518	44.44
NEG_IGR_D39V_0142	D39V	1551801	27.16
NEG_IGR_D39V_0143	D39V	530968	35.8
NEG_IGR_D39V_0144	D39V	217702	24.69
NEG_IGR_D39V_0145	D39V	564304	32.1
NEG_IGR_D39V_0146	D39V	1604653	27.16
NEG_IGR_D39V_0147	D39V	596102	35.8
NEG_IGR_D39V_0148	D39V	1818983	20.99
NEG_IGR_D39V_0149	D39V	1031829	27.16
NEG_IGR_D39V_0150	D39V	124062	30.86
NEG_IGR_D39V_0151	D39V	979043	33.33
NEG_IGR_D39V_0152	D39V	1725987	32.1
NEG_IGR_D39V_0153	D39V	1933494	30.86
NEG_IGR_D39V_0154	D39V	1174951	34.57
NEG_IGR_D39V_0155	D39V	1276448	37.04
NEG_IGR_D39V_0156	D39V	1329230	28.4
NEG_IGR_D39V_0157	D39V	367279	30.86
NEG_IGR_D39V_0158	D39V	1521956	35.8
NEG_IGR_D39V_0159	D39V	1003961	28.4
NEG_IGR_D39V_0160	D39V	1522680	25.93
NEG_IGR_D39V_0161	D39V	917207	29.63
NEG_IGR_D39V_0162	D39V	1144558	43.21
NEG_IGR_D39V_0163	D39V	1796758	29.63
NEG_IGR_D39V_0164	D39V	1933628	24.69
NEG_IGR_D39V_0165	D39V	227380	28.4
NEG_IGR_D39V_0166	D39V	1277686	34.57
NEG_IGR_D39V_0167	D39V	1878736	39.51
NEG_IGR_D39V_0168	D39V	903009	24.69
NEG_IGR_D39V_0169	D39V	1522758	29.63
NEG_IGR_D39V_0170	D39V	983512	37.04
NEG_IGR_D39V_0171	D39V	70457	30.86
NEG_IGR_D39V_0172	D39V	207433	29.63
NEG_IGR_D39V_0173	D39V	124177	33.33
NEG_IGR_D39V_0174	D39V	422506	34.57
NEG_IGR_D39V_0175	D39V	1936273	38.27
NEG_IGR_D39V_0176	D39V	493398	28.4
NEG_IGR_D39V_0177	D39V	46307	45.68
NEG_IGR_D39V_0178	D39V	809901	44.44
NEG_IGR_D39V_0179	D39V	473768	49.38
NEG_IGR_D39V_0180	D39V	57082	37.04
NEG_IGR_D39V_0181	D39V	1190269	40.74
NEG_IGR_D39V_0182	D39V	564071	37.04
NEG_IGR_D39V_0183	D39V	1925809	33.33
NEG_IGR_D39V_0184	D39V	76512	39.51
NEG_IGR_D39V_0185	D39V	1839674	30.86
NEG_IGR_D39V_0186	D39V	1031799	32.1
NEG_IGR_D39V_0187	D39V	1551685	38.27
NEG_IGR_D39V_0188	D39V	1242667	24.69
NEG_IGR_D39V_0189	D39V	911899	43.21
NEG_IGR_D39V_0190	D39V	675248	39.51
NEG_IGR_D39V_0191	D39V	566211	34.57
NEG_IGR_D39V_0192	D39V	1457296	43.21
NEG_IGR_D39V_0193	D39V	1019602	44.44
NEG_IGR_D39V_0194	D39V	2018603	35.8
NEG_IGR_D39V_0195	D39V	1819073	29.63
NEG_IGR_D39V_0196	D39V	810170	37.04
NEG_IGR_D39V_0197	D39V	1282693	24.69
NEG_IGR_D39V_0198	D39V	1663801	30.86
NEG_IGR_D39V_0199	D39V	1903433	34.57
NEG_IGR_D39V_0200	D39V	1487566	32.1
NEG_IGR_D39V_0201	D39V	1121563	30.86
NEG_IGR_D39V_0202	D39V	1032740	27.16
NEG_IGR_D39V_0203	D39V	1002188	25.93
NEG_IGR_D39V_0204	D39V	1715590	37.04
NEG_IGR_D39V_0205	D39V	142895	30.86
NEG_IGR_D39V_0206	D39V	70268	45.68
NEG_IGR_D39V_0207	D39V	1032575	33.33
NEG_IGR_D39V_0208	D39V	1687543	48.15
NEG_IGR_D39V_0209	D39V	1785903	33.33
NEG_IGR_D39V_0210	D39V	1618809	45.68
NEG_IGR_D39V_0211	D39V	446979	29.63
NEG_IGR_D39V_0212	D39V	983675	38.27
NEG_IGR_D39V_0213	D39V	1608708	41.98
NEG_IGR_D39V_0214	D39V	1871887	37.04
NEG_IGR_D39V_0215	D39V	961422	29.63
NEG_IGR_D39V_0216	D39V	513099	24.69
NEG_IGR_D39V_0217	D39V	1901570	29.63
NEG_IGR_D39V_0218	D39V	728192	28.4
NEG_IGR_D39V_0219	D39V	1708480	18.52
NEG_IGR_D39V_0220	D39V	675318	37.04
NEG_IGR_D39V_0221	D39V	1839684	34.57
NEG_IGR_D39V_0222	D39V	902983	28.4
NEG_IGR_D39V_0223	D39V	1277315	37.04
NEG_IGR_D39V_0224	D39V	619959	22.22
NEG_IGR_D39V_0225	D39V	1357484	37.04
NEG_IGR_D39V_0226	D39V	1289830	29.63
NEG_IGR_D39V_0227	D39V	563235	45.68
NEG_IGR_D39V_0228	D39V	1936218	39.51
NEG_IGR_D39V_0229	D39V	760143	28.4
NEG_IGR_D39V_0230	D39V	1619827	40.74
NEG_IGR_D39V_0231	D39V	828940	43.21
NEG_IGR_D39V_0232	D39V	744142	37.04
NEG_IGR_D39V_0233	D39V	586894	30.86
NEG_IGR_D39V_0234	D39V	1144079	20.99
NEG_IGR_D39V_0235	D39V	1117739	32.1
NEG_IGR_D39V_0236	D39V	1139435	37.04
NEG_IGR_D39V_0237	D39V	1282760	33.33
NEG_IGR_D39V_0238	D39V	1287787	24.69
NEG_IGR_D39V_0239	D39V	65627	28.4
NEG_IGR_D39V_0240	D39V	1643110	33.33
NEG_IGR_D39V_0241	D39V	1002387	25.93
NEG_IGR_D39V_0242	D39V	1604529	28.4
NEG_IGR_D39V_0243	D39V	1410031	46.91
NEG_IGR_D39V_0244	D39V	1901723	18.52
NEG_IGR_D39V_0245	D39V	2000396	37.04
NEG_IGR_D39V_0246	D39V	1321936	29.63
NEG_IGR_D39V_0247	D39V	367342	38.27
NEG_IGR_D39V_0248	D39V	1188929	22.22
NEG_IGR_D39V_0249	D39V	1522188	30.86
NEG_IGR_D39V_0250	D39V	1001919	25.93
NEG_IGR_D39V_0251	D39V	1444977	29.63
NEG_IGR_D39V_0252	D39V	1721568	32.1
NEG_IGR_D39V_0253	D39V	1001300	35.8
NEG_IGR_D39V_0254	D39V	1444945	27.16
NEG_IGR_D39V_0255	D39V	903736	30.86
NEG_IGR_D39V_0256	D39V	1985837	45.68
NEG_IGR_D39V_0257	D39V	1231574	44.44
NEG_IGR_D39V_0258	D39V	539940	39.51
NEG_IGR_D39V_0259	D39V	1144821	35.8
NEG_IGR_D39V_0260	D39V	1284617	23.46
NEG_IGR_D39V_0261	D39V	564139	51.85
NEG_IGR_D39V_0262	D39V	176521	33.33
NEG_IGR_D39V_0263	D39V	1995410	29.63
NEG_IGR_D39V_0264	D39V	1242464	22.22
NEG_IGR_D39V_0265	D39V	424423	30.86
NEG_IGR_D39V_0266	D39V	957820	29.63
NEG_IGR_D39V_0267	D39V	308670	38.27
NEG_IGR_D39V_0268	D39V	1276547	33.33
NEG_IGR_D39V_0269	D39V	1933684	24.69
NEG_IGR_D39V_0270	D39V	760158	27.16
NEG_IGR_D39V_0271	D39V	592449	37.04
NEG_IGR_D39V_0272	D39V	917451	22.22
NEG_IGR_D39V_0273	D39V	1298069	37.04
NEG_IGR_D39V_0274	D39V	1902817	33.33
NEG_IGR_D39V_0275	D39V	1663824	29.63
NEG_IGR_D39V_0276	D39V	76491	38.27
NEG_IGR_D39V_0277	D39V	1382455	39.51
NEG_IGR_D39V_0278	D39V	1336949	37.04
NEG_IGR_D39V_0279	D39V	137406	40.74
NEG_IGR_D39V_0280	D39V	1203799	35.8
NEG_IGR_D39V_0281	D39V	579923	40.74
NEG_IGR_D39V_0282	D39V	1019175	29.63
NEG_IGR_D39V_0283	D39V	826028	33.33
NEG_IGR_D39V_0284	D39V	1690482	25.93
NEG_IGR_D39V_0285	D39V	367415	35.8
NEG_IGR_D39V_0286	D39V	113688	20.99
NEG_IGR_D39V_0287	D39V	411788	40.74
NEG_IGR_D39V_0288	D39V	778360	43.21
NEG_IGR_D39V_0289	D39V	1604543	30.86
NEG_IGR_D39V_0290	D39V	1708566	24.69
NEG_IGR_D39V_0291	D39V	1325633	46.91
NEG_IGR_D39V_0292	D39V	778375	39.51
NEG_IGR_D39V_0293	D39V	1002334	19.75
NEG_IGR_D39V_0294	D39V	289867	46.91
NEG_IGR_D39V_0295	D39V	1341467	32.1
NEG_IGR_D39V_0296	D39V	660849	34.57
NEG_IGR_D39V_0297	D39V	1002215	27.16
NEG_IGR_D39V_0298	D39V	576866	29.63
NEG_IGR_D39V_0299	D39V	1522529	17.28
NEG_IGR_D39V_0300	D39V	1608691	39.51
NEG_IGR_D39V_0301	D39V	1527243	29.63
NEG_IGR_D39V_0302	D39V	231985	33.33
NEG_IGR_D39V_0303	D39V	1340357	33.33
NEG_IGR_D39V_0304	D39V	1933317	28.4
NEG_IGR_D39V_0305	D39V	781953	28.4
NEG_IGR_D39V_0306	D39V	1343833	29.63
NEG_IGR_D39V_0307	D39V	1443557	43.21
NEG_IGR_D39V_0308	D39V	1933457	29.63
NEG_IGR_D39V_0309	D39V	1428454	37.04
NEG_IGR_D39V_0310	D39V	1031842	27.16
NEG_IGR_D39V_0311	D39V	1334718	29.63
NEG_IGR_D39V_0312	D39V	671667	40.74
NEG_IGR_D39V_0313	D39V	76490	38.27
NEG_IGR_D39V_0314	D39V	1784961	35.8
NEG_IGR_D39V_0315	D39V	1422339	28.4
NEG_IGR_D39V_0316	D39V	1608834	32.1
NEG_IGR_D39V_0317	D39V	1522774	33.33
NEG_IGR_D39V_0318	D39V	289671	27.16
NEG_IGR_D39V_0319	D39V	108784	28.4
NEG_IGR_D39V_0320	D39V	1721619	24.69
NEG_IGR_D39V_0321	D39V	1507948	41.98
NEG_IGR_D39V_0322	D39V	642765	32.1
NEG_IGR_D39V_0323	D39V	1340363	33.33
NEG_IGR_D39V_0324	D39V	1909374	27.16
NEG_IGR_D39V_0325	D39V	579970	41.98
NEG_IGR_D39V_0326	D39V	1662688	25.93
NEG_IGR_D39V_0327	D39V	961494	33.33
NEG_IGR_D39V_0328	D39V	1633745	27.16
NEG_IGR_D39V_0329	D39V	483713	25.93
NEG_IGR_D39V_0330	D39V	410986	27.16
NEG_IGR_D39V_0331	D39V	1662815	23.46
NEG_IGR_D39V_0332	D39V	70301	45.68
NEG_IGR_D39V_0333	D39V	1738378	37.04
NEG_IGR_D39V_0334	D39V	1527070	43.21
NEG_IGR_D39V_0335	D39V	1357447	29.63
NEG_IGR_D39V_0336	D39V	1031585	28.4
NEG_IGR_D39V_0337	D39V	476710	48.15
NEG_IGR_D39V_0338	D39V	1586588	33.33
NEG_IGR_D39V_0339	D39V	778410	39.51
NEG_IGR_D39V_0340	D39V	1933353	29.63
NEG_IGR_D39V_0341	D39V	961591	35.8
NEG_IGR_D39V_0342	D39V	957950	24.69
NEG_IGR_D39V_0343	D39V	1985831	43.21
NEG_IGR_D39V_0344	D39V	855892	37.04
NEG_IGR_D39V_0345	D39V	367170	43.21
NEG_IGR_D39V_0346	D39V	1282726	33.33
NEG_IGR_D39V_0347	D39V	1153749	29.63
NEG_IGR_D39V_0348	D39V	1729905	28.4
NEG_IGR_D39V_0349	D39V	1284572	19.75
NEG_IGR_D39V_0350	D39V	983967	46.91
NEG_IGR_D39V_0351	D39V	441699	34.57
NEG_IGR_D39V_0352	D39V	1277642	35.8
NEG_IGR_D39V_0353	D39V	729770	32.1
NEG_IGR_D39V_0354	D39V	1487450	39.51
NEG_IGR_D39V_0355	D39V	794378	33.33
NEG_IGR_D39V_0356	D39V	652869	45.68
NEG_IGR_D39V_0357	D39V	727902	37.04
NEG_IGR_D39V_0358	D39V	473908	23.46
NEG_IGR_D39V_0359	D39V	731763	23.46
NEG_IGR_D39V_0360	D39V	1334716	29.63
NEG_IGR_D39V_0361	D39V	227347	27.16
NEG_IGR_D39V_0362	D39V	562440	46.91
NEG_IGR_D39V_0363	D39V	894396	30.86
NEG_IGR_D39V_0364	D39V	154124	23.46
NEG_IGR_D39V_0365	D39V	1526042	24.69
NEG_IGR_D39V_0366	D39V	1522263	34.57
NEG_IGR_D39V_0367	D39V	1796722	23.46
NEG_IGR_D39V_0368	D39V	1340378	38.27
NEG_IGR_D39V_0369	D39V	86848	35.8
NEG_IGR_D39V_0370	D39V	1286057	37.04
NEG_IGR_D39V_0371	D39V	410979	33.33
NEG_IGR_D39V_0372	D39V	885225	37.04
NEG_IGR_D39V_0373	D39V	1334656	34.57
NEG_IGR_D39V_0374	D39V	1522366	33.33
NEG_IGR_D39V_0375	D39V	1325594	58.02
NEG_IGR_D39V_0376	D39V	1031320	37.04
NEG_IGR_D39V_0377	D39V	744048	39.51
NEG_IGR_D39V_0378	D39V	966397	33.33
NEG_IGR_D39V_0379	D39V	1032665	29.63
NEG_IGR_D39V_0380	D39V	1527101	33.33
NEG_IGR_D39V_0381	D39V	564184	50.62
NEG_IGR_D39V_0382	D39V	659227	32.1
NEG_IGR_D39V_0383	D39V	1643188	27.16
NEG_IGR_D39V_0384	D39V	685357	30.86
NEG_IGR_D39V_0385	D39V	1340262	24.69
NEG_IGR_D39V_0386	D39V	1626937	24.69
NEG_IGR_D39V_0387	D39V	289843	44.44
NEG_IGR_D39V_0388	D39V	429666	24.69
NEG_IGR_D39V_0389	D39V	293243	18.52
NEG_IGR_D39V_0390	D39V	1633772	33.33
NEG_IGR_D39V_0391	D39V	177734	44.44
NEG_IGR_D39V_0392	D39V	569838	30.86
NEG_IGR_D39V_0393	D39V	1878893	43.21
NEG_IGR_D39V_0394	D39V	1687243	29.63
NEG_IGR_D39V_0395	D39V	820855	37.04
NEG_IGR_D39V_0396	D39V	1541054	28.4
NEG_IGR_D39V_0397	D39V	685648	40.74
NEG_IGR_D39V_0398	D39V	902895	27.16
NEG_IGR_D39V_0399	D39V	1604607	28.4
NEG_IGR_D39V_0400	D39V	170569	27.16
NEG_IGR_D39V_0401	D39V	1596350	38.27
NEG_IGR_D39V_0402	D39V	983534	39.51
NEG_IGR_D39V_0403	D39V	948952	33.33
NEG_IGR_D39V_0404	D39V	660950	32.1
NEG_IGR_D39V_0405	D39V	1028429	38.27
NEG_IGR_D39V_0406	D39V	538546	35.8
NEG_IGR_D39V_0407	D39V	884816	28.4
NEG_IGR_D39V_0408	D39V	810360	23.46
NEG_IGR_D39V_0409	D39V	476666	38.27
NEG_IGR_D39V_0410	D39V	983410	33.33
NEG_IGR_D39V_0411	D39V	170580	30.86
NEG_IGR_D39V_0412	D39V	113644	24.69
NEG_IGR_D39V_0413	D39V	1277443	38.27
NEG_IGR_D39V_0414	D39V	566302	32.1
NEG_IGR_D39V_0415	D39V	1633458	34.57
NEG_IGR_D39V_0416	D39V	1541587	27.16
NEG_IGR_D39V_0417	D39V	1721658	28.4
NEG_IGR_D39V_0418	D39V	1751609	34.57
NEG_IGR_D39V_0419	D39V	441714	33.33
NEG_IGR_D39V_0420	D39V	979223	30.86
NEG_IGR_D39V_0421	D39V	1782434	32.1
NEG_IGR_D39V_0422	D39V	1338046	39.51
NEG_IGR_D39V_0423	D39V	811271	34.57
NEG_IGR_D39V_0424	D39V	811129	32.1
NEG_IGR_D39V_0425	D39V	1725495	32.1
NEG_IGR_D39V_0426	D39V	523545	49.38
NEG_IGR_D39V_0427	D39V	1473339	40.74
NEG_IGR_D39V_0428	D39V	473949	24.69
NEG_IGR_D39V_0429	D39V	577205	39.51
NEG_IGR_D39V_0430	D39V	1818944	23.46
NEG_IGR_D39V_0431	D39V	367266	33.33
NEG_IGR_D39V_0432	D39V	217687	24.69
NEG_IGR_D39V_0433	D39V	457855	40.74
NEG_IGR_D39V_0434	D39V	1522557	23.46
NEG_IGR_D39V_0435	D39V	1751286	25.93
NEG_IGR_D39V_0436	D39V	644533	32.1
NEG_IGR_D39V_0437	D39V	423658	24.69
NEG_IGR_D39V_0438	D39V	1740457	25.93
NEG_IGR_D39V_0439	D39V	1819243	25.93
NEG_IGR_D39V_0440	D39V	810342	23.46
NEG_IGR_D39V_0441	D39V	699476	28.4
NEG_IGR_D39V_0442	D39V	1936347	39.51
NEG_IGR_D39V_0443	D39V	592403	45.68
NEG_IGR_D39V_0444	D39V	1443563	40.74
NEG_IGR_D39V_0445	D39V	1937754	45.68
NEG_IGR_D39V_0446	D39V	1336394	32.1
NEG_IGR_D39V_0447	D39V	1277467	38.27
NEG_IGR_D39V_0448	D39V	476692	44.44
NEG_IGR_D39V_0449	D39V	1284682	37.04
NEG_IGR_D39V_0450	D39V	644519	35.8
NEG_IGR_D39V_0451	D39V	644151	27.16
NEG_IGR_D39V_0452	D39V	917198	30.86
NEG_IGR_D39V_0453	D39V	424031	29.63
NEG_IGR_D39V_0454	D39V	519733	34.57
NEG_IGR_D39V_0455	D39V	1188983	34.57
NEG_IGR_D39V_0456	D39V	564180	46.91
NEG_IGR_D39V_0457	D39V	505655	34.57
NEG_IGR_D39V_0458	D39V	1819097	27.16
NEG_IGR_D39V_0459	D39V	1203421	35.8
NEG_IGR_D39V_0460	D39V	1660533	40.74
NEG_IGR_D39V_0461	D39V	1660694	28.4
NEG_IGR_D39V_0462	D39V	1931423	23.46
NEG_IGR_D39V_0463	D39V	1357626	34.57
NEG_IGR_D39V_0464	D39V	1995373	28.4
NEG_IGR_D39V_0465	D39V	1796604	23.46
NEG_IGR_D39V_0466	D39V	1526111	39.51
NEG_IGR_D39V_0467	D39V	863004	33.33
NEG_IGR_D39V_0468	D39V	165622	32.1
NEG_IGR_D39V_0469	D39V	503242	28.4
NEG_IGR_D39V_0470	D39V	1003993	32.1
NEG_IGR_D39V_0471	D39V	1284737	37.04
NEG_IGR_D39V_0472	D39V	564309	28.4
NEG_IGR_D39V_0473	D39V	88054	24.69
NEG_IGR_D39V_0474	D39V	76218	30.86
NEG_IGR_D39V_0475	D39V	1297597	18.52
NEG_IGR_D39V_0476	D39V	1819345	18.52
NEG_IGR_D39V_0477	D39V	1878881	39.51
NEG_IGR_D39V_0478	D39V	493470	22.22
NEG_IGR_D39V_0479	D39V	1277350	35.8
NEG_IGR_D39V_0480	D39V	1029164	45.68
NEG_IGR_D39V_0481	D39V	1336619	32.1
NEG_IGR_D39V_0482	D39V	631717	25.93
NEG_IGR_D39V_0483	D39V	1032466	20.99
NEG_IGR_D39V_0484	D39V	1633321	43.21
NEG_IGR_D39V_0485	D39V	1732942	20.99
NEG_IGR_D39V_0486	D39V	1001295	35.8
NEG_IGR_D39V_0487	D39V	112420	35.8
NEG_IGR_D39V_0488	D39V	1902847	40.74
NEG_IGR_D39V_0489	D39V	1721523	34.57
NEG_IGR_D39V_0490	D39V	1002148	29.63
NEG_IGR_D39V_0491	D39V	1284623	25.93
NEG_IGR_D39V_0492	D39V	1913710	29.63
NEG_IGR_D39V_0493	D39V	1002159	30.86
NEG_IGR_D39V_0494	D39V	1019283	33.33
NEG_IGR_D39V_0495	D39V	961470	32.1
NEG_IGR_D39V_0496	D39V	217606	24.69
NEG_IGR_D39V_0497	D39V	195743	25.93
NEG_IGR_D39V_0498	D39V	314008	27.16
NEG_IGR_D39V_0499	D39V	1242425	20.99
NEG_IGR_D39V_0500	D39V	1074604	30.86
NEG_IGR_D39V_0501	D39V	1022528	25.93
NEG_IGR_D39V_0502	D39V	1029231	49.38
NEG_IGR_D39V_0503	D39V	1785044	34.57
NEG_IGR_D39V_0504	D39V	744107	33.33
NEG_IGR_D39V_0505	D39V	911922	39.51
NEG_IGR_D39V_0506	D39V	34470	45.68
NEG_IGR_D39V_0507	D39V	1032778	27.16
NEG_IGR_D39V_0508	D39V	1144846	30.86
NEG_IGR_D39V_0509	D39V	695021	34.57
NEG_IGR_D39V_0510	D39V	966395	32.1
NEG_IGR_D39V_0511	D39V	810216	41.98
NEG_IGR_D39V_0512	D39V	744240	48.15
NEG_IGR_D39V_0513	D39V	135005	43.21
NEG_IGR_D39V_0514	D39V	1457289	41.98
NEG_IGR_D39V_0515	D39V	675355	28.4
NEG_IGR_D39V_0516	D39V	127133	29.63
NEG_IGR_D39V_0517	D39V	1176570	22.22
NEG_IGR_D39V_0518	D39V	1285646	29.63
NEG_IGR_D39V_0519	D39V	1552286	32.1
NEG_IGR_D39V_0520	D39V	284791	30.86
NEG_IGR_D39V_0521	D39V	896079	40.74
NEG_IGR_D39V_0522	D39V	675308	38.27
NEG_IGR_D39V_0523	D39V	1515006	37.04
NEG_IGR_D39V_0524	D39V	1441415	43.21
NEG_IGR_D39V_0525	D39V	1636394	34.57
NEG_IGR_D39V_0526	D39V	1818843	29.63
NEG_IGR_D39V_0527	D39V	1751270	32.1
NEG_IGR_D39V_0528	D39V	1606866	27.16
NEG_IGR_D39V_0529	D39V	803721	22.22
NEG_IGR_D39V_0530	D39V	367219	43.21
NEG_IGR_D39V_0531	D39V	1203680	28.4
NEG_IGR_D39V_0532	D39V	519681	29.63
NEG_IGR_D39V_0533	D39V	1633460	35.8
NEG_IGR_D39V_0534	D39V	1721427	38.27
NEG_IGR_D39V_0535	D39V	566208	35.8
NEG_IGR_D39V_0536	D39V	493354	28.4
NEG_IGR_D39V_0537	D39V	1203684	29.63
NEG_IGR_D39V_0538	D39V	1819481	30.86
NEG_IGR_D39V_0539	D39V	2000315	33.33
NEG_IGR_D39V_0540	D39V	1107123	32.1
NEG_IGR_D39V_0541	D39V	2000456	40.74
NEG_IGR_D39V_0542	D39V	293248	17.28
NEG_IGR_D39V_0543	D39V	112423	33.33
NEG_IGR_D39V_0544	D39V	1297634	17.28
NEG_IGR_D39V_0545	D39V	1076541	38.27
NEG_IGR_D39V_0546	D39V	1634017	34.57
NEG_IGR_D39V_0547	D39V	128017	27.16
NEG_IGR_D39V_0548	D39V	120834	22.22
NEG_IGR_D39V_0549	D39V	983599	39.51
NEG_IGR_D39V_0550	D39V	1297757	30.86
NEG_IGR_D39V_0551	D39V	671712	45.68
NEG_IGR_D39V_0552	D39V	185835	44.44
NEG_IGR_D39V_0553	D39V	1660771	34.57
NEG_IGR_D39V_0554	D39V	538409	30.86
NEG_IGR_D39V_0555	D39V	885058	34.57
NEG_IGR_D39V_0556	D39V	743908	38.27
NEG_IGR_D39V_0557	D39V	727782	33.33
NEG_IGR_D39V_0558	D39V	1488271	27.16
NEG_IGR_D39V_0559	D39V	513210	25.93
NEG_IGR_D39V_0560	D39V	642592	37.04
NEG_IGR_D39V_0561	D39V	951561	28.4
NEG_IGR_D39V_0562	D39V	847024	27.16
NEG_IGR_D39V_0563	D39V	1871865	34.57
NEG_IGR_D39V_0564	D39V	631789	27.16
NEG_IGR_D39V_0565	D39V	1203416	39.51
NEG_IGR_D39V_0566	D39V	1818862	33.33
NEG_IGR_D39V_0567	D39V	1819035	28.4
NEG_IGR_D39V_0568	D39V	124102	24.69
NEG_IGR_D39V_0569	D39V	217636	23.46
NEG_IGR_D39V_0570	D39V	476641	38.27
NEG_IGR_D39V_0571	D39V	142864	32.1
NEG_IGR_D39V_0572	D39V	1285667	28.4
NEG_IGR_D39V_0573	D39V	935928	22.22
NEG_IGR_D39V_0574	D39V	41582	35.8
NEG_IGR_D39V_0575	D39V	781952	28.4
NEG_IGR_D39V_0576	D39V	1217810	41.98
NEG_IGR_D39V_0577	D39V	1192773	30.86
NEG_IGR_D39V_0578	D39V	731729	25.93
NEG_IGR_D39V_0579	D39V	227443	32.1
NEG_IGR_D39V_0580	D39V	231980	34.57
NEG_IGR_D39V_0581	D39V	119649	22.22
NEG_IGR_D39V_0582	D39V	177719	38.27
NEG_IGR_D39V_0583	D39V	1973023	33.33
NEG_IGR_D39V_0584	D39V	1725710	37.04
NEG_IGR_D39V_0585	D39V	1297711	25.93
NEG_IGR_D39V_0586	D39V	1002339	22.22
NEG_IGR_D39V_0587	D39V	675299	43.21
NEG_IGR_D39V_0588	D39V	1721636	27.16
NEG_IGR_D39V_0589	D39V	1601888	35.8
NEG_IGR_D39V_0590	D39V	937349	37.04
NEG_IGR_D39V_0591	D39V	1334805	22.22
NEG_IGR_D39V_0592	D39V	472441	40.74
NEG_IGR_D39V_0593	D39V	538445	28.4
NEG_IGR_D39V_0594	D39V	1107197	29.63
NEG_IGR_D39V_0595	D39V	1656878	35.8
NEG_IGR_D39V_0596	D39V	1721190	33.33
NEG_IGR_D39V_0597	D39V	979188	32.1
NEG_IGR_D39V_0598	D39V	371750	34.57
NEG_IGR_D39V_0599	D39V	134971	41.98
NEG_IGR_D39V_0600	D39V	957939	24.69
NEG_IGR_D39V_0601	D39V	1488183	18.52
NEG_IGR_D39V_0602	D39V	1276224	30.86
NEG_IGR_D39V_0603	D39V	1785828	32.1
NEG_IGR_D39V_0604	D39V	360265	30.86
NEG_IGR_D39V_0605	D39V	1507899	29.63
NEG_IGR_D39V_0606	D39V	1751643	28.4
NEG_IGR_D39V_0607	D39V	1192855	24.69
NEG_IGR_D39V_0608	D39V	360299	34.57
NEG_IGR_D39V_0609	D39V	1522631	28.4
NEG_IGR_D39V_0610	D39V	1985390	41.98
NEG_IGR_D39V_0611	D39V	1144915	29.63
NEG_IGR_D39V_0612	D39V	1901682	18.52
NEG_IGR_D39V_0613	D39V	1732829	30.86
NEG_IGR_D39V_0614	D39V	1911654	37.04
NEG_IGR_D39V_0615	D39V	21993	20.99
NEG_IGR_D39V_0616	D39V	1019297	34.57
NEG_IGR_D39V_0617	D39V	1187188	25.93
NEG_IGR_D39V_0618	D39V	1286058	37.04
NEG_IGR_D39V_0619	D39V	979047	32.1
NEG_IGR_D39V_0620	D39V	1473852	38.27
NEG_IGR_D39V_0621	D39V	1336812	30.86
NEG_IGR_D39V_0622	D39V	1031358	45.68
NEG_IGR_D39V_0623	D39V	1334658	34.57
NEG_IGR_D39V_0624	D39V	1521969	35.8
NEG_IGR_D39V_0625	D39V	1289899	22.22
NEG_IGR_D39V_0626	D39V	1284648	28.4
NEG_IGR_D39V_0627	D39V	118900	44.44
NEG_IGR_D39V_0628	D39V	367254	32.1
NEG_IGR_D39V_0629	D39V	1901376	43.21
NEG_IGR_D39V_0630	D39V	1456032	28.4
NEG_IGR_D39V_0631	D39V	558064	43.21
NEG_IGR_D39V_0632	D39V	1721267	34.57
NEG_IGR_D39V_0633	D39V	729759	32.1
NEG_IGR_D39V_0634	D39V	1985868	48.15
NEG_IGR_D39V_0635	D39V	423892	35.8
NEG_IGR_D39V_0636	D39V	1819365	23.46
NEG_IGR_D39V_0637	D39V	411040	24.69
NEG_IGR_D39V_0638	D39V	1153468	32.1
NEG_IGR_D39V_0639	D39V	1886959	41.98
NEG_IGR_D39V_0640	D39V	213631	40.74
NEG_IGR_D39V_0641	D39V	1031505	34.57
NEG_IGR_D39V_0642	D39V	1203738	33.33
NEG_IGR_D39V_0643	D39V	57109	43.21
NEG_IGR_D39V_0644	D39V	1985507	50.62
NEG_IGR_D39V_0645	D39V	577252	32.1
NEG_IGR_D39V_0646	D39V	794338	29.63
NEG_IGR_D39V_0647	D39V	112580	38.27
NEG_IGR_D39V_0648	D39V	503246	27.16
NEG_IGR_D39V_0649	D39V	1654203	33.33
NEG_IGR_D39V_0650	D39V	957873	27.16
NEG_IGR_D39V_0651	D39V	1176619	20.99
NEG_IGR_D39V_0652	D39V	1660975	46.91
NEG_IGR_D39V_0653	D39V	1725782	30.86
NEG_IGR_D39V_0654	D39V	731802	30.86
NEG_IGR_D39V_0655	D39V	949108	28.4
NEG_IGR_D39V_0656	D39V	1276566	28.4
NEG_IGR_D39V_0657	D39V	466856	41.98
NEG_IGR_D39V_0658	D39V	1445041	35.8
NEG_IGR_D39V_0659	D39V	1019330	30.86
NEG_IGR_D39V_0660	D39V	231987	33.33
NEG_IGR_D39V_0661	D39V	1608839	34.57
NEG_IGR_D39V_0662	D39V	647421	23.46
NEG_IGR_D39V_0663	D39V	1751523	43.21
NEG_IGR_D39V_0664	D39V	513068	25.93
NEG_IGR_D39V_0665	D39V	911829	37.04
NEG_IGR_D39V_0666	D39V	1982329	32.1
NEG_IGR_D39V_0667	D39V	1903108	30.86
NEG_IGR_D39V_0668	D39V	1725629	45.68
NEG_IGR_D39V_0669	D39V	1121640	34.57
NEG_IGR_D39V_0670	D39V	165593	27.16
NEG_IGR_D39V_0671	D39V	274845	24.69
NEG_IGR_D39V_0672	D39V	1527155	20.99
NEG_IGR_D39V_0673	D39V	170504	27.16
NEG_IGR_D39V_0674	D39V	1949123	29.63
NEG_IGR_D39V_0675	D39V	1382467	41.98
NEG_IGR_D39V_0676	D39V	1003785	19.75
NEG_IGR_D39V_0677	D39V	1144145	30.86
NEG_IGR_D39V_0678	D39V	217699	24.69
NEG_IGR_D39V_0679	D39V	367381	35.8
NEG_IGR_D39V_0680	D39V	422454	46.91
NEG_IGR_D39V_0681	D39V	984374	43.21
NEG_IGR_D39V_0682	D39V	1028422	37.04
NEG_IGR_D39V_0683	D39V	1469848	27.16
NEG_IGR_D39V_0684	D39V	1172514	28.4
NEG_IGR_D39V_0685	D39V	1277659	33.33
NEG_IGR_D39V_0686	D39V	685425	29.63
NEG_IGR_D39V_0687	D39V	411257	32.1
NEG_IGR_D39V_0688	D39V	580015	37.04
NEG_IGR_D39V_0689	D39V	728150	30.86
NEG_IGR_D39V_0690	D39V	897651	35.8
NEG_IGR_D39V_0691	D39V	1761777	37.04
NEG_IGR_D39V_0692	D39V	729699	37.04
NEG_IGR_D39V_0693	D39V	137182	27.16
NEG_IGR_D39V_0694	D39V	1031536	37.04
NEG_IGR_D39V_0695	D39V	422557	32.1
NEG_IGR_D39V_0696	D39V	383651	35.8
NEG_IGR_D39V_0697	D39V	1231653	38.27
NEG_IGR_D39V_0698	D39V	563199	44.44
NEG_IGR_D39V_0699	D39V	983752	37.04
NEG_IGR_D39V_0700	D39V	1074533	34.57
NEG_IGR_D39V_0701	D39V	1153001	39.51
NEG_IGR_D39V_0702	D39V	1298123	25.93
NEG_IGR_D39V_0703	D39V	1162621	24.69
NEG_IGR_D39V_0704	D39V	289019	29.63
NEG_IGR_D39V_0705	D39V	476656	39.51
NEG_IGR_D39V_0706	D39V	473936	23.46
NEG_IGR_D39V_0707	D39V	497590	20.99
NEG_IGR_D39V_0708	D39V	1457411	39.51
NEG_IGR_D39V_0709	D39V	1019302	32.1
NEG_IGR_D39V_0710	D39V	210802	43.21
NEG_IGR_D39V_0711	D39V	1751613	35.8
NEG_IGR_D39V_0712	D39V	1287736	23.46
NEG_IGR_D39V_0713	D39V	1592922	34.57
NEG_IGR_D39V_0714	D39V	1725836	32.1
NEG_IGR_D39V_0715	D39V	1001271	41.98
NEG_IGR_D39V_0716	D39V	410844	28.4
NEG_IGR_D39V_0717	D39V	675430	30.86
NEG_IGR_D39V_0718	D39V	1725927	30.86
NEG_IGR_D39V_0719	D39V	1003830	25.93
NEG_IGR_D39V_0720	D39V	1654173	38.27
NEG_IGR_D39V_0721	D39V	1189052	40.74
NEG_IGR_D39V_0722	D39V	1473391	34.57
NEG_IGR_D39V_0723	D39V	1285666	28.4
NEG_IGR_D39V_0724	D39V	1001223	45.68
NEG_IGR_D39V_0725	D39V	1983883	35.8
NEG_IGR_D39V_0726	D39V	1277303	37.04
NEG_IGR_D39V_0727	D39V	1985795	39.51
NEG_IGR_D39V_0728	D39V	1410023	43.21
NEG_IGR_D39V_0729	D39V	300542	29.63
NEG_IGR_D39V_0730	D39V	828848	33.33
NEG_IGR_D39V_0731	D39V	493308	27.16
NEG_IGR_D39V_0732	D39V	1192750	29.63
NEG_IGR_D39V_0733	D39V	1457229	39.51
NEG_IGR_D39V_0734	D39V	1203436	30.86
NEG_IGR_D39V_0735	D39V	1340384	38.27
NEG_IGR_D39V_0736	D39V	957852	29.63
NEG_IGR_D39V_0737	D39V	1596327	43.21
NEG_IGR_D39V_0738	D39V	2018546	35.8
NEG_IGR_D39V_0739	D39V	1522232	30.86
NEG_IGR_D39V_0740	D39V	1995319	34.57
NEG_IGR_D39V_0741	D39V	588020	25.93
NEG_IGR_D39V_0742	D39V	1608591	33.33
NEG_IGR_D39V_0743	D39V	423858	34.57
NEG_IGR_D39V_0744	D39V	778307	39.51
NEG_IGR_D39V_0745	D39V	446675	46.91
NEG_IGR_D39V_0746	D39V	685593	40.74
NEG_IGR_D39V_0747	D39V	272621	28.4
NEG_IGR_D39V_0748	D39V	141950	40.74
NEG_IGR_D39V_0749	D39V	1287627	37.04
NEG_IGR_D39V_0750	D39V	1662648	22.22
NEG_IGR_D39V_0751	D39V	513112	28.4
NEG_IGR_D39V_0752	D39V	564377	34.57
NEG_IGR_D39V_0753	D39V	203664	38.27
NEG_IGR_D39V_0754	D39V	105515	30.86
NEG_IGR_D39V_0755	D39V	1666688	33.33
NEG_IGR_D39V_0756	D39V	1277612	43.21
NEG_IGR_D39V_0757	D39V	1287550	28.4
NEG_IGR_D39V_0758	D39V	847098	34.57
NEG_IGR_D39V_0759	D39V	917459	23.46
NEG_IGR_D39V_0760	D39V	935829	39.51
NEG_IGR_D39V_0761	D39V	57150	43.21
NEG_IGR_D39V_0762	D39V	1643045	38.27
NEG_IGR_D39V_0763	D39V	1728131	37.04
NEG_IGR_D39V_0764	D39V	1242528	25.93
NEG_IGR_D39V_0765	D39V	1074598	32.1
NEG_IGR_D39V_0766	D39V	1388084	38.27
NEG_IGR_D39V_0767	D39V	1973034	32.1
NEG_IGR_D39V_0768	D39V	947203	20.99
NEG_IGR_D39V_0769	D39V	472285	38.27
NEG_IGR_D39V_0770	D39V	1282709	29.63
NEG_IGR_D39V_0771	D39V	1598612	19.75
NEG_IGR_D39V_0772	D39V	1933645	25.93
NEG_IGR_D39V_0773	D39V	119504	27.16
NEG_IGR_D39V_0774	D39V	935685	29.63
NEG_IGR_D39V_0775	D39V	660889	33.33
NEG_IGR_D39V_0776	D39V	1019108	43.21
NEG_IGR_D39V_0777	D39V	1541111	23.46
NEG_IGR_D39V_0778	D39V	1985434	39.51
NEG_IGR_D39V_0779	D39V	335104	33.33
NEG_IGR_D39V_0780	D39V	168190	33.33
NEG_IGR_D39V_0781	D39V	466821	41.98
NEG_IGR_D39V_0782	D39V	112551	39.51
NEG_IGR_D39V_0783	D39V	685356	30.86
NEG_IGR_D39V_0784	D39V	1336331	32.1
NEG_IGR_D39V_0785	D39V	1586696	33.33
NEG_IGR_D39V_0786	D39V	810083	30.86
NEG_IGR_D39V_0787	D39V	288978	25.93
NEG_IGR_D39V_0788	D39V	1279303	43.21
NEG_IGR_D39V_0789	D39V	367692	23.46
NEG_IGR_D39V_0790	D39V	1526069	25.93
NEG_IGR_D39V_0791	D39V	1986004	37.04
NEG_IGR_D39V_0792	D39V	231902	35.8
NEG_IGR_D39V_0793	D39V	1031441	38.27
NEG_IGR_D39V_0794	D39V	1456116	34.57
NEG_IGR_D39V_0795	D39V	820649	22.22
NEG_IGR_D39V_0796	D39V	469853	44.44
NEG_IGR_D39V_0797	D39V	1819465	23.46
NEG_IGR_D39V_0798	D39V	513093	23.46
NEG_IGR_D39V_0799	D39V	1725947	30.86
NEG_IGR_D39V_0800	D39V	1287544	27.16
NEG_IGR_D39V_0801	D39V	809762	43.21
NEG_IGR_D39V_0802	D39V	1987404	34.57
NEG_IGR_D39V_0803	D39V	441749	32.1
NEG_IGR_D39V_0804	D39V	1203330	45.68
NEG_IGR_D39V_0805	D39V	903100	33.33
NEG_IGR_D39V_0806	D39V	274848	24.69
NEG_IGR_D39V_0807	D39V	1633721	27.16
NEG_IGR_D39V_0808	D39V	902898	27.16
NEG_IGR_D39V_0809	D39V	1003974	32.1
NEG_IGR_D39V_0810	D39V	473950	25.93
NEG_IGR_D39V_0811	D39V	422676	30.86
NEG_IGR_D39V_0812	D39V	1203386	46.91
NEG_IGR_D39V_0813	D39V	1596361	30.86
NEG_IGR_D39V_0814	D39V	1660967	46.91
NEG_IGR_D39V_0815	D39V	503329	25.93
NEG_IGR_D39V_0816	D39V	928527	35.8
NEG_IGR_D39V_0817	D39V	446904	20.99
NEG_IGR_D39V_0818	D39V	108759	34.57
NEG_IGR_D39V_0819	D39V	1985550	48.15
NEG_IGR_D39V_0820	D39V	2000448	40.74
NEG_IGR_D39V_0821	D39V	2015924	32.1
NEG_IGR_D39V_0822	D39V	1986371	33.33
NEG_IGR_D39V_0823	D39V	814089	29.63
NEG_IGR_D39V_0824	D39V	1107258	24.69
NEG_IGR_D39V_0825	D39V	854799	44.44
NEG_IGR_D39V_0826	D39V	894411	32.1
NEG_IGR_D39V_0827	D39V	1521945	38.27
NEG_IGR_D39V_0828	D39V	1642983	38.27
NEG_IGR_D39V_0829	D39V	1001975	29.63
NEG_IGR_D39V_0830	D39V	1203610	29.63
NEG_IGR_D39V_0831	D39V	935736	30.86
NEG_IGR_D39V_0832	D39V	685433	28.4
NEG_IGR_D39V_0833	D39V	367696	23.46
NEG_IGR_D39V_0834	D39V	1643126	34.57
NEG_IGR_D39V_0835	D39V	947107	25.93
NEG_IGR_D39V_0836	D39V	1852328	40.74
NEG_IGR_D39V_0837	D39V	1473326	39.51
NEG_IGR_D39V_0838	D39V	1457418	40.74
NEG_IGR_D39V_0839	D39V	794256	32.1
NEG_IGR_D39V_0840	D39V	281763	28.4
NEG_IGR_D39V_0841	D39V	1297602	19.75
NEG_IGR_D39V_0842	D39V	1203644	34.57
NEG_IGR_D39V_0843	D39V	1473215	24.69
NEG_IGR_D39V_0844	D39V	1279259	40.74
NEG_IGR_D39V_0845	D39V	1551631	29.63
NEG_IGR_D39V_0846	D39V	1329177	34.57
NEG_IGR_D39V_0847	D39V	424430	30.86
NEG_IGR_D39V_0848	D39V	446728	33.33
NEG_IGR_D39V_0849	D39V	947004	28.4
NEG_IGR_D39V_0850	D39V	527540	29.63
NEG_IGR_D39V_0851	D39V	1277506	37.04
NEG_IGR_D39V_0852	D39V	727744	34.57
NEG_IGR_D39V_0853	D39V	592464	35.8
NEG_IGR_D39V_0854	D39V	782006	30.86
NEG_IGR_D39V_0855	D39V	1819152	30.86
NEG_IGR_D39V_0856	D39V	1107354	41.98
NEG_IGR_D39V_0857	D39V	1642656	30.86
NEG_IGR_D39V_0858	D39V	306120	30.86
NEG_IGR_D39V_0859	D39V	367665	22.22
NEG_IGR_D39V_0860	D39V	983521	38.27
NEG_IGR_D39V_0861	D39V	569287	48.15
NEG_IGR_D39V_0862	D39V	1619806	37.04
NEG_IGR_D39V_0863	D39V	1725628	45.68
NEG_IGR_D39V_0864	D39V	1031470	33.33
NEG_IGR_D39V_0865	D39V	685604	40.74
NEG_IGR_D39V_0866	D39V	558121	44.44
NEG_IGR_D39V_0867	D39V	1002337	20.99
NEG_IGR_D39V_0868	D39V	1541043	27.16
NEG_IGR_D39V_0869	D39V	1203716	30.86
NEG_IGR_D39V_0870	D39V	1983761	29.63
NEG_IGR_D39V_0871	D39V	778311	41.98
NEG_IGR_D39V_0872	D39V	884884	40.74
NEG_IGR_D39V_0873	D39V	1986327	20.99
NEG_IGR_D39V_0874	D39V	562492	45.68
NEG_IGR_D39V_0875	D39V	809749	43.21
NEG_IGR_D39V_0876	D39V	1814221	34.57
NEG_IGR_D39V_0877	D39V	1336955	33.33
NEG_IGR_D39V_0878	D39V	1995354	30.86
NEG_IGR_D39V_0879	D39V	1473397	35.8
NEG_IGR_D39V_0880	D39V	1698669	24.69
NEG_IGR_D39V_0881	D39V	1662665	22.22
NEG_IGR_D39V_0882	D39V	1931412	23.46
NEG_IGR_D39V_0883	D39V	113678	23.46
NEG_IGR_D39V_0884	D39V	1107146	29.63
NEG_IGR_D39V_0885	D39V	1785948	33.33
NEG_IGR_D39V_0886	D39V	1029132	41.98
NEG_IGR_D39V_0887	D39V	458156	27.16
NEG_IGR_D39V_0888	D39V	227473	28.4
NEG_IGR_D39V_0889	D39V	1019067	38.27
NEG_IGR_D39V_0890	D39V	1982247	27.16
NEG_IGR_D39V_0891	D39V	508565	24.69
NEG_IGR_D39V_0892	D39V	936983	37.04
NEG_IGR_D39V_0893	D39V	120993	30.86
NEG_IGR_D39V_0894	D39V	780952	32.1
NEG_IGR_D39V_0895	D39V	538388	34.57
NEG_IGR_D39V_0896	D39V	1037530	30.86
NEG_IGR_D39V_0897	D39V	1785920	33.33
NEG_IGR_D39V_0898	D39V	120010	29.63
NEG_IGR_D39V_0899	D39V	1509166	43.21
NEG_IGR_D39V_0900	D39V	142979	23.46
NEG_IGR_D39V_0901	D39V	137453	38.27
NEG_IGR_D39V_0902	D39V	1015208	25.93
NEG_IGR_D39V_0903	D39V	1487529	33.33
NEG_IGR_D39V_0904	D39V	1203558	22.22
NEG_IGR_D39V_0905	D39V	576952	28.4
NEG_IGR_D39V_0906	D39V	1662577	32.1
NEG_IGR_D39V_0907	D39V	1721572	30.86
NEG_IGR_D39V_0908	D39V	903185	38.27
NEG_IGR_D39V_0909	D39V	21973	27.16
NEG_IGR_D39V_0910	D39V	472485	39.51
NEG_IGR_D39V_0911	D39V	1612362	27.16
NEG_IGR_D39V_0912	D39V	76516	38.27
NEG_IGR_D39V_0913	D39V	1721319	32.1
NEG_IGR_D39V_0914	D39V	1715496	32.1
NEG_IGR_D39V_0915	D39V	57000	43.21
NEG_IGR_D39V_0916	D39V	1325545	43.21
NEG_IGR_D39V_0917	D39V	30036	34.57
NEG_IGR_D39V_0918	D39V	1750838	24.69
NEG_IGR_D39V_0919	D39V	1982266	30.86
NEG_IGR_D39V_0920	D39V	1522724	24.69
NEG_IGR_D39V_0921	D39V	1410046	44.44
NEG_IGR_D39V_0922	D39V	810266	29.63
NEG_IGR_D39V_0923	D39V	588008	28.4
NEG_IGR_D39V_0924	D39V	660798	32.1
NEG_IGR_D39V_0925	D39V	134827	38.27
NEG_IGR_D39V_0926	D39V	810295	27.16
NEG_IGR_D39V_0927	D39V	127072	32.1
NEG_IGR_D39V_0928	D39V	778340	44.44
NEG_IGR_D39V_0929	D39V	446955	25.93
NEG_IGR_D39V_0930	D39V	1285638	30.86
NEG_IGR_D39V_0931	D39V	897623	37.04
NEG_IGR_D39V_0932	D39V	828972	37.04
NEG_IGR_D39V_0933	D39V	647059	35.8
NEG_IGR_D39V_0934	D39V	895274	44.44
NEG_IGR_D39V_0935	D39V	1901655	32.1
NEG_IGR_D39V_0936	D39V	1284703	37.04
NEG_IGR_D39V_0937	D39V	312806	25.93
NEG_IGR_D39V_0938	D39V	446943	23.46
NEG_IGR_D39V_0939	D39V	781298	20.99
NEG_IGR_D39V_0940	D39V	469645	48.15
NEG_IGR_D39V_0941	D39V	928515	37.04
NEG_IGR_D39V_0942	D39V	1297644	14.81
NEG_IGR_D39V_0943	D39V	1334869	29.63
NEG_IGR_D39V_0944	D39V	1901459	27.16
NEG_IGR_D39V_0945	D39V	1276230	33.33
NEG_IGR_D39V_0946	D39V	699460	29.63
NEG_IGR_D39V_0947	D39V	1660755	30.86
NEG_IGR_D39V_0948	D39V	1596397	32.1
NEG_IGR_D39V_0949	D39V	744014	39.51
NEG_IGR_D39V_0950	D39V	1743555	25.93
NEG_IGR_D39V_0951	D39V	2018498	37.04
NEG_IGR_D39V_0952	D39V	1956971	25.93
NEG_IGR_D39V_0953	D39V	855885	35.8
NEG_IGR_D39V_0954	D39V	1732947	20.99
NEG_IGR_D39V_0955	D39V	1729702	23.46
NEG_IGR_D39V_0956	D39V	580011	40.74
NEG_IGR_D39V_0957	D39V	1911656	37.04
NEG_IGR_D39V_0958	D39V	1819605	33.33
NEG_IGR_D39V_0959	D39V	1792568	32.1
NEG_IGR_D39V_0960	D39V	1792572	29.63
NEG_IGR_D39V_0961	D39V	1107359	41.98
NEG_IGR_D39V_0962	D39V	154093	23.46
NEG_IGR_D39V_0963	D39V	2015989	33.33
NEG_IGR_D39V_0964	D39V	1903084	39.51
NEG_IGR_D39V_0965	D39V	809785	40.74
NEG_IGR_D39V_0966	D39V	1985876	51.85
NEG_IGR_D39V_0967	D39V	1058671	18.52
NEG_IGR_D39V_0968	D39V	1655274	20.99
NEG_IGR_D39V_0969	D39V	1903099	34.57
NEG_IGR_D39V_0970	D39V	1933683	24.69
NEG_IGR_D39V_0971	D39V	1456001	30.86
NEG_IGR_D39V_0972	D39V	1687494	50.62
NEG_IGR_D39V_0973	D39V	642700	28.4
NEG_IGR_D39V_0974	D39V	1028321	24.69
NEG_IGR_D39V_0975	D39V	367670	20.99
NEG_IGR_D39V_0976	D39V	1037503	24.69
NEG_IGR_D39V_0977	D39V	1687179	24.69
NEG_IGR_D39V_0978	D39V	123994	25.93
NEG_IGR_D39V_0979	D39V	112573	35.8
NEG_IGR_D39V_0980	D39V	1002258	22.22
NEG_IGR_D39V_0981	D39V	1819529	34.57
NEG_IGR_D39V_0982	D39V	675377	24.69
NEG_IGR_D39V_0983	D39V	248952	41.98
NEG_IGR_D39V_0984	D39V	828158	39.51
NEG_IGR_D39V_0985	D39V	679134	40.74
NEG_IGR_D39V_0986	D39V	1031813	30.86
NEG_IGR_D39V_0987	D39V	563213	46.91
NEG_IGR_D39V_0988	D39V	281693	28.4
NEG_IGR_D39V_0989	D39V	367215	43.21
NEG_IGR_D39V_0990	D39V	1317294	34.57
NEG_IGR_D39V_0991	D39V	1144898	33.33
NEG_IGR_D39V_0992	D39V	1422334	28.4
NEG_IGR_D39V_0993	D39V	647041	32.1
NEG_IGR_D39V_0994	D39V	367627	30.86
NEG_IGR_D39V_0995	D39V	675363	24.69
NEG_IGR_D39V_0996	D39V	1750834	25.93
NEG_IGR_D39V_0997	D39V	1751429	29.63
NEG_IGR_D39V_0998	D39V	367724	22.22
NEG_IGR_D39V_0999	D39V	961618	33.33
NEG_IGR_D39V_1000	D39V	1871857	34.57
NEG_IGR_D39V_1001	D39V	1708584	23.46
NEG_IGR_D39V_1002	D39V	855737	38.27
NEG_IGR_D39V_1003	D39V	562461	43.21
NEG_IGR_D39V_1004	D39V	1286010	32.1
NEG_IGR_D39V_1005	D39V	371642	37.04
NEG_IGR_D39V_1006	D39V	809760	44.44
NEG_IGR_D39V_1007	D39V	289652	28.4
NEG_IGR_D39V_1008	D39V	1982356	28.4
NEG_IGR_D39V_1009	D39V	1522241	32.1
NEG_IGR_D39V_1010	D39V	811261	37.04
NEG_IGR_D39V_1011	D39V	1512574	34.57
NEG_IGR_D39V_1012	D39V	1660574	41.98
NEG_IGR_D39V_1013	D39V	1186929	35.8
NEG_IGR_D39V_1014	D39V	1878825	34.57
NEG_IGR_D39V_1015	D39V	1029197	48.15
NEG_IGR_D39V_1016	D39V	361635	29.63
NEG_IGR_D39V_1017	D39V	1687197	22.22
NEG_IGR_D39V_1018	D39V	367720	23.46
NEG_IGR_D39V_1019	D39V	1457152	41.98
NEG_IGR_D39V_1020	D39V	70277	48.15
NEG_IGR_D39V_1021	D39V	979198	33.33
NEG_IGR_D39V_1022	D39V	1751471	32.1
NEG_IGR_D39V_1023	D39V	1522398	29.63
NEG_IGR_D39V_1024	D39V	1298054	39.51
NEG_IGR_D39V_1025	D39V	1286026	30.86
NEG_IGR_D39V_1026	D39V	21978	25.93
NEG_IGR_D39V_1027	D39V	124137	32.1
NEG_IGR_D39V_1028	D39V	1203849	28.4
NEG_IGR_D39V_1029	D39V	411081	40.74
NEG_IGR_D39V_1030	D39V	675351	27.16
NEG_IGR_D39V_1031	D39V	1642572	40.74
NEG_IGR_D39V_1032	D39V	810085	30.86
NEG_IGR_D39V_1033	D39V	660696	29.63
NEG_IGR_D39V_1034	D39V	564515	53.09
NEG_IGR_D39V_1035	D39V	312800	23.46
NEG_IGR_D39V_1036	D39V	1687176	25.93
NEG_IGR_D39V_1037	D39V	1382358	33.33
NEG_IGR_D39V_1038	D39V	1956238	30.86
NEG_IGR_D39V_1039	D39V	1902688	22.22
NEG_IGR_D39V_1040	D39V	730257	43.21
NEG_IGR_D39V_1041	D39V	794289	34.57
NEG_IGR_D39V_1042	D39V	1031474	35.8
NEG_IGR_D39V_1043	D39V	1792588	30.86
NEG_IGR_D39V_1044	D39V	1457213	40.74
NEG_IGR_D39V_1045	D39V	1792630	33.33
NEG_IGR_D39V_1046	D39V	1728116	37.04
NEG_IGR_D39V_1047	D39V	1511135	30.86
NEG_IGR_D39V_1048	D39V	300494	32.1
NEG_IGR_D39V_1049	D39V	2000277	37.04
NEG_IGR_D39V_1050	D39V	957909	27.16
NEG_IGR_D39V_1051	D39V	1507873	27.16
NEG_IGR_D39V_1052	D39V	1660575	41.98
NEG_IGR_D39V_1053	D39V	1943335	27.16
NEG_IGR_D39V_1054	D39V	1278460	28.4
NEG_IGR_D39V_1055	D39V	1933588	24.69
NEG_IGR_D39V_1056	D39V	492838	34.57
NEG_IGR_D39V_1057	D39V	258280	45.68
NEG_IGR_D39V_1058	D39V	983785	37.04
NEG_IGR_D39V_1059	D39V	1031740	32.1
NEG_IGR_D39V_1060	D39V	586922	28.4
NEG_IGR_D39V_1061	D39V	660878	30.86
NEG_IGR_D39V_1062	D39V	411348	30.86
NEG_IGR_D39V_1063	D39V	1457340	43.21
NEG_IGR_D39V_1064	D39V	1526691	23.46
NEG_IGR_D39V_1065	D39V	469573	35.8
NEG_IGR_D39V_1066	D39V	1902868	39.51
NEG_IGR_D39V_1067	D39V	1153780	24.69
NEG_IGR_D39V_1068	D39V	1031844	25.93
NEG_IGR_D39V_1069	D39V	1985548	46.91
NEG_IGR_D39V_1070	D39V	57202	49.38
NEG_IGR_D39V_1071	D39V	1951785	23.46
NEG_IGR_D39V_1072	D39V	1001502	33.33
NEG_IGR_D39V_1073	D39V	473810	39.51
NEG_IGR_D39V_1074	D39V	119383	38.27
NEG_IGR_D39V_1075	D39V	884925	37.04
NEG_IGR_D39V_1076	D39V	1721295	32.1
NEG_IGR_D39V_1077	D39V	1203993	41.98
NEG_IGR_D39V_1078	D39V	1284634	28.4
NEG_IGR_D39V_1079	D39V	1469885	23.46
NEG_IGR_D39V_1080	D39V	903689	24.69
NEG_IGR_D39V_1081	D39V	281558	27.16
NEG_IGR_D39V_1082	D39V	1002152	30.86
NEG_IGR_D39V_1083	D39V	120035	33.33
NEG_IGR_D39V_1084	D39V	1031803	32.1
NEG_IGR_D39V_1085	D39V	911847	35.8
NEG_IGR_D39V_1086	D39V	340717	35.8
NEG_IGR_D39V_1087	D39V	112536	43.21
NEG_IGR_D39V_1088	D39V	675323	37.04
NEG_IGR_D39V_1089	D39V	1212634	28.4
NEG_IGR_D39V_1090	D39V	367710	23.46
NEG_IGR_D39V_1091	D39V	1721460	44.44
NEG_IGR_D39V_1092	D39V	903691	24.69
NEG_IGR_D39V_1093	D39V	579873	37.04
NEG_IGR_D39V_1094	D39V	538556	37.04
NEG_IGR_D39V_1095	D39V	1277184	35.8
NEG_IGR_D39V_1096	D39V	469860	45.68
NEG_IGR_D39V_1097	D39V	1985433	40.74
NEG_IGR_D39V_1098	D39V	1144111	27.16
NEG_IGR_TIGR4_0001	TIGR4	1530060	51.85
NEG_IGR_TIGR4_0002	TIGR4	2015768	35.8
NEG_IGR_TIGR4_0003	TIGR4	572695	28.4
NEG_IGR_TIGR4_0004	TIGR4	781009	38.27
NEG_IGR_TIGR4_0005	TIGR4	1364521	34.57
NEG_IGR_TIGR4_0006	TIGR4	158871	33.33
NEG_IGR_TIGR4_0007	TIGR4	450480	24.69
NEG_IGR_TIGR4_0008	TIGR4	1585862	23.46
NEG_IGR_TIGR4_0009	TIGR4	1539483	22.22
NEG_IGR_TIGR4_0010	TIGR4	1075172	28.4
NEG_IGR_TIGR4_0011	TIGR4	684749	29.63
NEG_IGR_TIGR4_0012	TIGR4	854018	48.15
NEG_IGR_TIGR4_0013	TIGR4	1815061	34.57
NEG_IGR_TIGR4_0014	TIGR4	764490	38.27
NEG_IGR_TIGR4_0015	TIGR4	117414	41.98
NEG_IGR_TIGR4_0016	TIGR4	847007	30.86
NEG_IGR_TIGR4_0017	TIGR4	766609	32.1
NEG_IGR_TIGR4_0018	TIGR4	663556	30.86
NEG_IGR_TIGR4_0019	TIGR4	2050461	43.21
NEG_IGR_TIGR4_0020	TIGR4	1767357	35.8
NEG_IGR_TIGR4_0021	TIGR4	1746197	35.8
NEG_IGR_TIGR4_0022	TIGR4	731118	34.57
NEG_IGR_TIGR4_0023	TIGR4	709228	34.57
NEG_IGR_TIGR4_0024	TIGR4	2100406	35.8
NEG_IGR_TIGR4_0025	TIGR4	1399083	33.33
NEG_IGR_TIGR4_0026	TIGR4	1340575	44.44
NEG_IGR_TIGR4_0027	TIGR4	1118476	35.8
NEG_IGR_TIGR4_0028	TIGR4	542962	24.69
NEG_IGR_TIGR4_0029	TIGR4	1132465	32.1
NEG_IGR_TIGR4_0030	TIGR4	764388	41.98
NEG_IGR_TIGR4_0031	TIGR4	1336203	25.93
NEG_IGR_TIGR4_0032	TIGR4	336467	32.1
NEG_IGR_TIGR4_0033	TIGR4	547294	29.63
NEG_IGR_TIGR4_0034	TIGR4	1051322	25.93
NEG_IGR_TIGR4_0035	TIGR4	165628	43.21
NEG_IGR_TIGR4_0036	TIGR4	673076	32.1
NEG_IGR_TIGR4_0037	TIGR4	1938233	34.57
NEG_IGR_TIGR4_0038	TIGR4	1512607	37.04
NEG_IGR_TIGR4_0039	TIGR4	423898	41.98
NEG_IGR_TIGR4_0040	TIGR4	499750	39.51
NEG_IGR_TIGR4_0041	TIGR4	2020539	19.75
NEG_IGR_TIGR4_0042	TIGR4	1861811	32.1
NEG_IGR_TIGR4_0043	TIGR4	846843	23.46
NEG_IGR_TIGR4_0044	TIGR4	1527620	40.74
NEG_IGR_TIGR4_0045	TIGR4	569264	30.86
NEG_IGR_TIGR4_0046	TIGR4	2000837	32.1
NEG_IGR_TIGR4_0047	TIGR4	853469	23.46
NEG_IGR_TIGR4_0048	TIGR4	421091	38.27
NEG_IGR_TIGR4_0049	TIGR4	91936	28.4
NEG_IGR_TIGR4_0050	TIGR4	467453	32.1
NEG_IGR_TIGR4_0051	TIGR4	1346727	27.16
NEG_IGR_TIGR4_0052	TIGR4	631494	33.33
NEG_IGR_TIGR4_0053	TIGR4	852957	43.21
NEG_IGR_TIGR4_0054	TIGR4	655822	27.16
NEG_IGR_TIGR4_0055	TIGR4	127670	34.57
NEG_IGR_TIGR4_0056	TIGR4	284165	24.69
NEG_IGR_TIGR4_0057	TIGR4	1835920	43.21
NEG_IGR_TIGR4_0058	TIGR4	1836053	43.21
NEG_IGR_TIGR4_0059	TIGR4	1424659	43.21
NEG_IGR_TIGR4_0060	TIGR4	1301610	28.4
NEG_IGR_TIGR4_0061	TIGR4	831702	14.81
NEG_IGR_TIGR4_0062	TIGR4	70829	30.86
NEG_IGR_TIGR4_0063	TIGR4	81252	35.8
NEG_IGR_TIGR4_0064	TIGR4	1982392	39.51
NEG_IGR_TIGR4_0065	TIGR4	1839184	33.33
NEG_IGR_TIGR4_0066	TIGR4	1000573	44.44
NEG_IGR_TIGR4_0067	TIGR4	131958	35.8
NEG_IGR_TIGR4_0068	TIGR4	69535	30.86
NEG_IGR_TIGR4_0069	TIGR4	40358	32.1
NEG_IGR_TIGR4_0070	TIGR4	116506	34.57
NEG_IGR_TIGR4_0071	TIGR4	854534	29.63
NEG_IGR_TIGR4_0072	TIGR4	1389932	46.91
NEG_IGR_TIGR4_0073	TIGR4	1778270	43.21
NEG_IGR_TIGR4_0074	TIGR4	511459	24.69
NEG_IGR_TIGR4_0075	TIGR4	85060	41.98
NEG_IGR_TIGR4_0076	TIGR4	716428	32.1
NEG_IGR_TIGR4_0077	TIGR4	422980	38.27
NEG_IGR_TIGR4_0078	TIGR4	2099852	39.51
NEG_IGR_TIGR4_0079	TIGR4	1324075	37.04
NEG_IGR_TIGR4_0080	TIGR4	1957555	19.75
NEG_IGR_TIGR4_0081	TIGR4	378024	34.57
NEG_IGR_TIGR4_0082	TIGR4	1363080	29.63
NEG_IGR_TIGR4_0083	TIGR4	1324337	34.57
NEG_IGR_TIGR4_0084	TIGR4	712755	28.4
NEG_IGR_TIGR4_0085	TIGR4	1036177	25.93
NEG_IGR_TIGR4_0086	TIGR4	663484	30.86
NEG_IGR_TIGR4_0087	TIGR4	1761784	23.46
NEG_IGR_TIGR4_0088	TIGR4	448797	33.33
NEG_IGR_TIGR4_0089	TIGR4	1261474	32.1
NEG_IGR_TIGR4_0090	TIGR4	623313	34.57
NEG_IGR_TIGR4_0091	TIGR4	1861977	30.86
NEG_IGR_TIGR4_0092	TIGR4	1477231	30.86
NEG_IGR_TIGR4_0093	TIGR4	1042665	18.52
NEG_IGR_TIGR4_0094	TIGR4	1861893	46.91
NEG_IGR_TIGR4_0095	TIGR4	1400638	24.69
NEG_IGR_TIGR4_0096	TIGR4	1925224	30.86
NEG_IGR_TIGR4_0097	TIGR4	224492	29.63
NEG_IGR_TIGR4_0098	TIGR4	1336174	30.86
NEG_IGR_TIGR4_0099	TIGR4	1585937	37.04
NEG_IGR_TIGR4_0100	TIGR4	1907708	23.46
NEG_IGR_TIGR4_0101	TIGR4	1436440	37.04
NEG_IGR_TIGR4_0102	TIGR4	1622815	32.1
NEG_IGR_TIGR4_0103	TIGR4	22101	20.99
NEG_IGR_TIGR4_0104	TIGR4	283414	27.16
NEG_IGR_TIGR4_0105	TIGR4	472366	40.74
NEG_IGR_TIGR4_0106	TIGR4	722949	40.74
NEG_IGR_TIGR4_0107	TIGR4	766617	33.33
NEG_IGR_TIGR4_0108	TIGR4	2115000	34.57
NEG_IGR_TIGR4_0109	TIGR4	1234222	35.8
NEG_IGR_TIGR4_0110	TIGR4	2068937	32.1
NEG_IGR_TIGR4_0111	TIGR4	228714	53.09
NEG_IGR_TIGR4_0112	TIGR4	1619407	38.27
NEG_IGR_TIGR4_0113	TIGR4	1359843	43.21
NEG_IGR_TIGR4_0114	TIGR4	1547662	23.46
NEG_IGR_TIGR4_0115	TIGR4	2061510	39.51
NEG_IGR_TIGR4_0116	TIGR4	1197267	33.33
NEG_IGR_TIGR4_0117	TIGR4	1400892	35.8
NEG_IGR_TIGR4_0118	TIGR4	1372426	39.51
NEG_IGR_TIGR4_0119	TIGR4	1424619	38.27
NEG_IGR_TIGR4_0120	TIGR4	1767113	39.51
NEG_IGR_TIGR4_0121	TIGR4	1016851	37.04
NEG_IGR_TIGR4_0122	TIGR4	716509	38.27
NEG_IGR_TIGR4_0123	TIGR4	405988	28.4
NEG_IGR_TIGR4_0124	TIGR4	214854	40.74
NEG_IGR_TIGR4_0125	TIGR4	1141829	32.1
NEG_IGR_TIGR4_0126	TIGR4	1082348	39.51
NEG_IGR_TIGR4_0127	TIGR4	1622289	35.8
NEG_IGR_TIGR4_0128	TIGR4	1839173	37.04
NEG_IGR_TIGR4_0129	TIGR4	526148	33.33
NEG_IGR_TIGR4_0130	TIGR4	676247	22.22
NEG_IGR_TIGR4_0131	TIGR4	980997	45.68
NEG_IGR_TIGR4_0132	TIGR4	2130509	29.63
NEG_IGR_TIGR4_0133	TIGR4	1501110	39.51
NEG_IGR_TIGR4_0134	TIGR4	2109864	33.33
NEG_IGR_TIGR4_0135	TIGR4	622843	38.27
NEG_IGR_TIGR4_0136	TIGR4	310579	33.33
NEG_IGR_TIGR4_0137	TIGR4	810843	29.63
NEG_IGR_TIGR4_0138	TIGR4	1599298	30.86
NEG_IGR_TIGR4_0139	TIGR4	412333	30.86
NEG_IGR_TIGR4_0140	TIGR4	1042447	24.69
NEG_IGR_TIGR4_0141	TIGR4	1400567	29.63
NEG_IGR_TIGR4_0142	TIGR4	284061	23.46
NEG_IGR_TIGR4_0143	TIGR4	527867	33.33
NEG_IGR_TIGR4_0144	TIGR4	1745737	32.1
NEG_IGR_TIGR4_0145	TIGR4	1716497	25.93
NEG_IGR_TIGR4_0146	TIGR4	1527801	46.91
NEG_IGR_TIGR4_0147	TIGR4	476363	23.46
NEG_IGR_TIGR4_0148	TIGR4	1234006	22.22
NEG_IGR_TIGR4_0149	TIGR4	892857	38.27
NEG_IGR_TIGR4_0150	TIGR4	2015713	39.51
NEG_IGR_TIGR4_0151	TIGR4	2100434	25.93
NEG_IGR_TIGR4_0152	TIGR4	1895360	38.27
NEG_IGR_TIGR4_0153	TIGR4	663403	28.4
NEG_IGR_TIGR4_0154	TIGR4	1165536	27.16
NEG_IGR_TIGR4_0155	TIGR4	612167	25.93
NEG_IGR_TIGR4_0156	TIGR4	1115696	27.16
NEG_IGR_TIGR4_0157	TIGR4	1861571	29.63
NEG_IGR_TIGR4_0158	TIGR4	1771494	41.98
NEG_IGR_TIGR4_0159	TIGR4	193444	39.51
NEG_IGR_TIGR4_0160	TIGR4	1730728	44.44
NEG_IGR_TIGR4_0161	TIGR4	1925370	32.1
NEG_IGR_TIGR4_0162	TIGR4	1559061	25.93
NEG_IGR_TIGR4_0163	TIGR4	526122	33.33
NEG_IGR_TIGR4_0164	TIGR4	1399026	38.27
NEG_IGR_TIGR4_0165	TIGR4	1990005	41.98
NEG_IGR_TIGR4_0166	TIGR4	228959	37.04
NEG_IGR_TIGR4_0167	TIGR4	929076	25.93
NEG_IGR_TIGR4_0168	TIGR4	1745932	27.16
NEG_IGR_TIGR4_0169	TIGR4	1405938	18.52
NEG_IGR_TIGR4_0170	TIGR4	1973969	27.16
NEG_IGR_TIGR4_0171	TIGR4	449648	23.46
NEG_IGR_TIGR4_0172	TIGR4	707810	28.4
NEG_IGR_TIGR4_0173	TIGR4	116383	25.93
NEG_IGR_TIGR4_0174	TIGR4	603265	30.86
NEG_IGR_TIGR4_0175	TIGR4	1622869	35.8
NEG_IGR_TIGR4_0176	TIGR4	2100725	24.69
NEG_IGR_TIGR4_0177	TIGR4	1593070	32.1
NEG_IGR_TIGR4_0178	TIGR4	2016274	38.27
NEG_IGR_TIGR4_0179	TIGR4	990839	30.86
NEG_IGR_TIGR4_0180	TIGR4	1593606	23.46
NEG_IGR_TIGR4_0181	TIGR4	1016149	33.33
NEG_IGR_TIGR4_0182	TIGR4	72010	29.63
NEG_IGR_TIGR4_0183	TIGR4	731246	30.86
NEG_IGR_TIGR4_0184	TIGR4	678208	29.63
NEG_IGR_TIGR4_0185	TIGR4	214860	39.51
NEG_IGR_TIGR4_0186	TIGR4	899951	40.74
NEG_IGR_TIGR4_0187	TIGR4	1256328	12.35
NEG_IGR_TIGR4_0188	TIGR4	770161	28.4
NEG_IGR_TIGR4_0189	TIGR4	665699	23.46
NEG_IGR_TIGR4_0190	TIGR4	853414	22.22
NEG_IGR_TIGR4_0191	TIGR4	1716459	32.1
NEG_IGR_TIGR4_0192	TIGR4	1035454	32.1
NEG_IGR_TIGR4_0193	TIGR4	1499151	35.8
NEG_IGR_TIGR4_0194	TIGR4	1675860	30.86
NEG_IGR_TIGR4_0195	TIGR4	1836080	33.33
NEG_IGR_TIGR4_0196	TIGR4	539799	34.57
NEG_IGR_TIGR4_0197	TIGR4	1907633	19.75
NEG_IGR_TIGR4_0198	TIGR4	1930680	32.1
NEG_IGR_TIGR4_0199	TIGR4	1831268	33.33
NEG_IGR_TIGR4_0200	TIGR4	2114945	43.21
NEG_IGR_TIGR4_0201	TIGR4	1339424	44.44
NEG_IGR_TIGR4_0202	TIGR4	1619392	39.51
NEG_IGR_TIGR4_0203	TIGR4	450493	23.46
NEG_IGR_TIGR4_0204	TIGR4	438015	17.28
NEG_IGR_TIGR4_0205	TIGR4	1204628	27.16
NEG_IGR_TIGR4_0206	TIGR4	394112	37.04
NEG_IGR_TIGR4_0207	TIGR4	422989	38.27
NEG_IGR_TIGR4_0208	TIGR4	263986	38.27
NEG_IGR_TIGR4_0209	TIGR4	438003	17.28
NEG_IGR_TIGR4_0210	TIGR4	1016693	44.44
NEG_IGR_TIGR4_0211	TIGR4	1522626	38.27
NEG_IGR_TIGR4_0212	TIGR4	444605	35.8
NEG_IGR_TIGR4_0213	TIGR4	1339598	27.16
NEG_IGR_TIGR4_0214	TIGR4	231042	34.57
NEG_IGR_TIGR4_0215	TIGR4	664408	27.16
NEG_IGR_TIGR4_0216	TIGR4	765067	27.16
NEG_IGR_TIGR4_0217	TIGR4	1393581	34.57
NEG_IGR_TIGR4_0218	TIGR4	1989842	37.04
NEG_IGR_TIGR4_0219	TIGR4	843539	29.63
NEG_IGR_TIGR4_0220	TIGR4	1926295	28.4
NEG_IGR_TIGR4_0221	TIGR4	497292	46.91
NEG_IGR_TIGR4_0222	TIGR4	2046204	28.4
NEG_IGR_TIGR4_0223	TIGR4	669810	45.68
NEG_IGR_TIGR4_0224	TIGR4	1193497	41.98
NEG_IGR_TIGR4_0225	TIGR4	438163	33.33
NEG_IGR_TIGR4_0226	TIGR4	2100351	51.85
NEG_IGR_TIGR4_0227	TIGR4	1771344	24.69
NEG_IGR_TIGR4_0228	TIGR4	1754544	43.21
NEG_IGR_TIGR4_0229	TIGR4	323859	27.16
NEG_IGR_TIGR4_0230	TIGR4	2016276	39.51
NEG_IGR_TIGR4_0231	TIGR4	404926	28.4
NEG_IGR_TIGR4_0232	TIGR4	530852	40.74
NEG_IGR_TIGR4_0233	TIGR4	1730889	43.21
NEG_IGR_TIGR4_0234	TIGR4	1351284	35.8
NEG_IGR_TIGR4_0235	TIGR4	494238	43.21
NEG_IGR_TIGR4_0236	TIGR4	1862004	27.16
NEG_IGR_TIGR4_0237	TIGR4	1622386	27.16
NEG_IGR_TIGR4_0238	TIGR4	1051631	29.63
NEG_IGR_TIGR4_0239	TIGR4	1016512	39.51
NEG_IGR_TIGR4_0240	TIGR4	1193610	37.04
NEG_IGR_TIGR4_0241	TIGR4	2061479	43.21
NEG_IGR_TIGR4_0242	TIGR4	2100230	37.04
NEG_IGR_TIGR4_0243	TIGR4	1439616	25.93
NEG_IGR_TIGR4_0244	TIGR4	972097	30.86
NEG_IGR_TIGR4_0245	TIGR4	589406	25.93
NEG_IGR_TIGR4_0246	TIGR4	300935	37.04
NEG_IGR_TIGR4_0247	TIGR4	1598963	35.8
NEG_IGR_TIGR4_0248	TIGR4	1982860	34.57
NEG_IGR_TIGR4_0249	TIGR4	227261	34.57
NEG_IGR_TIGR4_0250	TIGR4	64738	25.93
NEG_IGR_TIGR4_0251	TIGR4	1585864	22.22
NEG_IGR_TIGR4_0252	TIGR4	1132467	29.63
NEG_IGR_TIGR4_0253	TIGR4	1989868	37.04
NEG_IGR_TIGR4_0254	TIGR4	1386142	34.57
NEG_IGR_TIGR4_0255	TIGR4	990648	37.04
NEG_IGR_TIGR4_0256	TIGR4	2015608	34.57
NEG_IGR_TIGR4_0257	TIGR4	1372808	38.27
NEG_IGR_TIGR4_0258	TIGR4	698187	28.4
NEG_IGR_TIGR4_0259	TIGR4	449364	27.16
NEG_IGR_TIGR4_0260	TIGR4	539930	40.74
NEG_IGR_TIGR4_0261	TIGR4	515644	22.22
NEG_IGR_TIGR4_0262	TIGR4	1408223	29.63
NEG_IGR_TIGR4_0263	TIGR4	1694907	34.57
NEG_IGR_TIGR4_0264	TIGR4	872139	40.74
NEG_IGR_TIGR4_0265	TIGR4	31338	20.99
NEG_IGR_TIGR4_0266	TIGR4	40452	37.04
NEG_IGR_TIGR4_0267	TIGR4	511494	20.99
NEG_IGR_TIGR4_0268	TIGR4	132926	19.75
NEG_IGR_TIGR4_0269	TIGR4	530841	41.98
NEG_IGR_TIGR4_0270	TIGR4	421184	39.51
NEG_IGR_TIGR4_0271	TIGR4	1351080	32.1
NEG_IGR_TIGR4_0272	TIGR4	224576	34.57
NEG_IGR_TIGR4_0273	TIGR4	248098	40.74
NEG_IGR_TIGR4_0274	TIGR4	530849	41.98
NEG_IGR_TIGR4_0275	TIGR4	1500633	48.15
NEG_IGR_TIGR4_0276	TIGR4	690303	44.44
NEG_IGR_TIGR4_0277	TIGR4	1694895	33.33
NEG_IGR_TIGR4_0278	TIGR4	1053540	27.16
NEG_IGR_TIGR4_0279	TIGR4	599231	22.22
NEG_IGR_TIGR4_0280	TIGR4	1344050	18.52
NEG_IGR_TIGR4_0281	TIGR4	1544205	34.57
NEG_IGR_TIGR4_0282	TIGR4	1907513	24.69
NEG_IGR_TIGR4_0283	TIGR4	1221837	22.22
NEG_IGR_TIGR4_0284	TIGR4	978595	25.93
NEG_IGR_TIGR4_0285	TIGR4	1339730	32.1
NEG_IGR_TIGR4_0286	TIGR4	338289	27.16
NEG_IGR_TIGR4_0287	TIGR4	79517	29.63
NEG_IGR_TIGR4_0288	TIGR4	1016225	23.46
NEG_IGR_TIGR4_0289	TIGR4	1710221	25.93
NEG_IGR_TIGR4_0290	TIGR4	231190	35.8
NEG_IGR_TIGR4_0291	TIGR4	485938	32.1
NEG_IGR_TIGR4_0292	TIGR4	1599000	43.21
NEG_IGR_TIGR4_0293	TIGR4	183147	40.74
NEG_IGR_TIGR4_0294	TIGR4	140708	27.16
NEG_IGR_TIGR4_0295	TIGR4	230997	37.04
NEG_IGR_TIGR4_0296	TIGR4	1408238	27.16
NEG_IGR_TIGR4_0297	TIGR4	1478975	38.27
NEG_IGR_TIGR4_0298	TIGR4	1982832	34.57
NEG_IGR_TIGR4_0299	TIGR4	44352	23.46
NEG_IGR_TIGR4_0300	TIGR4	1400800	30.86
NEG_IGR_TIGR4_0301	TIGR4	1272602	34.57
NEG_IGR_TIGR4_0302	TIGR4	834742	33.33
NEG_IGR_TIGR4_0303	TIGR4	1550402	39.51
NEG_IGR_TIGR4_0304	TIGR4	1339517	27.16
NEG_IGR_TIGR4_0305	TIGR4	360611	25.93
NEG_IGR_TIGR4_0306	TIGR4	294997	20.99
NEG_IGR_TIGR4_0307	TIGR4	258353	44.44
NEG_IGR_TIGR4_0308	TIGR4	1388717	48.15
NEG_IGR_TIGR4_0309	TIGR4	1599154	33.33
NEG_IGR_TIGR4_0310	TIGR4	1193487	43.21
NEG_IGR_TIGR4_0311	TIGR4	262815	23.46
NEG_IGR_TIGR4_0312	TIGR4	599193	30.86
NEG_IGR_TIGR4_0313	TIGR4	214609	24.69
NEG_IGR_TIGR4_0314	TIGR4	171474	34.57
NEG_IGR_TIGR4_0315	TIGR4	360720	30.86
NEG_IGR_TIGR4_0316	TIGR4	899912	33.33
NEG_IGR_TIGR4_0317	TIGR4	2130559	25.93
NEG_IGR_TIGR4_0318	TIGR4	63684	17.28
NEG_IGR_TIGR4_0319	TIGR4	569242	29.63
NEG_IGR_TIGR4_0320	TIGR4	1930438	19.75
NEG_IGR_TIGR4_0321	TIGR4	290985	34.57
NEG_IGR_TIGR4_0322	TIGR4	1400805	32.1
NEG_IGR_TIGR4_0323	TIGR4	1478978	35.8
NEG_IGR_TIGR4_0324	TIGR4	264111	44.44
NEG_IGR_TIGR4_0325	TIGR4	972135	28.4
NEG_IGR_TIGR4_0326	TIGR4	854527	29.63
NEG_IGR_TIGR4_0327	TIGR4	973276	16.05
NEG_IGR_TIGR4_0328	TIGR4	1337709	27.16
NEG_IGR_TIGR4_0329	TIGR4	2014210	30.86
NEG_IGR_TIGR4_0330	TIGR4	40406	30.86
NEG_IGR_TIGR4_0331	TIGR4	394126	32.1
NEG_IGR_TIGR4_0332	TIGR4	1437442	29.63
NEG_IGR_TIGR4_0333	TIGR4	755412	32.1
NEG_IGR_TIGR4_0334	TIGR4	1478921	33.33
NEG_IGR_TIGR4_0335	TIGR4	907071	28.4
NEG_IGR_TIGR4_0336	TIGR4	69524	30.86
NEG_IGR_TIGR4_0337	TIGR4	547293	29.63
NEG_IGR_TIGR4_0338	TIGR4	117197	32.1
NEG_IGR_TIGR4_0339	TIGR4	612179	27.16
NEG_IGR_TIGR4_0340	TIGR4	1000602	37.04
NEG_IGR_TIGR4_0341	TIGR4	1424324	25.93
NEG_IGR_TIGR4_0342	TIGR4	2016129	38.27
NEG_IGR_TIGR4_0343	TIGR4	1132370	39.51
NEG_IGR_TIGR4_0344	TIGR4	229234	39.51
NEG_IGR_TIGR4_0345	TIGR4	501253	44.44
NEG_IGR_TIGR4_0346	TIGR4	978576	22.22
NEG_IGR_TIGR4_0347	TIGR4	1930345	27.16
NEG_IGR_TIGR4_0348	TIGR4	1840069	23.46
NEG_IGR_TIGR4_0349	TIGR4	131797	39.51
NEG_IGR_TIGR4_0350	TIGR4	859279	24.69
NEG_IGR_TIGR4_0351	TIGR4	1261279	28.4
NEG_IGR_TIGR4_0352	TIGR4	1351077	33.33
NEG_IGR_TIGR4_0353	TIGR4	973262	14.81
NEG_IGR_TIGR4_0354	TIGR4	1716532	29.63
NEG_IGR_TIGR4_0355	TIGR4	623368	27.16
NEG_IGR_TIGR4_0356	TIGR4	378004	35.8
NEG_IGR_TIGR4_0357	TIGR4	302464	44.44
NEG_IGR_TIGR4_0358	TIGR4	1754484	38.27
NEG_IGR_TIGR4_0359	TIGR4	1527667	48.15
NEG_IGR_TIGR4_0360	TIGR4	1731428	38.27
NEG_IGR_TIGR4_0361	TIGR4	1818290	28.4
NEG_IGR_TIGR4_0362	TIGR4	2015605	34.57
NEG_IGR_TIGR4_0363	TIGR4	557869	35.8
NEG_IGR_TIGR4_0364	TIGR4	1840117	28.4
NEG_IGR_TIGR4_0365	TIGR4	2100255	38.27
NEG_IGR_TIGR4_0366	TIGR4	1593589	27.16
NEG_IGR_TIGR4_0367	TIGR4	40666	44.44
NEG_IGR_TIGR4_0368	TIGR4	1277250	43.21
NEG_IGR_TIGR4_0369	TIGR4	317172	43.21
NEG_IGR_TIGR4_0370	TIGR4	1324194	34.57
NEG_IGR_TIGR4_0371	TIGR4	1593509	24.69
NEG_IGR_TIGR4_0372	TIGR4	1982816	38.27
NEG_IGR_TIGR4_0373	TIGR4	864347	32.1
NEG_IGR_TIGR4_0374	TIGR4	656043	28.4
NEG_IGR_TIGR4_0375	TIGR4	310559	37.04
NEG_IGR_TIGR4_0376	TIGR4	1925161	20.99
NEG_IGR_TIGR4_0377	TIGR4	1831654	33.33
NEG_IGR_TIGR4_0378	TIGR4	1950764	32.1
NEG_IGR_TIGR4_0379	TIGR4	1363077	28.4
NEG_IGR_TIGR4_0380	TIGR4	603238	37.04
NEG_IGR_TIGR4_0381	TIGR4	1745797	33.33
NEG_IGR_TIGR4_0382	TIGR4	1541133	49.38
NEG_IGR_TIGR4_0383	TIGR4	572490	35.8
NEG_IGR_TIGR4_0384	TIGR4	1861959	35.8
NEG_IGR_TIGR4_0385	TIGR4	338953	27.16
NEG_IGR_TIGR4_0386	TIGR4	1327361	29.63
NEG_IGR_TIGR4_0387	TIGR4	1854080	17.28
NEG_IGR_TIGR4_0388	TIGR4	31335	20.99
NEG_IGR_TIGR4_0389	TIGR4	378314	30.86
NEG_IGR_TIGR4_0390	TIGR4	1108069	28.4
NEG_IGR_TIGR4_0391	TIGR4	336681	33.33
NEG_IGR_TIGR4_0392	TIGR4	1193592	38.27
NEG_IGR_TIGR4_0393	TIGR4	1764436	22.22
NEG_IGR_TIGR4_0394	TIGR4	557686	40.74
NEG_IGR_TIGR4_0395	TIGR4	1504672	30.86
NEG_IGR_TIGR4_0396	TIGR4	1509637	46.91
NEG_IGR_TIGR4_0397	TIGR4	50698	34.57
NEG_IGR_TIGR4_0398	TIGR4	1708554	24.69
NEG_IGR_TIGR4_0399	TIGR4	1132388	44.44
NEG_IGR_TIGR4_0400	TIGR4	1761746	32.1
NEG_IGR_TIGR4_0401	TIGR4	1925257	29.63
NEG_IGR_TIGR4_0402	TIGR4	681604	29.63
NEG_IGR_TIGR4_0403	TIGR4	1337687	27.16
NEG_IGR_TIGR4_0404	TIGR4	667475	28.4
NEG_IGR_TIGR4_0405	TIGR4	1541024	41.98
NEG_IGR_TIGR4_0406	TIGR4	1730782	44.44
NEG_IGR_TIGR4_0407	TIGR4	1424714	48.15
NEG_IGR_TIGR4_0408	TIGR4	499901	41.98
NEG_IGR_TIGR4_0409	TIGR4	1408353	30.86
NEG_IGR_TIGR4_0410	TIGR4	120713	28.4
NEG_IGR_TIGR4_0411	TIGR4	1944779	35.8
NEG_IGR_TIGR4_0412	TIGR4	497017	38.27
NEG_IGR_TIGR4_0413	TIGR4	2098136	23.46
NEG_IGR_TIGR4_0414	TIGR4	1454131	38.27
NEG_IGR_TIGR4_0415	TIGR4	950154	20.99
NEG_IGR_TIGR4_0416	TIGR4	1261368	35.8
NEG_IGR_TIGR4_0417	TIGR4	1360816	30.86
NEG_IGR_TIGR4_0418	TIGR4	1198769	35.8
NEG_IGR_TIGR4_0419	TIGR4	1141731	29.63
NEG_IGR_TIGR4_0420	TIGR4	214641	27.16
NEG_IGR_TIGR4_0421	TIGR4	1930235	39.51
NEG_IGR_TIGR4_0422	TIGR4	1625010	25.93
NEG_IGR_TIGR4_0423	TIGR4	1703564	35.8
NEG_IGR_TIGR4_0424	TIGR4	2100340	53.09
NEG_IGR_TIGR4_0425	TIGR4	973303	19.75
NEG_IGR_TIGR4_0426	TIGR4	1784778	44.44
NEG_IGR_TIGR4_0427	TIGR4	1731739	20.99
NEG_IGR_TIGR4_0428	TIGR4	377973	38.27
NEG_IGR_TIGR4_0429	TIGR4	2046469	27.16
NEG_IGR_TIGR4_0430	TIGR4	1075190	28.4
NEG_IGR_TIGR4_0431	TIGR4	1053237	20.99
NEG_IGR_TIGR4_0432	TIGR4	1799477	29.63
NEG_IGR_TIGR4_0433	TIGR4	1861716	35.8
NEG_IGR_TIGR4_0434	TIGR4	2050465	43.21
NEG_IGR_TIGR4_0435	TIGR4	1386161	41.98
NEG_IGR_TIGR4_0436	TIGR4	1412257	46.91
NEG_IGR_TIGR4_0437	TIGR4	869325	32.1
NEG_IGR_TIGR4_0438	TIGR4	497162	38.27
NEG_IGR_TIGR4_0439	TIGR4	438033	22.22
NEG_IGR_TIGR4_0440	TIGR4	1773066	32.1
NEG_IGR_TIGR4_0441	TIGR4	117428	41.98
NEG_IGR_TIGR4_0442	TIGR4	1786524	37.04
NEG_IGR_TIGR4_0443	TIGR4	852930	40.74
NEG_IGR_TIGR4_0444	TIGR4	2065628	23.46
NEG_IGR_TIGR4_0445	TIGR4	1132402	43.21
NEG_IGR_TIGR4_0446	TIGR4	1073505	40.74
NEG_IGR_TIGR4_0447	TIGR4	1016567	32.1
NEG_IGR_TIGR4_0448	TIGR4	864291	32.1
NEG_IGR_TIGR4_0449	TIGR4	667982	39.51
NEG_IGR_TIGR4_0450	TIGR4	317228	43.21
NEG_IGR_TIGR4_0451	TIGR4	40428	29.63
NEG_IGR_TIGR4_0452	TIGR4	684802	24.69
NEG_IGR_TIGR4_0453	TIGR4	1448500	39.51
NEG_IGR_TIGR4_0454	TIGR4	1477268	39.51
NEG_IGR_TIGR4_0455	TIGR4	1053464	24.69
NEG_IGR_TIGR4_0456	TIGR4	1344057	19.75
NEG_IGR_TIGR4_0457	TIGR4	1715205	27.16
NEG_IGR_TIGR4_0458	TIGR4	1497915	30.86
NEG_IGR_TIGR4_0459	TIGR4	1051392	28.4
NEG_IGR_TIGR4_0460	TIGR4	1764392	23.46
NEG_IGR_TIGR4_0461	TIGR4	515702	16.05
NEG_IGR_TIGR4_0462	TIGR4	1439588	24.69
NEG_IGR_TIGR4_0463	TIGR4	1400933	33.33
NEG_IGR_TIGR4_0464	TIGR4	1907647	24.69
NEG_IGR_TIGR4_0465	TIGR4	1836016	41.98
NEG_IGR_TIGR4_0466	TIGR4	1272714	44.44
NEG_IGR_TIGR4_0467	TIGR4	295091	22.22
NEG_IGR_TIGR4_0468	TIGR4	623371	27.16
NEG_IGR_TIGR4_0469	TIGR4	1568230	28.4
NEG_IGR_TIGR4_0470	TIGR4	1424351	23.46
NEG_IGR_TIGR4_0471	TIGR4	1522157	25.93
NEG_IGR_TIGR4_0472	TIGR4	1270291	41.98
NEG_IGR_TIGR4_0473	TIGR4	497283	45.68
NEG_IGR_TIGR4_0474	TIGR4	1527486	39.51
NEG_IGR_TIGR4_0475	TIGR4	1593795	33.33
NEG_IGR_TIGR4_0476	TIGR4	511986	22.22
NEG_IGR_TIGR4_0477	TIGR4	853863	49.38
NEG_IGR_TIGR4_0478	TIGR4	1424402	35.8
NEG_IGR_TIGR4_0479	TIGR4	1051343	30.86
NEG_IGR_TIGR4_0480	TIGR4	1408364	29.63
NEG_IGR_TIGR4_0481	TIGR4	1710228	27.16
NEG_IGR_TIGR4_0482	TIGR4	1861476	29.63
NEG_IGR_TIGR4_0483	TIGR4	1745362	32.1
NEG_IGR_TIGR4_0484	TIGR4	539897	33.33
NEG_IGR_TIGR4_0485	TIGR4	808047	30.86
NEG_IGR_TIGR4_0486	TIGR4	1436463	34.57
NEG_IGR_TIGR4_0487	TIGR4	598256	38.27
NEG_IGR_TIGR4_0488	TIGR4	1051321	25.93
NEG_IGR_TIGR4_0489	TIGR4	423386	28.4
NEG_IGR_TIGR4_0490	TIGR4	1021199	29.63
NEG_IGR_TIGR4_0491	TIGR4	2068899	32.1
NEG_IGR_TIGR4_0492	TIGR4	499381	22.22
NEG_IGR_TIGR4_0493	TIGR4	1599006	41.98
NEG_IGR_TIGR4_0494	TIGR4	1593116	30.86
NEG_IGR_TIGR4_0495	TIGR4	1544676	32.1
NEG_IGR_TIGR4_0496	TIGR4	1504801	44.44
NEG_IGR_TIGR4_0497	TIGR4	978796	46.91
NEG_IGR_TIGR4_0498	TIGR4	1831806	43.21
NEG_IGR_TIGR4_0499	TIGR4	864302	38.27
NEG_IGR_TIGR4_0500	TIGR4	40413	30.86
NEG_IGR_TIGR4_0501	TIGR4	1360280	16.05
NEG_IGR_TIGR4_0502	TIGR4	978591	27.16
NEG_IGR_TIGR4_0503	TIGR4	316950	24.69
NEG_IGR_TIGR4_0504	TIGR4	1599179	23.46
NEG_IGR_TIGR4_0505	TIGR4	360654	25.93
NEG_IGR_TIGR4_0506	TIGR4	1861263	24.69
NEG_IGR_TIGR4_0507	TIGR4	655887	24.69
NEG_IGR_TIGR4_0508	TIGR4	136899	28.4
NEG_IGR_TIGR4_0509	TIGR4	843689	32.1
NEG_IGR_TIGR4_0510	TIGR4	1346823	27.16
NEG_IGR_TIGR4_0511	TIGR4	156198	27.16
NEG_IGR_TIGR4_0512	TIGR4	892854	35.8
NEG_IGR_TIGR4_0513	TIGR4	472755	30.86
NEG_IGR_TIGR4_0514	TIGR4	472761	30.86
NEG_IGR_TIGR4_0515	TIGR4	1272641	40.74
NEG_IGR_TIGR4_0516	TIGR4	1399112	29.63
NEG_IGR_TIGR4_0517	TIGR4	788261	29.63
NEG_IGR_TIGR4_0518	TIGR4	1848759	37.04
NEG_IGR_TIGR4_0519	TIGR4	783004	37.04
NEG_IGR_TIGR4_0520	TIGR4	1412313	43.21
NEG_IGR_TIGR4_0521	TIGR4	1193536	30.86
NEG_IGR_TIGR4_0522	TIGR4	1818823	29.63
NEG_IGR_TIGR4_0523	TIGR4	928588	27.16
NEG_IGR_TIGR4_0524	TIGR4	1848670	34.57
NEG_IGR_TIGR4_0525	TIGR4	165654	34.57
NEG_IGR_TIGR4_0526	TIGR4	1558880	12.35
NEG_IGR_TIGR4_0527	TIGR4	610401	22.22
NEG_IGR_TIGR4_0528	TIGR4	1204548	33.33
NEG_IGR_TIGR4_0529	TIGR4	807433	28.4
NEG_IGR_TIGR4_0530	TIGR4	494253	43.21
NEG_IGR_TIGR4_0531	TIGR4	118183	33.33
NEG_IGR_TIGR4_0532	TIGR4	2014334	30.86
NEG_IGR_TIGR4_0533	TIGR4	1234207	37.04
NEG_IGR_TIGR4_0534	TIGR4	2046500	27.16
NEG_IGR_TIGR4_0535	TIGR4	82286	32.1
NEG_IGR_TIGR4_0536	TIGR4	1957541	22.22
NEG_IGR_TIGR4_0537	TIGR4	1925462	34.57
NEG_IGR_TIGR4_0538	TIGR4	990940	38.27
NEG_IGR_TIGR4_0539	TIGR4	117358	30.86
NEG_IGR_TIGR4_0540	TIGR4	438218	29.63
NEG_IGR_TIGR4_0541	TIGR4	248181	46.91
NEG_IGR_TIGR4_0542	TIGR4	783239	33.33
NEG_IGR_TIGR4_0543	TIGR4	612594	24.69
NEG_IGR_TIGR4_0544	TIGR4	92698	43.21
NEG_IGR_TIGR4_0545	TIGR4	2085718	39.51
NEG_IGR_TIGR4_0546	TIGR4	1773197	27.16
NEG_IGR_TIGR4_0547	TIGR4	1982874	38.27
NEG_IGR_TIGR4_0548	TIGR4	1033938	35.8
NEG_IGR_TIGR4_0549	TIGR4	990737	45.68
NEG_IGR_TIGR4_0550	TIGR4	1562195	38.27
NEG_IGR_TIGR4_0551	TIGR4	1336004	38.27
NEG_IGR_TIGR4_0552	TIGR4	2095594	45.68
NEG_IGR_TIGR4_0553	TIGR4	228826	39.51
NEG_IGR_TIGR4_0554	TIGR4	1622206	32.1
NEG_IGR_TIGR4_0555	TIGR4	158937	39.51
NEG_IGR_TIGR4_0556	TIGR4	1730865	40.74
NEG_IGR_TIGR4_0557	TIGR4	1033910	37.04
NEG_IGR_TIGR4_0558	TIGR4	1580067	32.1
NEG_IGR_TIGR4_0559	TIGR4	449822	33.33
NEG_IGR_TIGR4_0560	TIGR4	530757	43.21
NEG_IGR_TIGR4_0561	TIGR4	2098331	33.33
NEG_IGR_TIGR4_0562	TIGR4	810869	28.4
NEG_IGR_TIGR4_0563	TIGR4	1527675	46.91
NEG_IGR_TIGR4_0564	TIGR4	960417	29.63
NEG_IGR_TIGR4_0565	TIGR4	852977	44.44
NEG_IGR_TIGR4_0566	TIGR4	1146561	22.22
NEG_IGR_TIGR4_0567	TIGR4	869777	34.57
NEG_IGR_TIGR4_0568	TIGR4	346715	39.51
NEG_IGR_TIGR4_0569	TIGR4	690283	41.98
NEG_IGR_TIGR4_0570	TIGR4	1016810	35.8
NEG_IGR_TIGR4_0571	TIGR4	1764461	22.22
NEG_IGR_TIGR4_0572	TIGR4	599139	32.1
NEG_IGR_TIGR4_0573	TIGR4	1585946	35.8
NEG_IGR_TIGR4_0574	TIGR4	539815	35.8
NEG_IGR_TIGR4_0575	TIGR4	116262	27.16
NEG_IGR_TIGR4_0576	TIGR4	1125905	19.75
NEG_IGR_TIGR4_0577	TIGR4	248183	46.91
NEG_IGR_TIGR4_0578	TIGR4	2100025	49.38
NEG_IGR_TIGR4_0579	TIGR4	290711	28.4
NEG_IGR_TIGR4_0580	TIGR4	1466635	43.21
NEG_IGR_TIGR4_0581	TIGR4	1836177	32.1
NEG_IGR_TIGR4_0582	TIGR4	1274463	34.57
NEG_IGR_TIGR4_0583	TIGR4	432003	43.21
NEG_IGR_TIGR4_0584	TIGR4	1582083	32.1
NEG_IGR_TIGR4_0585	TIGR4	1774298	33.33
NEG_IGR_TIGR4_0586	TIGR4	1216205	29.63
NEG_IGR_TIGR4_0587	TIGR4	547679	46.91
NEG_IGR_TIGR4_0588	TIGR4	2050439	38.27
NEG_IGR_TIGR4_0589	TIGR4	229267	40.74
NEG_IGR_TIGR4_0590	TIGR4	1405817	25.93
NEG_IGR_TIGR4_0591	TIGR4	2015575	34.57
NEG_IGR_TIGR4_0592	TIGR4	766648	32.1
NEG_IGR_TIGR4_0593	TIGR4	1527540	37.04
NEG_IGR_TIGR4_0594	TIGR4	450549	27.16
NEG_IGR_TIGR4_0595	TIGR4	1082313	43.21
NEG_IGR_TIGR4_0596	TIGR4	286686	33.33
NEG_IGR_TIGR4_0597	TIGR4	722786	28.4
NEG_IGR_TIGR4_0598	TIGR4	291750	48.15
NEG_IGR_TIGR4_0599	TIGR4	120776	22.22
NEG_IGR_TIGR4_0600	TIGR4	1963423	37.04
NEG_IGR_TIGR4_0601	TIGR4	276192	28.4
NEG_IGR_TIGR4_0602	TIGR4	1861334	25.93
NEG_IGR_TIGR4_0603	TIGR4	423058	37.04
NEG_IGR_TIGR4_0604	TIGR4	1512649	35.8
NEG_IGR_TIGR4_0605	TIGR4	682838	44.44
NEG_IGR_TIGR4_0606	TIGR4	1256331	12.35
NEG_IGR_TIGR4_0607	TIGR4	312897	33.33
NEG_IGR_TIGR4_0608	TIGR4	1836350	32.1
NEG_IGR_TIGR4_0609	TIGR4	1598928	28.4
NEG_IGR_TIGR4_0610	TIGR4	1710067	33.33
NEG_IGR_TIGR4_0611	TIGR4	1448399	34.57
NEG_IGR_TIGR4_0612	TIGR4	995765	27.16
NEG_IGR_TIGR4_0613	TIGR4	336527	39.51
NEG_IGR_TIGR4_0614	TIGR4	1843252	30.86
NEG_IGR_TIGR4_0615	TIGR4	981888	19.75
NEG_IGR_TIGR4_0616	TIGR4	2083206	39.51
NEG_IGR_TIGR4_0617	TIGR4	530739	38.27
NEG_IGR_TIGR4_0618	TIGR4	939975	43.21
NEG_IGR_TIGR4_0619	TIGR4	1528086	39.51
NEG_IGR_TIGR4_0620	TIGR4	577179	25.93
NEG_IGR_TIGR4_0621	TIGR4	1126633	30.86
NEG_IGR_TIGR4_0622	TIGR4	612357	39.51
NEG_IGR_TIGR4_0623	TIGR4	1512589	34.57
NEG_IGR_TIGR4_0624	TIGR4	497062	40.74
NEG_IGR_TIGR4_0625	TIGR4	2015940	22.22
NEG_IGR_TIGR4_0626	TIGR4	2014028	40.74
NEG_IGR_TIGR4_0627	TIGR4	2097101	30.86
NEG_IGR_TIGR4_0628	TIGR4	360659	24.69
NEG_IGR_TIGR4_0629	TIGR4	1198833	24.69
NEG_IGR_TIGR4_0630	TIGR4	1107202	24.69
NEG_IGR_TIGR4_0631	TIGR4	1761780	23.46
NEG_IGR_TIGR4_0632	TIGR4	1808570	27.16
NEG_IGR_TIGR4_0633	TIGR4	1108008	24.69
NEG_IGR_TIGR4_0634	TIGR4	1840286	27.16
NEG_IGR_TIGR4_0635	TIGR4	511923	18.52
NEG_IGR_TIGR4_0636	TIGR4	428401	32.1
NEG_IGR_TIGR4_0637	TIGR4	1351127	30.86
NEG_IGR_TIGR4_0638	TIGR4	2026364	30.86
NEG_IGR_TIGR4_0639	TIGR4	1650287	46.91
NEG_IGR_TIGR4_0640	TIGR4	1388618	38.27
NEG_IGR_TIGR4_0641	TIGR4	336542	39.51
NEG_IGR_TIGR4_0642	TIGR4	764502	38.27
NEG_IGR_TIGR4_0643	TIGR4	1132132	24.69
NEG_IGR_TIGR4_0644	TIGR4	1745817	32.1
NEG_IGR_TIGR4_0645	TIGR4	552925	28.4
NEG_IGR_TIGR4_0646	TIGR4	1706654	33.33
NEG_IGR_TIGR4_0647	TIGR4	764625	37.04
NEG_IGR_TIGR4_0648	TIGR4	1515219	34.57
NEG_IGR_TIGR4_0649	TIGR4	283514	28.4
NEG_IGR_TIGR4_0650	TIGR4	785698	32.1
NEG_IGR_TIGR4_0651	TIGR4	214569	22.22
NEG_IGR_TIGR4_0652	TIGR4	437969	19.75
NEG_IGR_TIGR4_0653	TIGR4	859254	20.99
NEG_IGR_TIGR4_0654	TIGR4	1119574	45.68
NEG_IGR_TIGR4_0655	TIGR4	1861270	25.93
NEG_IGR_TIGR4_0656	TIGR4	981775	37.04
NEG_IGR_TIGR4_0657	TIGR4	494654	32.1
NEG_IGR_TIGR4_0658	TIGR4	392121	44.44
NEG_IGR_TIGR4_0659	TIGR4	2122809	29.63
NEG_IGR_TIGR4_0660	TIGR4	1789559	39.51
NEG_IGR_TIGR4_0661	TIGR4	1036167	24.69
NEG_IGR_TIGR4_0662	TIGR4	676238	19.75
NEG_IGR_TIGR4_0663	TIGR4	156006	46.91
NEG_IGR_TIGR4_0664	TIGR4	1364585	29.63
NEG_IGR_TIGR4_0665	TIGR4	423273	34.57
NEG_IGR_TIGR4_0666	TIGR4	1066397	39.51
NEG_IGR_TIGR4_0667	TIGR4	1363041	34.57
NEG_IGR_TIGR4_0668	TIGR4	1903630	33.33
NEG_IGR_TIGR4_0669	TIGR4	310620	30.86
NEG_IGR_TIGR4_0670	TIGR4	372105	33.33
NEG_IGR_TIGR4_0671	TIGR4	2154728	19.75
NEG_IGR_TIGR4_0672	TIGR4	557814	37.04
NEG_IGR_TIGR4_0673	TIGR4	1709442	25.93
NEG_IGR_TIGR4_0674	TIGR4	1038687	38.27
NEG_IGR_TIGR4_0675	TIGR4	1345898	34.57
NEG_IGR_TIGR4_0676	TIGR4	499827	34.57
NEG_IGR_TIGR4_0677	TIGR4	2099920	44.44
NEG_IGR_TIGR4_0678	TIGR4	239596	34.57
NEG_IGR_TIGR4_0679	TIGR4	1593040	39.51
NEG_IGR_TIGR4_0680	TIGR4	898851	40.74
NEG_IGR_TIGR4_0681	TIGR4	1593632	28.4
NEG_IGR_TIGR4_0682	TIGR4	853575	49.38
NEG_IGR_TIGR4_0683	TIGR4	231050	32.1
NEG_IGR_TIGR4_0684	TIGR4	157596	18.52
NEG_IGR_TIGR4_0685	TIGR4	1623984	39.51
NEG_IGR_TIGR4_0686	TIGR4	1208007	19.75
NEG_IGR_TIGR4_0687	TIGR4	1622221	29.63
NEG_IGR_TIGR4_0688	TIGR4	1214227	40.74
NEG_IGR_TIGR4_0689	TIGR4	2014015	40.74
NEG_IGR_TIGR4_0690	TIGR4	1360341	18.52
NEG_IGR_TIGR4_0691	TIGR4	1716565	30.86
NEG_IGR_TIGR4_0692	TIGR4	684549	33.33
NEG_IGR_TIGR4_0693	TIGR4	1069071	35.8
NEG_IGR_TIGR4_0694	TIGR4	863938	34.57
NEG_IGR_TIGR4_0695	TIGR4	423243	41.98
NEG_IGR_TIGR4_0696	TIGR4	450490	24.69
NEG_IGR_TIGR4_0697	TIGR4	1843207	33.33
NEG_IGR_TIGR4_0698	TIGR4	1016530	38.27
NEG_IGR_TIGR4_0699	TIGR4	980977	46.91
NEG_IGR_TIGR4_0700	TIGR4	853622	46.91
NEG_IGR_TIGR4_0701	TIGR4	1973955	24.69
NEG_IGR_TIGR4_0702	TIGR4	455407	27.16
NEG_IGR_TIGR4_0703	TIGR4	228908	35.8
NEG_IGR_TIGR4_0704	TIGR4	854350	29.63
NEG_IGR_TIGR4_0705	TIGR4	139601	48.15
NEG_IGR_TIGR4_0706	TIGR4	1582044	39.51
NEG_IGR_TIGR4_0707	TIGR4	1836354	32.1
NEG_IGR_TIGR4_0708	TIGR4	444677	34.57
NEG_IGR_TIGR4_0709	TIGR4	290892	46.91
NEG_IGR_TIGR4_0710	TIGR4	612418	45.68
NEG_IGR_TIGR4_0711	TIGR4	664331	37.04
NEG_IGR_TIGR4_0712	TIGR4	526733	25.93
NEG_IGR_TIGR4_0713	TIGR4	1364607	27.16
NEG_IGR_TIGR4_0714	TIGR4	79347	38.27
NEG_IGR_TIGR4_0715	TIGR4	1400952	39.51
NEG_IGR_TIGR4_0716	TIGR4	1215639	22.22
NEG_IGR_TIGR4_0717	TIGR4	1345719	20.99
NEG_IGR_TIGR4_0718	TIGR4	863833	40.74
NEG_IGR_TIGR4_0719	TIGR4	1593154	32.1
NEG_IGR_TIGR4_0720	TIGR4	40362	33.33
NEG_IGR_TIGR4_0721	TIGR4	1593751	37.04
NEG_IGR_TIGR4_0722	TIGR4	610323	29.63
NEG_IGR_TIGR4_0723	TIGR4	290700	28.4
NEG_IGR_TIGR4_0724	TIGR4	1526662	25.93
NEG_IGR_TIGR4_0725	TIGR4	1270290	43.21
NEG_IGR_TIGR4_0726	TIGR4	655883	25.93
NEG_IGR_TIGR4_0727	TIGR4	950113	30.86
NEG_IGR_TIGR4_0728	TIGR4	1716555	30.86
NEG_IGR_TIGR4_0729	TIGR4	1478824	32.1
NEG_IGR_TIGR4_0730	TIGR4	2069648	19.75
NEG_IGR_TIGR4_0731	TIGR4	110502	29.63
NEG_IGR_TIGR4_0732	TIGR4	70848	32.1
NEG_IGR_TIGR4_0733	TIGR4	1622315	35.8
NEG_IGR_TIGR4_0734	TIGR4	1838342	20.99
NEG_IGR_TIGR4_0735	TIGR4	2068817	34.57
NEG_IGR_TIGR4_0736	TIGR4	1773286	24.69
NEG_IGR_TIGR4_0737	TIGR4	417284	17.28
NEG_IGR_TIGR4_0738	TIGR4	1261167	35.8
NEG_IGR_TIGR4_0739	TIGR4	1848714	33.33
NEG_IGR_TIGR4_0740	TIGR4	909114	39.51
NEG_IGR_TIGR4_0741	TIGR4	1930679	32.1
NEG_IGR_TIGR4_0742	TIGR4	572637	24.69
NEG_IGR_TIGR4_0743	TIGR4	2015845	30.86
NEG_IGR_TIGR4_0744	TIGR4	128133	25.93
NEG_IGR_TIGR4_0745	TIGR4	1675880	25.93
NEG_IGR_TIGR4_0746	TIGR4	987846	25.93
NEG_IGR_TIGR4_0747	TIGR4	1393599	29.63
NEG_IGR_TIGR4_0748	TIGR4	515974	45.68
NEG_IGR_TIGR4_0749	TIGR4	656073	32.1
NEG_IGR_TIGR4_0750	TIGR4	928530	27.16
NEG_IGR_TIGR4_0751	TIGR4	1410764	38.27
NEG_IGR_TIGR4_0752	TIGR4	1930563	23.46
NEG_IGR_TIGR4_0753	TIGR4	131783	40.74
NEG_IGR_TIGR4_0754	TIGR4	1454160	39.51
NEG_IGR_TIGR4_0755	TIGR4	511623	20.99
NEG_IGR_TIGR4_0756	TIGR4	2098459	51.85
NEG_IGR_TIGR4_0757	TIGR4	1755190	23.46
NEG_IGR_TIGR4_0758	TIGR4	1000727	33.33
NEG_IGR_TIGR4_0759	TIGR4	990677	34.57
NEG_IGR_TIGR4_0760	TIGR4	1937029	27.16
NEG_IGR_TIGR4_0761	TIGR4	1038229	37.04
NEG_IGR_TIGR4_0762	TIGR4	541070	34.57
NEG_IGR_TIGR4_0763	TIGR4	1861383	24.69
NEG_IGR_TIGR4_0764	TIGR4	1840190	30.86
NEG_IGR_TIGR4_0765	TIGR4	1746125	35.8
NEG_IGR_TIGR4_0766	TIGR4	1016865	37.04
NEG_IGR_TIGR4_0767	TIGR4	1051413	33.33
NEG_IGR_TIGR4_0768	TIGR4	919734	29.63
NEG_IGR_TIGR4_0769	TIGR4	2048755	29.63
NEG_IGR_TIGR4_0770	TIGR4	229207	39.51
NEG_IGR_TIGR4_0771	TIGR4	1221872	22.22
NEG_IGR_TIGR4_0772	TIGR4	1277175	43.21
NEG_IGR_TIGR4_0773	TIGR4	1840056	25.93
NEG_IGR_TIGR4_0774	TIGR4	1462523	40.74
NEG_IGR_TIGR4_0775	TIGR4	610491	30.86
NEG_IGR_TIGR4_0776	TIGR4	2086246	40.74
NEG_IGR_TIGR4_0777	TIGR4	378046	34.57
NEG_IGR_TIGR4_0778	TIGR4	450620	38.27
NEG_IGR_TIGR4_0779	TIGR4	1957589	25.93
NEG_IGR_TIGR4_0780	TIGR4	29831	38.27
NEG_IGR_TIGR4_0781	TIGR4	165666	34.57
NEG_IGR_TIGR4_0782	TIGR4	722660	33.33
NEG_IGR_TIGR4_0783	TIGR4	565483	32.1
NEG_IGR_TIGR4_0784	TIGR4	1211520	38.27
NEG_IGR_TIGR4_0785	TIGR4	960430	29.63
NEG_IGR_TIGR4_0786	TIGR4	854073	34.57
NEG_IGR_TIGR4_0787	TIGR4	1675958	29.63
NEG_IGR_TIGR4_0788	TIGR4	939964	43.21
NEG_IGR_TIGR4_0789	TIGR4	1839193	33.33
NEG_IGR_TIGR4_0790	TIGR4	1925339	29.63
NEG_IGR_TIGR4_0791	TIGR4	2046467	27.16
NEG_IGR_TIGR4_0792	TIGR4	1336220	24.69
NEG_IGR_TIGR4_0793	TIGR4	1732973	19.75
NEG_IGR_TIGR4_0794	TIGR4	696661	35.8
NEG_IGR_TIGR4_0795	TIGR4	1042618	28.4
NEG_IGR_TIGR4_0796	TIGR4	821669	25.93
NEG_IGR_TIGR4_0797	TIGR4	1346824	27.16
NEG_IGR_TIGR4_0798	TIGR4	1016152	32.1
NEG_IGR_TIGR4_0799	TIGR4	317052	32.1
NEG_IGR_TIGR4_0800	TIGR4	1360457	25.93
NEG_IGR_TIGR4_0801	TIGR4	2026320	34.57
NEG_IGR_TIGR4_0802	TIGR4	2061907	17.28
NEG_IGR_TIGR4_0803	TIGR4	117516	46.91
NEG_IGR_TIGR4_0804	TIGR4	361124	43.21
NEG_IGR_TIGR4_0805	TIGR4	678323	30.86
NEG_IGR_TIGR4_0806	TIGR4	777440	23.46
NEG_IGR_TIGR4_0807	TIGR4	472825	41.98
NEG_IGR_TIGR4_0808	TIGR4	854281	24.69
NEG_IGR_TIGR4_0809	TIGR4	1925385	29.63
NEG_IGR_TIGR4_0810	TIGR4	1870167	33.33
NEG_IGR_TIGR4_0811	TIGR4	981866	18.52
NEG_IGR_TIGR4_0812	TIGR4	973149	29.63
NEG_IGR_TIGR4_0813	TIGR4	1484708	30.86
NEG_IGR_TIGR4_0814	TIGR4	1141842	30.86
NEG_IGR_TIGR4_0815	TIGR4	2100041	48.15
NEG_IGR_TIGR4_0816	TIGR4	158857	39.51
NEG_IGR_TIGR4_0817	TIGR4	361067	50.62
NEG_IGR_TIGR4_0818	TIGR4	1005391	37.04
NEG_IGR_TIGR4_0819	TIGR4	995096	16.05
NEG_IGR_TIGR4_0820	TIGR4	1227624	29.63
NEG_IGR_TIGR4_0821	TIGR4	82524	34.57
NEG_IGR_TIGR4_0822	TIGR4	1400865	37.04
NEG_IGR_TIGR4_0823	TIGR4	1835757	30.86
NEG_IGR_TIGR4_0824	TIGR4	907075	25.93
NEG_IGR_TIGR4_0825	TIGR4	2022023	30.86
NEG_IGR_TIGR4_0826	TIGR4	1234172	45.68
NEG_IGR_TIGR4_0827	TIGR4	1853980	22.22
NEG_IGR_TIGR4_0828	TIGR4	2098341	35.8
NEG_IGR_TIGR4_0829	TIGR4	73417	29.63
NEG_IGR_TIGR4_0830	TIGR4	1401303	38.27
NEG_IGR_TIGR4_0831	TIGR4	1000633	39.51
NEG_IGR_TIGR4_0832	TIGR4	2014020	40.74
NEG_IGR_TIGR4_0833	TIGR4	248094	40.74
NEG_IGR_TIGR4_0834	TIGR4	2095576	43.21
NEG_IGR_TIGR4_0835	TIGR4	678218	28.4
NEG_IGR_TIGR4_0836	TIGR4	547400	12.35
NEG_IGR_TIGR4_0837	TIGR4	972537	22.22
NEG_IGR_TIGR4_0838	TIGR4	537334	32.1
NEG_IGR_TIGR4_0839	TIGR4	1107927	32.1
NEG_IGR_TIGR4_0840	TIGR4	1016523	41.98
NEG_IGR_TIGR4_0841	TIGR4	444609	38.27
NEG_IGR_TIGR4_0842	TIGR4	423224	43.21
NEG_IGR_TIGR4_0843	TIGR4	574001	23.46
NEG_IGR_TIGR4_0844	TIGR4	1271332	35.8
NEG_IGR_TIGR4_0845	TIGR4	1903610	33.33
NEG_IGR_TIGR4_0846	TIGR4	1301805	32.1
NEG_IGR_TIGR4_0847	TIGR4	1036219	22.22
NEG_IGR_TIGR4_0848	TIGR4	1619343	37.04
NEG_IGR_TIGR4_0849	TIGR4	1771524	34.57
NEG_IGR_TIGR4_0850	TIGR4	377821	30.86
NEG_IGR_TIGR4_0851	TIGR4	539865	28.4
NEG_IGR_TIGR4_0852	TIGR4	1348672	28.4
NEG_IGR_TIGR4_0853	TIGR4	1073390	19.75
NEG_IGR_TIGR4_0854	TIGR4	1093980	24.69
NEG_IGR_TIGR4_0855	TIGR4	246783	32.1
NEG_IGR_TIGR4_0856	TIGR4	1861524	28.4
NEG_IGR_TIGR4_0857	TIGR4	131999	44.44
NEG_IGR_TIGR4_0858	TIGR4	1408293	27.16
NEG_IGR_TIGR4_0859	TIGR4	565623	48.15
NEG_IGR_TIGR4_0860	TIGR4	890971	23.46
NEG_IGR_TIGR4_0861	TIGR4	1509577	46.91
NEG_IGR_TIGR4_0862	TIGR4	978756	38.27
NEG_IGR_TIGR4_0863	TIGR4	1093802	29.63
NEG_IGR_TIGR4_0864	TIGR4	1612190	25.93
NEG_IGR_TIGR4_0865	TIGR4	1207924	25.93
NEG_IGR_TIGR4_0866	TIGR4	863780	34.57
NEG_IGR_TIGR4_0867	TIGR4	1861704	32.1
NEG_IGR_TIGR4_0868	TIGR4	1363169	29.63
NEG_IGR_TIGR4_0869	TIGR4	1870299	27.16
NEG_IGR_TIGR4_0870	TIGR4	854360	33.33
NEG_IGR_TIGR4_0871	TIGR4	526089	41.98
NEG_IGR_TIGR4_0872	TIGR4	972094	32.1
NEG_IGR_TIGR4_0873	TIGR4	96667	38.27
NEG_IGR_TIGR4_0874	TIGR4	2061994	23.46
NEG_IGR_TIGR4_0875	TIGR4	1706694	37.04
NEG_IGR_TIGR4_0876	TIGR4	1377216	27.16
NEG_IGR_TIGR4_0877	TIGR4	131991	39.51
NEG_IGR_TIGR4_0878	TIGR4	1151109	28.4
NEG_IGR_TIGR4_0879	TIGR4	1907809	23.46
NEG_IGR_TIGR4_0880	TIGR4	1036106	25.93
NEG_IGR_TIGR4_0881	TIGR4	1359846	41.98
NEG_IGR_TIGR4_0882	TIGR4	1310136	35.8
NEG_IGR_TIGR4_0883	TIGR4	678295	27.16
NEG_IGR_TIGR4_0884	TIGR4	1000528	38.27
NEG_IGR_TIGR4_0885	TIGR4	1270252	32.1
NEG_IGR_TIGR4_0886	TIGR4	1843147	27.16
NEG_IGR_TIGR4_0887	TIGR4	1035476	35.8
NEG_IGR_TIGR4_0888	TIGR4	731316	20.99
NEG_IGR_TIGR4_0889	TIGR4	1348854	20.99
NEG_IGR_TIGR4_0890	TIGR4	668047	50.62
NEG_IGR_TIGR4_0891	TIGR4	863971	32.1
NEG_IGR_TIGR4_0892	TIGR4	1410704	33.33
NEG_IGR_TIGR4_0893	TIGR4	1993308	29.63
NEG_IGR_TIGR4_0894	TIGR4	116017	28.4
NEG_IGR_TIGR4_0895	TIGR4	712655	41.98
NEG_IGR_TIGR4_0896	TIGR4	1853977	18.52
NEG_IGR_TIGR4_0897	TIGR4	423510	25.93
NEG_IGR_TIGR4_0898	TIGR4	421089	37.04
NEG_IGR_TIGR4_0899	TIGR4	69498	43.21
NEG_IGR_TIGR4_0900	TIGR4	30290	35.8
NEG_IGR_TIGR4_0901	TIGR4	612596	23.46
NEG_IGR_TIGR4_0902	TIGR4	346704	39.51
NEG_IGR_TIGR4_0903	TIGR4	2101935	46.91
NEG_IGR_TIGR4_0904	TIGR4	113966	27.16
NEG_IGR_TIGR4_0905	TIGR4	1301779	32.1
NEG_IGR_TIGR4_0906	TIGR4	323882	29.63
NEG_IGR_TIGR4_0907	TIGR4	1389974	56.79
NEG_IGR_TIGR4_0908	TIGR4	1838393	38.27
NEG_IGR_TIGR4_0909	TIGR4	1650268	39.51
NEG_IGR_TIGR4_0910	TIGR4	183034	48.15
NEG_IGR_TIGR4_0911	TIGR4	1318878	19.75
NEG_IGR_TIGR4_0912	TIGR4	1718283	27.16
NEG_IGR_TIGR4_0913	TIGR4	286684	32.1
NEG_IGR_TIGR4_0914	TIGR4	1399126	30.86
NEG_IGR_TIGR4_0915	TIGR4	273069	34.57
NEG_IGR_TIGR4_0916	TIGR4	1423807	35.8
NEG_IGR_TIGR4_0917	TIGR4	1778334	34.57
NEG_IGR_TIGR4_0918	TIGR4	1099147	38.27
NEG_IGR_TIGR4_0919	TIGR4	663521	33.33
NEG_IGR_TIGR4_0920	TIGR4	690359	38.27
NEG_IGR_TIGR4_0921	TIGR4	1696106	40.74
NEG_IGR_TIGR4_0922	TIGR4	1813267	27.16
NEG_IGR_TIGR4_0923	TIGR4	1016363	49.38
NEG_IGR_TIGR4_0924	TIGR4	1709314	24.69
NEG_IGR_TIGR4_0925	TIGR4	995316	32.1
NEG_IGR_TIGR4_0926	TIGR4	972626	30.86
NEG_IGR_TIGR4_0927	TIGR4	2000982	33.33
NEG_IGR_TIGR4_0928	TIGR4	1233966	22.22
NEG_IGR_TIGR4_0929	TIGR4	1339749	28.4
NEG_IGR_TIGR4_0930	TIGR4	1593317	30.86
NEG_IGR_TIGR4_0931	TIGR4	1544309	39.51
NEG_IGR_TIGR4_0932	TIGR4	599128	29.63
NEG_IGR_TIGR4_0933	TIGR4	1082287	41.98
NEG_IGR_TIGR4_0934	TIGR4	1336054	38.27
NEG_IGR_TIGR4_0935	TIGR4	1940040	22.22
NEG_IGR_TIGR4_0936	TIGR4	1033915	37.04
NEG_IGR_TIGR4_0937	TIGR4	622256	27.16
NEG_IGR_TIGR4_0938	TIGR4	167828	32.1
NEG_IGR_TIGR4_0939	TIGR4	1926330	24.69
NEG_IGR_TIGR4_0940	TIGR4	49146	23.46
NEG_IGR_TIGR4_0941	TIGR4	1694962	32.1
NEG_IGR_TIGR4_0942	TIGR4	421202	38.27
NEG_IGR_TIGR4_0943	TIGR4	224583	32.1
NEG_IGR_TIGR4_0944	TIGR4	610524	35.8
NEG_IGR_TIGR4_0945	TIGR4	312909	33.33
NEG_IGR_TIGR4_0946	TIGR4	1773244	29.63
NEG_IGR_TIGR4_0947	TIGR4	2115216	40.74
NEG_IGR_TIGR4_0948	TIGR4	1724272	28.4
NEG_IGR_TIGR4_0949	TIGR4	1151164	35.8
NEG_IGR_TIGR4_0950	TIGR4	1093760	24.69
NEG_IGR_TIGR4_0951	TIGR4	1036159	28.4
NEG_IGR_TIGR4_0952	TIGR4	1675891	28.4
NEG_IGR_TIGR4_0953	TIGR4	2069642	23.46
NEG_IGR_TIGR4_0954	TIGR4	972550	23.46
NEG_IGR_TIGR4_0955	TIGR4	1337674	24.69
NEG_IGR_TIGR4_0956	TIGR4	783107	41.98
NEG_IGR_TIGR4_0957	TIGR4	2098345	37.04
NEG_IGR_TIGR4_0958	TIGR4	1350956	29.63
NEG_IGR_TIGR4_0959	TIGR4	1738854	25.93
NEG_IGR_TIGR4_0960	TIGR4	2048728	24.69
NEG_IGR_TIGR4_0961	TIGR4	990808	34.57
NEG_IGR_TIGR4_0962	TIGR4	2086163	41.98
NEG_IGR_TIGR4_0963	TIGR4	1063081	33.33
NEG_IGR_TIGR4_0964	TIGR4	1623894	35.8
NEG_IGR_TIGR4_0965	TIGR4	2062056	37.04
NEG_IGR_TIGR4_0966	TIGR4	1622880	32.1
NEG_IGR_TIGR4_0967	TIGR4	501641	32.1
NEG_IGR_TIGR4_0968	TIGR4	854107	24.69
NEG_IGR_TIGR4_0969	TIGR4	1732979	17.28
NEG_IGR_TIGR4_0970	TIGR4	1051300	32.1
NEG_IGR_TIGR4_0971	TIGR4	1386189	45.68
NEG_IGR_TIGR4_0972	TIGR4	360450	33.33
NEG_IGR_TIGR4_0973	TIGR4	1774255	41.98
NEG_IGR_TIGR4_0974	TIGR4	2114933	44.44
NEG_IGR_TIGR4_0975	TIGR4	1989956	39.51
NEG_IGR_TIGR4_0976	TIGR4	1957594	27.16
NEG_IGR_TIGR4_0977	TIGR4	1436472	32.1
NEG_IGR_TIGR4_0978	TIGR4	1526645	28.4
NEG_IGR_TIGR4_0979	TIGR4	709238	32.1
NEG_IGR_TIGR4_0980	TIGR4	472835	44.44
NEG_IGR_TIGR4_0981	TIGR4	2000753	22.22
NEG_IGR_TIGR4_0982	TIGR4	1526599	30.86
NEG_IGR_TIGR4_0983	TIGR4	1051356	30.86
NEG_IGR_TIGR4_0984	TIGR4	1118486	33.33
NEG_IGR_TIGR4_0985	TIGR4	665715	25.93
NEG_IGR_TIGR4_0986	TIGR4	846890	18.52
NEG_IGR_TIGR4_0987	TIGR4	248200	43.21
NEG_IGR_TIGR4_0988	TIGR4	800609	29.63
NEG_IGR_TIGR4_0989	TIGR4	1754936	37.04
NEG_IGR_TIGR4_0990	TIGR4	231053	34.57
NEG_IGR_TIGR4_0991	TIGR4	132000	43.21
NEG_IGR_TIGR4_0992	TIGR4	1895323	35.8
NEG_IGR_TIGR4_0993	TIGR4	1461048	37.04
NEG_IGR_TIGR4_0994	TIGR4	1831515	37.04
NEG_IGR_TIGR4_0995	TIGR4	1512581	33.33
NEG_IGR_TIGR4_0996	TIGR4	1337753	25.93
NEG_IGR_TIGR4_0997	TIGR4	599699	34.57
NEG_IGR_TIGR4_0998	TIGR4	1461041	39.51
NEG_IGR_TIGR4_0999	TIGR4	204434	40.74
NEG_IGR_TIGR4_1000	TIGR4	2086614	38.27
NEG_IGR_TIGR4_1001	TIGR4	978459	30.86
NEG_IGR_TIGR4_1002	TIGR4	1622938	29.63
NEG_IGR_TIGR4_1003	TIGR4	1113494	27.16
NEG_IGR_TIGR4_1004	TIGR4	1069105	33.33
NEG_IGR_TIGR4_1005	TIGR4	117174	35.8
NEG_IGR_TIGR4_1006	TIGR4	1861590	34.57
NEG_IGR_TIGR4_1007	TIGR4	991147	39.51
NEG_IGR_TIGR4_1008	TIGR4	1424565	38.27
NEG_IGR_TIGR4_1009	TIGR4	978673	35.8
NEG_IGR_TIGR4_1010	TIGR4	864543	29.63
NEG_IGR_TIGR4_1011	TIGR4	722757	34.57
NEG_IGR_TIGR4_1012	TIGR4	291728	48.15
NEG_IGR_TIGR4_1013	TIGR4	214922	33.33
NEG_IGR_TIGR4_1014	TIGR4	1703548	28.4
NEG_IGR_TIGR4_1015	TIGR4	2005598	41.98
NEG_IGR_TIGR4_1016	TIGR4	1016655	37.04
NEG_IGR_TIGR4_1017	TIGR4	1930517	33.33
NEG_IGR_TIGR4_1018	TIGR4	610510	33.33
NEG_IGR_TIGR4_1019	TIGR4	394186	32.1
NEG_IGR_TIGR4_1020	TIGR4	2069679	25.93
NEG_IGR_TIGR4_1021	TIGR4	313029	48.15
NEG_IGR_TIGR4_1022	TIGR4	892810	29.63
NEG_IGR_TIGR4_1023	TIGR4	449837	30.86
NEG_IGR_TIGR4_1024	TIGR4	1818291	28.4
NEG_IGR_TIGR4_1025	TIGR4	404899	34.57
NEG_IGR_TIGR4_1026	TIGR4	540063	28.4
NEG_IGR_TIGR4_1027	TIGR4	588498	46.91
NEG_IGR_TIGR4_1028	TIGR4	317168	43.21
NEG_IGR_TIGR4_1029	TIGR4	494143	20.99
NEG_IGR_TIGR4_1030	TIGR4	2061798	30.86
NEG_IGR_TIGR4_1031	TIGR4	1848837	35.8
NEG_IGR_TIGR4_1032	TIGR4	592226	43.21
NEG_IGR_TIGR4_1033	TIGR4	1848677	33.33
NEG_IGR_TIGR4_1034	TIGR4	1400727	34.57
NEG_IGR_TIGR4_1035	TIGR4	1716594	32.1
NEG_IGR_TIGR4_1036	TIGR4	1042529	27.16
NEG_IGR_TIGR4_1037	TIGR4	1323976	27.16
NEG_IGR_TIGR4_1038	TIGR4	1339715	33.33
NEG_IGR_TIGR4_1039	TIGR4	1344102	24.69
NEG_IGR_TIGR4_1040	TIGR4	2114768	38.27
NEG_IGR_TIGR4_1041	TIGR4	438226	30.86
NEG_IGR_TIGR4_1042	TIGR4	1324231	33.33
NEG_IGR_TIGR4_1043	TIGR4	228907	35.8
NEG_IGR_TIGR4_1044	TIGR4	116347	24.69
NEG_IGR_TIGR4_1045	TIGR4	909100	43.21
NEG_IGR_TIGR4_1046	TIGR4	2086515	37.04
NEG_IGR_TIGR4_1047	TIGR4	1650297	44.44
NEG_IGR_TIGR4_1048	TIGR4	1484742	33.33
NEG_IGR_TIGR4_1049	TIGR4	499839	35.8
NEG_IGR_TIGR4_1050	TIGR4	2100167	33.33
NEG_IGR_TIGR4_1051	TIGR4	132006	43.21
NEG_IGR_TIGR4_1052	TIGR4	1335735	40.74
NEG_IGR_TIGR4_1053	TIGR4	1718323	20.99
NEG_IGR_TIGR4_1054	TIGR4	1777179	32.1
NEG_IGR_TIGR4_1055	TIGR4	698245	34.57
NEG_IGR_TIGR4_1056	TIGR4	1401202	32.1
NEG_IGR_TIGR4_1057	TIGR4	276679	23.46
NEG_IGR_TIGR4_1058	TIGR4	1171416	24.69
NEG_IGR_TIGR4_1059	TIGR4	1818472	24.69
NEG_IGR_TIGR4_1060	TIGR4	995769	25.93
NEG_IGR_TIGR4_1061	TIGR4	846868	19.75
NEG_IGR_TIGR4_1062	TIGR4	1309479	40.74
NEG_IGR_TIGR4_1063	TIGR4	449336	25.93
NEG_IGR_TIGR4_1064	TIGR4	214606	25.93
NEG_IGR_TIGR4_1065	TIGR4	1336067	39.51
NEG_IGR_TIGR4_1066	TIGR4	1489602	19.75
NEG_IGR_TIGR4_1067	TIGR4	2000912	24.69
NEG_IGR_TIGR4_1068	TIGR4	783558	37.04
NEG_IGR_TIGR4_1069	TIGR4	1063131	34.57
NEG_IGR_TIGR4_1070	TIGR4	1051441	32.1
NEG_IGR_TIGR4_1071	TIGR4	547648	46.91
NEG_IGR_TIGR4_1072	TIGR4	1339680	38.27
NEG_IGR_TIGR4_1073	TIGR4	1016345	44.44
NEG_IGR_TIGR4_1074	TIGR4	1256323	13.58
NEG_IGR_TIGR4_1075	TIGR4	950178	22.22
NEG_IGR_TIGR4_1076	TIGR4	973241	14.81
NEG_IGR_TIGR4_1077	TIGR4	662940	25.93
NEG_IGR_TIGR4_1078	TIGR4	610378	24.69
NEG_IGR_TIGR4_1079	TIGR4	1541108	48.15
NEG_IGR_TIGR4_1080	TIGR4	132907	23.46
NEG_IGR_TIGR4_1081	TIGR4	63754	23.46
NEG_IGR_TIGR4_1082	TIGR4	1925122	8.64
NEG_IGR_TIGR4_1083	TIGR4	1562217	35.8
NEG_IGR_TIGR4_1084	TIGR4	312855	37.04
NEG_IGR_TIGR4_1085	TIGR4	622164	33.33
NEG_IGR_TIGR4_1086	TIGR4	1038697	35.8
NEG_IGR_TIGR4_1087	TIGR4	731206	41.98
NEG_IGR_TIGR4_1088	TIGR4	1274242	38.27
NEG_IGR_TIGR4_1089	TIGR4	165597	48.15
NEG_IGR_TIGR4_1090	TIGR4	1093989	24.69
NEG_IGR_TIGR4_1091	TIGR4	472399	50.62
NEG_IGR_TIGR4_1092	TIGR4	1405866	35.8
NEG_IGR_TIGR4_1093	TIGR4	783441	34.57
NEG_IGR_TIGR4_1094	TIGR4	295140	24.69
NEG_IGR_TIGR4_1095	TIGR4	336746	32.1
NEG_IGR_TIGR4_1096	TIGR4	1051337	29.63
NEG_IGR_TIGR4_1097	TIGR4	1193687	29.63
NEG_IGR_TIGR4_1098	TIGR4	1272627	40.74
NEG_IGR_TIGR4_1099	TIGR4	956936	24.69
NEG_IGR_TIGR4_1100	TIGR4	1903498	38.27
NEG_IGR_TIGR4_1101	TIGR4	1401311	38.27
NEG_IGR_TIGR4_1102	TIGR4	1448489	39.51
NEG_IGR_TIGR4_1103	TIGR4	1132147	19.75
NEG_IGR_TIGR4_1104	TIGR4	1733452	29.63
NEG_IGR_TIGR4_1105	TIGR4	577181	24.69
NEG_IGR_TIGR4_1106	TIGR4	1838369	29.63
NEG_IGR_TIGR4_1107	TIGR4	1021311	38.27
NEG_IGR_TIGR4_1108	TIGR4	1082380	41.98
NEG_IGR_TIGR4_1109	TIGR4	1622986	33.33
NEG_IGR_TIGR4_1110	TIGR4	2015852	33.33
NEG_IGR_TIGR4_1111	TIGR4	877582	29.63
NEG_IGR_TIGR4_1112	TIGR4	295103	20.99
NEG_IGR_TIGR4_1113	TIGR4	31298	27.16
NEG_IGR_TIGR4_1114	TIGR4	449766	32.1
NEG_IGR_TIGR4_1115	TIGR4	72002	33.33
NEG_IGR_TIGR4_1116	TIGR4	516610	24.69
NEG_IGR_TIGR4_1117	TIGR4	372214	22.22
NEG_IGR_TIGR4_1118	TIGR4	1982871	35.8
NEG_IGR_TIGR4_1119	TIGR4	764909	30.86
NEG_IGR_TIGR4_1120	TIGR4	2100021	48.15
NEG_IGR_TIGR4_1121	TIGR4	1539381	28.4
NEG_IGR_TIGR4_1122	TIGR4	1720915	28.4
NEG_IGR_TIGR4_1123	TIGR4	1745858	23.46
NEG_IGR_TIGR4_1124	TIGR4	665795	23.46
NEG_IGR_TIGR4_1125	TIGR4	1831531	35.8
NEG_IGR_TIGR4_1126	TIGR4	1840271	28.4
NEG_IGR_TIGR4_1127	TIGR4	1256420	16.05
NEG_IGR_TIGR4_1128	TIGR4	1335777	34.57
NEG_IGR_TIGR4_1129	TIGR4	1038809	38.27
NEG_IGR_TIGR4_1130	TIGR4	1600475	32.1
NEG_IGR_TIGR4_1131	TIGR4	1301799	32.1
NEG_IGR_TIGR4_1132	TIGR4	1522113	29.63
NEG_IGR_TIGR4_1133	TIGR4	1754958	39.51
NEG_IGR_TIGR4_1134	TIGR4	455345	23.46
NEG_IGR_TIGR4_1135	TIGR4	1745745	33.33
NEG_IGR_TIGR4_1136	TIGR4	990698	37.04
NEG_IGR_TIGR4_1137	TIGR4	1232399	24.69
NEG_IGR_TIGR4_1138	TIGR4	1364549	32.1
NEG_IGR_TIGR4_1139	TIGR4	167929	37.04
NEG_IGR_TIGR4_1140	TIGR4	951361	40.74
NEG_IGR_TIGR4_1141	TIGR4	2098161	25.93
NEG_IGR_TIGR4_1142	TIGR4	2016312	45.68
NEG_IGR_TIGR4_1143	TIGR4	956884	34.57
NEG_IGR_TIGR4_1144	TIGR4	1272634	40.74
NEG_IGR_TIGR4_1145	TIGR4	864312	34.57
NEG_IGR_TIGR4_1146	TIGR4	1335772	37.04
NEG_IGR_TIGR4_1147	TIGR4	764488	37.04
NEG_IGR_TIGR4_1148	TIGR4	204459	32.1
NEG_IGR_TIGR4_1149	TIGR4	1693609	34.57
NEG_IGR_TIGR4_1150	TIGR4	597281	45.68
NEG_IGR_TIGR4_1151	TIGR4	242747	30.86
NEG_IGR_TIGR4_1152	TIGR4	810857	27.16
NEG_IGR_TIGR4_1153	TIGR4	2057504	29.63
NEG_IGR_TIGR4_1154	TIGR4	159075	18.52
NEG_IGR_TIGR4_1155	TIGR4	821626	25.93
NEG_IGR_TIGR4_1156	TIGR4	317000	19.75
NEG_IGR_TIGR4_1157	TIGR4	863841	37.04
NEG_IGR_TIGR4_1158	TIGR4	800593	33.33
NEG_IGR_TIGR4_1159	TIGR4	663489	30.86
NEG_IGR_TIGR4_1160	TIGR4	1831128	37.04
NEG_IGR_TIGR4_1161	TIGR4	1675988	33.33
NEG_IGR_TIGR4_1162	TIGR4	1339482	38.27
NEG_IGR_TIGR4_1163	TIGR4	1745935	30.86
NEG_IGR_TIGR4_1164	TIGR4	680198	35.8
NEG_IGR_TIGR4_1165	TIGR4	1797994	35.8
NEG_IGR_TIGR4_1166	TIGR4	310492	32.1
NEG_IGR_TIGR4_1167	TIGR4	511629	22.22
NEG_IGR_TIGR4_1168	TIGR4	273639	32.1
NEG_IGR_TIGR4_1169	TIGR4	2061516	40.74
NEG_IGR_TIGR4_1170	TIGR4	2035107	28.4
NEG_IGR_TIGR4_1171	TIGR4	1348925	27.16
NEG_IGR_TIGR4_1172	TIGR4	864565	34.57
NEG_IGR_TIGR4_1173	TIGR4	678426	30.86
NEG_IGR_TIGR4_1174	TIGR4	1132457	37.04
NEG_IGR_TIGR4_1175	TIGR4	547351	20.99
NEG_IGR_TIGR4_1176	TIGR4	808053	32.1
NEG_IGR_TIGR4_1177	TIGR4	1771435	45.68
NEG_IGR_TIGR4_1178	TIGR4	276717	24.69
NEG_IGR_TIGR4_1179	TIGR4	973039	33.33
NEG_IGR_TIGR4_1180	TIGR4	1360488	27.16
NEG_IGR_TIGR4_1181	TIGR4	664382	29.63
NEG_IGR_TIGR4_1182	TIGR4	405992	28.4
NEG_IGR_TIGR4_1183	TIGR4	972170	25.93
NEG_IGR_TIGR4_1184	TIGR4	1843262	29.63
NEG_IGR_TIGR4_1185	TIGR4	565638	50.62
NEG_IGR_TIGR4_1186	TIGR4	1544194	34.57
NEG_IGR_TIGR4_1187	TIGR4	165511	40.74
NEG_IGR_TIGR4_1188	TIGR4	118156	32.1
NEG_IGR_TIGR4_1189	TIGR4	680224	33.33
NEG_IGR_TIGR4_1190	TIGR4	1256343	12.35
NEG_IGR_TIGR4_1191	TIGR4	2099950	49.38
NEG_IGR_TIGR4_1192	TIGR4	2061815	32.1
NEG_IGR_TIGR4_1193	TIGR4	501373	44.44
NEG_IGR_TIGR4_1194	TIGR4	1990022	40.74
NEG_IGR_TIGR4_1195	TIGR4	204463	29.63
NEG_IGR_TIGR4_1196	TIGR4	1530018	41.98
NEG_IGR_TIGR4_1197	TIGR4	1593820	32.1
NEG_IGR_TIGR4_1198	TIGR4	539651	32.1
NEG_IGR_TIGR4_1199	TIGR4	1907461	29.63
NEG_IGR_TIGR4_1200	TIGR4	1389906	39.51
NEG_IGR_TIGR4_1201	TIGR4	1048906	23.46
NEG_IGR_TIGR4_1202	TIGR4	1399240	28.4
NEG_IGR_TIGR4_1203	TIGR4	764979	30.86
NEG_IGR_TIGR4_1204	TIGR4	1708482	25.93
NEG_IGR_TIGR4_1205	TIGR4	432105	17.28
NEG_IGR_TIGR4_1206	TIGR4	1372577	38.27
NEG_IGR_TIGR4_1207	TIGR4	1581919	27.16
NEG_IGR_TIGR4_1208	TIGR4	1848726	35.8
NEG_IGR_TIGR4_1209	TIGR4	1599206	20.99
NEG_IGR_TIGR4_1210	TIGR4	1745730	27.16
NEG_IGR_TIGR4_1211	TIGR4	853408	23.46
NEG_IGR_TIGR4_1212	TIGR4	1066390	35.8
NEG_IGR_TIGR4_1213	TIGR4	276174	24.69
NEG_IGR_TIGR4_1214	TIGR4	2046326	32.1
NEG_IGR_TIGR4_1215	TIGR4	1372638	29.63
NEG_IGR_TIGR4_1216	TIGR4	1764448	20.99
NEG_IGR_TIGR4_1217	TIGR4	511635	19.75
NEG_IGR_TIGR4_1218	TIGR4	1437451	28.4
NEG_IGR_TIGR4_1219	TIGR4	361084	51.85
NEG_IGR_TIGR4_1220	TIGR4	1840220	25.93
NEG_IGR_TIGR4_1221	TIGR4	229209	38.27
NEG_IGR_TIGR4_1222	TIGR4	1423775	34.57
NEG_IGR_TIGR4_1223	TIGR4	1290995	37.04
NEG_IGR_TIGR4_1224	TIGR4	1593481	18.52
NEG_IGR_TIGR4_1225	TIGR4	783250	37.04
NEG_IGR_TIGR4_1226	TIGR4	667533	27.16
NEG_IGR_TIGR4_1227	TIGR4	1051462	37.04
NEG_IGR_TIGR4_1228	TIGR4	2015750	38.27
NEG_IGR_TIGR4_1229	TIGR4	1261315	30.86
NEG_IGR_TIGR4_1230	TIGR4	1277195	40.74
NEG_IGR_TIGR4_1231	TIGR4	1400785	33.33
NEG_IGR_TIGR4_1232	TIGR4	678296	28.4
NEG_IGR_TIGR4_1233	TIGR4	1351109	32.1
NEG_IGR_TIGR4_1234	TIGR4	1843185	27.16
NEG_IGR_TIGR4_1235	TIGR4	1558314	35.8
NEG_IGR_TIGR4_1236	TIGR4	854402	29.63
NEG_IGR_TIGR4_1237	TIGR4	1599287	29.63
NEG_IGR_TIGR4_1238	TIGR4	1348827	27.16
NEG_IGR_TIGR4_1239	TIGR4	1261540	40.74
NEG_IGR_TIGR4_1240	TIGR4	1512711	37.04
NEG_IGR_TIGR4_1241	TIGR4	1141744	23.46
NEG_IGR_TIGR4_1242	TIGR4	1982347	46.91
NEG_IGR_TIGR4_1243	TIGR4	2085873	38.27
NEG_IGR_TIGR4_1244	TIGR4	539926	40.74
NEG_IGR_TIGR4_1245	TIGR4	987734	33.33
NEG_IGR_TIGR4_1246	TIGR4	1675932	23.46
NEG_IGR_TIGR4_1247	TIGR4	2020467	29.63
NEG_IGR_TIGR4_1248	TIGR4	1745801	35.8
NEG_IGR_TIGR4_1249	TIGR4	1083765	20.99
NEG_IGR_TIGR4_1250	TIGR4	1344186	30.86
NEG_IGR_TIGR4_1251	TIGR4	501316	35.8
NEG_IGR_TIGR4_1252	TIGR4	421098	35.8
NEG_IGR_TIGR4_1253	TIGR4	157661	28.4
NEG_IGR_TIGR4_1254	TIGR4	167821	32.1
NEG_IGR_TIGR4_1255	TIGR4	1929813	35.8
NEG_IGR_TIGR4_1256	TIGR4	1559004	27.16
NEG_IGR_TIGR4_1257	TIGR4	1000675	44.44
NEG_IGR_TIGR4_1258	TIGR4	1399093	33.33
NEG_IGR_TIGR4_1259	TIGR4	599098	32.1
NEG_IGR_TIGR4_1260	TIGR4	818734	41.98
NEG_IGR_TIGR4_1261	TIGR4	1544117	39.51
NEG_IGR_TIGR4_1262	TIGR4	1774229	48.15
NEG_IGR_TIGR4_1263	TIGR4	1291043	43.21
NEG_IGR_TIGR4_1264	TIGR4	1848706	30.86
NEG_IGR_TIGR4_1265	TIGR4	472413	43.21
NEG_IGR_TIGR4_1266	TIGR4	499777	40.74
NEG_IGR_TIGR4_1267	TIGR4	316948	24.69
NEG_IGR_TIGR4_1268	TIGR4	295039	19.75
NEG_IGR_TIGR4_1269	TIGR4	869375	22.22
NEG_IGR_TIGR4_1270	TIGR4	990618	41.98
NEG_IGR_TIGR4_1271	TIGR4	667505	27.16
NEG_IGR_TIGR4_1272	TIGR4	132003	40.74
NEG_IGR_TIGR4_1273	TIGR4	907150	37.04
NEG_IGR_TIGR4_1274	TIGR4	1771290	29.63
NEG_IGR_TIGR4_1275	TIGR4	278587	28.4
NEG_IGR_TIGR4_1276	TIGR4	392191	43.21
NEG_IGR_TIGR4_1277	TIGR4	1611752	43.21
NEG_IGR_TIGR4_1278	TIGR4	682856	41.98
NEG_IGR_TIGR4_1279	TIGR4	1644947	29.63
NEG_IGR_TIGR4_1280	TIGR4	56097	43.21
NEG_IGR_TIGR4_1281	TIGR4	1504763	37.04
NEG_IGR_TIGR4_1282	TIGR4	821760	24.69
NEG_IGR_TIGR4_1283	TIGR4	1036108	28.4
NEG_IGR_TIGR4_1284	TIGR4	341168	34.57
NEG_IGR_TIGR4_1285	TIGR4	472764	30.86
NEG_IGR_TIGR4_1286	TIGR4	207882	48.15
NEG_IGR_TIGR4_1287	TIGR4	501260	41.98
NEG_IGR_TIGR4_1288	TIGR4	157690	32.1
NEG_IGR_TIGR4_1289	TIGR4	938286	33.33
NEG_IGR_TIGR4_1290	TIGR4	1261118	38.27
NEG_IGR_TIGR4_1291	TIGR4	2100761	29.63
NEG_IGR_TIGR4_1292	TIGR4	1547651	24.69
NEG_IGR_TIGR4_1293	TIGR4	1944794	38.27
NEG_IGR_TIGR4_1294	TIGR4	516820	38.27
NEG_IGR_TIGR4_1295	TIGR4	1708506	27.16
NEG_IGR_TIGR4_1296	TIGR4	450225	35.8
NEG_IGR_TIGR4_1297	TIGR4	79592	32.1
NEG_IGR_TIGR4_1298	TIGR4	1754466	37.04
NEG_IGR_TIGR4_1299	TIGR4	117333	27.16
NEG_IGR_TIGR4_1300	TIGR4	623332	28.4
NEG_IGR_TIGR4_1301	TIGR4	987676	32.1
NEG_IGR_TIGR4_1302	TIGR4	869607	34.57
NEG_IGR_TIGR4_1303	TIGR4	1274424	37.04
NEG_IGR_TIGR4_1304	TIGR4	857229	28.4
NEG_IGR_TIGR4_1305	TIGR4	1074921	24.69
NEG_IGR_TIGR4_1306	TIGR4	1895254	40.74
NEG_IGR_TIGR4_1307	TIGR4	978742	39.51
NEG_IGR_TIGR4_1308	TIGR4	1486436	38.27
NEG_IGR_TIGR4_1309	TIGR4	1798158	48.15
NEG_IGR_TIGR4_1310	TIGR4	1082370	40.74
NEG_IGR_TIGR4_1311	TIGR4	444710	35.8
NEG_IGR_TIGR4_1312	TIGR4	1277204	40.74
NEG_IGR_TIGR4_1313	TIGR4	821681	22.22
NEG_IGR_TIGR4_1314	TIGR4	1619429	35.8
NEG_IGR_TIGR4_1315	TIGR4	423018	44.44
NEG_IGR_TIGR4_1316	TIGR4	1593696	29.63
NEG_IGR_TIGR4_1317	TIGR4	1208010	18.52
NEG_IGR_TIGR4_1318	TIGR4	1568236	28.4
NEG_IGR_TIGR4_1319	TIGR4	1593629	27.16
NEG_IGR_TIGR4_1320	TIGR4	1016368	48.15
NEG_IGR_TIGR4_1321	TIGR4	485955	33.33
NEG_IGR_TIGR4_1322	TIGR4	539908	35.8
NEG_IGR_TIGR4_1323	TIGR4	978684	39.51
NEG_IGR_TIGR4_1324	TIGR4	526792	20.99
NEG_IGR_TIGR4_1325	TIGR4	117494	41.98
NEG_IGR_TIGR4_1326	TIGR4	2086239	43.21
NEG_IGR_TIGR4_1327	TIGR4	1363056	32.1
NEG_IGR_TIGR4_1328	TIGR4	1720894	32.1
NEG_IGR_TIGR4_1329	TIGR4	1861442	29.63
NEG_IGR_TIGR4_1330	TIGR4	907259	34.57
NEG_IGR_TIGR4_1331	TIGR4	1622236	29.63
NEG_IGR_TIGR4_1332	TIGR4	378315	29.63
NEG_IGR_TIGR4_1333	TIGR4	1527602	38.27
NEG_IGR_TIGR4_1334	TIGR4	316949	24.69
NEG_IGR_TIGR4_1335	TIGR4	1515379	35.8
NEG_IGR_TIGR4_1336	TIGR4	972563	28.4
NEG_IGR_TIGR4_1337	TIGR4	678244	32.1
NEG_IGR_TIGR4_1338	TIGR4	1545578	32.1
NEG_IGR_TIGR4_1339	TIGR4	513158	29.63
NEG_IGR_TIGR4_1340	TIGR4	116403	29.63
NEG_IGR_TIGR4_1341	TIGR4	530660	43.21
NEG_IGR_TIGR4_1342	TIGR4	1745949	33.33
NEG_IGR_TIGR4_1343	TIGR4	116466	29.63
NEG_IGR_TIGR4_1344	TIGR4	1187950	20.99
NEG_IGR_TIGR4_1345	TIGR4	1789576	38.27
NEG_IGR_TIGR4_1346	TIGR4	781055	39.51
NEG_IGR_TIGR4_1347	TIGR4	1836331	33.33
NEG_IGR_TIGR4_1348	TIGR4	1193559	28.4
NEG_IGR_TIGR4_1349	TIGR4	1593345	28.4
NEG_IGR_TIGR4_1350	TIGR4	501727	24.69
NEG_IGR_TIGR4_1351	TIGR4	450499	23.46
NEG_IGR_TIGR4_1352	TIGR4	1108165	34.57
NEG_IGR_TIGR4_1353	TIGR4	928808	40.74
NEG_IGR_TIGR4_1354	TIGR4	537361	32.1
NEG_IGR_TIGR4_1355	TIGR4	1261483	33.33
NEG_IGR_TIGR4_1356	TIGR4	928644	34.57
NEG_IGR_TIGR4_1357	TIGR4	1619494	30.86
NEG_IGR_TIGR4_1358	TIGR4	124703	48.15
NEG_IGR_TIGR4_1359	TIGR4	472847	46.91
NEG_IGR_TIGR4_1360	TIGR4	1544164	41.98
NEG_IGR_TIGR4_1361	TIGR4	2099910	44.44
NEG_IGR_TIGR4_1362	TIGR4	1497920	32.1
NEG_IGR_TIGR4_1363	TIGR4	682808	37.04
NEG_IGR_TIGR4_1364	TIGR4	284117	27.16
NEG_IGR_TIGR4_1365	TIGR4	663435	30.86
NEG_IGR_TIGR4_1366	TIGR4	1515230	29.63
NEG_IGR_TIGR4_1367	TIGR4	313005	44.44
NEG_IGR_TIGR4_1368	TIGR4	1527489	39.51
NEG_IGR_TIGR4_1369	TIGR4	336911	23.46
NEG_IGR_TIGR4_1370	TIGR4	2086592	41.98
NEG_IGR_TIGR4_1371	TIGR4	1400850	39.51
NEG_IGR_TIGR4_1372	TIGR4	1107306	29.63
NEG_IGR_TIGR4_1373	TIGR4	1622175	30.86
NEG_IGR_TIGR4_1374	TIGR4	843670	27.16
NEG_IGR_TIGR4_1375	TIGR4	1120596	34.57
NEG_IGR_TIGR4_1376	TIGR4	678617	46.91
NEG_IGR_TIGR4_1377	TIGR4	1831523	38.27
NEG_IGR_TIGR4_1378	TIGR4	1053362	25.93
NEG_IGR_TIGR4_1379	TIGR4	783507	33.33
NEG_IGR_TIGR4_1380	TIGR4	1348673	27.16
NEG_IGR_TIGR4_1381	TIGR4	1211430	43.21
NEG_IGR_TIGR4_1382	TIGR4	599090	30.86
NEG_IGR_TIGR4_1383	TIGR4	1693546	24.69
NEG_IGR_TIGR4_1384	TIGR4	423172	32.1
NEG_IGR_TIGR4_1385	TIGR4	438142	38.27
NEG_IGR_TIGR4_1386	TIGR4	499405	23.46
NEG_IGR_TIGR4_1387	TIGR4	472590	27.16
NEG_IGR_TIGR4_1388	TIGR4	82334	33.33
NEG_IGR_TIGR4_1389	TIGR4	1248149	34.57
NEG_IGR_TIGR4_1390	TIGR4	336687	34.57
NEG_IGR_TIGR4_1391	TIGR4	2095619	45.68
NEG_IGR_TIGR4_1392	TIGR4	1220213	34.57
NEG_IGR_TIGR4_1393	TIGR4	543018	27.16
NEG_IGR_TIGR4_1394	TIGR4	1850280	24.69
NEG_IGR_TIGR4_1395	TIGR4	664426	27.16
NEG_IGR_TIGR4_1396	TIGR4	722716	32.1
NEG_IGR_TIGR4_1397	TIGR4	1870120	35.8
NEG_IGR_TIGR4_1398	TIGR4	1848867	44.44
NEG_IGR_TIGR4_1399	TIGR4	423499	27.16
NEG_IGR_TIGR4_1400	TIGR4	156201	29.63
NEG_IGR_TIGR4_1401	TIGR4	854436	30.86
NEG_IGR_TIGR4_1402	TIGR4	1831700	30.86
NEG_IGR_TIGR4_1403	TIGR4	193424	43.21
NEG_IGR_TIGR4_1404	TIGR4	2100418	30.86
NEG_IGR_TIGR4_1405	TIGR4	72011	28.4
NEG_IGR_TIGR4_1406	TIGR4	1146558	23.46
NEG_IGR_TIGR4_1407	TIGR4	1818244	27.16
NEG_IGR_TIGR4_1408	TIGR4	628774	34.57
NEG_IGR_TIGR4_1409	TIGR4	1512506	19.75
NEG_IGR_TIGR4_1410	TIGR4	1930480	25.93
NEG_IGR_TIGR4_1411	TIGR4	1120619	33.33
NEG_IGR_TIGR4_1412	TIGR4	869492	43.21
NEG_IGR_TIGR4_1413	TIGR4	736808	27.16
NEG_IGR_TIGR4_1414	TIGR4	1259585	43.21
NEG_IGR_TIGR4_1415	TIGR4	1778368	34.57
NEG_IGR_TIGR4_1416	TIGR4	1151187	37.04
NEG_IGR_TIGR4_1417	TIGR4	1527802	45.68
NEG_IGR_TIGR4_1418	TIGR4	1478973	38.27
NEG_IGR_TIGR4_1419	TIGR4	1559087	25.93
NEG_IGR_TIGR4_1420	TIGR4	1755182	20.99
NEG_IGR_TIGR4_1421	TIGR4	1360691	39.51
NEG_IGR_TIGR4_1422	TIGR4	336630	33.33
NEG_IGR_TIGR4_1423	TIGR4	1592930	37.04
NEG_IGR_TIGR4_1424	TIGR4	1731649	40.74
NEG_IGR_TIGR4_1425	TIGR4	834644	28.4
NEG_IGR_TIGR4_1426	TIGR4	1220219	35.8
NEG_IGR_TIGR4_1427	TIGR4	1929958	24.69
NEG_IGR_TIGR4_1428	TIGR4	990855	32.1
NEG_IGR_TIGR4_1429	TIGR4	1118440	30.86
NEG_IGR_TIGR4_1430	TIGR4	1345853	35.8
NEG_IGR_TIGR4_1431	TIGR4	2065673	23.46
NEG_IGR_TIGR4_1432	TIGR4	1627132	25.93
NEG_IGR_TIGR4_1433	TIGR4	655924	20.99
NEG_IGR_TIGR4_1434	TIGR4	1558255	39.51
NEG_IGR_TIGR4_1435	TIGR4	441080	34.57
NEG_IGR_TIGR4_1436	TIGR4	552914	29.63
NEG_IGR_TIGR4_1437	TIGR4	44368	24.69
NEG_IGR_TIGR4_1438	TIGR4	1346743	28.4
NEG_IGR_TIGR4_1439	TIGR4	1622917	28.4
NEG_IGR_TIGR4_1440	TIGR4	623376	29.63
NEG_IGR_TIGR4_1441	TIGR4	678152	24.69
NEG_IGR_TIGR4_1442	TIGR4	1119589	40.74
NEG_IGR_TIGR4_1443	TIGR4	515689	17.28
NEG_IGR_TIGR4_1444	TIGR4	1831259	34.57
NEG_IGR_TIGR4_1445	TIGR4	116136	27.16
NEG_IGR_TIGR4_1446	TIGR4	2020413	32.1
NEG_IGR_TIGR4_1447	TIGR4	950199	17.28
NEG_IGR_TIGR4_1448	TIGR4	1489592	22.22
NEG_IGR_TIGR4_1449	TIGR4	999920	58.02
NEG_IGR_TIGR4_1450	TIGR4	1730757	45.68
NEG_IGR_TIGR4_1451	TIGR4	731086	37.04
NEG_IGR_TIGR4_1452	TIGR4	516227	30.86
NEG_IGR_TIGR4_1453	TIGR4	167885	39.51
NEG_IGR_TIGR4_1454	TIGR4	323663	35.8
NEG_IGR_TIGR4_1455	TIGR4	853603	50.62
NEG_IGR_TIGR4_1456	TIGR4	603300	29.63
NEG_IGR_TIGR4_1457	TIGR4	853615	48.15
NEG_IGR_TIGR4_1458	TIGR4	1051654	28.4
NEG_IGR_TIGR4_1459	TIGR4	1838388	37.04
NEG_IGR_TIGR4_1460	TIGR4	1843250	32.1
NEG_IGR_TIGR4_1461	TIGR4	1746200	37.04
NEG_IGR_TIGR4_1462	TIGR4	773061	16.05
NEG_IGR_TIGR4_1463	TIGR4	494311	32.1
NEG_IGR_TIGR4_1464	TIGR4	978356	27.16
NEG_IGR_TIGR4_1465	TIGR4	361037	43.21
NEG_IGR_TIGR4_1466	TIGR4	1454106	44.44
NEG_IGR_TIGR4_1467	TIGR4	1579383	28.4
NEG_IGR_TIGR4_1468	TIGR4	547644	46.91
NEG_IGR_TIGR4_1469	TIGR4	542902	27.16
NEG_IGR_TIGR4_1470	TIGR4	2035108	28.4
NEG_IGR_TIGR4_1471	TIGR4	610438	25.93
NEG_IGR_TIGR4_1472	TIGR4	338278	30.86
NEG_IGR_TIGR4_1473	TIGR4	338906	34.57
NEG_IGR_TIGR4_1474	TIGR4	783083	35.8
NEG_IGR_TIGR4_1475	TIGR4	124739	45.68
NEG_IGR_TIGR4_1476	TIGR4	1132198	17.28
NEG_IGR_TIGR4_1477	TIGR4	854096	25.93
NEG_IGR_TIGR4_1478	TIGR4	1896509	34.57
NEG_IGR_TIGR4_1479	TIGR4	991089	45.68
NEG_IGR_TIGR4_1480	TIGR4	978496	27.16
NEG_IGR_TIGR4_1481	TIGR4	467457	30.86
NEG_IGR_TIGR4_1482	TIGR4	230999	35.8
NEG_IGR_TIGR4_1483	TIGR4	2050434	39.51
NEG_IGR_TIGR4_1484	TIGR4	1622822	33.33
NEG_IGR_TIGR4_1485	TIGR4	511538	25.93
NEG_IGR_TIGR4_1486	TIGR4	1861939	41.98
NEG_IGR_TIGR4_1487	TIGR4	951467	32.1
NEG_IGR_TIGR4_1488	TIGR4	1870544	37.04
NEG_IGR_TIGR4_1489	TIGR4	681971	35.8
NEG_IGR_TIGR4_1490	TIGR4	800526	39.51
NEG_IGR_TIGR4_1491	TIGR4	1895348	39.51
NEG_IGR_TIGR4_1492	TIGR4	116030	27.16
NEG_IGR_TIGR4_1493	TIGR4	834623	34.57
NEG_IGR_TIGR4_1494	TIGR4	1843196	32.1
NEG_IGR_TIGR4_1495	TIGR4	1448428	40.74
NEG_IGR_TIGR4_1496	TIGR4	1764390	23.46
NEG_IGR_TIGR4_1497	TIGR4	79476	30.86
NEG_IGR_TIGR4_1498	TIGR4	499389	22.22
NEG_IGR_TIGR4_1499	TIGR4	1346813	25.93
NEG_IGR_TIGR4_1500	TIGR4	592239	46.91
NEG_IGR_TIGR4_1501	TIGR4	214837	40.74
NEG_IGR_TIGR4_1502	TIGR4	863816	39.51
NEG_IGR_TIGR4_1503	TIGR4	1731543	46.91
NEG_IGR_TIGR4_1504	TIGR4	1853958	18.52
NEG_IGR_TIGR4_1505	TIGR4	1234169	45.68
NEG_IGR_TIGR4_1506	TIGR4	722989	39.51
NEG_IGR_TIGR4_1507	TIGR4	1925291	29.63
NEG_IGR_TIGR4_1508	TIGR4	1227609	23.46
NEG_IGR_TIGR4_1509	TIGR4	1499142	38.27
NEG_IGR_TIGR4_1510	TIGR4	1930219	38.27
NEG_IGR_TIGR4_1511	TIGR4	1838350	24.69
NEG_IGR_TIGR4_1512	TIGR4	857201	28.4
NEG_IGR_TIGR4_1513	TIGR4	136965	37.04
NEG_IGR_TIGR4_1514	TIGR4	1831169	33.33
NEG_IGR_TIGR4_1515	TIGR4	1038279	34.57
NEG_IGR_TIGR4_1516	TIGR4	1461010	35.8
NEG_IGR_TIGR4_1517	TIGR4	995089	16.05
NEG_IGR_TIGR4_1518	TIGR4	764843	29.63
NEG_IGR_TIGR4_1519	TIGR4	2115237	39.51
NEG_IGR_TIGR4_1520	TIGR4	1336008	38.27
NEG_IGR_TIGR4_1521	TIGR4	1512447	19.75
NEG_IGR_TIGR4_1522	TIGR4	991102	39.51
NEG_IGR_TIGR4_1523	TIGR4	1619498	29.63
NEG_IGR_TIGR4_1524	TIGR4	2014321	34.57
NEG_IGR_TIGR4_1525	TIGR4	50710	39.51
NEG_IGR_TIGR4_1526	TIGR4	1233961	23.46
NEG_IGR_TIGR4_1527	TIGR4	56009	50.62
NEG_IGR_TIGR4_1528	TIGR4	336462	29.63
NEG_IGR_TIGR4_1529	TIGR4	1261175	35.8
NEG_IGR_TIGR4_1530	TIGR4	1423725	35.8
NEG_IGR_TIGR4_1531	TIGR4	79520	29.63
NEG_IGR_TIGR4_1532	TIGR4	312960	40.74
NEG_IGR_TIGR4_1533	TIGR4	1593882	29.63
NEG_IGR_TIGR4_1534	TIGR4	167830	33.33
NEG_IGR_TIGR4_1535	TIGR4	2115221	37.04
NEG_IGR_TIGR4_1536	TIGR4	2101918	37.04
NEG_IGR_TIGR4_1537	TIGR4	2132987	30.86
NEG_IGR_TIGR4_1538	TIGR4	1562116	39.51
NEG_IGR_TIGR4_1539	TIGR4	497079	51.85
NEG_IGR_TIGR4_1540	TIGR4	2016124	34.57
NEG_IGR_TIGR4_1541	TIGR4	1082284	40.74
NEG_IGR_TIGR4_1542	TIGR4	1048904	23.46
NEG_IGR_TIGR4_1543	TIGR4	79377	37.04
NEG_IGR_TIGR4_1544	TIGR4	599305	29.63
NEG_IGR_TIGR4_1545	TIGR4	1515229	29.63
NEG_IGR_TIGR4_1546	TIGR4	678166	27.16
NEG_IGR_TIGR4_1547	TIGR4	663458	27.16
NEG_IGR_TIGR4_1548	TIGR4	1907472	32.1
NEG_IGR_TIGR4_1549	TIGR4	684807	24.69
NEG_IGR_TIGR4_1550	TIGR4	678510	38.27
NEG_IGR_TIGR4_1551	TIGR4	869473	37.04
NEG_IGR_TIGR4_1552	TIGR4	1784715	34.57
NEG_IGR_TIGR4_1553	TIGR4	928692	33.33
NEG_IGR_TIGR4_1554	TIGR4	1593783	34.57
NEG_IGR_TIGR4_1555	TIGR4	515620	24.69
NEG_IGR_TIGR4_1556	TIGR4	1650274	41.98
NEG_IGR_TIGR4_1557	TIGR4	420723	27.16
NEG_IGR_TIGR4_1558	TIGR4	91622	39.51
NEG_IGR_TIGR4_1559	TIGR4	2064519	22.22
NEG_IGR_TIGR4_1560	TIGR4	1993319	29.63
NEG_IGR_TIGR4_1561	TIGR4	1478823	32.1
NEG_IGR_TIGR4_1562	TIGR4	406016	28.4
NEG_IGR_TIGR4_1563	TIGR4	1861745	32.1
NEG_IGR_TIGR4_1564	TIGR4	1755008	40.74
NEG_IGR_TIGR4_1565	TIGR4	1503336	25.93
NEG_IGR_TIGR4_1566	TIGR4	1399180	24.69
NEG_IGR_TIGR4_1567	TIGR4	1151112	28.4
NEG_IGR_TIGR4_1568	TIGR4	1773061	32.1
NEG_IGR_TIGR4_1569	TIGR4	853937	41.98
NEG_IGR_TIGR4_1570	TIGR4	709157	43.21
NEG_IGR_TIGR4_1571	TIGR4	1527792	43.21
NEG_IGR_TIGR4_1572	TIGR4	599171	32.1
NEG_IGR_TIGR4_1573	TIGR4	193480	28.4
NEG_IGR_TIGR4_1574	TIGR4	1848781	40.74
NEG_IGR_TIGR4_1575	TIGR4	127582	24.69
NEG_IGR_TIGR4_1576	TIGR4	1709430	22.22
NEG_IGR_TIGR4_1577	TIGR4	663478	28.4
NEG_IGR_TIGR4_1578	TIGR4	444549	44.44
NEG_IGR_TIGR4_1579	TIGR4	1884035	39.51
NEG_IGR_TIGR4_1580	TIGR4	1016119	34.57
NEG_IGR_TIGR4_1581	TIGR4	977230	30.86
NEG_IGR_TIGR4_1582	TIGR4	863880	29.63
NEG_IGR_TIGR4_1583	TIGR4	1337636	25.93
NEG_IGR_TIGR4_1584	TIGR4	1861370	25.93
NEG_IGR_TIGR4_1585	TIGR4	599025	34.57
NEG_IGR_TIGR4_1586	TIGR4	1188741	29.63
NEG_IGR_TIGR4_1587	TIGR4	512253	22.22
NEG_IGR_TIGR4_1588	TIGR4	678492	34.57
NEG_IGR_TIGR4_1589	TIGR4	2085754	40.74
NEG_IGR_TIGR4_1590	TIGR4	139742	23.46
NEG_IGR_TIGR4_1591	TIGR4	336853	33.33
NEG_IGR_TIGR4_1592	TIGR4	1627116	32.1
NEG_IGR_TIGR4_1593	TIGR4	690310	43.21
NEG_IGR_TIGR4_1594	TIGR4	1854022	24.69
NEG_IGR_TIGR4_1595	TIGR4	1503246	35.8
NEG_IGR_TIGR4_1596	TIGR4	1733446	29.63
NEG_IGR_TIGR4_1597	TIGR4	731221	37.04
NEG_IGR_TIGR4_1598	TIGR4	263960	38.27
NEG_IGR_TIGR4_1599	TIGR4	530741	38.27
NEG_IGR_TIGR4_1600	TIGR4	1784763	39.51
NEG_IGR_TIGR4_1601	TIGR4	854199	32.1
NEG_IGR_TIGR4_1602	TIGR4	82322	32.1
NEG_IGR_TIGR4_1603	TIGR4	1622192	32.1
NEG_IGR_TIGR4_1604	TIGR4	63729	22.22
NEG_IGR_TIGR4_1605	TIGR4	676494	28.4
NEG_IGR_TIGR4_1606	TIGR4	2015591	37.04
NEG_IGR_TIGR4_1607	TIGR4	987801	27.16
NEG_IGR_TIGR4_1608	TIGR4	1580092	39.51
NEG_IGR_TIGR4_1609	TIGR4	2095640	46.91
NEG_IGR_TIGR4_1610	TIGR4	1767310	32.1
NEG_IGR_TIGR4_1611	TIGR4	530781	49.38
NEG_IGR_TIGR4_1612	TIGR4	598243	39.51
NEG_IGR_TIGR4_1613	TIGR4	668070	45.68
NEG_IGR_TIGR4_1614	TIGR4	1541094	45.68
NEG_IGR_TIGR4_1615	TIGR4	681951	33.33
NEG_IGR_TIGR4_1616	TIGR4	941477	40.74
NEG_IGR_TIGR4_1617	TIGR4	598274	41.98
NEG_IGR_TIGR4_1618	TIGR4	1360594	38.27
NEG_IGR_TIGR4_1619	TIGR4	1151198	39.51
NEG_IGR_TIGR4_1620	TIGR4	214556	23.46
NEG_IGR_TIGR4_1621	TIGR4	1065808	22.22
NEG_IGR_TIGR4_1622	TIGR4	1119651	22.22
NEG_IGR_TIGR4_1623	TIGR4	1710210	22.22
NEG_IGR_TIGR4_1624	TIGR4	131885	39.51
NEG_IGR_TIGR4_1625	TIGR4	2069665	24.69
NEG_IGR_TIGR4_1626	TIGR4	1870271	30.86
NEG_IGR_TIGR4_1627	TIGR4	530649	41.98
NEG_IGR_TIGR4_1628	TIGR4	450105	33.33
NEG_IGR_TIGR4_1629	TIGR4	1771313	25.93
NEG_IGR_TIGR4_1630	TIGR4	2038662	28.4
NEG_IGR_TIGR4_1631	TIGR4	1489660	18.52
NEG_IGR_TIGR4_1632	TIGR4	2035086	27.16
NEG_IGR_TIGR4_1633	TIGR4	428398	30.86
NEG_IGR_TIGR4_1634	TIGR4	2064473	34.57
NEG_IGR_TIGR4_1635	TIGR4	1261255	33.33
NEG_IGR_TIGR4_1636	TIGR4	346745	33.33
NEG_IGR_TIGR4_1637	TIGR4	156046	39.51
NEG_IGR_TIGR4_1638	TIGR4	2085769	37.04
NEG_IGR_TIGR4_1639	TIGR4	291528	33.33
NEG_IGR_TIGR4_1640	TIGR4	499495	35.8
NEG_IGR_TIGR4_1641	TIGR4	1141794	30.86
NEG_IGR_TIGR4_1642	TIGR4	117406	39.51
NEG_IGR_TIGR4_1643	TIGR4	449977	34.57
NEG_IGR_TIGR4_1644	TIGR4	1709354	29.63
NEG_IGR_TIGR4_1645	TIGR4	1207916	28.4
NEG_IGR_TIGR4_1646	TIGR4	928754	37.04
NEG_IGR_TIGR4_1647	TIGR4	160075	22.22
NEG_IGR_TIGR4_1648	TIGR4	231079	35.8
NEG_IGR_TIGR4_1649	TIGR4	2015667	44.44
NEG_IGR_TIGR4_1650	TIGR4	1277197	40.74
NEG_IGR_TIGR4_1651	TIGR4	515605	27.16
NEG_IGR_TIGR4_1652	TIGR4	1695041	39.51
NEG_IGR_TIGR4_1653	TIGR4	497200	33.33
NEG_IGR_TIGR4_1654	TIGR4	821803	28.4
NEG_IGR_TIGR4_1655	TIGR4	1324099	40.74
NEG_IGR_TIGR4_1656	TIGR4	1598321	45.68
NEG_IGR_TIGR4_1657	TIGR4	106520	30.86
NEG_IGR_TIGR4_1658	TIGR4	731335	25.93
NEG_IGR_TIGR4_1659	TIGR4	319874	32.1
NEG_IGR_TIGR4_1660	TIGR4	987882	24.69
NEG_IGR_TIGR4_1661	TIGR4	980974	46.91
NEG_IGR_TIGR4_1662	TIGR4	360423	23.46
NEG_IGR_TIGR4_1663	TIGR4	766554	40.74
NEG_IGR_TIGR4_1664	TIGR4	1767301	29.63
NEG_IGR_TIGR4_1665	TIGR4	516539	25.93
NEG_IGR_TIGR4_1666	TIGR4	115858	30.86
NEG_IGR_TIGR4_1667	TIGR4	1784780	44.44
NEG_IGR_TIGR4_1668	TIGR4	1036242	23.46
NEG_IGR_TIGR4_1669	TIGR4	526674	33.33
NEG_IGR_TIGR4_1670	TIGR4	1862034	30.86
NEG_IGR_TIGR4_1671	TIGR4	1840061	24.69
NEG_IGR_TIGR4_1672	TIGR4	1903493	38.27
NEG_IGR_TIGR4_1673	TIGR4	1372652	25.93
NEG_IGR_TIGR4_1674	TIGR4	572706	33.33
NEG_IGR_TIGR4_1675	TIGR4	1412290	45.68
NEG_IGR_TIGR4_1676	TIGR4	1188786	28.4
NEG_IGR_TIGR4_1677	TIGR4	678419	32.1
NEG_IGR_TIGR4_1678	TIGR4	663601	28.4
NEG_IGR_TIGR4_1679	TIGR4	136831	29.63
NEG_IGR_TIGR4_1680	TIGR4	504513	43.21
NEG_IGR_TIGR4_1681	TIGR4	394240	40.74
NEG_IGR_TIGR4_1682	TIGR4	1487871	34.57
NEG_IGR_TIGR4_1683	TIGR4	1786535	38.27
NEG_IGR_TIGR4_1684	TIGR4	1348937	24.69
NEG_IGR_TIGR4_1685	TIGR4	766096	34.57
NEG_IGR_TIGR4_1686	TIGR4	680119	38.27
NEG_IGR_TIGR4_1687	TIGR4	1600451	29.63
NEG_IGR_TIGR4_1688	TIGR4	1529414	23.46
NEG_IGR_TIGR4_1689	TIGR4	1132200	18.52
NEG_IGR_TIGR4_1690	TIGR4	1145504	22.22
NEG_IGR_TIGR4_1691	TIGR4	1256276	16.05
NEG_IGR_TIGR4_1692	TIGR4	1929978	24.69
NEG_IGR_TIGR4_1693	TIGR4	449954	32.1
NEG_IGR_TIGR4_1694	TIGR4	1234181	46.91
NEG_IGR_TIGR4_1695	TIGR4	2001004	28.4
NEG_IGR_TIGR4_1696	TIGR4	2114775	34.57
NEG_IGR_TIGR4_1697	TIGR4	512248	23.46
NEG_IGR_TIGR4_1698	TIGR4	512285	16.05
NEG_IGR_TIGR4_1699	TIGR4	731306	22.22
NEG_IGR_TIGR4_1700	TIGR4	2086230	45.68
