Sequence_ID	Predicted_Class	Predicted_Sigma	Has_ComX	Has_Minus10	Minus10_Type	Minus10_pValue	Minus10_DistToTSS	Has_Minus35	Minus35_pValue	Minus35_Spacer	Minus35_Sequence	GFF3_GroundTruth_Class	GFF3_Has_Minus35	GFF3_Has_Minus10
transcription_start_site.1	Mono-caja_Extended_Minus10	SigA	False	True	EXTENDED_MINUS10	1.15e-06	6.0	False	1.0	-1		Bipartite	True	True
transcription_start_site.2	Mono-caja_Extended_Minus10	SigA	False	True	EXTENDED_MINUS10	0.000694	8.0	False	1.0	-1		Mono-caja_Standard	False	True
transcription_start_site.3	Mono-caja_Standard_Minus10	SigA	False	True	MINUS10_BOX	0.000427	6.0	False	1.0	-1		Mono-caja_Standard	False	True
transcription_start_site.4	Mono-caja_Extended_Minus10	SigA	False	True	EXTENDED_MINUS10	9.26e-05	7.0	False	1.0	-1		Mono-caja_Extended	False	True
transcription_start_site.5	Orphan_Unassigned	Unassigned	False	False	None	1.0	-1.0	False	1.0	-1		Mono-caja_Extended	False	True
transcription_start_site.6	Bipartite_Standard	SigA	False	True	MINUS10_BOX	0.000427	7.0	True	0.000288	16	TTGACA	Bipartite	True	True
transcription_start_site.7	ComX_SigmaX	SigX	True	True	EXTENDED_MINUS10	4.01e-05	6.0	False	1.0	-1		Bipartite	True	True
transcription_start_site.8	Orphan_Unassigned	Unassigned	False	False	None	1.0	-1.0	False	1.0	-1		Orphan	False	False
transcription_start_site.9	Orphan_Unassigned	Unassigned	False	False	None	1.0	-1.0	False	1.0	-1		Orphan	False	False
transcription_start_site.10	Orphan_Unassigned	Unassigned	False	False	None	1.0	-1.0	False	1.0	-1		Orphan	False	False
transcription_start_site.11	Orphan_Unassigned	Unassigned	False	False	None	1.0	-1.0	False	1.0	-1		Orphan	False	False
transcription_start_site.12	Mono-caja_Extended_Minus10	SigA	False	True	EXTENDED_MINUS10	7.21e-07	6.0	False	1.0	-1		Mono-caja_Extended	False	True
transcription_start_site.13	Mono-caja_Extended_Minus10	SigA	False	True	EXTENDED_MINUS10	0.000526	6.0	False	1.0	-1		Mono-caja_Extended	False	True
transcription_start_site.14	Mono-caja_Standard_Minus10	SigA	False	True	MINUS10_BOX	0.000427	5.0	False	1.0	-1		Bipartite	True	True
transcription_start_site.15	Orphan_Unassigned	Unassigned	False	False	None	1.0	-1.0	False	1.0	-1		Mono-caja_Standard	False	True
transcription_start_site.16	Mono-caja_Extended_Minus10	SigA	False	True	EXTENDED_MINUS10	7.88e-05	6.0	False	1.0	-1		Mono-caja_Extended	False	True
transcription_start_site.17	Mono-caja_Extended_Minus10	SigA	False	True	EXTENDED_MINUS10	2.49e-06	7.0	False	1.0	-1		Bipartite	True	True
transcription_start_site.18	ComX_SigmaX	SigX	True	False	None	1.0	-1.0	False	1.0	-1		Orphan	False	False
transcription_start_site.19	Orphan_Unassigned	Unassigned	False	False	None	1.0	-1.0	False	1.0	-1		Mono-caja_Extended	False	True
transcription_start_site.20	Orphan_Unassigned	Unassigned	False	False	None	1.0	-1.0	False	1.0	-1		Mono-caja_Extended	False	True
transcription_start_site.21	Orphan_Unassigned	Unassigned	False	False	None	1.0	-1.0	False	1.0	-1		Bipartite	True	True
transcription_start_site.22	ComX_SigmaX	SigX	True	False	None	1.0	-1.0	False	1.0	-1		Orphan	False	False
transcription_start_site.23	Orphan_Unassigned	Unassigned	False	False	None	1.0	-1.0	False	1.0	-1		Orphan	False	False
transcription_start_site.24	Mono-caja_Extended_Minus10	SigA	False	True	EXTENDED_MINUS10	3.55e-07	5.0	False	1.0	-1		Mono-caja_Extended	False	True
transcription_start_site.25	ComX_SigmaX	SigX	True	False	None	1.0	-1.0	False	1.0	-1		Orphan	False	False
transcription_start_site.26	Mono-caja_Standard_Minus10	SigA	False	True	MINUS10_BOX	0.000427	6.0	False	1.0	-1		Mono-caja_Standard	False	True
transcription_start_site.27	Mono-caja_Extended_Minus10	SigA	False	True	EXTENDED_MINUS10	2.69e-05	4.0	False	1.0	-1		Mono-caja_Extended	False	True
transcription_start_site.28	Mono-caja_Standard_Minus10	SigA	False	True	MINUS10_BOX	0.000427	6.0	False	1.0	-1		Bipartite	True	True
transcription_start_site.29	Mono-caja_Extended_Minus10	SigA	False	True	EXTENDED_MINUS10	7.6e-05	6.0	False	1.0	-1		Bipartite	True	True
transcription_start_site.30	Orphan_Unassigned	Unassigned	False	False	None	1.0	-1.0	False	1.0	-1		Mono-caja_Extended	False	True
transcription_start_site.31	Orphan_Unassigned	Unassigned	False	False	None	1.0	-1.0	False	1.0	-1		Orphan	False	False
transcription_start_site.32	Orphan_Unassigned	Unassigned	False	False	None	1.0	-1.0	False	1.0	-1		Mono-caja_Extended	False	True
transcription_start_site.33	Mono-caja_Extended_Minus10	SigA	False	True	EXTENDED_MINUS10	6.68e-06	6.0	False	1.0	-1		Mono-caja_Extended	False	True
transcription_start_site.34	Mono-caja_Extended_Minus10	SigA	False	True	EXTENDED_MINUS10	4.13e-05	6.0	False	1.0	-1		Mono-caja_Extended	False	True
transcription_start_site.35	Mono-caja_Extended_Minus10	SigA	False	True	EXTENDED_MINUS10	1.65e-05	6.0	False	1.0	-1		Mono-caja_Extended	False	True
transcription_start_site.36	Mono-caja_Extended_Minus10	SigA	False	True	EXTENDED_MINUS10	1.65e-05	5.0	False	1.0	-1		Mono-caja_Extended	False	True
transcription_start_site.37	Bipartite_Standard	SigA	False	True	MINUS10_BOX	0.000427	6.0	True	0.000288	17	TTGACA	Bipartite	True	True
transcription_start_site.38	Mono-caja_Standard_Minus10	SigA	False	True	MINUS10_BOX	0.000427	6.0	False	1.0	-1		Bipartite	True	True
transcription_start_site.39	Bipartite_Standard	SigA	False	True	MINUS10_BOX	0.000427	4.0	True	0.000288	17	TTGACA	Bipartite	True	True
transcription_start_site.40	Mono-caja_Extended_Minus10	SigA	False	True	EXTENDED_MINUS10	0.000307	5.0	False	1.0	-1		Bipartite	True	True
transcription_start_site.41	Mono-caja_Extended_Minus10	SigA	False	True	EXTENDED_MINUS10	2.76e-05	6.0	False	1.0	-1		Mono-caja_Extended	False	True
transcription_start_site.42	Mono-caja_Extended_Minus10	SigA	False	True	EXTENDED_MINUS10	1.65e-05	6.0	False	1.0	-1		Bipartite	True	True
transcription_start_site.43	Orphan_Unassigned	Unassigned	False	False	None	1.0	-1.0	False	1.0	-1		Orphan	False	False
transcription_start_site.44	Orphan_Unassigned	Unassigned	False	False	None	1.0	-1.0	False	1.0	-1		Mono-caja_Standard	False	True
transcription_start_site.45	Mono-caja_Extended_Minus10	SigA	False	True	EXTENDED_MINUS10	0.000811	6.0	False	1.0	-1		Mono-caja_Extended	False	True
transcription_start_site.46	Mono-caja_Extended_Minus10	SigA	False	True	EXTENDED_MINUS10	0.000784	3.0	False	1.0	-1		Bipartite	True	True
transcription_start_site.47	Mono-caja_Extended_Minus10	SigA	False	True	EXTENDED_MINUS10	0.000784	7.0	False	1.0	-1		Bipartite	True	True
transcription_start_site.48	Mono-caja_Extended_Minus10	SigA	False	True	EXTENDED_MINUS10	7.21e-07	6.0	False	1.0	-1		Mono-caja_Extended	False	True
transcription_start_site.49	ComX_SigmaX	SigX	True	False	None	1.0	-1.0	False	1.0	-1		Mono-caja_Standard	False	True
transcription_start_site.50	Orphan_Unassigned	Unassigned	False	False	None	1.0	-1.0	False	1.0	-1		Mono-caja_Standard	False	True
transcription_start_site.51	Mono-caja_Extended_Minus10	SigA	False	True	EXTENDED_MINUS10	0.000835	6.0	False	1.0	-1		Mono-caja_Extended	False	True
transcription_start_site.52	Orphan_Unassigned	Unassigned	False	False	None	1.0	-1.0	False	1.0	-1		Orphan	False	False
transcription_start_site.53	Orphan_Unassigned	Unassigned	False	False	None	1.0	-1.0	False	1.0	-1		Bipartite	True	True
transcription_start_site.54	Orphan_Unassigned	Unassigned	False	False	None	1.0	-1.0	False	1.0	-1		Bipartite	True	True
transcription_start_site.55	Mono-caja_Standard_Minus10	SigA	False	True	MINUS10_BOX	0.000427	7.0	False	1.0	-1		Mono-caja_Standard	False	True
transcription_start_site.56	Mono-caja_Extended_Minus10	SigA	False	True	EXTENDED_MINUS10	6.28e-05	6.0	False	1.0	-1		Mono-caja_Extended	False	True
transcription_start_site.57	Mono-caja_Extended_Minus10	SigA	False	True	EXTENDED_MINUS10	1.59e-06	6.0	False	1.0	-1		Mono-caja_Extended	False	True
transcription_start_site.58	Mono-caja_Extended_Minus10	SigA	False	True	EXTENDED_MINUS10	4.13e-05	6.0	False	1.0	-1		Bipartite	True	True
transcription_start_site.59	Orphan_Unassigned	Unassigned	False	False	None	1.0	-1.0	False	1.0	-1		Mono-caja_Standard	False	True
transcription_start_site.60	Orphan_Unassigned	Unassigned	False	False	None	1.0	-1.0	False	1.0	-1		Bipartite	True	True
transcription_start_site.61	Mono-caja_Extended_Minus10	SigA	False	True	EXTENDED_MINUS10	0.000811	7.0	False	1.0	-1		Mono-caja_Extended	False	True
transcription_start_site.62	Orphan_Unassigned	Unassigned	False	False	None	1.0	-1.0	False	1.0	-1		Orphan	False	False
transcription_start_site.63	Mono-caja_Extended_Minus10	SigA	False	True	EXTENDED_MINUS10	6.68e-06	6.0	False	1.0	-1		Bipartite	True	True
transcription_start_site.64	Orphan_Unassigned	Unassigned	False	False	None	1.0	-1.0	False	1.0	-1		Bipartite	True	True
transcription_start_site.65	Mono-caja_Extended_Minus10	SigA	False	True	EXTENDED_MINUS10	3.94e-05	6.0	False	1.0	-1		Mono-caja_Extended	False	True
transcription_start_site.66	Mono-caja_Extended_Minus10	SigA	False	True	EXTENDED_MINUS10	0.000185	7.0	False	1.0	-1		Mono-caja_Extended	False	True
transcription_start_site.67	Mono-caja_Standard_Minus10	SigA	False	True	MINUS10_BOX	0.000764	6.0	False	1.0	-1		Bipartite	True	True
transcription_start_site.68	Orphan_Unassigned	Unassigned	False	False	None	1.0	-1.0	False	1.0	-1		Orphan	False	False
transcription_start_site.69	Mono-caja_Extended_Minus10	SigA	False	True	EXTENDED_MINUS10	0.000985	6.0	False	1.0	-1		Bipartite	True	True
transcription_start_site.70	Orphan_Unassigned	Unassigned	False	False	None	1.0	-1.0	False	1.0	-1		Bipartite	True	True
transcription_start_site.71	Mono-caja_Extended_Minus10	SigA	False	True	EXTENDED_MINUS10	5.43e-05	7.0	False	1.0	-1		Bipartite	True	True
transcription_start_site.72	Mono-caja_Extended_Minus10	SigA	False	True	EXTENDED_MINUS10	0.000224	6.0	False	1.0	-1		Bipartite	True	True
transcription_start_site.73	Mono-caja_Extended_Minus10	SigA	False	True	EXTENDED_MINUS10	7.21e-07	6.0	False	1.0	-1		Bipartite	True	True
transcription_start_site.74	Orphan_Unassigned	Unassigned	False	False	None	1.0	-1.0	False	1.0	-1		Orphan	False	False
transcription_start_site.75	ComX_SigmaX	SigX	True	False	None	1.0	-1.0	False	1.0	-1		Orphan	False	False
transcription_start_site.76	Mono-caja_Extended_Minus10	SigA	False	True	EXTENDED_MINUS10	7.6e-05	7.0	False	1.0	-1		Bipartite	True	True
transcription_start_site.77	Orphan_Unassigned	Unassigned	False	False	None	1.0	-1.0	False	1.0	-1		Mono-caja_Standard	False	True
transcription_start_site.78	Mono-caja_Extended_Minus10	SigA	False	True	EXTENDED_MINUS10	9.26e-05	4.0	False	1.0	-1		Bipartite	True	True
transcription_start_site.79	Mono-caja_Extended_Minus10	SigA	False	True	EXTENDED_MINUS10	0.000406	6.0	False	1.0	-1		Bipartite	True	True
transcription_start_site.80	Mono-caja_Extended_Minus10	SigA	False	True	EXTENDED_MINUS10	0.000647	6.0	False	1.0	-1		Bipartite	True	True
transcription_start_site.81	Orphan_Unassigned	Unassigned	False	False	None	1.0	-1.0	False	1.0	-1		Orphan	False	False
transcription_start_site.82	Orphan_Unassigned	Unassigned	False	False	None	1.0	-1.0	False	1.0	-1		Mono-caja_Standard	False	True
transcription_start_site.83	Orphan_Unassigned	Unassigned	False	False	None	1.0	-1.0	False	1.0	-1		Mono-caja_Extended	False	True
transcription_start_site.84	Mono-caja_Extended_Minus10	SigA	False	True	EXTENDED_MINUS10	0.000705	6.0	False	1.0	-1		Mono-caja_Extended	False	True
transcription_start_site.85	Mono-caja_Extended_Minus10	SigA	False	True	EXTENDED_MINUS10	0.000916	6.0	False	1.0	-1		Bipartite	True	True
transcription_start_site.86	Mono-caja_Extended_Minus10	SigA	False	True	EXTENDED_MINUS10	0.000373	7.0	False	1.0	-1		Bipartite	True	True
transcription_start_site.87	Mono-caja_Extended_Minus10	SigA	False	True	EXTENDED_MINUS10	3.57e-06	6.0	False	1.0	-1		Bipartite	True	True
transcription_start_site.88	Mono-caja_Extended_Minus10	SigA	False	True	EXTENDED_MINUS10	4.72e-05	6.0	False	1.0	-1		Bipartite	True	True
transcription_start_site.89	Orphan_Unassigned	Unassigned	False	False	None	1.0	-1.0	False	1.0	-1		Bipartite	True	True
transcription_start_site.90	Orphan_Unassigned	Unassigned	False	False	None	1.0	-1.0	False	1.0	-1		Mono-caja_Extended	False	True
transcription_start_site.91	Mono-caja_Extended_Minus10	SigA	False	True	EXTENDED_MINUS10	0.000705	4.0	False	1.0	-1		Bipartite	True	True
transcription_start_site.92	Mono-caja_Extended_Minus10	SigA	False	True	EXTENDED_MINUS10	2.49e-06	6.0	False	1.0	-1		Mono-caja_Extended	False	True
transcription_start_site.93	Bipartite_Standard	SigA	False	True	MINUS10_BOX	0.000427	7.0	True	0.000288	17	TTGACA	Bipartite	True	True
transcription_start_site.94	Mono-caja_Extended_Minus10	SigA	False	True	EXTENDED_MINUS10	5.07e-05	6.0	False	1.0	-1		Mono-caja_Extended	False	True
transcription_start_site.95	Mono-caja_Extended_Minus10	SigA	False	True	EXTENDED_MINUS10	1.65e-05	6.0	False	1.0	-1		Mono-caja_Extended	False	True
transcription_start_site.96	Mono-caja_Extended_Minus10	SigA	False	True	EXTENDED_MINUS10	7.6e-05	6.0	False	1.0	-1		Bipartite	True	True
transcription_start_site.97	Mono-caja_Extended_Minus10	SigA	False	True	EXTENDED_MINUS10	3.12e-05	7.0	False	1.0	-1		Mono-caja_Extended	False	True
transcription_start_site.98	Mono-caja_Extended_Minus10	SigA	False	True	EXTENDED_MINUS10	2.49e-06	5.0	False	1.0	-1		Bipartite	True	True
transcription_start_site.99	Orphan_Unassigned	Unassigned	False	False	None	1.0	-1.0	False	1.0	-1		Orphan	True	False
transcription_start_site.100	Mono-caja_Extended_Minus10	SigA	False	True	EXTENDED_MINUS10	1.59e-06	6.0	False	1.0	-1		Bipartite	True	True
transcription_start_site.101	Orphan_Unassigned	Unassigned	False	False	None	1.0	-1.0	False	1.0	-1		Orphan	False	False
transcription_start_site.102	Orphan_Unassigned	Unassigned	False	False	None	1.0	-1.0	False	1.0	-1		Bipartite	True	True
transcription_start_site.103	Mono-caja_Extended_Minus10	SigA	False	True	EXTENDED_MINUS10	0.000647	6.0	False	1.0	-1		Bipartite	True	True
transcription_start_site.104	ComX_SigmaX	SigX	True	False	None	1.0	-1.0	False	1.0	-1		Orphan	False	False
transcription_start_site.105	Mono-caja_Extended_Minus10	SigA	False	True	EXTENDED_MINUS10	0.00044	6.0	False	1.0	-1		Bipartite	True	True
transcription_start_site.106	Mono-caja_Extended_Minus10	SigA	False	True	EXTENDED_MINUS10	6.63e-05	7.0	False	1.0	-1		Bipartite	True	True
transcription_start_site.107	Orphan_Unassigned	Unassigned	False	False	None	1.0	-1.0	False	1.0	-1		Bipartite	True	True
transcription_start_site.108	Mono-caja_Extended_Minus10	SigA	False	True	EXTENDED_MINUS10	0.000219	6.0	False	1.0	-1		Bipartite	True	True
transcription_start_site.109	Orphan_Unassigned	Unassigned	False	False	None	1.0	-1.0	False	1.0	-1		Orphan	False	False
transcription_start_site.110	Orphan_Unassigned	Unassigned	False	False	None	1.0	-1.0	False	1.0	-1		Orphan	False	False
transcription_start_site.111	Orphan_Unassigned	Unassigned	False	False	None	1.0	-1.0	False	1.0	-1		Orphan	False	False
transcription_start_site.112	Mono-caja_Extended_Minus10	SigA	False	True	EXTENDED_MINUS10	0.000924	6.0	False	1.0	-1		Bipartite	True	True
transcription_start_site.113	Orphan_Unassigned	Unassigned	False	False	None	1.0	-1.0	False	1.0	-1		Orphan	False	False
transcription_start_site.114	Orphan_Unassigned	Unassigned	False	False	None	1.0	-1.0	False	1.0	-1		Orphan	False	False
transcription_start_site.115	Orphan_Unassigned	Unassigned	False	False	None	1.0	-1.0	False	1.0	-1		Orphan	False	False
transcription_start_site.116	Mono-caja_Extended_Minus10	SigA	False	True	EXTENDED_MINUS10	3.84e-05	5.0	False	1.0	-1		Mono-caja_Extended	False	True
transcription_start_site.117	Orphan_Unassigned	Unassigned	False	False	None	1.0	-1.0	False	1.0	-1		Mono-caja_Standard	False	True
transcription_start_site.118	Mono-caja_Extended_Minus10	SigA	False	True	EXTENDED_MINUS10	7.88e-05	6.0	False	1.0	-1		Mono-caja_Extended	False	True
transcription_start_site.119	Mono-caja_Extended_Minus10	SigA	False	True	EXTENDED_MINUS10	0.000638	6.0	False	1.0	-1		Mono-caja_Extended	False	True
transcription_start_site.120	Orphan_Unassigned	Unassigned	False	False	None	1.0	-1.0	False	1.0	-1		Bipartite	True	True
transcription_start_site.121	Orphan_Unassigned	Unassigned	False	False	None	1.0	-1.0	False	1.0	-1		Bipartite	True	True
transcription_start_site.122	Mono-caja_Extended_Minus10	SigA	False	True	EXTENDED_MINUS10	8.31e-05	6.0	False	1.0	-1		Bipartite	True	True
transcription_start_site.123	Mono-caja_Extended_Minus10	SigA	False	True	EXTENDED_MINUS10	4.01e-05	6.0	False	1.0	-1		Mono-caja_Extended	False	True
transcription_start_site.124	Orphan_Unassigned	Unassigned	False	False	None	1.0	-1.0	False	1.0	-1		Mono-caja_Standard	False	True
transcription_start_site.125	Mono-caja_Standard_Minus10	SigA	False	True	MINUS10_BOX	0.000764	6.0	False	1.0	-1		Mono-caja_Standard	False	True
transcription_start_site.126	Mono-caja_Extended_Minus10	SigA	False	True	EXTENDED_MINUS10	6.63e-05	6.0	False	1.0	-1		Bipartite	True	True
transcription_start_site.127	Mono-caja_Extended_Minus10	SigA	False	True	EXTENDED_MINUS10	7.21e-07	7.0	False	1.0	-1		Mono-caja_Extended	False	True
transcription_start_site.128	Mono-caja_Extended_Minus10	SigA	False	True	EXTENDED_MINUS10	4.13e-05	6.0	False	1.0	-1		Bipartite	True	True
transcription_start_site.129	Orphan_Unassigned	Unassigned	False	False	None	1.0	-1.0	False	1.0	-1		Mono-caja_Standard	False	True
transcription_start_site.130	Mono-caja_Extended_Minus10	SigA	False	True	EXTENDED_MINUS10	2.49e-06	5.0	False	1.0	-1		Mono-caja_Extended	False	True
transcription_start_site.131	Mono-caja_Standard_Minus10	SigA	False	True	MINUS10_BOX	0.000427	5.0	False	1.0	-1		Mono-caja_Standard	False	True
transcription_start_site.132	Orphan_Unassigned	Unassigned	False	False	None	1.0	-1.0	False	1.0	-1		Bipartite	True	True
transcription_start_site.133	Mono-caja_Extended_Minus10	SigA	False	True	EXTENDED_MINUS10	0.000745	6.0	False	1.0	-1		Mono-caja_Extended	False	True
transcription_start_site.134	Mono-caja_Extended_Minus10	SigA	False	True	EXTENDED_MINUS10	1.46e-05	7.0	False	1.0	-1		Mono-caja_Extended	False	True
transcription_start_site.135	Mono-caja_Extended_Minus10	SigA	False	True	EXTENDED_MINUS10	0.000656	6.0	False	1.0	-1		Mono-caja_Extended	False	True
transcription_start_site.136	Mono-caja_Extended_Minus10	SigA	False	True	EXTENDED_MINUS10	0.000291	7.0	False	1.0	-1		Bipartite	True	True
transcription_start_site.137	Mono-caja_Extended_Minus10	SigA	False	True	EXTENDED_MINUS10	5.43e-05	6.0	False	1.0	-1		Mono-caja_Extended	False	True
transcription_start_site.138	Mono-caja_Extended_Minus10	SigA	False	True	EXTENDED_MINUS10	1.65e-05	6.0	False	1.0	-1		Mono-caja_Extended	False	True
transcription_start_site.139	Mono-caja_Extended_Minus10	SigA	False	True	EXTENDED_MINUS10	0.000221	7.0	False	1.0	-1		Bipartite	True	True
transcription_start_site.140	Mono-caja_Extended_Minus10	SigA	False	True	EXTENDED_MINUS10	3.57e-06	6.0	False	1.0	-1		Bipartite	True	True
transcription_start_site.141	Mono-caja_Standard_Minus10	SigA	False	True	MINUS10_BOX	0.000427	7.0	False	1.0	-1		Bipartite	True	True
transcription_start_site.142	Orphan_Unassigned	Unassigned	False	False	None	1.0	-1.0	False	1.0	-1		Bipartite	True	True
transcription_start_site.143	Mono-caja_Extended_Minus10	SigA	False	True	EXTENDED_MINUS10	4.01e-05	6.0	False	1.0	-1		Mono-caja_Extended	False	True
transcription_start_site.144	Orphan_Unassigned	Unassigned	False	False	None	1.0	-1.0	False	1.0	-1		Orphan	False	False
transcription_start_site.145	Orphan_Unassigned	Unassigned	False	False	None	1.0	-1.0	False	1.0	-1		Mono-caja_Standard	False	True
transcription_start_site.146	Mono-caja_Extended_Minus10	SigA	False	True	EXTENDED_MINUS10	2.99e-05	7.0	False	1.0	-1		Mono-caja_Extended	False	True
transcription_start_site.147	Mono-caja_Extended_Minus10	SigA	False	True	EXTENDED_MINUS10	9.26e-05	6.0	False	1.0	-1		Bipartite	True	True
transcription_start_site.148	Mono-caja_Extended_Minus10	SigA	False	True	EXTENDED_MINUS10	1.65e-05	6.0	False	1.0	-1		Mono-caja_Extended	False	True
transcription_start_site.149	Orphan_Unassigned	Unassigned	False	False	None	1.0	-1.0	False	1.0	-1		Mono-caja_Standard	False	True
transcription_start_site.150	Mono-caja_Extended_Minus10	SigA	False	True	EXTENDED_MINUS10	0.000396	7.0	False	1.0	-1		Bipartite	True	True
transcription_start_site.151	Mono-caja_Standard_Minus10	SigA	False	True	MINUS10_BOX	0.000427	6.0	False	1.0	-1		Mono-caja_Standard	False	True
transcription_start_site.152	Mono-caja_Extended_Minus10	SigA	False	True	EXTENDED_MINUS10	9.33e-05	6.0	False	1.0	-1		Bipartite	True	True
transcription_start_site.153	Mono-caja_Standard_Minus10	SigA	False	True	MINUS10_BOX	0.000427	7.0	False	1.0	-1		Bipartite	True	True
transcription_start_site.154	Mono-caja_Extended_Minus10	SigA	False	True	EXTENDED_MINUS10	6.19e-05	6.0	False	1.0	-1		Bipartite	True	True
transcription_start_site.155	Orphan_Unassigned	Unassigned	False	False	None	1.0	-1.0	False	1.0	-1		Mono-caja_Extended	False	True
transcription_start_site.156	Orphan_Unassigned	Unassigned	False	False	None	1.0	-1.0	False	1.0	-1		Mono-caja_Standard	False	True
transcription_start_site.157	Orphan_Unassigned	Unassigned	False	False	None	1.0	-1.0	False	1.0	-1		Orphan	False	False
transcription_start_site.158	Bipartite_Standard	SigA	False	True	MINUS10_BOX	0.000427	6.0	True	0.000288	17	TTGACA	Bipartite	True	True
transcription_start_site.159	Mono-caja_Extended_Minus10	SigA	False	True	EXTENDED_MINUS10	2.88e-05	6.0	False	1.0	-1		Mono-caja_Extended	False	True
transcription_start_site.160	Mono-caja_Extended_Minus10	SigA	False	True	EXTENDED_MINUS10	3.01e-06	7.0	False	1.0	-1		Mono-caja_Extended	False	True
transcription_start_site.161	Bipartite_Standard	SigA	False	True	MINUS10_BOX	0.000427	6.0	True	0.000288	17	TTGACA	Bipartite	True	True
transcription_start_site.162	Mono-caja_Extended_Minus10	SigA	False	True	EXTENDED_MINUS10	6.68e-06	6.0	False	1.0	-1		Bipartite	True	True
transcription_start_site.163	Orphan_Unassigned	Unassigned	False	False	None	1.0	-1.0	False	1.0	-1		Mono-caja_Standard	False	True
transcription_start_site.164	Mono-caja_Extended_Minus10	SigA	False	True	EXTENDED_MINUS10	0.000604	6.0	False	1.0	-1		Bipartite	True	True
transcription_start_site.165	Mono-caja_Extended_Minus10	SigA	False	True	EXTENDED_MINUS10	3.57e-06	6.0	False	1.0	-1		Bipartite	True	True
transcription_start_site.166	Mono-caja_Standard_Minus10	SigA	False	True	MINUS10_BOX	0.000427	7.0	False	1.0	-1		Mono-caja_Extended	False	True
transcription_start_site.167	Mono-caja_Extended_Minus10	SigA	False	True	EXTENDED_MINUS10	0.000335	7.0	False	1.0	-1		Mono-caja_Extended	False	True
transcription_start_site.168	Mono-caja_Extended_Minus10	SigA	False	True	EXTENDED_MINUS10	7.21e-07	6.0	False	1.0	-1		Bipartite	True	True
transcription_start_site.169	Mono-caja_Extended_Minus10	SigA	False	True	EXTENDED_MINUS10	8.31e-05	6.0	False	1.0	-1		Bipartite	True	True
transcription_start_site.170	Orphan_Unassigned	Unassigned	False	False	None	1.0	-1.0	False	1.0	-1		Orphan	False	False
transcription_start_site.171	Bipartite_Standard	SigA	False	True	MINUS10_BOX	0.000427	6.0	True	0.000288	17	TTGACA	Bipartite	True	True
transcription_start_site.172	Mono-caja_Extended_Minus10	SigA	False	True	EXTENDED_MINUS10	0.000264	6.0	False	1.0	-1		Orphan	False	False
transcription_start_site.173	Mono-caja_Extended_Minus10	SigA	False	True	EXTENDED_MINUS10	2.49e-06	5.0	False	1.0	-1		Bipartite	True	True
transcription_start_site.174	Orphan_Unassigned	Unassigned	False	False	None	1.0	-1.0	False	1.0	-1		Bipartite	True	True
transcription_start_site.175	Mono-caja_Standard_Minus10	SigA	False	True	MINUS10_BOX	0.000427	6.0	False	1.0	-1		Bipartite	True	True
transcription_start_site.176	Orphan_Unassigned	Unassigned	False	False	None	1.0	-1.0	False	1.0	-1		Orphan	False	False
transcription_start_site.177	Mono-caja_Extended_Minus10	SigA	False	True	EXTENDED_MINUS10	0.000701	5.0	False	1.0	-1		Mono-caja_Extended	False	True
transcription_start_site.178	Mono-caja_Extended_Minus10	SigA	False	True	EXTENDED_MINUS10	0.000224	6.0	False	1.0	-1		Bipartite	True	True
transcription_start_site.179	Mono-caja_Extended_Minus10	SigA	False	True	EXTENDED_MINUS10	0.000808	6.0	False	1.0	-1		Mono-caja_Extended	False	True
transcription_start_site.180	Mono-caja_Extended_Minus10	SigA	False	True	EXTENDED_MINUS10	1.65e-05	6.0	False	1.0	-1		Mono-caja_Extended	False	True
transcription_start_site.181	Mono-caja_Extended_Minus10	SigA	False	True	EXTENDED_MINUS10	7.6e-05	7.0	False	1.0	-1		Bipartite	True	True
transcription_start_site.182	Mono-caja_Extended_Minus10	SigA	False	True	EXTENDED_MINUS10	5.58e-05	6.0	False	1.0	-1		Bipartite	True	True
transcription_start_site.183	Orphan_Unassigned	Unassigned	False	False	None	1.0	-1.0	False	1.0	-1		Mono-caja_Standard	False	True
transcription_start_site.184	Mono-caja_Extended_Minus10	SigA	False	True	EXTENDED_MINUS10	9.09e-05	5.0	False	1.0	-1		Mono-caja_Extended	False	True
transcription_start_site.185	Mono-caja_Extended_Minus10	SigA	False	True	EXTENDED_MINUS10	1.46e-05	7.0	False	1.0	-1		Bipartite	True	True
transcription_start_site.186	Mono-caja_Extended_Minus10	SigA	False	True	EXTENDED_MINUS10	3.12e-05	5.0	False	1.0	-1		Bipartite	True	True
transcription_start_site.187	Orphan_Unassigned	Unassigned	False	False	None	1.0	-1.0	False	1.0	-1		Bipartite	True	True
transcription_start_site.188	Mono-caja_Extended_Minus10	SigA	False	True	EXTENDED_MINUS10	0.000226	6.0	False	1.0	-1		Mono-caja_Extended	False	True
transcription_start_site.189	Mono-caja_Extended_Minus10	SigA	False	True	EXTENDED_MINUS10	5e-05	6.0	False	1.0	-1		Mono-caja_Extended	False	True
transcription_start_site.190	Mono-caja_Standard_Minus10	SigA	False	True	MINUS10_BOX	0.000427	6.0	False	1.0	-1		Bipartite	True	True
transcription_start_site.191	Mono-caja_Extended_Minus10	SigA	False	True	EXTENDED_MINUS10	1.77e-05	5.0	False	1.0	-1		Bipartite	True	True
transcription_start_site.192	Orphan_Unassigned	Unassigned	False	False	None	1.0	-1.0	False	1.0	-1		Mono-caja_Standard	False	True
transcription_start_site.193	Mono-caja_Extended_Minus10	SigA	False	True	EXTENDED_MINUS10	4.13e-05	7.0	False	1.0	-1		Mono-caja_Extended	False	True
transcription_start_site.194	Orphan_Unassigned	Unassigned	False	False	None	1.0	-1.0	False	1.0	-1		Orphan	False	False
transcription_start_site.195	Orphan_Unassigned	Unassigned	False	False	None	1.0	-1.0	False	1.0	-1		Orphan	False	False
transcription_start_site.196	Orphan_Unassigned	Unassigned	False	False	None	1.0	-1.0	False	1.0	-1		Orphan	False	False
transcription_start_site.197	Mono-caja_Extended_Minus10	SigA	False	True	EXTENDED_MINUS10	0.000251	6.0	False	1.0	-1		Bipartite	True	True
transcription_start_site.198	Orphan_Unassigned	Unassigned	False	False	None	1.0	-1.0	False	1.0	-1		Mono-caja_Standard	False	True
transcription_start_site.199	Mono-caja_Extended_Minus10	SigA	False	True	EXTENDED_MINUS10	1.65e-05	5.0	False	1.0	-1		Mono-caja_Extended	False	True
transcription_start_site.200	Mono-caja_Extended_Minus10	SigA	False	True	EXTENDED_MINUS10	1.65e-05	6.0	False	1.0	-1		Mono-caja_Extended	False	True
transcription_start_site.201	Mono-caja_Standard_Minus10	SigA	False	True	MINUS10_BOX	0.000427	5.0	False	1.0	-1		Bipartite	True	True
transcription_start_site.202	Mono-caja_Extended_Minus10	SigA	False	True	EXTENDED_MINUS10	0.000114	6.0	False	1.0	-1		Mono-caja_Extended	False	True
transcription_start_site.203	Orphan_Unassigned	Unassigned	False	False	None	1.0	-1.0	False	1.0	-1		Orphan	False	False
transcription_start_site.204	Orphan_Unassigned	Unassigned	False	False	None	1.0	-1.0	False	1.0	-1		Orphan	False	False
transcription_start_site.205	Mono-caja_Extended_Minus10	SigA	False	True	EXTENDED_MINUS10	2.88e-05	5.0	False	1.0	-1		Bipartite	True	True
transcription_start_site.206	Mono-caja_Extended_Minus10	SigA	False	True	EXTENDED_MINUS10	0.000909	6.0	False	1.0	-1		Bipartite	True	True
transcription_start_site.207	Mono-caja_Extended_Minus10	SigA	False	True	EXTENDED_MINUS10	0.000406	6.0	False	1.0	-1		Bipartite	True	True
transcription_start_site.208	Orphan_Unassigned	Unassigned	False	False	None	1.0	-1.0	False	1.0	-1		Bipartite	True	True
transcription_start_site.209	Orphan_Unassigned	Unassigned	False	False	None	1.0	-1.0	False	1.0	-1		Bipartite	True	True
transcription_start_site.210	Mono-caja_Extended_Minus10	SigA	False	True	EXTENDED_MINUS10	7.88e-05	6.0	False	1.0	-1		Mono-caja_Extended	False	True
transcription_start_site.211	Mono-caja_Extended_Minus10	SigA	False	True	EXTENDED_MINUS10	3.57e-06	7.0	False	1.0	-1		Bipartite	True	True
transcription_start_site.212	Orphan_Unassigned	Unassigned	False	False	None	1.0	-1.0	False	1.0	-1		Orphan	False	False
transcription_start_site.213	Mono-caja_Standard_Minus10	SigA	False	True	MINUS10_BOX	0.000427	5.0	False	1.0	-1		Mono-caja_Standard	False	True
transcription_start_site.214	Mono-caja_Extended_Minus10	SigA	False	True	EXTENDED_MINUS10	4.01e-05	6.0	False	1.0	-1		Bipartite	True	True
transcription_start_site.215	Mono-caja_Extended_Minus10	SigA	False	True	EXTENDED_MINUS10	6.98e-05	6.0	False	1.0	-1		Bipartite	True	True
transcription_start_site.216	Orphan_Unassigned	Unassigned	False	False	None	1.0	-1.0	False	1.0	-1		Mono-caja_Standard	False	True
transcription_start_site.217	Orphan_Unassigned	Unassigned	False	False	None	1.0	-1.0	False	1.0	-1		Mono-caja_Standard	False	True
transcription_start_site.218	Mono-caja_Extended_Minus10	SigA	False	True	EXTENDED_MINUS10	4.79e-05	5.0	False	1.0	-1		Mono-caja_Extended	False	True
transcription_start_site.219	Mono-caja_Extended_Minus10	SigA	False	True	EXTENDED_MINUS10	2.88e-05	6.0	False	1.0	-1		Mono-caja_Extended	False	True
transcription_start_site.220	Orphan_Unassigned	Unassigned	False	False	None	1.0	-1.0	False	1.0	-1		Bipartite	True	True
transcription_start_site.221	Mono-caja_Extended_Minus10	SigA	False	True	EXTENDED_MINUS10	0.000502	6.0	False	1.0	-1		Mono-caja_Extended	False	True
transcription_start_site.222	Mono-caja_Extended_Minus10	SigA	False	True	EXTENDED_MINUS10	0.000471	5.0	False	1.0	-1		Bipartite	True	True
transcription_start_site.223	Mono-caja_Extended_Minus10	SigA	False	True	EXTENDED_MINUS10	0.000701	6.0	False	1.0	-1		Mono-caja_Extended	False	True
transcription_start_site.224	Bipartite_Standard	SigA	False	True	MINUS10_BOX	0.000764	7.0	True	0.000288	17	TTGACA	Bipartite	True	True
transcription_start_site.225	Orphan_Unassigned	Unassigned	False	False	None	1.0	-1.0	False	1.0	-1		Mono-caja_Standard	False	True
transcription_start_site.226	Orphan_Unassigned	Unassigned	False	False	None	1.0	-1.0	False	1.0	-1		Mono-caja_Extended	False	True
transcription_start_site.227	Mono-caja_Extended_Minus10	SigA	False	True	EXTENDED_MINUS10	2.49e-06	6.0	False	1.0	-1		Mono-caja_Extended	False	True
transcription_start_site.228	Mono-caja_Extended_Minus10	SigA	False	True	EXTENDED_MINUS10	2.88e-05	6.0	False	1.0	-1		Mono-caja_Extended	False	True
transcription_start_site.229	Mono-caja_Standard_Minus10	SigA	False	True	MINUS10_BOX	0.000427	6.0	False	1.0	-1		Bipartite	True	True
transcription_start_site.230	Mono-caja_Standard_Minus10	SigA	False	True	MINUS10_BOX	0.000764	7.0	False	1.0	-1		Bipartite	True	True
transcription_start_site.231	Mono-caja_Standard_Minus10	SigA	False	True	MINUS10_BOX	0.000427	6.0	False	1.0	-1		Mono-caja_Extended	False	True
transcription_start_site.232	Mono-caja_Extended_Minus10	SigA	False	True	EXTENDED_MINUS10	1.65e-05	5.0	False	1.0	-1		Bipartite	True	True
transcription_start_site.233	Mono-caja_Extended_Minus10	SigA	False	True	EXTENDED_MINUS10	2.49e-06	6.0	False	1.0	-1		Mono-caja_Extended	False	True
transcription_start_site.234	Bipartite_Standard	SigA	False	True	MINUS10_BOX	0.000427	6.0	True	0.000288	16	TTGACA	Bipartite	True	True
transcription_start_site.235	Mono-caja_Extended_Minus10	SigA	False	True	EXTENDED_MINUS10	1.84e-05	6.0	False	1.0	-1		Bipartite	True	True
transcription_start_site.236	Mono-caja_Extended_Minus10	SigA	False	True	EXTENDED_MINUS10	4.13e-05	6.0	False	1.0	-1		Mono-caja_Extended	False	True
transcription_start_site.237	Orphan_Unassigned	Unassigned	False	False	None	1.0	-1.0	False	1.0	-1		Mono-caja_Extended	False	True
transcription_start_site.238	Mono-caja_Extended_Minus10	SigA	False	True	EXTENDED_MINUS10	2.88e-05	6.0	False	1.0	-1		Mono-caja_Extended	False	True
transcription_start_site.239	Orphan_Unassigned	Unassigned	False	False	None	1.0	-1.0	False	1.0	-1		Orphan	False	False
transcription_start_site.240	Mono-caja_Extended_Minus10	SigA	False	True	EXTENDED_MINUS10	7.88e-05	6.0	False	1.0	-1		Mono-caja_Extended	False	True
transcription_start_site.241	Mono-caja_Extended_Minus10	SigA	False	True	EXTENDED_MINUS10	0.000835	6.0	False	1.0	-1		Mono-caja_Extended	False	True
transcription_start_site.242	Orphan_Unassigned	Unassigned	False	False	None	1.0	-1.0	False	1.0	-1		Bipartite	True	True
transcription_start_site.243	Mono-caja_Extended_Minus10	SigA	False	True	EXTENDED_MINUS10	0.000487	6.0	False	1.0	-1		Bipartite	True	True
transcription_start_site.244	Mono-caja_Extended_Minus10	SigA	False	True	EXTENDED_MINUS10	2.49e-06	6.0	False	1.0	-1		Bipartite	True	True
transcription_start_site.245	Orphan_Unassigned	Unassigned	False	False	None	1.0	-1.0	False	1.0	-1		Mono-caja_Extended	False	True
transcription_start_site.246	Orphan_Unassigned	Unassigned	False	False	None	1.0	-1.0	False	1.0	-1		Mono-caja_Extended	False	True
transcription_start_site.247	Mono-caja_Extended_Minus10	SigA	False	True	EXTENDED_MINUS10	3.12e-05	6.0	False	1.0	-1		Bipartite	True	True
transcription_start_site.248	Orphan_Unassigned	Unassigned	False	False	None	1.0	-1.0	False	1.0	-1		Mono-caja_Standard	False	True
transcription_start_site.249	Mono-caja_Standard_Minus10	SigA	False	True	MINUS10_BOX	0.000427	6.0	False	1.0	-1		Bipartite	True	True
transcription_start_site.250	Mono-caja_Extended_Minus10	SigA	False	True	EXTENDED_MINUS10	0.000641	6.0	False	1.0	-1		Bipartite	True	True
transcription_start_site.251	Orphan_Unassigned	Unassigned	False	False	None	1.0	-1.0	False	1.0	-1		Mono-caja_Extended	False	True
transcription_start_site.252	Mono-caja_Extended_Minus10	SigA	False	True	EXTENDED_MINUS10	7.6e-05	6.0	False	1.0	-1		Bipartite	True	True
transcription_start_site.253	Orphan_Unassigned	Unassigned	False	False	None	1.0	-1.0	False	1.0	-1		Mono-caja_Extended	False	True
transcription_start_site.254	Mono-caja_Extended_Minus10	SigA	False	True	EXTENDED_MINUS10	2.88e-05	7.0	False	1.0	-1		Mono-caja_Extended	False	True
transcription_start_site.255	Orphan_Unassigned	Unassigned	False	False	None	1.0	-1.0	False	1.0	-1		Orphan	False	False
transcription_start_site.256	Mono-caja_Standard_Minus10	SigA	False	True	MINUS10_BOX	0.000427	6.0	False	1.0	-1		Bipartite	True	True
transcription_start_site.257	Orphan_Unassigned	Unassigned	False	False	None	1.0	-1.0	False	1.0	-1		Mono-caja_Extended	False	True
transcription_start_site.258	Mono-caja_Standard_Minus10	SigA	False	True	MINUS10_BOX	0.000427	7.0	False	1.0	-1		Bipartite	True	True
transcription_start_site.259	Mono-caja_Extended_Minus10	SigA	False	True	EXTENDED_MINUS10	0.000545	7.0	False	1.0	-1		Mono-caja_Extended	False	True
transcription_start_site.260	Mono-caja_Extended_Minus10	SigA	False	True	EXTENDED_MINUS10	2.88e-05	5.0	False	1.0	-1		Bipartite	True	True
transcription_start_site.261	Orphan_Unassigned	Unassigned	False	False	None	1.0	-1.0	False	1.0	-1		Bipartite	True	True
transcription_start_site.262	Mono-caja_Extended_Minus10	SigA	False	True	EXTENDED_MINUS10	7.29e-05	5.0	False	1.0	-1		Bipartite	True	True
transcription_start_site.263	Mono-caja_Extended_Minus10	SigA	False	True	EXTENDED_MINUS10	8.31e-05	6.0	False	1.0	-1		Bipartite	True	True
transcription_start_site.264	Orphan_Unassigned	Unassigned	False	False	None	1.0	-1.0	False	1.0	-1		Mono-caja_Standard	False	True
transcription_start_site.265	Orphan_Unassigned	Unassigned	False	False	None	1.0	-1.0	False	1.0	-1		Orphan	False	False
transcription_start_site.266	Orphan_Unassigned	Unassigned	False	False	None	1.0	-1.0	False	1.0	-1		Mono-caja_Extended	False	True
transcription_start_site.267	Mono-caja_Extended_Minus10	SigA	False	True	EXTENDED_MINUS10	2.95e-05	6.0	False	1.0	-1		Mono-caja_Extended	False	True
transcription_start_site.268	Orphan_Unassigned	Unassigned	False	False	None	1.0	-1.0	False	1.0	-1		Mono-caja_Extended	False	True
transcription_start_site.269	Mono-caja_Extended_Minus10	SigA	False	True	EXTENDED_MINUS10	4.87e-05	6.0	False	1.0	-1		Mono-caja_Extended	False	True
transcription_start_site.270	Mono-caja_Extended_Minus10	SigA	False	True	EXTENDED_MINUS10	0.000522	6.0	False	1.0	-1		Bipartite	True	True
transcription_start_site.271	Mono-caja_Extended_Minus10	SigA	False	True	EXTENDED_MINUS10	1.15e-06	7.0	False	1.0	-1		Mono-caja_Extended	False	True
transcription_start_site.272	Mono-caja_Standard_Minus10	SigA	False	True	MINUS10_BOX	0.000427	8.0	False	1.0	-1		Bipartite	True	True
transcription_start_site.273	Orphan_Unassigned	Unassigned	False	False	None	1.0	-1.0	False	1.0	-1		Orphan	False	False
transcription_start_site.274	Mono-caja_Extended_Minus10	SigA	False	True	EXTENDED_MINUS10	3.81e-05	5.0	False	1.0	-1		Mono-caja_Extended	False	True
transcription_start_site.275	Mono-caja_Extended_Minus10	SigA	False	True	EXTENDED_MINUS10	7.6e-05	6.0	False	1.0	-1		Bipartite	True	True
transcription_start_site.276	Mono-caja_Standard_Minus10	SigA	False	True	MINUS10_BOX	0.000427	6.0	False	1.0	-1		Mono-caja_Standard	False	True
transcription_start_site.277	Orphan_Unassigned	Unassigned	False	False	None	1.0	-1.0	False	1.0	-1		Bipartite	True	True
transcription_start_site.278	Mono-caja_Extended_Minus10	SigA	False	True	EXTENDED_MINUS10	0.000942	6.0	False	1.0	-1		Mono-caja_Extended	False	True
transcription_start_site.279	Mono-caja_Extended_Minus10	SigA	False	True	EXTENDED_MINUS10	0.000811	6.0	False	1.0	-1		Bipartite	True	True
transcription_start_site.280	Mono-caja_Extended_Minus10	SigA	False	True	EXTENDED_MINUS10	3.94e-05	6.0	False	1.0	-1		Mono-caja_Extended	False	True
transcription_start_site.281	Mono-caja_Extended_Minus10	SigA	False	True	EXTENDED_MINUS10	3.89e-05	7.0	False	1.0	-1		Bipartite	True	True
transcription_start_site.282	Mono-caja_Standard_Minus10	SigA	False	True	MINUS10_BOX	0.000427	6.0	False	1.0	-1		Mono-caja_Standard	False	True
transcription_start_site.283	Mono-caja_Extended_Minus10	SigA	False	True	EXTENDED_MINUS10	0.000298	6.0	False	1.0	-1		Mono-caja_Extended	False	True
transcription_start_site.284	Orphan_Unassigned	Unassigned	False	False	None	1.0	-1.0	False	1.0	-1		Mono-caja_Standard	False	True
transcription_start_site.285	Mono-caja_Extended_Minus10	SigA	False	True	EXTENDED_MINUS10	3.84e-05	6.0	False	1.0	-1		Bipartite	True	True
transcription_start_site.286	Orphan_Unassigned	Unassigned	False	False	None	1.0	-1.0	False	1.0	-1		Orphan	False	False
transcription_start_site.287	Mono-caja_Extended_Minus10	SigA	False	True	EXTENDED_MINUS10	0.000236	6.0	False	1.0	-1		Mono-caja_Extended	False	True
transcription_start_site.288	Mono-caja_Extended_Minus10	SigA	False	True	EXTENDED_MINUS10	0.00044	6.0	False	1.0	-1		Mono-caja_Extended	False	True
transcription_start_site.289	Mono-caja_Extended_Minus10	SigA	False	True	EXTENDED_MINUS10	3.84e-05	6.0	False	1.0	-1		Mono-caja_Extended	False	True
transcription_start_site.290	Orphan_Unassigned	Unassigned	False	False	None	1.0	-1.0	False	1.0	-1		Orphan	False	False
transcription_start_site.291	Mono-caja_Extended_Minus10	SigA	False	True	EXTENDED_MINUS10	1.15e-06	6.0	False	1.0	-1		Bipartite	True	True
transcription_start_site.292	Mono-caja_Extended_Minus10	SigA	False	True	EXTENDED_MINUS10	2.76e-05	6.0	False	1.0	-1		Mono-caja_Extended	False	True
transcription_start_site.293	Mono-caja_Extended_Minus10	SigA	False	True	EXTENDED_MINUS10	0.000393	7.0	False	1.0	-1		Bipartite	True	True
transcription_start_site.294	Mono-caja_Extended_Minus10	SigA	False	True	EXTENDED_MINUS10	0.000375	6.0	False	1.0	-1		Mono-caja_Extended	False	True
transcription_start_site.295	Mono-caja_Extended_Minus10	SigA	False	True	EXTENDED_MINUS10	2.49e-06	6.0	False	1.0	-1		Mono-caja_Extended	False	True
transcription_start_site.296	Orphan_Unassigned	Unassigned	False	False	None	1.0	-1.0	False	1.0	-1		Bipartite	True	True
transcription_start_site.297	Mono-caja_Extended_Minus10	SigA	False	True	EXTENDED_MINUS10	0.000545	6.0	False	1.0	-1		Mono-caja_Extended	False	True
transcription_start_site.298	Orphan_Unassigned	Unassigned	False	False	None	1.0	-1.0	False	1.0	-1		Bipartite	True	True
transcription_start_site.299	Bipartite_Standard	SigA	False	True	MINUS10_BOX	0.000427	6.0	True	0.000288	17	TTGACA	Bipartite	True	True
transcription_start_site.300	Mono-caja_Extended_Minus10	SigA	False	True	EXTENDED_MINUS10	0.000506	6.0	False	1.0	-1		Mono-caja_Extended	False	True
transcription_start_site.301	Orphan_Unassigned	Unassigned	False	False	None	1.0	-1.0	False	1.0	-1		Orphan	False	False
transcription_start_site.302	Mono-caja_Extended_Minus10	SigA	False	True	EXTENDED_MINUS10	2.88e-05	6.0	False	1.0	-1		Mono-caja_Extended	False	True
transcription_start_site.303	Mono-caja_Extended_Minus10	SigA	False	True	EXTENDED_MINUS10	0.000471	5.0	False	1.0	-1		Bipartite	True	True
transcription_start_site.304	Orphan_Unassigned	Unassigned	False	False	None	1.0	-1.0	False	1.0	-1		Bipartite	True	True
transcription_start_site.305	Mono-caja_Extended_Minus10	SigA	False	True	EXTENDED_MINUS10	0.000298	6.0	False	1.0	-1		Bipartite	True	True
transcription_start_site.306	Mono-caja_Extended_Minus10	SigA	False	True	EXTENDED_MINUS10	1.15e-06	6.0	False	1.0	-1		Bipartite	True	True
transcription_start_site.307	Mono-caja_Extended_Minus10	SigA	False	True	EXTENDED_MINUS10	0.000393	7.0	False	1.0	-1		Mono-caja_Extended	False	True
transcription_start_site.308	Mono-caja_Extended_Minus10	SigA	False	True	EXTENDED_MINUS10	3.84e-05	4.0	False	1.0	-1		Orphan	False	False
transcription_start_site.309	Orphan_Unassigned	Unassigned	False	False	None	1.0	-1.0	False	1.0	-1		Bipartite	True	True
transcription_start_site.310	Mono-caja_Extended_Minus10	SigA	False	True	EXTENDED_MINUS10	0.000322	6.0	False	1.0	-1		Mono-caja_Extended	False	True
transcription_start_site.311	Mono-caja_Extended_Minus10	SigA	False	True	EXTENDED_MINUS10	2.95e-05	6.0	False	1.0	-1		Bipartite	True	True
transcription_start_site.312	Mono-caja_Extended_Minus10	SigA	False	True	EXTENDED_MINUS10	0.000506	6.0	False	1.0	-1		Mono-caja_Extended	False	True
transcription_start_site.313	Orphan_Unassigned	Unassigned	False	False	None	1.0	-1.0	False	1.0	-1		Mono-caja_Standard	False	True
transcription_start_site.314	Mono-caja_Extended_Minus10	SigA	False	True	EXTENDED_MINUS10	1.46e-05	6.0	False	1.0	-1		Mono-caja_Extended	False	True
transcription_start_site.315	Mono-caja_Extended_Minus10	SigA	False	True	EXTENDED_MINUS10	7.88e-05	3.0	False	1.0	-1		Bipartite	True	True
transcription_start_site.316	Orphan_Unassigned	Unassigned	False	False	None	1.0	-1.0	False	1.0	-1		Bipartite	True	True
transcription_start_site.317	Mono-caja_Extended_Minus10	SigA	False	True	EXTENDED_MINUS10	3.12e-05	5.0	False	1.0	-1		Mono-caja_Extended	False	True
transcription_start_site.318	Mono-caja_Standard_Minus10	SigA	False	True	MINUS10_BOX	0.000427	6.0	False	1.0	-1		Bipartite	True	True
transcription_start_site.319	Mono-caja_Extended_Minus10	SigA	False	True	EXTENDED_MINUS10	3.12e-05	4.0	False	1.0	-1		Bipartite	True	True
transcription_start_site.320	Orphan_Unassigned	Unassigned	False	False	None	1.0	-1.0	False	1.0	-1		Bipartite	True	True
transcription_start_site.321	Mono-caja_Standard_Minus10	SigA	False	True	MINUS10_BOX	0.000427	6.0	False	1.0	-1		Bipartite	True	True
transcription_start_site.322	Mono-caja_Extended_Minus10	SigA	False	True	EXTENDED_MINUS10	1.59e-06	6.0	False	1.0	-1		Bipartite	True	True
transcription_start_site.323	Mono-caja_Extended_Minus10	SigA	False	True	EXTENDED_MINUS10	6.63e-05	6.0	False	1.0	-1		Bipartite	True	True
transcription_start_site.324	Mono-caja_Extended_Minus10	SigA	False	True	EXTENDED_MINUS10	2.49e-06	6.0	False	1.0	-1		Bipartite	True	True
transcription_start_site.325	Mono-caja_Extended_Minus10	SigA	False	True	EXTENDED_MINUS10	8.31e-05	6.0	False	1.0	-1		Bipartite	True	True
transcription_start_site.326	Mono-caja_Extended_Minus10	SigA	False	True	EXTENDED_MINUS10	2.49e-06	6.0	False	1.0	-1		Mono-caja_Extended	False	True
transcription_start_site.327	Mono-caja_Extended_Minus10	SigA	False	True	EXTENDED_MINUS10	0.000305	6.0	False	1.0	-1		Bipartite	True	True
transcription_start_site.328	Mono-caja_Extended_Minus10	SigA	False	True	EXTENDED_MINUS10	4.87e-05	5.0	False	1.0	-1		Mono-caja_Extended	False	True
transcription_start_site.329	Mono-caja_Extended_Minus10	SigA	False	True	EXTENDED_MINUS10	0.000535	6.0	False	1.0	-1		Bipartite	True	True
transcription_start_site.330	Mono-caja_Extended_Minus10	SigA	False	True	EXTENDED_MINUS10	0.000526	3.0	False	1.0	-1		Mono-caja_Extended	False	True
transcription_start_site.331	Mono-caja_Extended_Minus10	SigA	False	True	EXTENDED_MINUS10	1.77e-05	5.0	False	1.0	-1		Bipartite	True	True
transcription_start_site.332	Mono-caja_Extended_Minus10	SigA	False	True	EXTENDED_MINUS10	1.77e-05	7.0	False	1.0	-1		Bipartite	True	True
transcription_start_site.333	Mono-caja_Extended_Minus10	SigA	False	True	EXTENDED_MINUS10	0.000373	7.0	False	1.0	-1		Bipartite	True	True
transcription_start_site.334	Mono-caja_Standard_Minus10	SigA	False	True	MINUS10_BOX	0.000427	6.0	False	1.0	-1		Mono-caja_Extended	False	True
transcription_start_site.335	Orphan_Unassigned	Unassigned	False	False	None	1.0	-1.0	False	1.0	-1		Orphan	False	False
transcription_start_site.336	Bipartite_Standard	SigA	False	True	MINUS10_BOX	0.000427	7.0	True	0.000288	16	TTGACA	Bipartite	True	True
transcription_start_site.337	Orphan_Unassigned	Unassigned	False	False	None	1.0	-1.0	False	1.0	-1		Orphan	False	False
transcription_start_site.338	Orphan_Unassigned	Unassigned	False	False	None	1.0	-1.0	False	1.0	-1		Bipartite	True	True
transcription_start_site.339	Mono-caja_Extended_Minus10	SigA	False	True	EXTENDED_MINUS10	3.12e-05	6.0	False	1.0	-1		Bipartite	True	True
transcription_start_site.340	Mono-caja_Extended_Minus10	SigA	False	True	EXTENDED_MINUS10	2.49e-06	5.0	False	1.0	-1		Bipartite	True	True
transcription_start_site.341	Mono-caja_Extended_Minus10	SigA	False	True	EXTENDED_MINUS10	0.000835	6.0	False	1.0	-1		Bipartite	True	True
transcription_start_site.342	Mono-caja_Extended_Minus10	SigA	False	True	EXTENDED_MINUS10	3.89e-05	6.0	False	1.0	-1		Mono-caja_Extended	False	True
transcription_start_site.343	Mono-caja_Extended_Minus10	SigA	False	True	EXTENDED_MINUS10	0.000771	5.0	False	1.0	-1		Mono-caja_Extended	False	True
transcription_start_site.344	Orphan_Unassigned	Unassigned	False	False	None	1.0	-1.0	False	1.0	-1		Mono-caja_Extended	False	True
transcription_start_site.345	Mono-caja_Extended_Minus10	SigA	False	True	EXTENDED_MINUS10	3.89e-05	6.0	False	1.0	-1		Mono-caja_Extended	False	True
transcription_start_site.346	Mono-caja_Extended_Minus10	SigA	False	True	EXTENDED_MINUS10	4.13e-05	7.0	False	1.0	-1		Bipartite	True	True
transcription_start_site.347	Mono-caja_Extended_Minus10	SigA	False	True	EXTENDED_MINUS10	3.57e-06	6.0	False	1.0	-1		Mono-caja_Extended	False	True
transcription_start_site.348	Mono-caja_Extended_Minus10	SigA	False	True	EXTENDED_MINUS10	3.12e-05	6.0	False	1.0	-1		Mono-caja_Extended	False	True
transcription_start_site.349	Mono-caja_Extended_Minus10	SigA	False	True	EXTENDED_MINUS10	0.000701	6.0	False	1.0	-1		Mono-caja_Extended	False	True
transcription_start_site.350	Mono-caja_Extended_Minus10	SigA	False	True	EXTENDED_MINUS10	7.21e-07	7.0	False	1.0	-1		Mono-caja_Extended	False	True
transcription_start_site.351	Mono-caja_Extended_Minus10	SigA	False	True	EXTENDED_MINUS10	3.12e-05	7.0	False	1.0	-1		Bipartite	True	True
transcription_start_site.352	Mono-caja_Extended_Minus10	SigA	False	True	EXTENDED_MINUS10	7.88e-05	7.0	False	1.0	-1		Mono-caja_Extended	False	True
transcription_start_site.353	Mono-caja_Extended_Minus10	SigA	False	True	EXTENDED_MINUS10	3.57e-06	6.0	False	1.0	-1		Mono-caja_Extended	False	True
transcription_start_site.354	Mono-caja_Extended_Minus10	SigA	False	True	EXTENDED_MINUS10	7.6e-05	6.0	False	1.0	-1		Mono-caja_Extended	False	True
transcription_start_site.355	Mono-caja_Extended_Minus10	SigA	False	True	EXTENDED_MINUS10	7.21e-07	6.0	False	1.0	-1		Mono-caja_Extended	False	True
transcription_start_site.356	Mono-caja_Standard_Minus10	SigA	False	True	MINUS10_BOX	0.000427	6.0	False	1.0	-1		Bipartite	True	True
transcription_start_site.357	Mono-caja_Extended_Minus10	SigA	False	True	EXTENDED_MINUS10	1.65e-05	6.0	False	1.0	-1		Bipartite	True	True
transcription_start_site.358	Mono-caja_Extended_Minus10	SigA	False	True	EXTENDED_MINUS10	7.29e-05	6.0	False	1.0	-1		Bipartite	True	True
transcription_start_site.359	Mono-caja_Extended_Minus10	SigA	False	True	EXTENDED_MINUS10	3.12e-05	5.0	False	1.0	-1		Bipartite	True	True
transcription_start_site.360	Mono-caja_Extended_Minus10	SigA	False	True	EXTENDED_MINUS10	8.65e-05	6.0	False	1.0	-1		Mono-caja_Extended	False	True
transcription_start_site.361	Orphan_Unassigned	Unassigned	False	False	None	1.0	-1.0	False	1.0	-1		Bipartite	True	True
transcription_start_site.362	Orphan_Unassigned	Unassigned	False	False	None	1.0	-1.0	False	1.0	-1		Orphan	False	False
transcription_start_site.363	Mono-caja_Standard_Minus10	SigA	False	True	MINUS10_BOX	0.000427	6.0	False	1.0	-1		Bipartite	True	True
transcription_start_site.364	Mono-caja_Extended_Minus10	SigA	False	True	EXTENDED_MINUS10	4.79e-05	4.0	False	1.0	-1		Mono-caja_Extended	False	True
transcription_start_site.365	Orphan_Unassigned	Unassigned	False	False	None	1.0	-1.0	False	1.0	-1		Orphan	False	False
transcription_start_site.366	Mono-caja_Extended_Minus10	SigA	False	True	EXTENDED_MINUS10	1.65e-05	6.0	False	1.0	-1		Bipartite	True	True
transcription_start_site.367	Mono-caja_Extended_Minus10	SigA	False	True	EXTENDED_MINUS10	1.07e-05	7.0	False	1.0	-1		Mono-caja_Extended	False	True
transcription_start_site.368	Orphan_Unassigned	Unassigned	False	False	None	1.0	-1.0	False	1.0	-1		Mono-caja_Standard	False	True
transcription_start_site.369	Mono-caja_Extended_Minus10	SigA	False	True	EXTENDED_MINUS10	7.88e-05	6.0	False	1.0	-1		Mono-caja_Extended	False	True
transcription_start_site.370	Orphan_Unassigned	Unassigned	False	False	None	1.0	-1.0	False	1.0	-1		Bipartite	True	True
transcription_start_site.371	Orphan_Unassigned	Unassigned	False	False	None	1.0	-1.0	False	1.0	-1		Mono-caja_Standard	False	True
transcription_start_site.372	Mono-caja_Extended_Minus10	SigA	False	True	EXTENDED_MINUS10	0.000307	6.0	False	1.0	-1		Mono-caja_Extended	False	True
transcription_start_site.373	Orphan_Unassigned	Unassigned	False	False	None	1.0	-1.0	False	1.0	-1		Mono-caja_Extended	False	True
transcription_start_site.374	Mono-caja_Extended_Minus10	SigA	False	True	EXTENDED_MINUS10	7.88e-05	5.0	False	1.0	-1		Mono-caja_Extended	False	True
transcription_start_site.375	Orphan_Unassigned	Unassigned	False	False	None	1.0	-1.0	False	1.0	-1		Orphan	False	False
transcription_start_site.376	Orphan_Unassigned	Unassigned	False	False	None	1.0	-1.0	False	1.0	-1		Orphan	False	False
transcription_start_site.377	Orphan_Unassigned	Unassigned	False	False	None	1.0	-1.0	False	1.0	-1		Orphan	False	False
transcription_start_site.378	Mono-caja_Extended_Minus10	SigA	False	True	EXTENDED_MINUS10	4.13e-05	6.0	False	1.0	-1		Bipartite	True	True
transcription_start_site.379	Mono-caja_Extended_Minus10	SigA	False	True	EXTENDED_MINUS10	0.000674	6.0	False	1.0	-1		Mono-caja_Extended	False	True
transcription_start_site.380	Mono-caja_Extended_Minus10	SigA	False	True	EXTENDED_MINUS10	0.00041	6.0	False	1.0	-1		Mono-caja_Extended	False	True
transcription_start_site.381	Mono-caja_Extended_Minus10	SigA	False	True	EXTENDED_MINUS10	6.28e-05	6.0	False	1.0	-1		Mono-caja_Extended	False	True
transcription_start_site.382	Mono-caja_Extended_Minus10	SigA	False	True	EXTENDED_MINUS10	1.65e-05	5.0	False	1.0	-1		Mono-caja_Standard	False	True
transcription_start_site.383	Mono-caja_Extended_Minus10	SigA	False	True	EXTENDED_MINUS10	8.31e-05	6.0	False	1.0	-1		Bipartite	True	True
transcription_start_site.384	Mono-caja_Extended_Minus10	SigA	False	True	EXTENDED_MINUS10	0.000536	6.0	False	1.0	-1		Mono-caja_Extended	False	True
transcription_start_site.385	Mono-caja_Extended_Minus10	SigA	False	True	EXTENDED_MINUS10	6.28e-05	7.0	False	1.0	-1		Bipartite	True	True
transcription_start_site.386	Mono-caja_Extended_Minus10	SigA	False	True	EXTENDED_MINUS10	2.49e-06	6.0	False	1.0	-1		Bipartite	True	True
transcription_start_site.387	Mono-caja_Standard_Minus10	SigA	False	True	MINUS10_BOX	0.000427	7.0	False	1.0	-1		Bipartite	True	True
transcription_start_site.388	Mono-caja_Extended_Minus10	SigA	False	True	EXTENDED_MINUS10	0.000674	6.0	False	1.0	-1		Bipartite	True	True
transcription_start_site.389	Mono-caja_Extended_Minus10	SigA	False	True	EXTENDED_MINUS10	3.57e-06	5.0	False	1.0	-1		Mono-caja_Extended	False	True
transcription_start_site.390	Mono-caja_Extended_Minus10	SigA	False	True	EXTENDED_MINUS10	0.000185	6.0	False	1.0	-1		Mono-caja_Extended	False	True
transcription_start_site.391	Mono-caja_Standard_Minus10	SigA	False	True	MINUS10_BOX	0.000427	6.0	False	1.0	-1		Mono-caja_Extended	False	True
transcription_start_site.392	Orphan_Unassigned	Unassigned	False	False	None	1.0	-1.0	False	1.0	-1		Orphan	False	False
transcription_start_site.393	Mono-caja_Extended_Minus10	SigA	False	True	EXTENDED_MINUS10	4.13e-05	6.0	False	1.0	-1		Mono-caja_Extended	False	True
transcription_start_site.394	Mono-caja_Extended_Minus10	SigA	False	True	EXTENDED_MINUS10	8.31e-05	6.0	False	1.0	-1		Mono-caja_Extended	False	True
transcription_start_site.395	Mono-caja_Extended_Minus10	SigA	False	True	EXTENDED_MINUS10	2.49e-06	6.0	False	1.0	-1		Mono-caja_Extended	False	True
transcription_start_site.396	Orphan_Unassigned	Unassigned	False	False	None	1.0	-1.0	False	1.0	-1		Mono-caja_Standard	False	True
transcription_start_site.397	Bipartite_Standard	SigA	False	True	MINUS10_BOX	0.000427	6.0	True	0.000288	17	TTGACA	Bipartite	True	True
transcription_start_site.398	Mono-caja_Extended_Minus10	SigA	False	True	EXTENDED_MINUS10	3.31e-05	6.0	False	1.0	-1		Mono-caja_Extended	False	True
transcription_start_site.399	Orphan_Unassigned	Unassigned	False	False	None	1.0	-1.0	False	1.0	-1		Mono-caja_Standard	False	True
transcription_start_site.400	Mono-caja_Standard_Minus10	SigA	False	True	MINUS10_BOX	0.000427	6.0	False	1.0	-1		Mono-caja_Standard	False	True
transcription_start_site.401	Mono-caja_Extended_Minus10	SigA	False	True	EXTENDED_MINUS10	7.21e-07	6.0	False	1.0	-1		Bipartite	True	True
transcription_start_site.402	Mono-caja_Extended_Minus10	SigA	False	True	EXTENDED_MINUS10	0.000684	6.0	False	1.0	-1		Bipartite	True	True
transcription_start_site.403	Orphan_Unassigned	Unassigned	False	False	None	1.0	-1.0	False	1.0	-1		Mono-caja_Standard	False	True
transcription_start_site.404	Orphan_Unassigned	Unassigned	False	False	None	1.0	-1.0	False	1.0	-1		Orphan	False	False
transcription_start_site.405	Mono-caja_Extended_Minus10	SigA	False	True	EXTENDED_MINUS10	3.81e-05	6.0	False	1.0	-1		Mono-caja_Standard	False	True
transcription_start_site.406	Mono-caja_Extended_Minus10	SigA	False	True	EXTENDED_MINUS10	0.000728	6.0	False	1.0	-1		Bipartite	True	True
transcription_start_site.407	Mono-caja_Extended_Minus10	SigA	False	True	EXTENDED_MINUS10	1.59e-06	6.0	False	1.0	-1		Mono-caja_Extended	False	True
transcription_start_site.408	Mono-caja_Extended_Minus10	SigA	False	True	EXTENDED_MINUS10	3.84e-05	6.0	False	1.0	-1		Mono-caja_Extended	False	True
transcription_start_site.409	Mono-caja_Extended_Minus10	SigA	False	True	EXTENDED_MINUS10	2.49e-06	6.0	False	1.0	-1		Bipartite	True	True
transcription_start_site.410	Mono-caja_Extended_Minus10	SigA	False	True	EXTENDED_MINUS10	0.000175	7.0	False	1.0	-1		Mono-caja_Extended	False	True
transcription_start_site.411	Mono-caja_Extended_Minus10	SigA	False	True	EXTENDED_MINUS10	7.29e-05	6.0	False	1.0	-1		Mono-caja_Extended	False	True
transcription_start_site.412	Mono-caja_Extended_Minus10	SigA	False	True	EXTENDED_MINUS10	0.000565	6.0	False	1.0	-1		Bipartite	True	True
transcription_start_site.413	Mono-caja_Extended_Minus10	SigA	False	True	EXTENDED_MINUS10	3.31e-05	6.0	False	1.0	-1		Mono-caja_Extended	False	True
transcription_start_site.414	Mono-caja_Extended_Minus10	SigA	False	True	EXTENDED_MINUS10	0.00041	6.0	False	1.0	-1		Mono-caja_Extended	False	True
transcription_start_site.415	Mono-caja_Extended_Minus10	SigA	False	True	EXTENDED_MINUS10	1.65e-05	6.0	False	1.0	-1		Mono-caja_Extended	False	True
transcription_start_site.416	Mono-caja_Extended_Minus10	SigA	False	True	EXTENDED_MINUS10	1.77e-05	6.0	False	1.0	-1		Bipartite	True	True
transcription_start_site.417	Mono-caja_Extended_Minus10	SigA	False	True	EXTENDED_MINUS10	0.000511	4.0	False	1.0	-1		Mono-caja_Extended	False	True
transcription_start_site.418	ComX_SigmaX	SigX	True	False	None	1.0	-1.0	False	1.0	-1		Orphan	False	False
transcription_start_site.419	Mono-caja_Extended_Minus10	SigA	False	True	EXTENDED_MINUS10	8.31e-05	6.0	False	1.0	-1		Mono-caja_Extended	False	True
transcription_start_site.420	Bipartite_Standard	SigA	False	True	MINUS10_BOX	0.000764	6.0	True	0.000288	17	TTGACA	Bipartite	True	True
transcription_start_site.421	Orphan_Unassigned	Unassigned	False	False	None	1.0	-1.0	False	1.0	-1		Orphan	False	False
transcription_start_site.422	Orphan_Unassigned	Unassigned	False	False	None	1.0	-1.0	False	1.0	-1		Bipartite	True	True
transcription_start_site.423	Mono-caja_Extended_Minus10	SigA	False	True	EXTENDED_MINUS10	0.000234	5.0	False	1.0	-1		Mono-caja_Extended	False	True
transcription_start_site.424	Orphan_Unassigned	Unassigned	False	False	None	1.0	-1.0	False	1.0	-1		Orphan	False	False
transcription_start_site.425	Mono-caja_Extended_Minus10	SigA	False	True	EXTENDED_MINUS10	4.13e-05	6.0	False	1.0	-1		Mono-caja_Extended	False	True
transcription_start_site.426	Mono-caja_Extended_Minus10	SigA	False	True	EXTENDED_MINUS10	7.21e-07	6.0	False	1.0	-1		Mono-caja_Extended	False	True
transcription_start_site.427	Mono-caja_Extended_Minus10	SigA	False	True	EXTENDED_MINUS10	1.65e-05	6.0	False	1.0	-1		Mono-caja_Extended	False	True
transcription_start_site.428	ComX_SigmaX	SigX	True	False	None	1.0	-1.0	False	1.0	-1		Orphan	False	False
transcription_start_site.429	Mono-caja_Extended_Minus10	SigA	False	True	EXTENDED_MINUS10	4.87e-05	6.0	False	1.0	-1		Mono-caja_Extended	False	True
transcription_start_site.430	Orphan_Unassigned	Unassigned	False	False	None	1.0	-1.0	False	1.0	-1		Mono-caja_Standard	False	True
transcription_start_site.431	Mono-caja_Extended_Minus10	SigA	False	True	EXTENDED_MINUS10	2.76e-05	6.0	False	1.0	-1		Mono-caja_Extended	False	True
transcription_start_site.432	Mono-caja_Extended_Minus10	SigA	False	True	EXTENDED_MINUS10	0.000803	6.0	False	1.0	-1		Mono-caja_Extended	False	True
transcription_start_site.433	Mono-caja_Extended_Minus10	SigA	False	True	EXTENDED_MINUS10	2.49e-06	6.0	False	1.0	-1		Mono-caja_Extended	False	True
transcription_start_site.434	Mono-caja_Extended_Minus10	SigA	False	True	EXTENDED_MINUS10	0.000375	6.0	False	1.0	-1		Bipartite	True	True
transcription_start_site.435	Mono-caja_Extended_Minus10	SigA	False	True	EXTENDED_MINUS10	7.21e-07	6.0	False	1.0	-1		Mono-caja_Extended	False	True
transcription_start_site.436	Mono-caja_Extended_Minus10	SigA	False	True	EXTENDED_MINUS10	0.000667	6.0	False	1.0	-1		Mono-caja_Extended	False	True
transcription_start_site.437	Orphan_Unassigned	Unassigned	False	False	None	1.0	-1.0	False	1.0	-1		Orphan	False	False
transcription_start_site.438	Mono-caja_Extended_Minus10	SigA	False	True	EXTENDED_MINUS10	1.65e-05	6.0	False	1.0	-1		Bipartite	True	True
transcription_start_site.439	Orphan_Unassigned	Unassigned	False	False	None	1.0	-1.0	False	1.0	-1		Bipartite	True	True
transcription_start_site.440	Mono-caja_Extended_Minus10	SigA	False	True	EXTENDED_MINUS10	3.57e-06	6.0	False	1.0	-1		Bipartite	True	True
transcription_start_site.441	Mono-caja_Extended_Minus10	SigA	False	True	EXTENDED_MINUS10	2.95e-05	6.0	False	1.0	-1		Mono-caja_Extended	False	True
transcription_start_site.442	Orphan_Unassigned	Unassigned	False	False	None	1.0	-1.0	False	1.0	-1		Bipartite	True	True
transcription_start_site.443	Mono-caja_Extended_Minus10	SigA	False	True	EXTENDED_MINUS10	3.84e-05	6.0	False	1.0	-1		Bipartite	True	True
transcription_start_site.444	Mono-caja_Extended_Minus10	SigA	False	True	EXTENDED_MINUS10	7.88e-05	7.0	False	1.0	-1		Bipartite	True	True
transcription_start_site.445	Mono-caja_Standard_Minus10	SigA	False	True	MINUS10_BOX	0.000427	6.0	False	1.0	-1		Bipartite	True	True
transcription_start_site.446	Bipartite_With_Extended_Minus10	SigA	False	True	EXTENDED_MINUS10	6.19e-05	7.0	True	0.000643	16	TTAACA	Mono-caja_Extended	False	True
transcription_start_site.447	Mono-caja_Extended_Minus10	SigA	False	True	EXTENDED_MINUS10	7.21e-07	6.0	False	1.0	-1		Mono-caja_Extended	False	True
transcription_start_site.448	Mono-caja_Extended_Minus10	SigA	False	True	EXTENDED_MINUS10	0.000561	6.0	False	1.0	-1		Bipartite	True	True
transcription_start_site.449	Mono-caja_Extended_Minus10	SigA	False	True	EXTENDED_MINUS10	5.07e-05	6.0	False	1.0	-1		Mono-caja_Extended	False	True
transcription_start_site.450	Mono-caja_Extended_Minus10	SigA	False	True	EXTENDED_MINUS10	8.31e-05	6.0	False	1.0	-1		Mono-caja_Extended	False	True
transcription_start_site.451	Mono-caja_Standard_Minus10	SigA	False	True	MINUS10_BOX	0.000427	6.0	False	1.0	-1		Bipartite	True	True
transcription_start_site.452	Mono-caja_Extended_Minus10	SigA	False	True	EXTENDED_MINUS10	0.000179	7.0	False	1.0	-1		Mono-caja_Extended	False	True
transcription_start_site.453	Mono-caja_Extended_Minus10	SigA	False	True	EXTENDED_MINUS10	1.65e-05	6.0	False	1.0	-1		Bipartite	True	True
transcription_start_site.454	Mono-caja_Extended_Minus10	SigA	False	True	EXTENDED_MINUS10	0.000307	6.0	False	1.0	-1		Mono-caja_Extended	False	True
transcription_start_site.455	Mono-caja_Extended_Minus10	SigA	False	True	EXTENDED_MINUS10	0.000656	6.0	False	1.0	-1		Bipartite	True	True
transcription_start_site.456	Mono-caja_Extended_Minus10	SigA	False	True	EXTENDED_MINUS10	0.000909	7.0	False	1.0	-1		Bipartite	True	True
transcription_start_site.457	Mono-caja_Extended_Minus10	SigA	False	True	EXTENDED_MINUS10	4.13e-05	7.0	False	1.0	-1		Mono-caja_Extended	False	True
transcription_start_site.458	Mono-caja_Extended_Minus10	SigA	False	True	EXTENDED_MINUS10	4.13e-05	6.0	False	1.0	-1		Mono-caja_Extended	False	True
transcription_start_site.459	Mono-caja_Extended_Minus10	SigA	False	True	EXTENDED_MINUS10	3.57e-06	6.0	False	1.0	-1		Mono-caja_Extended	False	True
transcription_start_site.460	Mono-caja_Extended_Minus10	SigA	False	True	EXTENDED_MINUS10	3.84e-05	6.0	False	1.0	-1		Bipartite	True	True
transcription_start_site.461	Mono-caja_Extended_Minus10	SigA	False	True	EXTENDED_MINUS10	0.000694	6.0	False	1.0	-1		Mono-caja_Extended	False	True
transcription_start_site.462	Mono-caja_Extended_Minus10	SigA	False	True	EXTENDED_MINUS10	8.31e-05	6.0	False	1.0	-1		Mono-caja_Extended	False	True
transcription_start_site.463	Mono-caja_Extended_Minus10	SigA	False	True	EXTENDED_MINUS10	3.84e-05	6.0	False	1.0	-1		Mono-caja_Extended	False	True
transcription_start_site.464	Mono-caja_Extended_Minus10	SigA	False	True	EXTENDED_MINUS10	2.49e-06	7.0	False	1.0	-1		Bipartite	True	True
transcription_start_site.465	Orphan_Unassigned	Unassigned	False	False	None	1.0	-1.0	False	1.0	-1		Mono-caja_Standard	False	True
transcription_start_site.466	Mono-caja_Extended_Minus10	SigA	False	True	EXTENDED_MINUS10	0.000179	6.0	False	1.0	-1		Mono-caja_Extended	False	True
transcription_start_site.467	Orphan_Unassigned	Unassigned	False	False	None	1.0	-1.0	False	1.0	-1		Mono-caja_Standard	False	True
transcription_start_site.468	ComX_SigmaX	SigX	True	False	None	1.0	-1.0	False	1.0	-1		Orphan	False	False
transcription_start_site.469	Mono-caja_Extended_Minus10	SigA	False	True	EXTENDED_MINUS10	3.23e-05	6.0	False	1.0	-1		Bipartite	True	True
transcription_start_site.470	Mono-caja_Extended_Minus10	SigA	False	True	EXTENDED_MINUS10	3.31e-05	6.0	False	1.0	-1		Mono-caja_Extended	False	True
transcription_start_site.471	Mono-caja_Extended_Minus10	SigA	False	True	EXTENDED_MINUS10	5.07e-05	7.0	False	1.0	-1		Mono-caja_Extended	False	True
transcription_start_site.472	Orphan_Unassigned	Unassigned	False	False	None	1.0	-1.0	False	1.0	-1		Orphan	False	False
transcription_start_site.473	Mono-caja_Extended_Minus10	SigA	False	True	EXTENDED_MINUS10	0.000234	6.0	False	1.0	-1		Mono-caja_Extended	False	True
transcription_start_site.474	Orphan_Unassigned	Unassigned	False	False	None	1.0	-1.0	False	1.0	-1		Bipartite	True	True
transcription_start_site.475	Mono-caja_Extended_Minus10	SigA	False	True	EXTENDED_MINUS10	9.26e-05	7.0	False	1.0	-1		Mono-caja_Extended	False	True
transcription_start_site.476	Orphan_Unassigned	Unassigned	False	False	None	1.0	-1.0	False	1.0	-1		Orphan	False	False
transcription_start_site.477	Mono-caja_Extended_Minus10	SigA	False	True	EXTENDED_MINUS10	0.000155	6.0	False	1.0	-1		Mono-caja_Extended	False	True
transcription_start_site.478	Orphan_Unassigned	Unassigned	False	False	None	1.0	-1.0	False	1.0	-1		Mono-caja_Standard	False	True
transcription_start_site.479	Mono-caja_Extended_Minus10	SigA	False	True	EXTENDED_MINUS10	9.26e-05	6.0	False	1.0	-1		Bipartite	True	True
transcription_start_site.480	Mono-caja_Extended_Minus10	SigA	False	True	EXTENDED_MINUS10	8.31e-05	6.0	False	1.0	-1		Mono-caja_Extended	False	True
transcription_start_site.481	Mono-caja_Extended_Minus10	SigA	False	True	EXTENDED_MINUS10	0.001	6.0	False	1.0	-1		Mono-caja_Standard	False	True
transcription_start_site.482	Mono-caja_Extended_Minus10	SigA	False	True	EXTENDED_MINUS10	0.000667	7.0	False	1.0	-1		Mono-caja_Extended	False	True
transcription_start_site.483	Mono-caja_Extended_Minus10	SigA	False	True	EXTENDED_MINUS10	0.000762	6.0	False	1.0	-1		Mono-caja_Extended	False	True
transcription_start_site.484	Mono-caja_Extended_Minus10	SigA	False	True	EXTENDED_MINUS10	1.59e-06	6.0	False	1.0	-1		Mono-caja_Extended	False	True
transcription_start_site.485	Mono-caja_Extended_Minus10	SigA	False	True	EXTENDED_MINUS10	9.09e-05	6.0	False	1.0	-1		Mono-caja_Extended	False	True
transcription_start_site.486	Orphan_Unassigned	Unassigned	False	False	None	1.0	-1.0	False	1.0	-1		Mono-caja_Standard	False	True
transcription_start_site.487	Mono-caja_Standard_Minus10	SigA	False	True	MINUS10_BOX	0.000427	6.0	False	1.0	-1		Mono-caja_Standard	False	True
transcription_start_site.488	Mono-caja_Extended_Minus10	SigA	False	True	EXTENDED_MINUS10	4.87e-05	6.0	False	1.0	-1		Bipartite	True	True
transcription_start_site.489	Mono-caja_Extended_Minus10	SigA	False	True	EXTENDED_MINUS10	7.6e-05	6.0	False	1.0	-1		Bipartite	True	True
transcription_start_site.490	Orphan_Unassigned	Unassigned	False	False	None	1.0	-1.0	False	1.0	-1		Bipartite	True	True
transcription_start_site.491	Mono-caja_Extended_Minus10	SigA	False	True	EXTENDED_MINUS10	6.19e-05	7.0	False	1.0	-1		Mono-caja_Extended	False	True
transcription_start_site.492	Orphan_Unassigned	Unassigned	False	False	None	1.0	-1.0	False	1.0	-1		Mono-caja_Standard	False	True
transcription_start_site.493	Mono-caja_Extended_Minus10	SigA	False	True	EXTENDED_MINUS10	3.57e-06	7.0	False	1.0	-1		Bipartite	True	True
transcription_start_site.494	Mono-caja_Extended_Minus10	SigA	False	True	EXTENDED_MINUS10	5.07e-05	7.0	False	1.0	-1		Mono-caja_Extended	False	True
transcription_start_site.495	Mono-caja_Extended_Minus10	SigA	False	True	EXTENDED_MINUS10	6.68e-06	5.0	False	1.0	-1		Mono-caja_Extended	False	True
transcription_start_site.496	Mono-caja_Extended_Minus10	SigA	False	True	EXTENDED_MINUS10	0.000291	6.0	False	1.0	-1		Mono-caja_Extended	False	True
transcription_start_site.497	Orphan_Unassigned	Unassigned	False	False	None	1.0	-1.0	False	1.0	-1		Bipartite	True	True
transcription_start_site.498	Mono-caja_Standard_Minus10	SigA	False	True	MINUS10_BOX	0.000427	6.0	False	1.0	-1		Bipartite	True	True
transcription_start_site.499	Orphan_Unassigned	Unassigned	False	False	None	1.0	-1.0	False	1.0	-1		Bipartite	True	True
transcription_start_site.500	Mono-caja_Extended_Minus10	SigA	False	True	EXTENDED_MINUS10	0.000924	6.0	False	1.0	-1		Bipartite	True	True
transcription_start_site.501	Mono-caja_Extended_Minus10	SigA	False	True	EXTENDED_MINUS10	2.69e-05	6.0	False	1.0	-1		Mono-caja_Extended	False	True
transcription_start_site.502	Mono-caja_Extended_Minus10	SigA	False	True	EXTENDED_MINUS10	3.84e-05	6.0	False	1.0	-1		Mono-caja_Extended	False	True
transcription_start_site.503	Mono-caja_Extended_Minus10	SigA	False	True	EXTENDED_MINUS10	0.000694	7.0	False	1.0	-1		Mono-caja_Extended	False	True
transcription_start_site.504	Mono-caja_Extended_Minus10	SigA	False	True	EXTENDED_MINUS10	0.000701	6.0	False	1.0	-1		Mono-caja_Extended	False	True
transcription_start_site.505	Mono-caja_Extended_Minus10	SigA	False	True	EXTENDED_MINUS10	3.94e-05	3.0	False	1.0	-1		Mono-caja_Extended	False	True
transcription_start_site.506	Orphan_Unassigned	Unassigned	False	False	None	1.0	-1.0	False	1.0	-1		Orphan	False	False
transcription_start_site.507	Orphan_Unassigned	Unassigned	False	False	None	1.0	-1.0	False	1.0	-1		Bipartite	True	True
transcription_start_site.508	Mono-caja_Extended_Minus10	SigA	False	True	EXTENDED_MINUS10	7.88e-05	7.0	False	1.0	-1		Bipartite	True	True
transcription_start_site.509	Orphan_Unassigned	Unassigned	False	False	None	1.0	-1.0	False	1.0	-1		Bipartite	True	True
transcription_start_site.510	Mono-caja_Extended_Minus10	SigA	False	True	EXTENDED_MINUS10	6.63e-05	8.0	False	1.0	-1		Bipartite	True	True
transcription_start_site.511	Mono-caja_Extended_Minus10	SigA	False	True	EXTENDED_MINUS10	0.000322	6.0	False	1.0	-1		Bipartite	True	True
transcription_start_site.512	Mono-caja_Extended_Minus10	SigA	False	True	EXTENDED_MINUS10	0.000188	6.0	False	1.0	-1		Mono-caja_Extended	False	True
transcription_start_site.513	Mono-caja_Extended_Minus10	SigA	False	True	EXTENDED_MINUS10	0.000274	6.0	False	1.0	-1		Mono-caja_Extended	False	True
transcription_start_site.514	Mono-caja_Extended_Minus10	SigA	False	True	EXTENDED_MINUS10	2.69e-05	6.0	False	1.0	-1		Bipartite	True	True
transcription_start_site.515	Orphan_Unassigned	Unassigned	False	False	None	1.0	-1.0	False	1.0	-1		Bipartite	True	True
transcription_start_site.516	Mono-caja_Extended_Minus10	SigA	False	True	EXTENDED_MINUS10	3.31e-05	6.0	False	1.0	-1		Mono-caja_Extended	False	True
transcription_start_site.517	Mono-caja_Extended_Minus10	SigA	False	True	EXTENDED_MINUS10	0.000811	6.0	False	1.0	-1		Bipartite	True	True
transcription_start_site.518	Mono-caja_Standard_Minus10	SigA	False	True	MINUS10_BOX	0.000427	6.0	False	1.0	-1		Bipartite	True	True
transcription_start_site.519	Orphan_Unassigned	Unassigned	False	False	None	1.0	-1.0	False	1.0	-1		Orphan	False	False
transcription_start_site.520	Mono-caja_Extended_Minus10	SigA	False	True	EXTENDED_MINUS10	3.12e-05	7.0	False	1.0	-1		Mono-caja_Extended	False	True
transcription_start_site.521	Mono-caja_Extended_Minus10	SigA	False	True	EXTENDED_MINUS10	4.87e-05	7.0	False	1.0	-1		Mono-caja_Extended	False	True
transcription_start_site.522	Orphan_Unassigned	Unassigned	False	False	None	1.0	-1.0	False	1.0	-1		Bipartite	True	True
transcription_start_site.523	Mono-caja_Extended_Minus10	SigA	False	True	EXTENDED_MINUS10	7.88e-05	6.0	False	1.0	-1		Bipartite	True	True
transcription_start_site.524	Mono-caja_Extended_Minus10	SigA	False	True	EXTENDED_MINUS10	0.000358	6.0	False	1.0	-1		Bipartite	True	True
transcription_start_site.525	Mono-caja_Extended_Minus10	SigA	False	True	EXTENDED_MINUS10	2.49e-06	6.0	False	1.0	-1		Mono-caja_Extended	False	True
transcription_start_site.526	Orphan_Unassigned	Unassigned	False	False	None	1.0	-1.0	False	1.0	-1		Mono-caja_Standard	False	True
transcription_start_site.527	Mono-caja_Extended_Minus10	SigA	False	True	EXTENDED_MINUS10	2.49e-06	6.0	False	1.0	-1		Bipartite	True	True
transcription_start_site.528	Mono-caja_Extended_Minus10	SigA	False	True	EXTENDED_MINUS10	0.000916	6.0	False	1.0	-1		Mono-caja_Extended	False	True
transcription_start_site.529	Orphan_Unassigned	Unassigned	False	False	None	1.0	-1.0	False	1.0	-1		Bipartite	True	True
transcription_start_site.530	Mono-caja_Extended_Minus10	SigA	False	True	EXTENDED_MINUS10	3.57e-06	7.0	False	1.0	-1		Bipartite	True	True
transcription_start_site.531	Orphan_Unassigned	Unassigned	False	False	None	1.0	-1.0	False	1.0	-1		Bipartite	True	True
transcription_start_site.532	Mono-caja_Extended_Minus10	SigA	False	True	EXTENDED_MINUS10	3.12e-05	6.0	False	1.0	-1		Mono-caja_Extended	False	True
transcription_start_site.533	Mono-caja_Extended_Minus10	SigA	False	True	EXTENDED_MINUS10	3.81e-05	6.0	False	1.0	-1		Bipartite	True	True
transcription_start_site.534	Orphan_Unassigned	Unassigned	False	False	None	1.0	-1.0	False	1.0	-1		Mono-caja_Standard	False	True
transcription_start_site.535	Mono-caja_Extended_Minus10	SigA	False	True	EXTENDED_MINUS10	2.49e-06	5.0	False	1.0	-1		Mono-caja_Extended	False	True
transcription_start_site.536	Orphan_Unassigned	Unassigned	False	False	None	1.0	-1.0	False	1.0	-1		Mono-caja_Standard	False	True
transcription_start_site.537	Orphan_Unassigned	Unassigned	False	False	None	1.0	-1.0	False	1.0	-1		Orphan	False	False
transcription_start_site.538	Mono-caja_Extended_Minus10	SigA	False	True	EXTENDED_MINUS10	0.000536	7.0	False	1.0	-1		Bipartite	True	True
transcription_start_site.539	Mono-caja_Extended_Minus10	SigA	False	True	EXTENDED_MINUS10	1.35e-05	6.0	False	1.0	-1		Mono-caja_Extended	False	True
transcription_start_site.540	Mono-caja_Extended_Minus10	SigA	False	True	EXTENDED_MINUS10	6.19e-05	6.0	False	1.0	-1		Bipartite	True	True
transcription_start_site.541	Mono-caja_Extended_Minus10	SigA	False	True	EXTENDED_MINUS10	3.23e-05	6.0	False	1.0	-1		Bipartite	True	True
transcription_start_site.542	Mono-caja_Extended_Minus10	SigA	False	True	EXTENDED_MINUS10	5.63e-05	7.0	False	1.0	-1		Mono-caja_Extended	False	True
transcription_start_site.543	Mono-caja_Extended_Minus10	SigA	False	True	EXTENDED_MINUS10	4.13e-05	6.0	False	1.0	-1		Bipartite	True	True
transcription_start_site.544	Bipartite_Standard	SigA	False	True	MINUS10_BOX	0.000427	6.0	True	0.000288	17	TTGACA	Bipartite	True	True
transcription_start_site.545	Mono-caja_Extended_Minus10	SigA	False	True	EXTENDED_MINUS10	3.57e-06	6.0	False	1.0	-1		Mono-caja_Extended	False	True
transcription_start_site.546	Orphan_Unassigned	Unassigned	False	False	None	1.0	-1.0	False	1.0	-1		Mono-caja_Extended	False	True
transcription_start_site.547	Orphan_Unassigned	Unassigned	False	False	None	1.0	-1.0	False	1.0	-1		Bipartite	True	True
transcription_start_site.548	Orphan_Unassigned	Unassigned	False	False	None	1.0	-1.0	False	1.0	-1		Bipartite	True	True
transcription_start_site.549	ComX_SigmaX	SigX	True	False	None	1.0	-1.0	False	1.0	-1		Orphan	False	False
transcription_start_site.550	Mono-caja_Extended_Minus10	SigA	False	True	EXTENDED_MINUS10	7.21e-07	6.0	False	1.0	-1		Bipartite	True	True
transcription_start_site.551	Orphan_Unassigned	Unassigned	False	False	None	1.0	-1.0	False	1.0	-1		Mono-caja_Standard	False	True
transcription_start_site.552	Mono-caja_Extended_Minus10	SigA	False	True	EXTENDED_MINUS10	3.57e-06	5.0	False	1.0	-1		Mono-caja_Extended	False	True
transcription_start_site.553	Mono-caja_Extended_Minus10	SigA	False	True	EXTENDED_MINUS10	3.57e-06	7.0	False	1.0	-1		Mono-caja_Extended	False	True
transcription_start_site.554	Mono-caja_Extended_Minus10	SigA	False	True	EXTENDED_MINUS10	1.8e-05	7.0	False	1.0	-1		Bipartite	True	True
transcription_start_site.555	Mono-caja_Extended_Minus10	SigA	False	True	EXTENDED_MINUS10	6.19e-05	6.0	False	1.0	-1		Bipartite	True	True
transcription_start_site.556	Mono-caja_Extended_Minus10	SigA	False	True	EXTENDED_MINUS10	0.000684	6.0	False	1.0	-1		Mono-caja_Extended	False	True
transcription_start_site.557	Bipartite_With_Extended_Minus10	SigA	False	True	EXTENDED_MINUS10	0.000667	3.0	True	0.000288	15	TTGACA	Bipartite	True	True
transcription_start_site.558	Mono-caja_Extended_Minus10	SigA	False	True	EXTENDED_MINUS10	0.00044	6.0	False	1.0	-1		Mono-caja_Extended	False	True
transcription_start_site.559	Mono-caja_Extended_Minus10	SigA	False	True	EXTENDED_MINUS10	6.68e-06	5.0	False	1.0	-1		Mono-caja_Extended	False	True
transcription_start_site.560	Mono-caja_Extended_Minus10	SigA	False	True	EXTENDED_MINUS10	0.000235	6.0	False	1.0	-1		Bipartite	True	True
transcription_start_site.561	Mono-caja_Extended_Minus10	SigA	False	True	EXTENDED_MINUS10	3.12e-05	7.0	False	1.0	-1		Mono-caja_Extended	False	True
transcription_start_site.562	Mono-caja_Extended_Minus10	SigA	False	True	EXTENDED_MINUS10	0.000179	6.0	False	1.0	-1		Mono-caja_Extended	False	True
transcription_start_site.563	Mono-caja_Extended_Minus10	SigA	False	True	EXTENDED_MINUS10	2.95e-05	6.0	False	1.0	-1		Bipartite	True	True
transcription_start_site.564	Orphan_Unassigned	Unassigned	False	False	None	1.0	-1.0	False	1.0	-1		Orphan	False	False
transcription_start_site.565	Mono-caja_Extended_Minus10	SigA	False	True	EXTENDED_MINUS10	0.000307	5.0	False	1.0	-1		Mono-caja_Extended	False	True
transcription_start_site.566	Mono-caja_Extended_Minus10	SigA	False	True	EXTENDED_MINUS10	2.49e-06	6.0	False	1.0	-1		Bipartite	True	True
transcription_start_site.567	Mono-caja_Extended_Minus10	SigA	False	True	EXTENDED_MINUS10	1.17e-05	6.0	False	1.0	-1		Mono-caja_Extended	False	True
transcription_start_site.568	Orphan_Unassigned	Unassigned	False	False	None	1.0	-1.0	False	1.0	-1		Bipartite	True	True
transcription_start_site.569	Mono-caja_Standard_Minus10	SigA	False	True	MINUS10_BOX	0.000427	6.0	False	1.0	-1		Mono-caja_Standard	False	True
transcription_start_site.570	Mono-caja_Extended_Minus10	SigA	False	True	EXTENDED_MINUS10	1.77e-05	7.0	False	1.0	-1		Bipartite	True	True
transcription_start_site.571	Mono-caja_Extended_Minus10	SigA	False	True	EXTENDED_MINUS10	2.55e-05	6.0	False	1.0	-1		Mono-caja_Extended	False	True
transcription_start_site.572	Mono-caja_Standard_Minus10	SigA	False	True	MINUS10_BOX	0.000427	6.0	False	1.0	-1		Bipartite	True	True
transcription_start_site.573	Mono-caja_Standard_Minus10	SigA	False	True	MINUS10_BOX	0.000427	6.0	False	1.0	-1		Bipartite	True	True
transcription_start_site.574	Orphan_Unassigned	Unassigned	False	False	None	1.0	-1.0	False	1.0	-1		Orphan	False	False
transcription_start_site.575	Orphan_Unassigned	Unassigned	False	False	None	1.0	-1.0	False	1.0	-1		Orphan	False	False
transcription_start_site.576	Mono-caja_Extended_Minus10	SigA	False	True	EXTENDED_MINUS10	2.69e-05	7.0	False	1.0	-1		Mono-caja_Extended	False	True
transcription_start_site.577	Mono-caja_Extended_Minus10	SigA	False	True	EXTENDED_MINUS10	0.000291	6.0	False	1.0	-1		Bipartite	True	True
transcription_start_site.578	Orphan_Unassigned	Unassigned	False	False	None	1.0	-1.0	False	1.0	-1		Orphan	False	False
transcription_start_site.579	Mono-caja_Extended_Minus10	SigA	False	True	EXTENDED_MINUS10	2.99e-05	6.0	False	1.0	-1		Mono-caja_Extended	False	True
transcription_start_site.580	Mono-caja_Standard_Minus10	SigA	False	True	MINUS10_BOX	0.000427	6.0	False	1.0	-1		Bipartite	True	True
transcription_start_site.581	Mono-caja_Extended_Minus10	SigA	False	True	EXTENDED_MINUS10	7.21e-07	5.0	False	1.0	-1		Bipartite	True	True
transcription_start_site.582	Orphan_Unassigned	Unassigned	False	False	None	1.0	-1.0	False	1.0	-1		Orphan	False	False
transcription_start_site.583	Mono-caja_Extended_Minus10	SigA	False	True	EXTENDED_MINUS10	2.88e-05	4.0	False	1.0	-1		Mono-caja_Extended	False	True
transcription_start_site.584	Mono-caja_Extended_Minus10	SigA	False	True	EXTENDED_MINUS10	4.13e-05	7.0	False	1.0	-1		Bipartite	True	True
transcription_start_site.585	Mono-caja_Extended_Minus10	SigA	False	True	EXTENDED_MINUS10	0.000835	6.0	False	1.0	-1		Mono-caja_Extended	False	True
transcription_start_site.586	Mono-caja_Standard_Minus10	SigA	False	True	MINUS10_BOX	0.000427	3.0	False	1.0	-1		Bipartite	True	True
transcription_start_site.587	Mono-caja_Extended_Minus10	SigA	False	True	EXTENDED_MINUS10	6.28e-05	5.0	False	1.0	-1		Mono-caja_Extended	False	True
transcription_start_site.588	Mono-caja_Standard_Minus10	SigA	False	True	MINUS10_BOX	0.000427	6.0	False	1.0	-1		Bipartite	True	True
transcription_start_site.589	Orphan_Unassigned	Unassigned	False	False	None	1.0	-1.0	False	1.0	-1		Mono-caja_Standard	False	True
transcription_start_site.590	Mono-caja_Extended_Minus10	SigA	False	True	EXTENDED_MINUS10	8.31e-05	5.0	False	1.0	-1		Bipartite	True	True
transcription_start_site.591	Orphan_Unassigned	Unassigned	False	False	None	1.0	-1.0	False	1.0	-1		Bipartite	True	True
transcription_start_site.592	Mono-caja_Extended_Minus10	SigA	False	True	EXTENDED_MINUS10	2.91e-05	7.0	False	1.0	-1		Bipartite	True	True
transcription_start_site.593	Bipartite_Standard	SigA	False	True	MINUS10_BOX	0.000427	5.0	True	0.000288	17	TTGACA	Bipartite	True	True
transcription_start_site.594	Mono-caja_Extended_Minus10	SigA	False	True	EXTENDED_MINUS10	4.05e-05	6.0	False	1.0	-1		Mono-caja_Extended	False	True
transcription_start_site.595	Mono-caja_Standard_Minus10	SigA	False	True	MINUS10_BOX	0.000427	6.0	False	1.0	-1		Bipartite	True	True
transcription_start_site.596	Mono-caja_Extended_Minus10	SigA	False	True	EXTENDED_MINUS10	7.21e-07	7.0	False	1.0	-1		Bipartite	True	True
transcription_start_site.597	Mono-caja_Extended_Minus10	SigA	False	True	EXTENDED_MINUS10	4.13e-05	6.0	False	1.0	-1		Bipartite	True	True
transcription_start_site.598	Orphan_Unassigned	Unassigned	False	False	None	1.0	-1.0	False	1.0	-1		Bipartite	True	True
transcription_start_site.599	Orphan_Unassigned	Unassigned	False	False	None	1.0	-1.0	False	1.0	-1		Orphan	False	False
transcription_start_site.600	Bipartite_Standard	SigA	False	True	MINUS10_BOX	0.000427	6.0	True	0.000288	17	TTGACA	Bipartite	True	True
transcription_start_site.601	Mono-caja_Extended_Minus10	SigA	False	True	EXTENDED_MINUS10	5.43e-05	6.0	False	1.0	-1		Mono-caja_Extended	False	True
transcription_start_site.602	Mono-caja_Extended_Minus10	SigA	False	True	EXTENDED_MINUS10	0.000684	6.0	False	1.0	-1		Mono-caja_Extended	False	True
transcription_start_site.603	Mono-caja_Extended_Minus10	SigA	False	True	EXTENDED_MINUS10	2.49e-06	6.0	False	1.0	-1		Bipartite	True	True
transcription_start_site.604	Orphan_Unassigned	Unassigned	False	False	None	1.0	-1.0	False	1.0	-1		Mono-caja_Standard	False	True
transcription_start_site.605	Mono-caja_Extended_Minus10	SigA	False	True	EXTENDED_MINUS10	7.29e-05	6.0	False	1.0	-1		Mono-caja_Extended	False	True
transcription_start_site.606	Mono-caja_Extended_Minus10	SigA	False	True	EXTENDED_MINUS10	2.99e-05	7.0	False	1.0	-1		Mono-caja_Extended	False	True
transcription_start_site.607	Mono-caja_Standard_Minus10	SigA	False	True	MINUS10_BOX	0.000427	6.0	False	1.0	-1		Mono-caja_Standard	False	True
transcription_start_site.608	Mono-caja_Extended_Minus10	SigA	False	True	EXTENDED_MINUS10	8.31e-05	7.0	False	1.0	-1		Bipartite	True	True
transcription_start_site.609	Orphan_Unassigned	Unassigned	False	False	None	1.0	-1.0	False	1.0	-1		Mono-caja_Standard	False	True
transcription_start_site.610	Orphan_Unassigned	Unassigned	False	False	None	1.0	-1.0	False	1.0	-1		Mono-caja_Standard	False	True
transcription_start_site.611	Mono-caja_Extended_Minus10	SigA	False	True	EXTENDED_MINUS10	4.87e-05	6.0	False	1.0	-1		Mono-caja_Extended	False	True
transcription_start_site.612	Orphan_Unassigned	Unassigned	False	False	None	1.0	-1.0	False	1.0	-1		Mono-caja_Standard	False	True
transcription_start_site.613	Mono-caja_Extended_Minus10	SigA	False	True	EXTENDED_MINUS10	2.49e-06	6.0	False	1.0	-1		Bipartite	True	True
transcription_start_site.614	Mono-caja_Extended_Minus10	SigA	False	True	EXTENDED_MINUS10	1.14e-05	6.0	False	1.0	-1		Mono-caja_Extended	False	True
transcription_start_site.615	Mono-caja_Extended_Minus10	SigA	False	True	EXTENDED_MINUS10	1.15e-06	6.0	False	1.0	-1		Bipartite	True	True
transcription_start_site.616	Orphan_Unassigned	Unassigned	False	False	None	1.0	-1.0	False	1.0	-1		Mono-caja_Standard	False	True
transcription_start_site.617	Mono-caja_Extended_Minus10	SigA	False	True	EXTENDED_MINUS10	4.13e-05	6.0	False	1.0	-1		Bipartite	True	True
transcription_start_site.618	Mono-caja_Extended_Minus10	SigA	False	True	EXTENDED_MINUS10	0.000784	5.0	False	1.0	-1		Mono-caja_Extended	False	True
transcription_start_site.619	Mono-caja_Extended_Minus10	SigA	False	True	EXTENDED_MINUS10	0.000297	7.0	False	1.0	-1		Mono-caja_Extended	False	True
transcription_start_site.620	Mono-caja_Extended_Minus10	SigA	False	True	EXTENDED_MINUS10	4.45e-05	5.0	False	1.0	-1		Mono-caja_Extended	False	True
transcription_start_site.621	Mono-caja_Extended_Minus10	SigA	False	True	EXTENDED_MINUS10	9.33e-05	6.0	False	1.0	-1		Bipartite	True	True
transcription_start_site.622	Mono-caja_Extended_Minus10	SigA	False	True	EXTENDED_MINUS10	0.000835	6.0	False	1.0	-1		Bipartite	True	True
transcription_start_site.623	Mono-caja_Extended_Minus10	SigA	False	True	EXTENDED_MINUS10	1.74e-05	6.0	False	1.0	-1		Bipartite	True	True
transcription_start_site.624	Mono-caja_Extended_Minus10	SigA	False	True	EXTENDED_MINUS10	4.13e-05	7.0	False	1.0	-1		Mono-caja_Extended	False	True
transcription_start_site.625	Mono-caja_Extended_Minus10	SigA	False	True	EXTENDED_MINUS10	1.59e-06	6.0	False	1.0	-1		Mono-caja_Extended	False	True
transcription_start_site.626	Mono-caja_Extended_Minus10	SigA	False	True	EXTENDED_MINUS10	0.000502	6.0	False	1.0	-1		Bipartite	True	True
transcription_start_site.627	Mono-caja_Extended_Minus10	SigA	False	True	EXTENDED_MINUS10	3.55e-07	6.0	False	1.0	-1		Mono-caja_Extended	False	True
transcription_start_site.628	ComX_SigmaX	SigX	True	False	None	1.0	-1.0	False	1.0	-1		Orphan	False	False
transcription_start_site.629	Mono-caja_Extended_Minus10	SigA	False	True	EXTENDED_MINUS10	3.01e-06	6.0	False	1.0	-1		Bipartite	True	True
transcription_start_site.630	Orphan_Unassigned	Unassigned	False	False	None	1.0	-1.0	False	1.0	-1		Mono-caja_Standard	False	True
transcription_start_site.631	Orphan_Unassigned	Unassigned	False	False	None	1.0	-1.0	False	1.0	-1		Mono-caja_Standard	False	True
transcription_start_site.632	Mono-caja_Extended_Minus10	SigA	False	True	EXTENDED_MINUS10	0.000236	6.0	False	1.0	-1		Mono-caja_Extended	False	True
transcription_start_site.633	Orphan_Unassigned	Unassigned	False	False	None	1.0	-1.0	False	1.0	-1		Mono-caja_Extended	False	True
transcription_start_site.634	Mono-caja_Extended_Minus10	SigA	False	True	EXTENDED_MINUS10	2.91e-05	6.0	False	1.0	-1		Mono-caja_Extended	False	True
transcription_start_site.635	Mono-caja_Extended_Minus10	SigA	False	True	EXTENDED_MINUS10	9.26e-05	6.0	False	1.0	-1		Mono-caja_Extended	False	True
transcription_start_site.636	Mono-caja_Extended_Minus10	SigA	False	True	EXTENDED_MINUS10	0.000684	6.0	False	1.0	-1		Mono-caja_Extended	False	True
transcription_start_site.637	Mono-caja_Extended_Minus10	SigA	False	True	EXTENDED_MINUS10	5.58e-05	6.0	False	1.0	-1		Bipartite	True	True
transcription_start_site.638	Mono-caja_Extended_Minus10	SigA	False	True	EXTENDED_MINUS10	8.31e-05	6.0	False	1.0	-1		Mono-caja_Extended	False	True
transcription_start_site.639	Mono-caja_Extended_Minus10	SigA	False	True	EXTENDED_MINUS10	2.49e-06	6.0	False	1.0	-1		Mono-caja_Extended	False	True
transcription_start_site.640	Orphan_Unassigned	Unassigned	False	False	None	1.0	-1.0	False	1.0	-1		Bipartite	True	True
transcription_start_site.641	Mono-caja_Extended_Minus10	SigA	False	True	EXTENDED_MINUS10	3.81e-05	6.0	False	1.0	-1		Mono-caja_Standard	False	True
transcription_start_site.642	Mono-caja_Extended_Minus10	SigA	False	True	EXTENDED_MINUS10	9.26e-05	6.0	False	1.0	-1		Mono-caja_Extended	False	True
transcription_start_site.643	Mono-caja_Extended_Minus10	SigA	False	True	EXTENDED_MINUS10	5.58e-05	5.0	False	1.0	-1		Bipartite	True	True
transcription_start_site.644	Mono-caja_Extended_Minus10	SigA	False	True	EXTENDED_MINUS10	2.49e-06	6.0	False	1.0	-1		Bipartite	True	True
transcription_start_site.645	Mono-caja_Extended_Minus10	SigA	False	True	EXTENDED_MINUS10	0.000535	6.0	False	1.0	-1		Mono-caja_Extended	False	True
transcription_start_site.646	Mono-caja_Standard_Minus10	SigA	False	True	MINUS10_BOX	0.000427	5.0	False	1.0	-1		Bipartite	True	True
transcription_start_site.647	Mono-caja_Standard_Minus10	SigA	False	True	MINUS10_BOX	0.000427	7.0	False	1.0	-1		Bipartite	True	True
transcription_start_site.648	Orphan_Unassigned	Unassigned	False	False	None	1.0	-1.0	False	1.0	-1		Bipartite	True	True
transcription_start_site.649	Orphan_Unassigned	Unassigned	False	False	None	1.0	-1.0	False	1.0	-1		Orphan	False	False
transcription_start_site.650	Orphan_Unassigned	Unassigned	False	False	None	1.0	-1.0	False	1.0	-1		Bipartite	True	True
transcription_start_site.651	Mono-caja_Extended_Minus10	SigA	False	True	EXTENDED_MINUS10	0.000674	4.0	False	1.0	-1		Bipartite	True	True
transcription_start_site.652	Mono-caja_Extended_Minus10	SigA	False	True	EXTENDED_MINUS10	2.95e-05	6.0	False	1.0	-1		Bipartite	True	True
transcription_start_site.653	Mono-caja_Extended_Minus10	SigA	False	True	EXTENDED_MINUS10	3.57e-06	6.0	False	1.0	-1		Mono-caja_Extended	False	True
transcription_start_site.654	Orphan_Unassigned	Unassigned	False	False	None	1.0	-1.0	False	1.0	-1		Orphan	False	False
transcription_start_site.655	Orphan_Unassigned	Unassigned	False	False	None	1.0	-1.0	False	1.0	-1		Orphan	False	False
transcription_start_site.656	Mono-caja_Standard_Minus10	SigA	False	True	MINUS10_BOX	0.000427	8.0	False	1.0	-1		Mono-caja_Standard	False	True
transcription_start_site.657	Orphan_Unassigned	Unassigned	False	False	None	1.0	-1.0	False	1.0	-1		Orphan	False	False
transcription_start_site.658	Mono-caja_Standard_Minus10	SigA	False	True	MINUS10_BOX	0.000427	6.0	False	1.0	-1		Bipartite	True	True
transcription_start_site.659	Mono-caja_Extended_Minus10	SigA	False	True	EXTENDED_MINUS10	0.000393	6.0	False	1.0	-1		Mono-caja_Extended	False	True
transcription_start_site.660	Mono-caja_Extended_Minus10	SigA	False	True	EXTENDED_MINUS10	0.000757	4.0	False	1.0	-1		Mono-caja_Extended	False	True
transcription_start_site.661	Orphan_Unassigned	Unassigned	False	False	None	1.0	-1.0	False	1.0	-1		Orphan	False	False
transcription_start_site.662	Mono-caja_Standard_Minus10	SigA	False	True	MINUS10_BOX	0.000427	5.0	False	1.0	-1		Mono-caja_Standard	False	True
transcription_start_site.663	Mono-caja_Extended_Minus10	SigA	False	True	EXTENDED_MINUS10	0.000287	6.0	False	1.0	-1		Mono-caja_Extended	False	True
transcription_start_site.664	Mono-caja_Extended_Minus10	SigA	False	True	EXTENDED_MINUS10	3.01e-06	5.0	False	1.0	-1		Mono-caja_Extended	False	True
transcription_start_site.665	Mono-caja_Extended_Minus10	SigA	False	True	EXTENDED_MINUS10	3.55e-07	6.0	False	1.0	-1		Bipartite	True	True
transcription_start_site.666	Mono-caja_Extended_Minus10	SigA	False	True	EXTENDED_MINUS10	3.12e-05	6.0	False	1.0	-1		Bipartite	True	True
transcription_start_site.667	Mono-caja_Standard_Minus10	SigA	False	True	MINUS10_BOX	0.000427	6.0	False	1.0	-1		Bipartite	True	True
transcription_start_site.668	Mono-caja_Extended_Minus10	SigA	False	True	EXTENDED_MINUS10	2.76e-05	7.0	False	1.0	-1		Mono-caja_Extended	False	True
transcription_start_site.669	Mono-caja_Extended_Minus10	SigA	False	True	EXTENDED_MINUS10	8.31e-05	6.0	False	1.0	-1		Mono-caja_Extended	False	True
transcription_start_site.670	Mono-caja_Extended_Minus10	SigA	False	True	EXTENDED_MINUS10	2.88e-05	5.0	False	1.0	-1		Mono-caja_Standard	False	True
transcription_start_site.671	Orphan_Unassigned	Unassigned	False	False	None	1.0	-1.0	False	1.0	-1		Orphan	False	False
transcription_start_site.672	Orphan_Unassigned	Unassigned	False	False	None	1.0	-1.0	False	1.0	-1		Orphan	False	False
transcription_start_site.673	Mono-caja_Extended_Minus10	SigA	False	True	EXTENDED_MINUS10	0.000236	6.0	False	1.0	-1		Mono-caja_Extended	False	True
transcription_start_site.674	Mono-caja_Extended_Minus10	SigA	False	True	EXTENDED_MINUS10	0.000916	5.0	False	1.0	-1		Mono-caja_Extended	False	True
transcription_start_site.675	Orphan_Unassigned	Unassigned	False	False	None	1.0	-1.0	False	1.0	-1		Bipartite	True	True
transcription_start_site.676	Orphan_Unassigned	Unassigned	False	False	None	1.0	-1.0	False	1.0	-1		Orphan	False	False
transcription_start_site.677	Mono-caja_Extended_Minus10	SigA	False	True	EXTENDED_MINUS10	4.87e-05	5.0	False	1.0	-1		Bipartite	True	True
transcription_start_site.678	Mono-caja_Standard_Minus10	SigA	False	True	MINUS10_BOX	0.000427	6.0	False	1.0	-1		Bipartite	True	True
transcription_start_site.679	Mono-caja_Extended_Minus10	SigA	False	True	EXTENDED_MINUS10	1.59e-06	5.0	False	1.0	-1		Mono-caja_Extended	False	True
transcription_start_site.680	Mono-caja_Extended_Minus10	SigA	False	True	EXTENDED_MINUS10	1.15e-06	4.0	False	1.0	-1		Bipartite	True	True
transcription_start_site.681	Orphan_Unassigned	Unassigned	False	False	None	1.0	-1.0	False	1.0	-1		Mono-caja_Extended	False	True
transcription_start_site.682	Mono-caja_Extended_Minus10	SigA	False	True	EXTENDED_MINUS10	3.15e-05	6.0	False	1.0	-1		Mono-caja_Extended	False	True
transcription_start_site.683	Mono-caja_Standard_Minus10	SigA	False	True	MINUS10_BOX	0.000427	6.0	False	1.0	-1		Bipartite	True	True
transcription_start_site.684	Orphan_Unassigned	Unassigned	False	False	None	1.0	-1.0	False	1.0	-1		Bipartite	True	True
transcription_start_site.685	Mono-caja_Extended_Minus10	SigA	False	True	EXTENDED_MINUS10	3.01e-06	6.0	False	1.0	-1		Bipartite	True	True
transcription_start_site.686	Bipartite_Standard	SigA	False	True	MINUS10_BOX	0.000764	6.0	True	0.000288	17	TTGACA	Bipartite	True	True
transcription_start_site.687	Mono-caja_Extended_Minus10	SigA	False	True	EXTENDED_MINUS10	3.81e-05	6.0	False	1.0	-1		Mono-caja_Extended	False	True
transcription_start_site.688	Orphan_Unassigned	Unassigned	False	False	None	1.0	-1.0	False	1.0	-1		Orphan	False	False
transcription_start_site.689	Mono-caja_Extended_Minus10	SigA	False	True	EXTENDED_MINUS10	3.57e-05	7.0	False	1.0	-1		Mono-caja_Extended	False	True
transcription_start_site.690	Mono-caja_Extended_Minus10	SigA	False	True	EXTENDED_MINUS10	2.49e-06	6.0	False	1.0	-1		Bipartite	True	True
transcription_start_site.691	Orphan_Unassigned	Unassigned	False	False	None	1.0	-1.0	False	1.0	-1		Mono-caja_Extended	False	True
transcription_start_site.692	Orphan_Unassigned	Unassigned	False	False	None	1.0	-1.0	False	1.0	-1		Mono-caja_Standard	False	True
transcription_start_site.693	Orphan_Unassigned	Unassigned	False	False	None	1.0	-1.0	False	1.0	-1		Mono-caja_Extended	False	True
transcription_start_site.694	Mono-caja_Extended_Minus10	SigA	False	True	EXTENDED_MINUS10	6.63e-05	7.0	False	1.0	-1		Bipartite	True	True
transcription_start_site.695	Orphan_Unassigned	Unassigned	False	False	None	1.0	-1.0	False	1.0	-1		Mono-caja_Standard	False	True
transcription_start_site.696	Mono-caja_Extended_Minus10	SigA	False	True	EXTENDED_MINUS10	0.000161	6.0	False	1.0	-1		Mono-caja_Extended	False	True
transcription_start_site.697	Mono-caja_Extended_Minus10	SigA	False	True	EXTENDED_MINUS10	0.000545	3.0	False	1.0	-1		Bipartite	True	True
transcription_start_site.698	Mono-caja_Extended_Minus10	SigA	False	True	EXTENDED_MINUS10	7.21e-07	7.0	False	1.0	-1		Bipartite	True	True
transcription_start_site.699	Mono-caja_Extended_Minus10	SigA	False	True	EXTENDED_MINUS10	9.26e-05	7.0	False	1.0	-1		Mono-caja_Extended	False	True
transcription_start_site.700	Mono-caja_Extended_Minus10	SigA	False	True	EXTENDED_MINUS10	8.31e-05	6.0	False	1.0	-1		Bipartite	True	True
transcription_start_site.701	Mono-caja_Extended_Minus10	SigA	False	True	EXTENDED_MINUS10	5e-05	6.0	False	1.0	-1		Bipartite	True	True
transcription_start_site.702	Orphan_Unassigned	Unassigned	False	False	None	1.0	-1.0	False	1.0	-1		Bipartite	True	True
transcription_start_site.703	Orphan_Unassigned	Unassigned	False	False	None	1.0	-1.0	False	1.0	-1		Orphan	False	False
transcription_start_site.704	Mono-caja_Extended_Minus10	SigA	False	True	EXTENDED_MINUS10	5.58e-05	6.0	False	1.0	-1		Bipartite	True	True
transcription_start_site.705	Mono-caja_Extended_Minus10	SigA	False	True	EXTENDED_MINUS10	5.58e-05	7.0	False	1.0	-1		Bipartite	True	True
transcription_start_site.706	Mono-caja_Extended_Minus10	SigA	False	True	EXTENDED_MINUS10	2.99e-05	5.0	False	1.0	-1		Mono-caja_Extended	False	True
transcription_start_site.707	Orphan_Unassigned	Unassigned	False	False	None	1.0	-1.0	False	1.0	-1		Mono-caja_Extended	False	True
transcription_start_site.708	Mono-caja_Extended_Minus10	SigA	False	True	EXTENDED_MINUS10	2.88e-05	6.0	False	1.0	-1		Mono-caja_Extended	False	True
transcription_start_site.709	Orphan_Unassigned	Unassigned	False	False	None	1.0	-1.0	False	1.0	-1		Orphan	False	False
transcription_start_site.710	Bipartite_Standard	SigA	False	True	MINUS10_BOX	0.000427	5.0	True	0.000288	16	TTGACA	Bipartite	True	True
transcription_start_site.711	Mono-caja_Extended_Minus10	SigA	False	True	EXTENDED_MINUS10	5e-05	6.0	False	1.0	-1		Mono-caja_Extended	False	True
transcription_start_site.712	Mono-caja_Extended_Minus10	SigA	False	True	EXTENDED_MINUS10	0.00044	6.0	False	1.0	-1		Mono-caja_Extended	False	True
transcription_start_site.713	Orphan_Unassigned	Unassigned	False	False	None	1.0	-1.0	False	1.0	-1		Mono-caja_Standard	False	True
transcription_start_site.714	Mono-caja_Extended_Minus10	SigA	False	True	EXTENDED_MINUS10	4.01e-05	6.0	False	1.0	-1		Mono-caja_Extended	False	True
transcription_start_site.715	Mono-caja_Extended_Minus10	SigA	False	True	EXTENDED_MINUS10	0.000545	6.0	False	1.0	-1		Mono-caja_Extended	False	True
transcription_start_site.716	Mono-caja_Extended_Minus10	SigA	False	True	EXTENDED_MINUS10	2.69e-05	6.0	False	1.0	-1		Mono-caja_Extended	False	True
transcription_start_site.717	Orphan_Unassigned	Unassigned	False	False	None	1.0	-1.0	False	1.0	-1		Mono-caja_Extended	False	True
transcription_start_site.718	Orphan_Unassigned	Unassigned	False	False	None	1.0	-1.0	False	1.0	-1		Mono-caja_Standard	False	True
transcription_start_site.719	Orphan_Unassigned	Unassigned	False	False	None	1.0	-1.0	False	1.0	-1		Mono-caja_Extended	False	True
transcription_start_site.720	Orphan_Unassigned	Unassigned	False	False	None	1.0	-1.0	False	1.0	-1		Mono-caja_Standard	False	True
transcription_start_site.721	Mono-caja_Standard_Minus10	SigA	False	True	MINUS10_BOX	0.000427	6.0	False	1.0	-1		Bipartite	True	True
transcription_start_site.722	Mono-caja_Extended_Minus10	SigA	False	True	EXTENDED_MINUS10	0.000363	6.0	False	1.0	-1		Mono-caja_Extended	False	True
transcription_start_site.723	Orphan_Unassigned	Unassigned	False	False	None	1.0	-1.0	False	1.0	-1		Mono-caja_Standard	False	True
transcription_start_site.724	Mono-caja_Extended_Minus10	SigA	False	True	EXTENDED_MINUS10	9.33e-05	6.0	False	1.0	-1		Mono-caja_Standard	False	True
transcription_start_site.725	Mono-caja_Extended_Minus10	SigA	False	True	EXTENDED_MINUS10	1.15e-06	7.0	False	1.0	-1		Mono-caja_Extended	False	True
transcription_start_site.726	Mono-caja_Extended_Minus10	SigA	False	True	EXTENDED_MINUS10	6.19e-05	5.0	False	1.0	-1		Mono-caja_Extended	False	True
transcription_start_site.727	Mono-caja_Extended_Minus10	SigA	False	True	EXTENDED_MINUS10	5.07e-05	5.0	False	1.0	-1		Mono-caja_Extended	False	True
transcription_start_site.728	Mono-caja_Extended_Minus10	SigA	False	True	EXTENDED_MINUS10	1.46e-05	7.0	False	1.0	-1		Mono-caja_Extended	False	True
transcription_start_site.729	Mono-caja_Extended_Minus10	SigA	False	True	EXTENDED_MINUS10	1.15e-06	5.0	False	1.0	-1		Mono-caja_Extended	False	True
transcription_start_site.730	Orphan_Unassigned	Unassigned	False	False	None	1.0	-1.0	False	1.0	-1		Bipartite	True	True
transcription_start_site.731	Mono-caja_Extended_Minus10	SigA	False	True	EXTENDED_MINUS10	0.00031	6.0	False	1.0	-1		Mono-caja_Extended	False	True
transcription_start_site.732	Mono-caja_Extended_Minus10	SigA	False	True	EXTENDED_MINUS10	8.31e-05	6.0	False	1.0	-1		Bipartite	True	True
transcription_start_site.733	Mono-caja_Extended_Minus10	SigA	False	True	EXTENDED_MINUS10	6.63e-05	6.0	False	1.0	-1		Bipartite	True	True
transcription_start_site.734	Mono-caja_Extended_Minus10	SigA	False	True	EXTENDED_MINUS10	0.000235	6.0	False	1.0	-1		Orphan	True	False
transcription_start_site.735	Orphan_Unassigned	Unassigned	False	False	None	1.0	-1.0	False	1.0	-1		Mono-caja_Standard	False	True
transcription_start_site.736	Mono-caja_Extended_Minus10	SigA	False	True	EXTENDED_MINUS10	5.57e-06	6.0	False	1.0	-1		Bipartite	True	True
transcription_start_site.737	Mono-caja_Extended_Minus10	SigA	False	True	EXTENDED_MINUS10	4.13e-05	6.0	False	1.0	-1		Bipartite	True	True
transcription_start_site.738	Mono-caja_Extended_Minus10	SigA	False	True	EXTENDED_MINUS10	4.13e-05	6.0	False	1.0	-1		Bipartite	True	True
transcription_start_site.739	Mono-caja_Extended_Minus10	SigA	False	True	EXTENDED_MINUS10	8.31e-05	5.0	False	1.0	-1		Bipartite	True	True
transcription_start_site.740	Mono-caja_Extended_Minus10	SigA	False	True	EXTENDED_MINUS10	0.000471	6.0	False	1.0	-1		Bipartite	True	True
transcription_start_site.741	Mono-caja_Standard_Minus10	SigA	False	True	MINUS10_BOX	0.000427	6.0	False	1.0	-1		Bipartite	True	True
transcription_start_site.742	Mono-caja_Standard_Minus10	SigA	False	True	MINUS10_BOX	0.000427	6.0	False	1.0	-1		Mono-caja_Standard	False	True
transcription_start_site.743	Mono-caja_Extended_Minus10	SigA	False	True	EXTENDED_MINUS10	3.31e-05	4.0	False	1.0	-1		Mono-caja_Extended	False	True
transcription_start_site.744	Orphan_Unassigned	Unassigned	False	False	None	1.0	-1.0	False	1.0	-1		Orphan	False	False
transcription_start_site.745	Mono-caja_Extended_Minus10	SigA	False	True	EXTENDED_MINUS10	1.59e-06	4.0	False	1.0	-1		Mono-caja_Extended	False	True
transcription_start_site.746	Mono-caja_Extended_Minus10	SigA	False	True	EXTENDED_MINUS10	0.000517	7.0	False	1.0	-1		Bipartite	True	True
transcription_start_site.747	Orphan_Unassigned	Unassigned	False	False	None	1.0	-1.0	False	1.0	-1		Orphan	False	False
transcription_start_site.748	Mono-caja_Extended_Minus10	SigA	False	True	EXTENDED_MINUS10	1.65e-05	6.0	False	1.0	-1		Mono-caja_Extended	False	True
transcription_start_site.749	Mono-caja_Extended_Minus10	SigA	False	True	EXTENDED_MINUS10	0.000131	6.0	False	1.0	-1		Mono-caja_Extended	False	True
transcription_start_site.750	Mono-caja_Extended_Minus10	SigA	False	True	EXTENDED_MINUS10	4.87e-05	6.0	False	1.0	-1		Mono-caja_Extended	False	True
transcription_start_site.751	Mono-caja_Extended_Minus10	SigA	False	True	EXTENDED_MINUS10	4.96e-05	5.0	False	1.0	-1		Bipartite	True	True
transcription_start_site.752	Orphan_Unassigned	Unassigned	False	False	None	1.0	-1.0	False	1.0	-1		Bipartite	True	True
transcription_start_site.753	Mono-caja_Extended_Minus10	SigA	False	True	EXTENDED_MINUS10	4.87e-05	6.0	False	1.0	-1		Mono-caja_Extended	False	True
transcription_start_site.754	Mono-caja_Standard_Minus10	SigA	False	True	MINUS10_BOX	0.000427	5.0	False	1.0	-1		Bipartite	True	True
transcription_start_site.755	Mono-caja_Extended_Minus10	SigA	False	True	EXTENDED_MINUS10	1.46e-05	6.0	False	1.0	-1		Mono-caja_Extended	False	True
transcription_start_site.756	Mono-caja_Extended_Minus10	SigA	False	True	EXTENDED_MINUS10	2.49e-06	5.0	False	1.0	-1		Bipartite	True	True
transcription_start_site.757	Mono-caja_Extended_Minus10	SigA	False	True	EXTENDED_MINUS10	8.81e-05	7.0	False	1.0	-1		Bipartite	True	True
transcription_start_site.758	Mono-caja_Standard_Minus10	SigA	False	True	MINUS10_BOX	0.000427	6.0	False	1.0	-1		Bipartite	True	True
transcription_start_site.759	Orphan_Unassigned	Unassigned	False	False	None	1.0	-1.0	False	1.0	-1		Bipartite	True	True
transcription_start_site.760	Orphan_Unassigned	Unassigned	False	False	None	1.0	-1.0	False	1.0	-1		Bipartite	True	True
transcription_start_site.761	Mono-caja_Extended_Minus10	SigA	False	True	EXTENDED_MINUS10	0.000204	6.0	False	1.0	-1		Mono-caja_Extended	False	True
transcription_start_site.762	Mono-caja_Extended_Minus10	SigA	False	True	EXTENDED_MINUS10	1.35e-05	7.0	False	1.0	-1		Mono-caja_Extended	False	True
transcription_start_site.763	Mono-caja_Extended_Minus10	SigA	False	True	EXTENDED_MINUS10	2.49e-06	6.0	False	1.0	-1		Mono-caja_Extended	False	True
transcription_start_site.764	Mono-caja_Extended_Minus10	SigA	False	True	EXTENDED_MINUS10	5.43e-05	6.0	False	1.0	-1		Bipartite	True	True
transcription_start_site.765	Mono-caja_Standard_Minus10	SigA	False	True	MINUS10_BOX	0.000427	6.0	False	1.0	-1		Bipartite	True	True
transcription_start_site.766	Mono-caja_Standard_Minus10	SigA	False	True	MINUS10_BOX	0.000427	6.0	False	1.0	-1		Bipartite	True	True
transcription_start_site.767	Mono-caja_Extended_Minus10	SigA	False	True	EXTENDED_MINUS10	0.000784	6.0	False	1.0	-1		Bipartite	True	True
transcription_start_site.768	Mono-caja_Extended_Minus10	SigA	False	True	EXTENDED_MINUS10	0.000355	6.0	False	1.0	-1		Mono-caja_Extended	False	True
transcription_start_site.769	Orphan_Unassigned	Unassigned	False	False	None	1.0	-1.0	False	1.0	-1		Orphan	False	False
transcription_start_site.770	Bipartite_Standard	SigA	False	True	MINUS10_BOX	0.000427	6.0	True	0.000288	17	TTGACA	Bipartite	True	True
transcription_start_site.771	Orphan_Unassigned	Unassigned	False	False	None	1.0	-1.0	False	1.0	-1		Mono-caja_Extended	False	True
transcription_start_site.772	Orphan_Unassigned	Unassigned	False	False	None	1.0	-1.0	False	1.0	-1		Orphan	False	False
transcription_start_site.773	Mono-caja_Extended_Minus10	SigA	False	True	EXTENDED_MINUS10	7.21e-07	6.0	False	1.0	-1		Mono-caja_Standard	False	True
transcription_start_site.774	Mono-caja_Standard_Minus10	SigA	False	True	MINUS10_BOX	0.000427	6.0	False	1.0	-1		Mono-caja_Standard	False	True
transcription_start_site.775	Mono-caja_Standard_Minus10	SigA	False	True	MINUS10_BOX	0.000427	6.0	False	1.0	-1		Bipartite	True	True
transcription_start_site.776	Mono-caja_Standard_Minus10	SigA	False	True	MINUS10_BOX	0.000427	6.0	False	1.0	-1		Mono-caja_Standard	False	True
transcription_start_site.777	ComX_SigmaX	SigX	True	False	None	1.0	-1.0	False	1.0	-1		Orphan	False	False
transcription_start_site.778	Mono-caja_Extended_Minus10	SigA	False	True	EXTENDED_MINUS10	9.26e-05	5.0	False	1.0	-1		Mono-caja_Extended	False	True
transcription_start_site.779	Orphan_Unassigned	Unassigned	False	False	None	1.0	-1.0	False	1.0	-1		Orphan	False	False
transcription_start_site.780	Orphan_Unassigned	Unassigned	False	False	None	1.0	-1.0	False	1.0	-1		Orphan	False	False
transcription_start_site.781	ComX_SigmaX	SigX	True	False	None	1.0	-1.0	False	1.0	-1		Orphan	False	False
transcription_start_site.782	Orphan_Unassigned	Unassigned	False	False	None	1.0	-1.0	False	1.0	-1		Bipartite	True	True
transcription_start_site.783	Mono-caja_Extended_Minus10	SigA	False	True	EXTENDED_MINUS10	6.23e-05	7.0	False	1.0	-1		Mono-caja_Extended	False	True
transcription_start_site.784	Mono-caja_Extended_Minus10	SigA	False	True	EXTENDED_MINUS10	0.000813	6.0	False	1.0	-1		Mono-caja_Standard	False	True
transcription_start_site.785	Mono-caja_Standard_Minus10	SigA	False	True	MINUS10_BOX	0.000427	6.0	False	1.0	-1		Bipartite	True	True
transcription_start_site.786	Bipartite_Standard	SigA	False	True	MINUS10_BOX	0.000427	6.0	True	0.000288	18	TTGACA	Bipartite	True	True
transcription_start_site.787	Orphan_Unassigned	Unassigned	False	False	None	1.0	-1.0	False	1.0	-1		Bipartite	True	True
transcription_start_site.788	Mono-caja_Standard_Minus10	SigA	False	True	MINUS10_BOX	0.000427	6.0	False	1.0	-1		Bipartite	True	True
transcription_start_site.789	Mono-caja_Extended_Minus10	SigA	False	True	EXTENDED_MINUS10	7.21e-07	7.0	False	1.0	-1		Bipartite	True	True
transcription_start_site.790	Mono-caja_Standard_Minus10	SigA	False	True	MINUS10_BOX	0.000427	7.0	False	1.0	-1		Bipartite	True	True
transcription_start_site.791	Mono-caja_Extended_Minus10	SigA	False	True	EXTENDED_MINUS10	3.12e-05	6.0	False	1.0	-1		Mono-caja_Extended	False	True
transcription_start_site.792	Orphan_Unassigned	Unassigned	False	False	None	1.0	-1.0	False	1.0	-1		Mono-caja_Standard	False	True
transcription_start_site.793	Mono-caja_Extended_Minus10	SigA	False	True	EXTENDED_MINUS10	2.91e-05	6.0	False	1.0	-1		Mono-caja_Extended	False	True
transcription_start_site.794	Mono-caja_Standard_Minus10	SigA	False	True	MINUS10_BOX	0.000764	6.0	False	1.0	-1		Mono-caja_Standard	False	True
transcription_start_site.795	Orphan_Unassigned	Unassigned	False	False	None	1.0	-1.0	False	1.0	-1		Orphan	False	False
transcription_start_site.796	Mono-caja_Extended_Minus10	SigA	False	True	EXTENDED_MINUS10	5.07e-05	6.0	False	1.0	-1		Mono-caja_Extended	False	True
transcription_start_site.797	Mono-caja_Standard_Minus10	SigA	False	True	MINUS10_BOX	0.000427	5.0	False	1.0	-1		Bipartite	True	True
transcription_start_site.798	Orphan_Unassigned	Unassigned	False	False	None	1.0	-1.0	False	1.0	-1		Mono-caja_Standard	False	True
transcription_start_site.799	Mono-caja_Extended_Minus10	SigA	False	True	EXTENDED_MINUS10	0.000656	6.0	False	1.0	-1		Bipartite	True	True
transcription_start_site.800	Mono-caja_Extended_Minus10	SigA	False	True	EXTENDED_MINUS10	0.000393	5.0	False	1.0	-1		Mono-caja_Extended	False	True
transcription_start_site.801	Orphan_Unassigned	Unassigned	False	False	None	1.0	-1.0	False	1.0	-1		Mono-caja_Extended	False	True
transcription_start_site.802	Orphan_Unassigned	Unassigned	False	False	None	1.0	-1.0	False	1.0	-1		Bipartite	True	True
transcription_start_site.803	Orphan_Unassigned	Unassigned	False	False	None	1.0	-1.0	False	1.0	-1		Mono-caja_Standard	False	True
transcription_start_site.804	Mono-caja_Extended_Minus10	SigA	False	True	EXTENDED_MINUS10	7.21e-07	6.0	False	1.0	-1		Bipartite	True	True
transcription_start_site.805	Mono-caja_Standard_Minus10	SigA	False	True	MINUS10_BOX	0.000427	6.0	False	1.0	-1		Mono-caja_Standard	False	True
transcription_start_site.806	Mono-caja_Extended_Minus10	SigA	False	True	EXTENDED_MINUS10	1.65e-05	6.0	False	1.0	-1		Mono-caja_Extended	False	True
transcription_start_site.807	Orphan_Unassigned	Unassigned	False	False	None	1.0	-1.0	False	1.0	-1		Orphan	False	False
transcription_start_site.808	Mono-caja_Extended_Minus10	SigA	False	True	EXTENDED_MINUS10	2.49e-06	7.0	False	1.0	-1		Bipartite	True	True
transcription_start_site.809	Mono-caja_Extended_Minus10	SigA	False	True	EXTENDED_MINUS10	0.000535	7.0	False	1.0	-1		Bipartite	True	True
transcription_start_site.810	Mono-caja_Extended_Minus10	SigA	False	True	EXTENDED_MINUS10	1.65e-05	7.0	False	1.0	-1		Mono-caja_Extended	False	True
transcription_start_site.811	Orphan_Unassigned	Unassigned	False	False	None	1.0	-1.0	False	1.0	-1		Orphan	False	False
transcription_start_site.812	Orphan_Unassigned	Unassigned	False	False	None	1.0	-1.0	False	1.0	-1		Orphan	False	False
transcription_start_site.813	Orphan_Unassigned	Unassigned	False	False	None	1.0	-1.0	False	1.0	-1		Orphan	False	False
transcription_start_site.814	Orphan_Unassigned	Unassigned	False	False	None	1.0	-1.0	False	1.0	-1		Orphan	False	False
transcription_start_site.815	Orphan_Unassigned	Unassigned	False	False	None	1.0	-1.0	False	1.0	-1		Orphan	False	False
transcription_start_site.816	Orphan_Unassigned	Unassigned	False	False	None	1.0	-1.0	False	1.0	-1		Orphan	False	False
transcription_start_site.817	ComX_SigmaX	SigX	True	True	EXTENDED_MINUS10	4.01e-05	6.0	False	1.0	-1		Bipartite	True	True
transcription_start_site.818	Bipartite_Standard	SigA	False	True	MINUS10_BOX	0.000427	7.0	True	0.000288	16	TTGACA	Bipartite	True	True
transcription_start_site.819	Mono-caja_Extended_Minus10	SigA	False	True	EXTENDED_MINUS10	0.000274	6.0	False	1.0	-1		Mono-caja_Extended	False	True
transcription_start_site.820	Mono-caja_Extended_Minus10	SigA	False	True	EXTENDED_MINUS10	7.6e-05	6.0	False	1.0	-1		Mono-caja_Extended	False	True
transcription_start_site.821	Mono-caja_Extended_Minus10	SigA	False	True	EXTENDED_MINUS10	2.76e-05	7.0	False	1.0	-1		Mono-caja_Extended	False	True
transcription_start_site.822	Mono-caja_Extended_Minus10	SigA	False	True	EXTENDED_MINUS10	1.77e-05	6.0	False	1.0	-1		Bipartite	True	True
transcription_start_site.823	Mono-caja_Extended_Minus10	SigA	False	True	EXTENDED_MINUS10	1.65e-05	6.0	False	1.0	-1		Mono-caja_Standard	False	True
transcription_start_site.824	Mono-caja_Extended_Minus10	SigA	False	True	EXTENDED_MINUS10	0.000694	6.0	False	1.0	-1		Bipartite	True	True
transcription_start_site.825	Mono-caja_Standard_Minus10	SigA	False	True	MINUS10_BOX	0.000427	6.0	False	1.0	-1		Mono-caja_Standard	False	True
transcription_start_site.826	ComX_SigmaX	SigX	True	False	None	1.0	-1.0	False	1.0	-1		Orphan	False	False
transcription_start_site.827	Mono-caja_Extended_Minus10	SigA	False	True	EXTENDED_MINUS10	1.07e-05	7.0	False	1.0	-1		Bipartite	True	True
transcription_start_site.828	Mono-caja_Extended_Minus10	SigA	False	True	EXTENDED_MINUS10	0.000355	6.0	False	1.0	-1		Mono-caja_Extended	False	True
transcription_start_site.829	Orphan_Unassigned	Unassigned	False	False	None	1.0	-1.0	False	1.0	-1		Bipartite	True	True
transcription_start_site.830	Orphan_Unassigned	Unassigned	False	False	None	1.0	-1.0	False	1.0	-1		Orphan	False	False
transcription_start_site.831	Mono-caja_Extended_Minus10	SigA	False	True	EXTENDED_MINUS10	1.15e-06	6.0	False	1.0	-1		Bipartite	True	True
transcription_start_site.832	Mono-caja_Extended_Minus10	SigA	False	True	EXTENDED_MINUS10	5e-05	6.0	False	1.0	-1		Mono-caja_Extended	False	True
transcription_start_site.833	Mono-caja_Extended_Minus10	SigA	False	True	EXTENDED_MINUS10	3.31e-05	6.0	False	1.0	-1		Mono-caja_Extended	False	True
transcription_start_site.834	Bipartite_With_Extended_Minus10	SigA	False	True	EXTENDED_MINUS10	3.57e-06	5.0	True	0.000643	18	TTAACA	Mono-caja_Extended	False	True
transcription_start_site.835	ComX_SigmaX	SigX	True	True	MINUS10_BOX	0.000427	4.0	False	1.0	-1		Orphan	False	False
transcription_start_site.836	Mono-caja_Standard_Minus10	SigA	False	True	MINUS10_BOX	0.000427	6.0	False	1.0	-1		Bipartite	True	True
transcription_start_site.837	Mono-caja_Extended_Minus10	SigA	False	True	EXTENDED_MINUS10	4.13e-05	6.0	False	1.0	-1		Mono-caja_Extended	False	True
transcription_start_site.838	Orphan_Unassigned	Unassigned	False	False	None	1.0	-1.0	False	1.0	-1		Orphan	False	False
transcription_start_site.839	ComX_SigmaX	SigX	True	False	None	1.0	-1.0	False	1.0	-1		Orphan	False	False
transcription_start_site.840	Mono-caja_Extended_Minus10	SigA	False	True	EXTENDED_MINUS10	3.12e-05	6.0	False	1.0	-1		Bipartite	True	True
transcription_start_site.841	Mono-caja_Standard_Minus10	SigA	False	True	MINUS10_BOX	0.000427	7.0	False	1.0	-1		Mono-caja_Standard	False	True
transcription_start_site.842	Mono-caja_Standard_Minus10	SigA	False	True	MINUS10_BOX	0.000427	6.0	False	1.0	-1		Bipartite	True	True
transcription_start_site.843	Mono-caja_Extended_Minus10	SigA	False	True	EXTENDED_MINUS10	0.000394	6.0	False	1.0	-1		Bipartite	True	True
transcription_start_site.844	Orphan_Unassigned	Unassigned	False	False	None	1.0	-1.0	False	1.0	-1		Orphan	False	False
transcription_start_site.845	Mono-caja_Extended_Minus10	SigA	False	True	EXTENDED_MINUS10	3.73e-05	6.0	False	1.0	-1		Bipartite	True	True
transcription_start_site.846	Mono-caja_Extended_Minus10	SigA	False	True	EXTENDED_MINUS10	6.68e-06	5.0	False	1.0	-1		Mono-caja_Extended	False	True
transcription_start_site.847	Mono-caja_Extended_Minus10	SigA	False	True	EXTENDED_MINUS10	6.63e-05	6.0	False	1.0	-1		Bipartite	True	True
transcription_start_site.848	Mono-caja_Standard_Minus10	SigA	False	True	MINUS10_BOX	0.000427	7.0	False	1.0	-1		Bipartite	True	True
transcription_start_site.849	Mono-caja_Extended_Minus10	SigA	False	True	EXTENDED_MINUS10	2.49e-06	5.0	False	1.0	-1		Mono-caja_Extended	False	True
transcription_start_site.850	Mono-caja_Extended_Minus10	SigA	False	True	EXTENDED_MINUS10	6.63e-05	6.0	False	1.0	-1		Mono-caja_Extended	False	True
transcription_start_site.851	Mono-caja_Extended_Minus10	SigA	False	True	EXTENDED_MINUS10	3.12e-05	7.0	False	1.0	-1		Mono-caja_Extended	False	True
transcription_start_site.852	Mono-caja_Standard_Minus10	SigA	False	True	MINUS10_BOX	0.000427	6.0	False	1.0	-1		Mono-caja_Standard	False	True
transcription_start_site.853	Mono-caja_Extended_Minus10	SigA	False	True	EXTENDED_MINUS10	3.89e-05	5.0	False	1.0	-1		Mono-caja_Extended	False	True
transcription_start_site.854	Mono-caja_Extended_Minus10	SigA	False	True	EXTENDED_MINUS10	1.15e-06	6.0	False	1.0	-1		Bipartite	True	True
transcription_start_site.855	Mono-caja_Standard_Minus10	SigA	False	True	MINUS10_BOX	0.000427	6.0	False	1.0	-1		Bipartite	True	True
transcription_start_site.856	Orphan_Unassigned	Unassigned	False	False	None	1.0	-1.0	False	1.0	-1		Mono-caja_Standard	False	True
transcription_start_site.857	Mono-caja_Extended_Minus10	SigA	False	True	EXTENDED_MINUS10	6.19e-05	6.0	False	1.0	-1		Bipartite	True	True
transcription_start_site.858	Mono-caja_Extended_Minus10	SigA	False	True	EXTENDED_MINUS10	2.49e-06	4.0	False	1.0	-1		Mono-caja_Extended	False	True
transcription_start_site.859	ComX_SigmaX	SigX	True	False	None	1.0	-1.0	False	1.0	-1		Orphan	False	False
transcription_start_site.860	Mono-caja_Extended_Minus10	SigA	False	True	EXTENDED_MINUS10	2.29e-05	6.0	False	1.0	-1		Bipartite	True	True
transcription_start_site.861	Mono-caja_Standard_Minus10	SigA	False	True	MINUS10_BOX	0.000427	6.0	False	1.0	-1		Bipartite	True	True
transcription_start_site.862	Mono-caja_Extended_Minus10	SigA	False	True	EXTENDED_MINUS10	3.12e-05	6.0	False	1.0	-1		Mono-caja_Extended	False	True
transcription_start_site.863	Orphan_Unassigned	Unassigned	False	False	None	1.0	-1.0	False	1.0	-1		Bipartite	True	True
transcription_start_site.864	Mono-caja_Extended_Minus10	SigA	False	True	EXTENDED_MINUS10	6.63e-05	6.0	False	1.0	-1		Bipartite	True	True
transcription_start_site.865	Mono-caja_Extended_Minus10	SigA	False	True	EXTENDED_MINUS10	2.88e-05	5.0	False	1.0	-1		Bipartite	True	True
transcription_start_site.866	Orphan_Unassigned	Unassigned	False	False	None	1.0	-1.0	False	1.0	-1		Mono-caja_Standard	False	True
transcription_start_site.867	Mono-caja_Extended_Minus10	SigA	False	True	EXTENDED_MINUS10	7.21e-07	6.0	False	1.0	-1		Bipartite	True	True
transcription_start_site.868	Mono-caja_Extended_Minus10	SigA	False	True	EXTENDED_MINUS10	2.76e-05	6.0	False	1.0	-1		Mono-caja_Extended	False	True
transcription_start_site.869	Mono-caja_Extended_Minus10	SigA	False	True	EXTENDED_MINUS10	0.000916	6.0	False	1.0	-1		Bipartite	True	True
transcription_start_site.870	Mono-caja_Extended_Minus10	SigA	False	True	EXTENDED_MINUS10	4.87e-05	7.0	False	1.0	-1		Mono-caja_Extended	False	True
transcription_start_site.871	Mono-caja_Standard_Minus10	SigA	False	True	MINUS10_BOX	0.000427	6.0	False	1.0	-1		Bipartite	True	True
transcription_start_site.872	Orphan_Unassigned	Unassigned	False	False	None	1.0	-1.0	False	1.0	-1		Orphan	False	False
transcription_start_site.873	Orphan_Unassigned	Unassigned	False	False	None	1.0	-1.0	False	1.0	-1		Orphan	False	False
transcription_start_site.874	Orphan_Unassigned	Unassigned	False	False	None	1.0	-1.0	False	1.0	-1		Orphan	False	False
transcription_start_site.1004	Orphan_Unassigned	Unassigned	False	False	None	1.0	-1.0	False	1.0	-1		Orphan	False	False
transcription_start_site.875	Orphan_Unassigned	Unassigned	False	False	None	1.0	-1.0	False	1.0	-1		Orphan	False	False
transcription_start_site.876	ComX_SigmaX	SigX	True	True	EXTENDED_MINUS10	4.01e-05	6.0	False	1.0	-1		Bipartite	True	True
transcription_start_site.877	Bipartite_Standard	SigA	False	True	MINUS10_BOX	0.000427	7.0	True	0.000288	16	TTGACA	Bipartite	True	True
transcription_start_site.878	Orphan_Unassigned	Unassigned	False	False	None	1.0	-1.0	False	1.0	-1		Mono-caja_Extended	False	True
transcription_start_site.879	Mono-caja_Standard_Minus10	SigA	False	True	MINUS10_BOX	0.000427	6.0	False	1.0	-1		Bipartite	True	True
transcription_start_site.880	Mono-caja_Extended_Minus10	SigA	False	True	EXTENDED_MINUS10	0.000545	6.0	False	1.0	-1		Bipartite	True	True
transcription_start_site.881	Mono-caja_Extended_Minus10	SigA	False	True	EXTENDED_MINUS10	0.000291	6.0	False	1.0	-1		Mono-caja_Extended	False	True
transcription_start_site.882	Mono-caja_Standard_Minus10	SigA	False	True	MINUS10_BOX	0.000427	6.0	False	1.0	-1		Bipartite	True	True
transcription_start_site.883	Orphan_Unassigned	Unassigned	False	False	None	1.0	-1.0	False	1.0	-1		Orphan	False	False
transcription_start_site.884	Mono-caja_Extended_Minus10	SigA	False	True	EXTENDED_MINUS10	7.21e-07	6.0	False	1.0	-1		Mono-caja_Extended	False	True
transcription_start_site.885	Mono-caja_Standard_Minus10	SigA	False	True	MINUS10_BOX	0.000427	6.0	False	1.0	-1		Mono-caja_Standard	False	True
transcription_start_site.886	ComX_SigmaX	SigX	True	False	None	1.0	-1.0	False	1.0	-1		Orphan	False	False
transcription_start_site.887	Mono-caja_Extended_Minus10	SigA	False	True	EXTENDED_MINUS10	0.00041	6.0	False	1.0	-1		Mono-caja_Extended	False	True
transcription_start_site.888	Mono-caja_Extended_Minus10	SigA	False	True	EXTENDED_MINUS10	3.84e-05	6.0	False	1.0	-1		Bipartite	True	True
transcription_start_site.889	Mono-caja_Extended_Minus10	SigA	False	True	EXTENDED_MINUS10	5.43e-05	6.0	False	1.0	-1		Bipartite	True	True
transcription_start_site.890	Mono-caja_Extended_Minus10	SigA	False	True	EXTENDED_MINUS10	0.000355	6.0	False	1.0	-1		Mono-caja_Extended	False	True
transcription_start_site.891	Mono-caja_Standard_Minus10	SigA	False	True	MINUS10_BOX	0.000427	6.0	False	1.0	-1		Mono-caja_Extended	False	True
transcription_start_site.892	Mono-caja_Extended_Minus10	SigA	False	True	EXTENDED_MINUS10	1.65e-05	6.0	False	1.0	-1		Mono-caja_Extended	False	True
transcription_start_site.893	Mono-caja_Extended_Minus10	SigA	False	True	EXTENDED_MINUS10	2.49e-06	6.0	False	1.0	-1		Bipartite	True	True
transcription_start_site.894	Mono-caja_Extended_Minus10	SigA	False	True	EXTENDED_MINUS10	3.89e-05	5.0	False	1.0	-1		Bipartite	True	True
transcription_start_site.895	Orphan_Unassigned	Unassigned	False	False	None	1.0	-1.0	False	1.0	-1		Mono-caja_Extended	False	True
transcription_start_site.896	ComX_SigmaX	SigX	True	False	None	1.0	-1.0	False	1.0	-1		Orphan	False	False
transcription_start_site.897	Mono-caja_Standard_Minus10	SigA	False	True	MINUS10_BOX	0.000427	7.0	False	1.0	-1		Bipartite	True	True
transcription_start_site.898	Orphan_Unassigned	Unassigned	False	False	None	1.0	-1.0	False	1.0	-1		Mono-caja_Standard	False	True
transcription_start_site.899	Mono-caja_Standard_Minus10	SigA	False	True	MINUS10_BOX	0.000427	6.0	False	1.0	-1		Bipartite	True	True
transcription_start_site.900	Mono-caja_Extended_Minus10	SigA	False	True	EXTENDED_MINUS10	0.000565	5.0	False	1.0	-1		Mono-caja_Extended	False	True
transcription_start_site.901	Mono-caja_Extended_Minus10	SigA	False	True	EXTENDED_MINUS10	2.49e-06	6.0	False	1.0	-1		Mono-caja_Extended	False	True
transcription_start_site.902	Mono-caja_Extended_Minus10	SigA	False	True	EXTENDED_MINUS10	5e-05	7.0	False	1.0	-1		Mono-caja_Extended	False	True
transcription_start_site.903	Orphan_Unassigned	Unassigned	False	False	None	1.0	-1.0	False	1.0	-1		Orphan	False	False
transcription_start_site.904	Mono-caja_Extended_Minus10	SigA	False	True	EXTENDED_MINUS10	7.7e-06	6.0	False	1.0	-1		Mono-caja_Extended	False	True
transcription_start_site.905	Mono-caja_Extended_Minus10	SigA	False	True	EXTENDED_MINUS10	7.88e-05	6.0	False	1.0	-1		Mono-caja_Extended	False	True
transcription_start_site.906	Mono-caja_Extended_Minus10	SigA	False	True	EXTENDED_MINUS10	3.12e-05	7.0	False	1.0	-1		Mono-caja_Extended	False	True
transcription_start_site.907	Orphan_Unassigned	Unassigned	False	False	None	1.0	-1.0	False	1.0	-1		Orphan	False	False
transcription_start_site.908	Orphan_Unassigned	Unassigned	False	False	None	1.0	-1.0	False	1.0	-1		Orphan	False	False
transcription_start_site.909	Orphan_Unassigned	Unassigned	False	False	None	1.0	-1.0	False	1.0	-1		Orphan	False	False
transcription_start_site.910	Orphan_Unassigned	Unassigned	False	False	None	1.0	-1.0	False	1.0	-1		Orphan	False	False
transcription_start_site.911	Orphan_Unassigned	Unassigned	False	False	None	1.0	-1.0	False	1.0	-1		Orphan	False	False
transcription_start_site.912	ComX_SigmaX	SigX	True	True	EXTENDED_MINUS10	4.01e-05	6.0	False	1.0	-1		Bipartite	True	True
transcription_start_site.913	Bipartite_Standard	SigA	False	True	MINUS10_BOX	0.000427	7.0	True	0.000288	16	TTGACA	Bipartite	True	True
transcription_start_site.914	Orphan_Unassigned	Unassigned	False	False	None	1.0	-1.0	False	1.0	-1		Mono-caja_Standard	False	True
transcription_start_site.915	Mono-caja_Extended_Minus10	SigA	False	True	EXTENDED_MINUS10	2.49e-06	6.0	False	1.0	-1		Bipartite	True	True
transcription_start_site.916	Orphan_Unassigned	Unassigned	False	False	None	1.0	-1.0	False	1.0	-1		Bipartite	True	True
transcription_start_site.917	Mono-caja_Extended_Minus10	SigA	False	True	EXTENDED_MINUS10	0.000909	6.0	False	1.0	-1		Mono-caja_Extended	False	True
transcription_start_site.918	Mono-caja_Extended_Minus10	SigA	False	True	EXTENDED_MINUS10	0.000705	6.0	False	1.0	-1		Mono-caja_Extended	False	True
transcription_start_site.919	Mono-caja_Extended_Minus10	SigA	False	True	EXTENDED_MINUS10	0.000393	6.0	False	1.0	-1		Bipartite	True	True
transcription_start_site.920	Orphan_Unassigned	Unassigned	False	False	None	1.0	-1.0	False	1.0	-1		Orphan	False	False
transcription_start_site.921	Mono-caja_Extended_Minus10	SigA	False	True	EXTENDED_MINUS10	3.12e-05	6.0	False	1.0	-1		Bipartite	True	True
transcription_start_site.922	Mono-caja_Extended_Minus10	SigA	False	True	EXTENDED_MINUS10	1.65e-05	5.0	False	1.0	-1		Mono-caja_Extended	False	True
transcription_start_site.923	Mono-caja_Extended_Minus10	SigA	False	True	EXTENDED_MINUS10	1.15e-06	6.0	False	1.0	-1		Mono-caja_Extended	False	True
transcription_start_site.924	Orphan_Unassigned	Unassigned	False	False	None	1.0	-1.0	False	1.0	-1		Orphan	False	False
transcription_start_site.925	Mono-caja_Extended_Minus10	SigA	False	True	EXTENDED_MINUS10	6.28e-05	5.0	False	1.0	-1		Mono-caja_Extended	False	True
transcription_start_site.926	Mono-caja_Extended_Minus10	SigA	False	True	EXTENDED_MINUS10	0.000406	7.0	False	1.0	-1		Bipartite	True	True
transcription_start_site.927	Mono-caja_Extended_Minus10	SigA	False	True	EXTENDED_MINUS10	2.69e-05	6.0	False	1.0	-1		Mono-caja_Extended	False	True
transcription_start_site.928	Mono-caja_Extended_Minus10	SigA	False	True	EXTENDED_MINUS10	0.000457	6.0	False	1.0	-1		Bipartite	True	True
transcription_start_site.929	Mono-caja_Extended_Minus10	SigA	False	True	EXTENDED_MINUS10	7.21e-07	6.0	False	1.0	-1		Bipartite	True	True
transcription_start_site.930	Mono-caja_Extended_Minus10	SigA	False	True	EXTENDED_MINUS10	2.76e-05	6.0	False	1.0	-1		Mono-caja_Extended	False	True
transcription_start_site.931	Mono-caja_Standard_Minus10	SigA	False	True	MINUS10_BOX	0.000427	6.0	False	1.0	-1		Mono-caja_Standard	False	True
transcription_start_site.932	Orphan_Unassigned	Unassigned	False	False	None	1.0	-1.0	False	1.0	-1		Mono-caja_Extended	False	True
transcription_start_site.933	Mono-caja_Extended_Minus10	SigA	False	True	EXTENDED_MINUS10	0.000909	6.0	False	1.0	-1		Mono-caja_Standard	False	True
transcription_start_site.934	Mono-caja_Extended_Minus10	SigA	False	True	EXTENDED_MINUS10	2.88e-05	6.0	False	1.0	-1		Mono-caja_Standard	False	True
transcription_start_site.935	Orphan_Unassigned	Unassigned	False	False	None	1.0	-1.0	False	1.0	-1		Bipartite	True	True
transcription_start_site.936	Mono-caja_Extended_Minus10	SigA	False	True	EXTENDED_MINUS10	0.000169	6.0	False	1.0	-1		Mono-caja_Extended	False	True
transcription_start_site.937	Orphan_Unassigned	Unassigned	False	False	None	1.0	-1.0	False	1.0	-1		Mono-caja_Standard	False	True
transcription_start_site.938	Mono-caja_Extended_Minus10	SigA	False	True	EXTENDED_MINUS10	2.69e-05	6.0	False	1.0	-1		Bipartite	True	True
transcription_start_site.939	Mono-caja_Standard_Minus10	SigA	False	True	MINUS10_BOX	0.000427	7.0	False	1.0	-1		Bipartite	True	True
transcription_start_site.940	Mono-caja_Extended_Minus10	SigA	False	True	EXTENDED_MINUS10	1.65e-05	6.0	False	1.0	-1		Bipartite	True	True
transcription_start_site.941	Mono-caja_Extended_Minus10	SigA	False	True	EXTENDED_MINUS10	5.58e-05	6.0	False	1.0	-1		Mono-caja_Extended	False	True
transcription_start_site.942	Mono-caja_Extended_Minus10	SigA	False	True	EXTENDED_MINUS10	2.29e-05	6.0	False	1.0	-1		Bipartite	True	True
transcription_start_site.943	Orphan_Unassigned	Unassigned	False	False	None	1.0	-1.0	False	1.0	-1		Orphan	False	False
transcription_start_site.944	Mono-caja_Extended_Minus10	SigA	False	True	EXTENDED_MINUS10	6.68e-06	6.0	False	1.0	-1		Mono-caja_Extended	False	True
transcription_start_site.945	Mono-caja_Extended_Minus10	SigA	False	True	EXTENDED_MINUS10	0.000684	6.0	False	1.0	-1		Mono-caja_Extended	False	True
transcription_start_site.946	Mono-caja_Extended_Minus10	SigA	False	True	EXTENDED_MINUS10	2.88e-05	4.0	False	1.0	-1		Mono-caja_Extended	False	True
transcription_start_site.947	Mono-caja_Extended_Minus10	SigA	False	True	EXTENDED_MINUS10	0.000545	5.0	False	1.0	-1		Bipartite	True	True
transcription_start_site.948	Mono-caja_Extended_Minus10	SigA	False	True	EXTENDED_MINUS10	3.55e-07	3.0	False	1.0	-1		Bipartite	True	True
transcription_start_site.949	Mono-caja_Extended_Minus10	SigA	False	True	EXTENDED_MINUS10	0.000502	6.0	False	1.0	-1		Bipartite	True	True
transcription_start_site.950	Mono-caja_Extended_Minus10	SigA	False	True	EXTENDED_MINUS10	0.000199	6.0	False	1.0	-1		Mono-caja_Extended	False	True
transcription_start_site.951	Mono-caja_Extended_Minus10	SigA	False	True	EXTENDED_MINUS10	0.000942	6.0	False	1.0	-1		Bipartite	True	True
transcription_start_site.952	Orphan_Unassigned	Unassigned	False	False	None	1.0	-1.0	False	1.0	-1		Mono-caja_Standard	False	True
transcription_start_site.953	Mono-caja_Extended_Minus10	SigA	False	True	EXTENDED_MINUS10	3.23e-05	4.0	False	1.0	-1		Mono-caja_Standard	False	True
transcription_start_site.954	Mono-caja_Extended_Minus10	SigA	False	True	EXTENDED_MINUS10	0.000319	6.0	False	1.0	-1		Bipartite	True	True
transcription_start_site.955	Mono-caja_Extended_Minus10	SigA	False	True	EXTENDED_MINUS10	5.43e-05	6.0	False	1.0	-1		Bipartite	True	True
transcription_start_site.956	Orphan_Unassigned	Unassigned	False	False	None	1.0	-1.0	False	1.0	-1		Orphan	False	False
transcription_start_site.957	Orphan_Unassigned	Unassigned	False	False	None	1.0	-1.0	False	1.0	-1		Orphan	False	False
transcription_start_site.958	Mono-caja_Extended_Minus10	SigA	False	True	EXTENDED_MINUS10	3.55e-07	5.0	False	1.0	-1		Mono-caja_Extended	False	True
transcription_start_site.959	Mono-caja_Standard_Minus10	SigA	False	True	MINUS10_BOX	0.000427	6.0	False	1.0	-1		Bipartite	True	True
transcription_start_site.960	Mono-caja_Extended_Minus10	SigA	False	True	EXTENDED_MINUS10	3.55e-07	6.0	False	1.0	-1		Bipartite	True	True
transcription_start_site.961	Mono-caja_Extended_Minus10	SigA	False	True	EXTENDED_MINUS10	2.91e-05	6.0	False	1.0	-1		Mono-caja_Extended	False	True
transcription_start_site.962	Mono-caja_Extended_Minus10	SigA	False	True	EXTENDED_MINUS10	1.35e-05	6.0	False	1.0	-1		Mono-caja_Extended	False	True
transcription_start_site.963	Mono-caja_Extended_Minus10	SigA	False	True	EXTENDED_MINUS10	2.91e-05	6.0	False	1.0	-1		Mono-caja_Extended	False	True
transcription_start_site.964	Mono-caja_Extended_Minus10	SigA	False	True	EXTENDED_MINUS10	1.77e-05	7.0	False	1.0	-1		Mono-caja_Extended	False	True
transcription_start_site.965	Mono-caja_Extended_Minus10	SigA	False	True	EXTENDED_MINUS10	4.53e-05	6.0	False	1.0	-1		Bipartite	True	True
transcription_start_site.966	Mono-caja_Extended_Minus10	SigA	False	True	EXTENDED_MINUS10	2.49e-06	6.0	False	1.0	-1		Bipartite	True	True
transcription_start_site.967	Mono-caja_Extended_Minus10	SigA	False	True	EXTENDED_MINUS10	0.000535	5.0	False	1.0	-1		Bipartite	True	True
transcription_start_site.968	Mono-caja_Standard_Minus10	SigA	False	True	MINUS10_BOX	0.000427	5.0	False	1.0	-1		Bipartite	True	True
transcription_start_site.969	Mono-caja_Extended_Minus10	SigA	False	True	EXTENDED_MINUS10	1.35e-05	3.0	False	1.0	-1		Mono-caja_Extended	False	True
transcription_start_site.970	Orphan_Unassigned	Unassigned	False	False	None	1.0	-1.0	False	1.0	-1		Mono-caja_Extended	False	True
transcription_start_site.971	Mono-caja_Extended_Minus10	SigA	False	True	EXTENDED_MINUS10	0.00049	6.0	False	1.0	-1		Mono-caja_Extended	False	True
transcription_start_site.972	Mono-caja_Extended_Minus10	SigA	False	True	EXTENDED_MINUS10	1.35e-05	7.0	False	1.0	-1		Mono-caja_Extended	False	True
transcription_start_site.973	Mono-caja_Extended_Minus10	SigA	False	True	EXTENDED_MINUS10	0.000219	6.0	False	1.0	-1		Orphan	False	False
transcription_start_site.974	Mono-caja_Standard_Minus10	SigA	False	True	MINUS10_BOX	0.000427	6.0	False	1.0	-1		Bipartite	True	True
transcription_start_site.975	Mono-caja_Extended_Minus10	SigA	False	True	EXTENDED_MINUS10	0.000239	6.0	False	1.0	-1		Bipartite	True	True
transcription_start_site.976	ComX_SigmaX	SigX	True	False	None	1.0	-1.0	False	1.0	-1		Orphan	False	False
transcription_start_site.977	Orphan_Unassigned	Unassigned	False	False	None	1.0	-1.0	False	1.0	-1		Mono-caja_Standard	False	True
transcription_start_site.978	Orphan_Unassigned	Unassigned	False	False	None	1.0	-1.0	False	1.0	-1		Mono-caja_Extended	False	True
transcription_start_site.979	Mono-caja_Extended_Minus10	SigA	False	True	EXTENDED_MINUS10	2.49e-06	7.0	False	1.0	-1		Mono-caja_Extended	False	True
transcription_start_site.980	Mono-caja_Standard_Minus10	SigA	False	True	MINUS10_BOX	0.000427	6.0	False	1.0	-1		Bipartite	True	True
transcription_start_site.981	ComX_SigmaX	SigX	True	False	None	1.0	-1.0	False	1.0	-1		Orphan	False	False
transcription_start_site.982	Orphan_Unassigned	Unassigned	False	False	None	1.0	-1.0	False	1.0	-1		Mono-caja_Extended	False	True
transcription_start_site.983	Orphan_Unassigned	Unassigned	False	False	None	1.0	-1.0	False	1.0	-1		Bipartite	True	True
transcription_start_site.984	Mono-caja_Extended_Minus10	SigA	False	True	EXTENDED_MINUS10	1.65e-05	7.0	False	1.0	-1		Bipartite	True	True
transcription_start_site.985	Orphan_Unassigned	Unassigned	False	False	None	1.0	-1.0	False	1.0	-1		Orphan	False	False
transcription_start_site.986	Mono-caja_Extended_Minus10	SigA	False	True	EXTENDED_MINUS10	0.00031	6.0	False	1.0	-1		Mono-caja_Extended	False	True
transcription_start_site.987	Orphan_Unassigned	Unassigned	False	False	None	1.0	-1.0	False	1.0	-1		Orphan	False	False
transcription_start_site.988	Mono-caja_Extended_Minus10	SigA	False	True	EXTENDED_MINUS10	6.19e-05	6.0	False	1.0	-1		Mono-caja_Extended	False	True
transcription_start_site.989	Mono-caja_Extended_Minus10	SigA	False	True	EXTENDED_MINUS10	2.49e-06	6.0	False	1.0	-1		Mono-caja_Extended	False	True
transcription_start_site.990	Mono-caja_Extended_Minus10	SigA	False	True	EXTENDED_MINUS10	0.000909	6.0	False	1.0	-1		Bipartite	True	True
transcription_start_site.991	Mono-caja_Extended_Minus10	SigA	False	True	EXTENDED_MINUS10	7.88e-05	6.0	False	1.0	-1		Mono-caja_Extended	False	True
transcription_start_site.992	Orphan_Unassigned	Unassigned	False	False	None	1.0	-1.0	False	1.0	-1		Mono-caja_Extended	False	True
transcription_start_site.993	Mono-caja_Extended_Minus10	SigA	False	True	EXTENDED_MINUS10	4.13e-05	5.0	False	1.0	-1		Mono-caja_Extended	False	True
transcription_start_site.994	Bipartite_Standard	SigA	False	True	MINUS10_BOX	0.000427	6.0	True	0.000288	16	TTGACA	Bipartite	True	True
transcription_start_site.995	Orphan_Unassigned	Unassigned	False	False	None	1.0	-1.0	False	1.0	-1		Orphan	False	False
transcription_start_site.996	Mono-caja_Standard_Minus10	SigA	False	True	MINUS10_BOX	0.000427	7.0	False	1.0	-1		Bipartite	True	True
transcription_start_site.997	Mono-caja_Extended_Minus10	SigA	False	True	EXTENDED_MINUS10	0.000406	6.0	False	1.0	-1		Mono-caja_Extended	False	True
transcription_start_site.998	Mono-caja_Extended_Minus10	SigA	False	True	EXTENDED_MINUS10	5.63e-05	6.0	False	1.0	-1		Mono-caja_Extended	False	True
transcription_start_site.999	Mono-caja_Extended_Minus10	SigA	False	True	EXTENDED_MINUS10	9.09e-05	6.0	False	1.0	-1		Mono-caja_Extended	False	True
transcription_start_site.1000	Orphan_Unassigned	Unassigned	False	False	None	1.0	-1.0	False	1.0	-1		Mono-caja_Standard	False	True
transcription_start_site.1001	Orphan_Unassigned	Unassigned	False	False	None	1.0	-1.0	False	1.0	-1		Orphan	False	False
transcription_start_site.1002	Mono-caja_Extended_Minus10	SigA	False	True	EXTENDED_MINUS10	1.65e-05	6.0	False	1.0	-1		Mono-caja_Extended	False	True
